rate_hz,effect,setting,material,latency_samples,transition,ramp_ms,ramp_samples,events,step_db,wet_oob_db,splatter_db,hf_splatter_db,oob_db,oob_worst_db,oob_edge_hz,ctr_max_db,events_above_threshold
44100,mute-reference,wet=input dry=silence,bass,0,bypass,0,0,16,0.00,-94.49,-23.65,58.64,-35.85,-30.88,1500,62.96,16
44100,mute-reference,wet=input dry=silence,bass,0,bypass,2,88,16,0.00,-94.49,-26.40,31.47,-63.02,-60.02,1500,35.09,16
44100,mute-reference,wet=input dry=silence,bass,0,bypass,5,221,16,0.00,-94.49,-30.54,23.82,-70.68,-66.86,1500,25.46,16
44100,mute-reference,wet=input dry=silence,bass,0,bypass,10,441,16,0.00,-94.49,-39.71,17.44,-77.05,-74.08,1500,19.09,16
44100,mute-reference,wet=input dry=silence,bass,0,bypass,20,882,16,0.00,-94.49,-43.53,11.66,-82.83,-79.48,1500,13.15,16
44100,mute-reference,wet=input dry=silence,bass,0,unbypass,0,0,16,0.00,-94.49,-23.65,58.64,-35.85,-30.88,1500,62.96,16
44100,mute-reference,wet=input dry=silence,bass,0,unbypass,2,88,16,0.00,-94.49,-26.40,31.47,-63.02,-60.02,1500,35.09,16
44100,mute-reference,wet=input dry=silence,bass,0,unbypass,5,221,16,0.00,-94.49,-30.54,23.82,-70.68,-66.86,1500,25.46,16
44100,mute-reference,wet=input dry=silence,bass,0,unbypass,10,441,16,0.00,-94.49,-39.71,17.44,-77.05,-74.08,1500,19.09,16
44100,mute-reference,wet=input dry=silence,bass,0,unbypass,20,882,16,0.00,-94.49,-43.53,11.66,-82.83,-79.48,1500,13.15,16
44100,mute-reference,wet=input dry=silence,kick,0,bypass,0,0,12,0.00,-96.32,-22.87,69.01,-34.04,-31.39,1000,64.94,12
44100,mute-reference,wet=input dry=silence,kick,0,bypass,2,88,12,0.00,-96.32,-25.22,41.62,-58.10,-55.98,1000,41.56,12
44100,mute-reference,wet=input dry=silence,kick,0,bypass,5,221,12,0.00,-96.32,-28.93,33.64,-66.20,-65.63,1000,29.73,12
44100,mute-reference,wet=input dry=silence,kick,0,bypass,10,441,12,0.00,-96.32,-35.37,27.91,-71.94,-69.46,1000,23.64,12
44100,mute-reference,wet=input dry=silence,kick,0,bypass,20,882,12,0.00,-96.32,-42.36,21.66,-78.10,-75.96,1000,17.62,12
44100,mute-reference,wet=input dry=silence,kick,0,unbypass,0,0,12,0.00,-96.32,-22.87,69.01,-34.04,-31.39,1000,64.94,12
44100,mute-reference,wet=input dry=silence,kick,0,unbypass,2,88,12,0.00,-96.32,-25.22,41.62,-58.10,-55.98,1000,41.56,12
44100,mute-reference,wet=input dry=silence,kick,0,unbypass,5,221,12,0.00,-96.32,-28.93,33.64,-66.20,-65.63,1000,29.73,12
44100,mute-reference,wet=input dry=silence,kick,0,unbypass,10,441,12,0.00,-96.32,-35.37,27.91,-71.94,-69.46,1000,23.64,12
44100,mute-reference,wet=input dry=silence,kick,0,unbypass,20,882,12,0.00,-96.32,-42.36,21.66,-78.10,-75.96,1000,17.62,12
44100,mute-reference,wet=input dry=silence,mix,0,bypass,0,0,24,0.00,,-24.94,-24.78,,,,,
44100,mute-reference,wet=input dry=silence,mix,0,bypass,2,88,24,0.00,,-27.56,-41.74,,,,,
44100,mute-reference,wet=input dry=silence,mix,0,bypass,5,221,24,0.00,,-31.02,-52.25,,,,,
44100,mute-reference,wet=input dry=silence,mix,0,bypass,10,441,24,0.00,,-38.14,-57.45,,,,,
44100,mute-reference,wet=input dry=silence,mix,0,bypass,20,882,24,0.00,,-43.37,-63.36,,,,,
44100,mute-reference,wet=input dry=silence,mix,0,unbypass,0,0,24,0.00,,-24.94,-24.78,,,,,
44100,mute-reference,wet=input dry=silence,mix,0,unbypass,2,88,24,0.00,,-27.56,-41.74,,,,,
44100,mute-reference,wet=input dry=silence,mix,0,unbypass,5,221,24,0.00,,-31.02,-52.25,,,,,
44100,mute-reference,wet=input dry=silence,mix,0,unbypass,10,441,24,0.00,,-38.14,-57.45,,,,,
44100,mute-reference,wet=input dry=silence,mix,0,unbypass,20,882,24,0.00,,-43.37,-63.36,,,,,
44100,compressor,threshold=-20.815937 link=dual_mono,bass,0,bypass,0,0,16,-6.32,-93.91,-29.98,52.35,-42.14,-37.08,1500,56.76,16
44100,compressor,threshold=-20.815937 link=dual_mono,bass,0,bypass,2,88,16,-6.32,-93.91,-32.72,25.18,-69.32,-66.26,1500,28.78,16
44100,compressor,threshold=-20.815937 link=dual_mono,bass,0,bypass,5,221,16,-6.32,-93.91,-36.87,17.52,-76.97,-73.06,1500,19.20,16
44100,compressor,threshold=-20.815937 link=dual_mono,bass,0,bypass,10,441,16,-6.32,-93.91,-46.04,11.16,-83.34,-80.30,1500,12.98,16
44100,compressor,threshold=-20.815937 link=dual_mono,bass,0,bypass,20,882,16,-6.32,-93.91,-49.86,5.35,-89.14,-85.81,1500,6.95,11
44100,compressor,threshold=-20.815937 link=dual_mono,bass,0,unbypass,0,0,16,-6.32,-93.91,-29.98,52.35,-42.14,-37.08,1500,56.76,16
44100,compressor,threshold=-20.815937 link=dual_mono,bass,0,unbypass,2,88,16,-6.32,-93.91,-32.72,25.18,-69.32,-66.26,1500,28.78,16
44100,compressor,threshold=-20.815937 link=dual_mono,bass,0,unbypass,5,221,16,-6.32,-93.91,-36.87,17.52,-76.97,-73.06,1500,19.20,16
44100,compressor,threshold=-20.815937 link=dual_mono,bass,0,unbypass,10,441,16,-6.32,-93.91,-46.04,11.16,-83.34,-80.30,1500,12.98,16
44100,compressor,threshold=-20.815937 link=dual_mono,bass,0,unbypass,20,882,16,-6.32,-93.91,-49.86,5.35,-89.14,-85.81,1500,6.95,11
44100,compressor,threshold=-12.828186 link=dual_mono,kick,0,bypass,0,0,12,-9.55,-100.67,-31.95,59.90,-43.14,-39.75,1000,56.76,12
44100,compressor,threshold=-12.828186 link=dual_mono,kick,0,bypass,2,88,12,-9.55,-100.67,-34.34,32.39,-67.33,-64.19,1000,33.38,12
44100,compressor,threshold=-12.828186 link=dual_mono,kick,0,bypass,5,221,12,-9.55,-100.67,-38.00,24.37,-75.47,-74.29,1000,21.55,12
44100,compressor,threshold=-12.828186 link=dual_mono,kick,0,bypass,10,441,12,-9.55,-100.67,-44.41,18.61,-81.23,-78.02,1000,15.48,11
44100,compressor,threshold=-12.828186 link=dual_mono,kick,0,bypass,20,882,12,-9.55,-100.67,-51.59,12.19,-87.57,-84.65,1000,9.44,11
44100,compressor,threshold=-12.828186 link=dual_mono,kick,0,unbypass,0,0,12,-9.55,-100.67,-31.95,59.90,-43.14,-39.75,1000,56.76,12
44100,compressor,threshold=-12.828186 link=dual_mono,kick,0,unbypass,2,88,12,-9.55,-100.67,-34.34,32.39,-67.33,-64.19,1000,33.38,12
44100,compressor,threshold=-12.828186 link=dual_mono,kick,0,unbypass,5,221,12,-9.55,-100.67,-38.00,24.37,-75.47,-74.29,1000,21.55,12
44100,compressor,threshold=-12.828186 link=dual_mono,kick,0,unbypass,10,441,12,-9.55,-100.67,-44.41,18.61,-81.23,-78.02,1000,15.48,11
44100,compressor,threshold=-12.828186 link=dual_mono,kick,0,unbypass,20,882,12,-9.55,-100.67,-51.59,12.19,-87.57,-84.65,1000,9.44,11
44100,compressor,threshold=-19.575302 link=dual_mono,mix,0,bypass,0,0,24,-9.65,,-34.34,-33.57,,,,,
44100,compressor,threshold=-19.575302 link=dual_mono,mix,0,bypass,2,88,24,-9.65,,-37.30,-49.99,,,,,
44100,compressor,threshold=-19.575302 link=dual_mono,mix,0,bypass,5,221,24,-9.65,,-40.35,-60.52,,,,,
44100,compressor,threshold=-19.575302 link=dual_mono,mix,0,bypass,10,441,24,-9.65,,-47.92,-66.13,,,,,
44100,compressor,threshold=-19.575302 link=dual_mono,mix,0,bypass,20,882,24,-9.65,,-53.18,-72.18,,,,,
44100,compressor,threshold=-19.575302 link=dual_mono,mix,0,unbypass,0,0,24,-9.65,,-34.34,-33.57,,,,,
44100,compressor,threshold=-19.575302 link=dual_mono,mix,0,unbypass,2,88,24,-9.65,,-37.30,-49.99,,,,,
44100,compressor,threshold=-19.575302 link=dual_mono,mix,0,unbypass,5,221,24,-9.65,,-40.35,-60.52,,,,,
44100,compressor,threshold=-19.575302 link=dual_mono,mix,0,unbypass,10,441,24,-9.65,,-47.92,-66.13,,,,,
44100,compressor,threshold=-19.575302 link=dual_mono,mix,0,unbypass,20,882,24,-9.65,,-53.18,-72.18,,,,,
44100,limiter,ceiling=-14.603755,bass,447,bypass,0,0,16,-6.30,-83.68,-30.15,52.14,-42.41,-36.54,1500,57.27,16
44100,limiter,ceiling=-14.603755,bass,447,bypass,2,88,16,-6.30,-83.68,-32.81,24.85,-69.70,-65.93,1500,29.13,16
44100,limiter,ceiling=-14.603755,bass,447,bypass,5,221,16,-6.30,-83.68,-37.12,17.18,-77.37,-73.45,1500,19.84,16
44100,limiter,ceiling=-14.603755,bass,447,bypass,10,441,16,-6.30,-83.68,-45.92,11.36,-83.18,-79.80,1500,13.65,16
44100,limiter,ceiling=-14.603755,bass,447,bypass,20,882,16,-6.30,-83.68,-49.95,5.04,-89.50,-85.60,1500,7.62,9
44100,limiter,ceiling=-14.603755,bass,447,unbypass,0,0,16,-6.30,-83.68,-30.15,52.14,-42.41,-36.54,1500,57.27,16
44100,limiter,ceiling=-14.603755,bass,447,unbypass,2,88,16,-6.30,-83.68,-32.81,24.85,-69.70,-65.93,1500,29.13,16
44100,limiter,ceiling=-14.603755,bass,447,unbypass,5,221,16,-6.30,-83.68,-37.12,17.18,-77.37,-73.45,1500,19.84,16
44100,limiter,ceiling=-14.603755,bass,447,unbypass,10,441,16,-6.30,-83.68,-45.92,11.36,-83.18,-79.80,1500,13.65,16
44100,limiter,ceiling=-14.603755,bass,447,unbypass,20,882,16,-6.30,-83.68,-49.95,5.04,-89.50,-85.60,1500,7.62,9
44100,limiter,ceiling=-6.879987,kick,447,bypass,0,0,12,-11.69,-98.53,-34.26,56.23,-45.44,-41.38,1000,55.55,12
44100,limiter,ceiling=-6.879987,kick,447,bypass,2,88,12,-11.69,-98.53,-36.85,28.53,-69.82,-66.20,1000,31.78,12
44100,limiter,ceiling=-6.879987,kick,447,bypass,5,221,12,-11.69,-98.53,-40.37,20.53,-77.93,-76.10,1000,20.38,12
44100,limiter,ceiling=-6.879987,kick,447,bypass,10,441,12,-11.69,-98.53,-46.85,14.78,-83.70,-79.72,1000,14.28,11
44100,limiter,ceiling=-6.879987,kick,447,bypass,20,882,12,-11.69,-98.53,-54.02,8.25,-90.14,-86.31,1000,8.26,8
44100,limiter,ceiling=-6.879987,kick,447,unbypass,0,0,12,-11.69,-98.53,-34.26,56.23,-45.44,-41.38,1000,55.55,12
44100,limiter,ceiling=-6.879987,kick,447,unbypass,2,88,12,-11.69,-98.53,-36.85,28.53,-69.82,-66.20,1000,31.78,12
44100,limiter,ceiling=-6.879987,kick,447,unbypass,5,221,12,-11.69,-98.53,-40.37,20.53,-77.93,-76.10,1000,20.38,12
44100,limiter,ceiling=-6.879987,kick,447,unbypass,10,441,12,-11.69,-98.53,-46.85,14.78,-83.70,-79.72,1000,14.28,11
44100,limiter,ceiling=-6.879987,kick,447,unbypass,20,882,12,-11.69,-98.53,-54.02,8.25,-90.14,-86.31,1000,8.26,8
44100,limiter,ceiling=-7.999421,mix,447,bypass,0,0,24,-14.52,,-39.07,-38.52,,,,,
44100,limiter,ceiling=-7.999421,mix,447,bypass,2,88,24,-14.52,,-42.35,-52.86,,,,,
44100,limiter,ceiling=-7.999421,mix,447,bypass,5,221,24,-14.52,,-45.31,-64.86,,,,,
44100,limiter,ceiling=-7.999421,mix,447,bypass,10,441,24,-14.52,,-54.25,-68.89,,,,,
44100,limiter,ceiling=-7.999421,mix,447,bypass,20,882,24,-14.52,,-59.25,-75.80,,,,,
44100,limiter,ceiling=-7.999421,mix,447,unbypass,0,0,24,-14.52,,-39.07,-38.52,,,,,
44100,limiter,ceiling=-7.999421,mix,447,unbypass,2,88,24,-14.52,,-42.35,-52.86,,,,,
44100,limiter,ceiling=-7.999421,mix,447,unbypass,5,221,24,-14.52,,-45.31,-64.86,,,,,
44100,limiter,ceiling=-7.999421,mix,447,unbypass,10,441,24,-14.52,,-54.25,-68.89,,,,,
44100,limiter,ceiling=-7.999421,mix,447,unbypass,20,882,24,-14.52,,-59.25,-75.80,,,,,
44100,eq-boost,band-1-enabled=1 band-1-kind=1 band-1-frequency=100 band-1-gain=6 band-1-q=0.70710677,bass,0,bypass,0,0,16,-3.41,-90.54,-27.08,54.76,-39.74,-33.23,1500,60.60,16
44100,eq-boost,band-1-enabled=1 band-1-kind=1 band-1-frequency=100 band-1-gain=6 band-1-q=0.70710677,bass,0,bypass,2,88,16,-3.41,-90.54,-29.47,27.53,-66.96,-62.02,1500,33.32,16
44100,eq-boost,band-1-enabled=1 band-1-kind=1 band-1-frequency=100 band-1-gain=6 band-1-q=0.70710677,bass,0,bypass,5,221,16,-3.41,-90.54,-33.13,20.27,-74.22,-70.33,1500,23.31,16
44100,eq-boost,band-1-enabled=1 band-1-kind=1 band-1-frequency=100 band-1-gain=6 band-1-q=0.70710677,bass,0,bypass,10,441,16,-3.41,-90.54,-42.19,14.05,-80.44,-76.15,1500,16.76,15
44100,eq-boost,band-1-enabled=1 band-1-kind=1 band-1-frequency=100 band-1-gain=6 band-1-q=0.70710677,bass,0,bypass,20,882,16,-3.41,-90.54,-46.27,7.65,-86.84,-81.54,1500,10.74,10
44100,eq-boost,band-1-enabled=1 band-1-kind=1 band-1-frequency=100 band-1-gain=6 band-1-q=0.70710677,bass,0,unbypass,0,0,16,-3.41,-90.54,-27.08,54.76,-39.74,-33.23,1500,60.60,16
44100,eq-boost,band-1-enabled=1 band-1-kind=1 band-1-frequency=100 band-1-gain=6 band-1-q=0.70710677,bass,0,unbypass,2,88,16,-3.41,-90.54,-29.47,27.53,-66.96,-62.02,1500,33.32,16
44100,eq-boost,band-1-enabled=1 band-1-kind=1 band-1-frequency=100 band-1-gain=6 band-1-q=0.70710677,bass,0,unbypass,5,221,16,-3.41,-90.54,-33.13,20.27,-74.22,-70.33,1500,23.31,16
44100,eq-boost,band-1-enabled=1 band-1-kind=1 band-1-frequency=100 band-1-gain=6 band-1-q=0.70710677,bass,0,unbypass,10,441,16,-3.41,-90.54,-42.19,14.05,-80.44,-76.15,1500,16.76,15
44100,eq-boost,band-1-enabled=1 band-1-kind=1 band-1-frequency=100 band-1-gain=6 band-1-q=0.70710677,bass,0,unbypass,20,882,16,-3.41,-90.54,-46.27,7.65,-86.84,-81.54,1500,10.74,10
44100,eq-boost,band-1-enabled=1 band-1-kind=1 band-1-frequency=100 band-1-gain=6 band-1-q=0.70710677,kick,0,bypass,0,0,12,-5.82,-93.49,-29.07,62.47,-40.57,-37.40,1000,58.52,12
44100,eq-boost,band-1-enabled=1 band-1-kind=1 band-1-frequency=100 band-1-gain=6 band-1-q=0.70710677,kick,0,bypass,2,88,12,-5.82,-93.49,-31.41,35.12,-64.61,-61.53,1000,35.85,12
44100,eq-boost,band-1-enabled=1 band-1-kind=1 band-1-frequency=100 band-1-gain=6 band-1-q=0.70710677,kick,0,bypass,5,221,12,-5.82,-93.49,-34.71,27.66,-72.18,-71.53,1000,23.89,12
44100,eq-boost,band-1-enabled=1 band-1-kind=1 band-1-frequency=100 band-1-gain=6 band-1-q=0.70710677,kick,0,bypass,10,441,12,-5.82,-93.49,-40.98,21.49,-78.35,-75.28,1000,17.23,12
44100,eq-boost,band-1-enabled=1 band-1-kind=1 band-1-frequency=100 band-1-gain=6 band-1-q=0.70710677,kick,0,bypass,20,882,12,-5.82,-93.49,-47.95,15.35,-84.41,-81.66,1000,11.20,11
44100,eq-boost,band-1-enabled=1 band-1-kind=1 band-1-frequency=100 band-1-gain=6 band-1-q=0.70710677,kick,0,unbypass,0,0,12,-5.82,-93.49,-29.07,62.47,-40.57,-37.40,1000,58.52,12
44100,eq-boost,band-1-enabled=1 band-1-kind=1 band-1-frequency=100 band-1-gain=6 band-1-q=0.70710677,kick,0,unbypass,2,88,12,-5.82,-93.49,-31.41,35.12,-64.61,-61.53,1000,35.85,12
44100,eq-boost,band-1-enabled=1 band-1-kind=1 band-1-frequency=100 band-1-gain=6 band-1-q=0.70710677,kick,0,unbypass,5,221,12,-5.82,-93.49,-34.71,27.66,-72.18,-71.53,1000,23.89,12
44100,eq-boost,band-1-enabled=1 band-1-kind=1 band-1-frequency=100 band-1-gain=6 band-1-q=0.70710677,kick,0,unbypass,10,441,12,-5.82,-93.49,-40.98,21.49,-78.35,-75.28,1000,17.23,12
44100,eq-boost,band-1-enabled=1 band-1-kind=1 band-1-frequency=100 band-1-gain=6 band-1-q=0.70710677,kick,0,unbypass,20,882,12,-5.82,-93.49,-47.95,15.35,-84.41,-81.66,1000,11.20,11
44100,eq-boost,band-1-enabled=1 band-1-kind=1 band-1-frequency=100 band-1-gain=6 band-1-q=0.70710677,mix,0,bypass,0,0,24,-3.45,,-28.75,-30.71,,,,,
44100,eq-boost,band-1-enabled=1 band-1-kind=1 band-1-frequency=100 band-1-gain=6 band-1-q=0.70710677,mix,0,bypass,2,88,24,-3.45,,-29.67,-53.96,,,,,
44100,eq-boost,band-1-enabled=1 band-1-kind=1 band-1-frequency=100 band-1-gain=6 band-1-q=0.70710677,mix,0,bypass,5,221,24,-3.45,,-33.62,-64.35,,,,,
44100,eq-boost,band-1-enabled=1 band-1-kind=1 band-1-frequency=100 band-1-gain=6 band-1-q=0.70710677,mix,0,bypass,10,441,24,-3.45,,-41.47,-70.09,,,,,
44100,eq-boost,band-1-enabled=1 band-1-kind=1 band-1-frequency=100 band-1-gain=6 band-1-q=0.70710677,mix,0,bypass,20,882,24,-3.45,,-46.30,-74.64,,,,,
44100,eq-boost,band-1-enabled=1 band-1-kind=1 band-1-frequency=100 band-1-gain=6 band-1-q=0.70710677,mix,0,unbypass,0,0,24,-3.45,,-28.75,-30.71,,,,,
44100,eq-boost,band-1-enabled=1 band-1-kind=1 band-1-frequency=100 band-1-gain=6 band-1-q=0.70710677,mix,0,unbypass,2,88,24,-3.45,,-29.67,-53.96,,,,,
44100,eq-boost,band-1-enabled=1 band-1-kind=1 band-1-frequency=100 band-1-gain=6 band-1-q=0.70710677,mix,0,unbypass,5,221,24,-3.45,,-33.62,-64.35,,,,,
44100,eq-boost,band-1-enabled=1 band-1-kind=1 band-1-frequency=100 band-1-gain=6 band-1-q=0.70710677,mix,0,unbypass,10,441,24,-3.45,,-41.47,-70.09,,,,,
44100,eq-boost,band-1-enabled=1 band-1-kind=1 band-1-frequency=100 band-1-gain=6 band-1-q=0.70710677,mix,0,unbypass,20,882,24,-3.45,,-46.30,-74.64,,,,,
44100,eq-cut,band-1-enabled=1 band-1-kind=1 band-1-frequency=100 band-1-gain=-6 band-1-q=0.70710677,bass,0,bypass,0,0,16,-7.34,-98.03,-31.08,51.12,-43.37,-37.12,1500,56.71,16
44100,eq-cut,band-1-enabled=1 band-1-kind=1 band-1-frequency=100 band-1-gain=-6 band-1-q=0.70710677,bass,0,bypass,2,88,16,-7.34,-98.03,-33.69,23.84,-70.65,-65.74,1500,29.60,16
44100,eq-cut,band-1-enabled=1 band-1-kind=1 band-1-frequency=100 band-1-gain=-6 band-1-q=0.70710677,bass,0,bypass,5,221,16,-7.34,-98.03,-37.65,16.42,-78.07,-74.76,1500,19.13,16
44100,eq-cut,band-1-enabled=1 band-1-kind=1 band-1-frequency=100 band-1-gain=-6 band-1-q=0.70710677,bass,0,bypass,10,441,16,-7.34,-98.03,-46.81,10.17,-84.33,-80.02,1500,12.87,11
44100,eq-cut,band-1-enabled=1 band-1-kind=1 band-1-frequency=100 band-1-gain=-6 band-1-q=0.70710677,bass,0,bypass,20,882,16,-7.34,-98.03,-50.74,3.96,-90.53,-85.25,1500,6.84,8
44100,eq-cut,band-1-enabled=1 band-1-kind=1 band-1-frequency=100 band-1-gain=-6 band-1-q=0.70710677,bass,0,unbypass,0,0,16,-7.34,-98.03,-31.08,51.12,-43.37,-37.12,1500,56.71,16
44100,eq-cut,band-1-enabled=1 band-1-kind=1 band-1-frequency=100 band-1-gain=-6 band-1-q=0.70710677,bass,0,unbypass,2,88,16,-7.34,-98.03,-33.69,23.84,-70.65,-65.74,1500,29.60,16
44100,eq-cut,band-1-enabled=1 band-1-kind=1 band-1-frequency=100 band-1-gain=-6 band-1-q=0.70710677,bass,0,unbypass,5,221,16,-7.34,-98.03,-37.65,16.42,-78.07,-74.76,1500,19.13,16
44100,eq-cut,band-1-enabled=1 band-1-kind=1 band-1-frequency=100 band-1-gain=-6 band-1-q=0.70710677,bass,0,unbypass,10,441,16,-7.34,-98.03,-46.81,10.17,-84.33,-80.02,1500,12.87,11
44100,eq-cut,band-1-enabled=1 band-1-kind=1 band-1-frequency=100 band-1-gain=-6 band-1-q=0.70710677,bass,0,unbypass,20,882,16,-7.34,-98.03,-50.74,3.96,-90.53,-85.25,1500,6.84,8
44100,eq-cut,band-1-enabled=1 band-1-kind=1 band-1-frequency=100 band-1-gain=-6 band-1-q=0.70710677,kick,0,bypass,0,0,12,-8.32,-99.04,-31.41,60.32,-42.72,-39.90,1000,55.93,12
44100,eq-cut,band-1-enabled=1 band-1-kind=1 band-1-frequency=100 band-1-gain=-6 band-1-q=0.70710677,kick,0,bypass,2,88,12,-8.32,-99.04,-33.84,32.84,-66.89,-64.13,1000,32.80,12
44100,eq-cut,band-1-enabled=1 band-1-kind=1 band-1-frequency=100 band-1-gain=-6 band-1-q=0.70710677,kick,0,bypass,5,221,12,-8.32,-99.04,-37.33,25.22,-74.62,-73.99,1000,21.27,12
44100,eq-cut,band-1-enabled=1 band-1-kind=1 band-1-frequency=100 band-1-gain=-6 band-1-q=0.70710677,kick,0,bypass,10,441,12,-8.32,-99.04,-43.63,19.32,-80.53,-78.10,1000,14.65,12
44100,eq-cut,band-1-enabled=1 band-1-kind=1 band-1-frequency=100 band-1-gain=-6 band-1-q=0.70710677,kick,0,bypass,20,882,12,-8.32,-99.04,-50.64,13.15,-86.61,-84.65,1000,8.62,12
44100,eq-cut,band-1-enabled=1 band-1-kind=1 band-1-frequency=100 band-1-gain=-6 band-1-q=0.70710677,kick,0,unbypass,0,0,12,-8.32,-99.04,-31.41,60.32,-42.72,-39.90,1000,55.93,12
44100,eq-cut,band-1-enabled=1 band-1-kind=1 band-1-frequency=100 band-1-gain=-6 band-1-q=0.70710677,kick,0,unbypass,2,88,12,-8.32,-99.04,-33.84,32.84,-66.89,-64.13,1000,32.80,12
44100,eq-cut,band-1-enabled=1 band-1-kind=1 band-1-frequency=100 band-1-gain=-6 band-1-q=0.70710677,kick,0,unbypass,5,221,12,-8.32,-99.04,-37.33,25.22,-74.62,-73.99,1000,21.27,12
44100,eq-cut,band-1-enabled=1 band-1-kind=1 band-1-frequency=100 band-1-gain=-6 band-1-q=0.70710677,kick,0,unbypass,10,441,12,-8.32,-99.04,-43.63,19.32,-80.53,-78.10,1000,14.65,12
44100,eq-cut,band-1-enabled=1 band-1-kind=1 band-1-frequency=100 band-1-gain=-6 band-1-q=0.70710677,kick,0,unbypass,20,882,12,-8.32,-99.04,-50.64,13.15,-86.61,-84.65,1000,8.62,12
44100,eq-cut,band-1-enabled=1 band-1-kind=1 band-1-frequency=100 band-1-gain=-6 band-1-q=0.70710677,mix,0,bypass,0,0,24,-7.60,,-33.24,-35.25,,,,,
44100,eq-cut,band-1-enabled=1 band-1-kind=1 band-1-frequency=100 band-1-gain=-6 band-1-q=0.70710677,mix,0,bypass,2,88,24,-7.60,,-34.52,-58.36,,,,,
44100,eq-cut,band-1-enabled=1 band-1-kind=1 band-1-frequency=100 band-1-gain=-6 band-1-q=0.70710677,mix,0,bypass,5,221,24,-7.60,,-38.05,-67.68,,,,,
44100,eq-cut,band-1-enabled=1 band-1-kind=1 band-1-frequency=100 band-1-gain=-6 band-1-q=0.70710677,mix,0,bypass,10,441,24,-7.60,,-45.78,-73.81,,,,,
44100,eq-cut,band-1-enabled=1 band-1-kind=1 band-1-frequency=100 band-1-gain=-6 band-1-q=0.70710677,mix,0,bypass,20,882,24,-7.60,,-50.68,-78.53,,,,,
44100,eq-cut,band-1-enabled=1 band-1-kind=1 band-1-frequency=100 band-1-gain=-6 band-1-q=0.70710677,mix,0,unbypass,0,0,24,-7.60,,-33.24,-35.25,,,,,
44100,eq-cut,band-1-enabled=1 band-1-kind=1 band-1-frequency=100 band-1-gain=-6 band-1-q=0.70710677,mix,0,unbypass,2,88,24,-7.60,,-34.52,-58.36,,,,,
44100,eq-cut,band-1-enabled=1 band-1-kind=1 band-1-frequency=100 band-1-gain=-6 band-1-q=0.70710677,mix,0,unbypass,5,221,24,-7.60,,-38.05,-67.68,,,,,
44100,eq-cut,band-1-enabled=1 band-1-kind=1 band-1-frequency=100 band-1-gain=-6 band-1-q=0.70710677,mix,0,unbypass,10,441,24,-7.60,,-45.78,-73.81,,,,,
44100,eq-cut,band-1-enabled=1 band-1-kind=1 band-1-frequency=100 band-1-gain=-6 band-1-q=0.70710677,mix,0,unbypass,20,882,24,-7.60,,-50.68,-78.53,,,,,
44100,saturator,drive=12 output=-9.3782835,bass,31,bypass,0,0,16,-13.55,-59.15,-36.12,45.98,-48.50,-40.67,1500,53.13,16
44100,saturator,drive=12 output=-9.3782835,bass,31,bypass,2,88,16,-13.55,-59.15,-38.11,19.67,-74.81,-69.48,1500,23.51,16
44100,saturator,drive=12 output=-9.3782835,bass,31,bypass,5,221,16,-13.55,-59.15,-41.76,11.33,-83.16,-78.27,1500,15.42,16
44100,saturator,drive=12 output=-9.3782835,bass,31,bypass,10,441,16,-13.55,-59.15,-50.51,5.66,-88.83,-83.95,1500,9.45,7
44100,saturator,drive=12 output=-9.3782835,bass,31,bypass,20,882,16,-13.55,-59.15,-55.22,-0.87,-95.36,-89.93,1500,3.37,3
44100,saturator,drive=12 output=-9.3782835,bass,31,unbypass,0,0,16,-13.55,-59.15,-36.12,45.98,-48.50,-40.67,1500,53.13,16
44100,saturator,drive=12 output=-9.3782835,bass,31,unbypass,2,88,16,-13.55,-59.15,-38.11,19.67,-74.81,-69.48,1500,23.51,16
44100,saturator,drive=12 output=-9.3782835,bass,31,unbypass,5,221,16,-13.55,-59.15,-41.76,11.33,-83.16,-78.27,1500,15.42,16
44100,saturator,drive=12 output=-9.3782835,bass,31,unbypass,10,441,16,-13.55,-59.15,-50.51,5.66,-88.83,-83.95,1500,9.45,7
44100,saturator,drive=12 output=-9.3782835,bass,31,unbypass,20,882,16,-13.55,-59.15,-55.22,-0.87,-95.36,-89.93,1500,3.37,3
44100,saturator,drive=12 output=-6.2459087,kick,31,bypass,0,0,12,-11.13,-67.44,-34.34,57.14,-45.85,-41.65,1000,53.75,12
44100,saturator,drive=12 output=-6.2459087,kick,31,bypass,2,88,12,-11.13,-67.44,-36.64,29.76,-69.98,-67.72,1000,27.36,12
44100,saturator,drive=12 output=-6.2459087,kick,31,bypass,5,221,12,-11.13,-67.44,-39.23,22.99,-76.45,-74.37,1000,19.44,12
44100,saturator,drive=12 output=-6.2459087,kick,31,bypass,10,441,12,-11.13,-67.44,-47.68,15.32,-84.19,-79.55,1000,12.68,12
44100,saturator,drive=12 output=-6.2459087,kick,31,bypass,20,882,12,-11.13,-67.44,-52.59,9.79,-89.57,-85.87,1000,6.85,10
44100,saturator,drive=12 output=-6.2459087,kick,31,unbypass,0,0,12,-11.13,-67.44,-34.34,57.14,-45.85,-41.65,1000,53.75,12
44100,saturator,drive=12 output=-6.2459087,kick,31,unbypass,2,88,12,-11.13,-67.44,-36.64,29.76,-69.98,-67.72,1000,27.36,12
44100,saturator,drive=12 output=-6.2459087,kick,31,unbypass,5,221,12,-11.13,-67.44,-39.23,22.99,-76.45,-74.37,1000,19.44,12
44100,saturator,drive=12 output=-6.2459087,kick,31,unbypass,10,441,12,-11.13,-67.44,-47.68,15.32,-84.19,-79.55,1000,12.68,12
44100,saturator,drive=12 output=-6.2459087,kick,31,unbypass,20,882,12,-11.13,-67.44,-52.59,9.79,-89.57,-85.87,1000,6.85,10
44100,saturator,drive=12 output=-9.969321,mix,31,bypass,0,0,24,-13.84,,-38.80,-38.37,,,,,
44100,saturator,drive=12 output=-9.969321,mix,31,bypass,2,88,24,-13.84,,-41.18,-50.53,,,,,
44100,saturator,drive=12 output=-9.969321,mix,31,bypass,5,221,24,-13.84,,-45.18,-62.98,,,,,
44100,saturator,drive=12 output=-9.969321,mix,31,bypass,10,441,24,-13.84,,-52.79,-67.23,,,,,
44100,saturator,drive=12 output=-9.969321,mix,31,bypass,20,882,24,-13.84,,-57.13,-71.03,,,,,
44100,saturator,drive=12 output=-9.969321,mix,31,unbypass,0,0,24,-13.84,,-38.80,-38.37,,,,,
44100,saturator,drive=12 output=-9.969321,mix,31,unbypass,2,88,24,-13.84,,-41.18,-50.53,,,,,
44100,saturator,drive=12 output=-9.969321,mix,31,unbypass,5,221,24,-13.84,,-45.18,-62.98,,,,,
44100,saturator,drive=12 output=-9.969321,mix,31,unbypass,10,441,24,-13.84,,-52.79,-67.23,,,,,
44100,saturator,drive=12 output=-9.969321,mix,31,unbypass,20,882,24,-13.84,,-57.13,-71.03,,,,,
44100,transient-shaper,attack-amount=0.5,kick,0,bypass,0,0,12,-60.31,-91.44,-55.23,-8.31,-107.08,-106.15,1000,-10.99,0
44100,transient-shaper,attack-amount=0.5,kick,0,bypass,2,88,12,-60.31,-91.44,-55.79,-10.48,-107.89,-105.91,1000,-12.71,0
44100,transient-shaper,attack-amount=0.5,kick,0,bypass,5,221,12,-60.31,-91.44,-57.23,-17.70,-112.16,-109.84,1000,-16.55,0
44100,transient-shaper,attack-amount=0.5,kick,0,bypass,10,441,12,-60.31,-91.44,-61.63,-20.57,-117.99,-112.25,1000,-23.95,0
44100,transient-shaper,attack-amount=0.5,kick,0,bypass,20,882,12,-60.31,-91.44,-64.86,-22.09,-118.64,-112.40,1000,-24.00,0
44100,transient-shaper,attack-amount=0.5,kick,0,unbypass,0,0,12,-60.31,-91.44,-55.23,-8.31,-107.08,-106.15,1000,-10.99,0
44100,transient-shaper,attack-amount=0.5,kick,0,unbypass,2,88,12,-60.31,-91.44,-55.79,-10.48,-107.89,-105.91,1000,-12.71,0
44100,transient-shaper,attack-amount=0.5,kick,0,unbypass,5,221,12,-60.31,-91.44,-57.23,-17.70,-112.16,-109.84,1000,-16.55,0
44100,transient-shaper,attack-amount=0.5,kick,0,unbypass,10,441,12,-60.31,-91.44,-61.63,-20.57,-117.99,-112.25,1000,-23.95,0
44100,transient-shaper,attack-amount=0.5,kick,0,unbypass,20,882,12,-60.31,-91.44,-64.86,-22.09,-118.64,-112.40,1000,-24.00,0
44100,transient-shaper,attack-amount=0.5,mix,0,bypass,0,0,24,-13.73,,-41.93,-44.95,,,,,
44100,transient-shaper,attack-amount=0.5,mix,0,bypass,2,88,24,-13.73,,-43.28,-58.77,,,,,
44100,transient-shaper,attack-amount=0.5,mix,0,bypass,5,221,24,-13.73,,-46.36,-69.13,,,,,
44100,transient-shaper,attack-amount=0.5,mix,0,bypass,10,441,24,-13.73,,-51.59,-71.18,,,,,
44100,transient-shaper,attack-amount=0.5,mix,0,bypass,20,882,24,-13.73,,-54.43,-73.41,,,,,
44100,transient-shaper,attack-amount=0.5,mix,0,unbypass,0,0,24,-13.73,,-41.93,-44.95,,,,,
44100,transient-shaper,attack-amount=0.5,mix,0,unbypass,2,88,24,-13.73,,-43.28,-58.77,,,,,
44100,transient-shaper,attack-amount=0.5,mix,0,unbypass,5,221,24,-13.73,,-46.36,-69.13,,,,,
44100,transient-shaper,attack-amount=0.5,mix,0,unbypass,10,441,24,-13.73,,-51.59,-71.18,,,,,
44100,transient-shaper,attack-amount=0.5,mix,0,unbypass,20,882,24,-13.73,,-54.43,-73.41,,,,,
44100,gate,threshold=-6 ratio=20 range=80 hysteresis=0 attack=1 hold=20 release=50,kick,0,bypass,0,0,12,-0.81,-78.76,-23.62,68.62,-34.42,-31.41,1000,64.40,12
44100,gate,threshold=-6 ratio=20 range=80 hysteresis=0 attack=1 hold=20 release=50,kick,0,bypass,2,88,12,-0.81,-78.76,-26.16,41.33,-58.39,-55.99,1000,40.88,12
44100,gate,threshold=-6 ratio=20 range=80 hysteresis=0 attack=1 hold=20 release=50,kick,0,bypass,5,221,12,-0.81,-78.76,-30.21,33.35,-66.48,-65.65,1000,29.21,12
44100,gate,threshold=-6 ratio=20 range=80 hysteresis=0 attack=1 hold=20 release=50,kick,0,bypass,10,441,12,-0.81,-78.76,-37.15,27.63,-72.21,-69.47,1000,23.13,12
44100,gate,threshold=-6 ratio=20 range=80 hysteresis=0 attack=1 hold=20 release=50,kick,0,bypass,20,882,12,-0.81,-78.76,-43.63,21.43,-78.33,-76.08,1000,17.09,12
44100,gate,threshold=-6 ratio=20 range=80 hysteresis=0 attack=1 hold=20 release=50,kick,0,unbypass,0,0,12,-0.81,-78.76,-23.62,68.62,-34.42,-31.41,1000,64.40,12
44100,gate,threshold=-6 ratio=20 range=80 hysteresis=0 attack=1 hold=20 release=50,kick,0,unbypass,2,88,12,-0.81,-78.76,-26.16,41.33,-58.39,-55.99,1000,40.88,12
44100,gate,threshold=-6 ratio=20 range=80 hysteresis=0 attack=1 hold=20 release=50,kick,0,unbypass,5,221,12,-0.81,-78.76,-30.21,33.35,-66.48,-65.65,1000,29.21,12
44100,gate,threshold=-6 ratio=20 range=80 hysteresis=0 attack=1 hold=20 release=50,kick,0,unbypass,10,441,12,-0.81,-78.76,-37.15,27.63,-72.21,-69.47,1000,23.13,12
44100,gate,threshold=-6 ratio=20 range=80 hysteresis=0 attack=1 hold=20 release=50,kick,0,unbypass,20,882,12,-0.81,-78.76,-43.63,21.43,-78.33,-76.08,1000,17.09,12
48000,mute-reference,wet=input dry=silence,bass,0,bypass,0,0,16,0.00,-94.48,-24.01,58.20,-36.27,-30.60,1500,62.33,16
48000,mute-reference,wet=input dry=silence,bass,0,bypass,2,96,16,0.00,-94.48,-26.75,30.93,-63.55,-60.19,1500,35.00,16
48000,mute-reference,wet=input dry=silence,bass,0,bypass,5,240,16,0.00,-94.48,-30.71,23.62,-70.86,-66.58,1500,26.26,16
48000,mute-reference,wet=input dry=silence,bass,0,bypass,10,480,16,0.00,-94.48,-39.92,17.13,-77.35,-73.88,1500,18.28,16
48000,mute-reference,wet=input dry=silence,bass,0,bypass,20,960,16,0.00,-94.48,-43.83,11.09,-83.39,-79.38,1500,12.76,16
48000,mute-reference,wet=input dry=silence,bass,0,unbypass,0,0,16,0.00,-94.48,-24.01,58.20,-36.27,-30.60,1500,62.33,16
48000,mute-reference,wet=input dry=silence,bass,0,unbypass,2,96,16,0.00,-94.48,-26.75,30.93,-63.55,-60.19,1500,35.00,16
48000,mute-reference,wet=input dry=silence,bass,0,unbypass,5,240,16,0.00,-94.48,-30.71,23.62,-70.86,-66.58,1500,26.26,16
48000,mute-reference,wet=input dry=silence,bass,0,unbypass,10,480,16,0.00,-94.48,-39.92,17.13,-77.35,-73.88,1500,18.28,16
48000,mute-reference,wet=input dry=silence,bass,0,unbypass,20,960,16,0.00,-94.48,-43.83,11.09,-83.39,-79.38,1500,12.76,16
48000,mute-reference,wet=input dry=silence,kick,0,bypass,0,0,12,0.00,-100.98,-23.17,73.16,-34.48,-31.61,1000,63.95,12
48000,mute-reference,wet=input dry=silence,kick,0,bypass,2,96,12,0.00,-100.98,-25.49,45.81,-58.52,-55.92,1000,41.36,12
48000,mute-reference,wet=input dry=silence,kick,0,bypass,5,240,12,0.00,-100.98,-29.05,38.17,-66.30,-65.77,1000,29.41,12
48000,mute-reference,wet=input dry=silence,kick,0,bypass,10,480,12,0.00,-100.98,-35.46,32.20,-72.24,-69.41,1000,23.32,12
48000,mute-reference,wet=input dry=silence,kick,0,bypass,20,960,12,0.00,-100.98,-42.44,26.01,-78.37,-75.91,1000,17.14,12
48000,mute-reference,wet=input dry=silence,kick,0,unbypass,0,0,12,0.00,-100.98,-23.17,73.16,-34.48,-31.61,1000,63.95,12
48000,mute-reference,wet=input dry=silence,kick,0,unbypass,2,96,12,0.00,-100.98,-25.49,45.81,-58.52,-55.92,1000,41.36,12
48000,mute-reference,wet=input dry=silence,kick,0,unbypass,5,240,12,0.00,-100.98,-29.05,38.17,-66.30,-65.77,1000,29.41,12
48000,mute-reference,wet=input dry=silence,kick,0,unbypass,10,480,12,0.00,-100.98,-35.46,32.20,-72.24,-69.41,1000,23.32,12
48000,mute-reference,wet=input dry=silence,kick,0,unbypass,20,960,12,0.00,-100.98,-42.44,26.01,-78.37,-75.91,1000,17.14,12
48000,mute-reference,wet=input dry=silence,mix,0,bypass,0,0,24,0.00,,-24.12,-22.48,,,,,
48000,mute-reference,wet=input dry=silence,mix,0,bypass,2,96,24,0.00,,-25.98,-41.71,,,,,
48000,mute-reference,wet=input dry=silence,mix,0,bypass,5,240,24,0.00,,-29.84,-51.60,,,,,
48000,mute-reference,wet=input dry=silence,mix,0,bypass,10,480,24,0.00,,-37.84,-56.81,,,,,
48000,mute-reference,wet=input dry=silence,mix,0,bypass,20,960,24,0.00,,-42.92,-62.43,,,,,
48000,mute-reference,wet=input dry=silence,mix,0,unbypass,0,0,24,0.00,,-24.12,-22.48,,,,,
48000,mute-reference,wet=input dry=silence,mix,0,unbypass,2,96,24,0.00,,-25.98,-41.71,,,,,
48000,mute-reference,wet=input dry=silence,mix,0,unbypass,5,240,24,0.00,,-29.84,-51.60,,,,,
48000,mute-reference,wet=input dry=silence,mix,0,unbypass,10,480,24,0.00,,-37.84,-56.81,,,,,
48000,mute-reference,wet=input dry=silence,mix,0,unbypass,20,960,24,0.00,,-42.92,-62.43,,,,,
48000,compressor,threshold=-20.815924 link=dual_mono,bass,0,bypass,0,0,16,-6.31,-93.64,-30.34,51.86,-42.61,-36.89,1500,56.04,16
48000,compressor,threshold=-20.815924 link=dual_mono,bass,0,bypass,2,96,16,-6.31,-93.64,-33.08,24.61,-69.87,-66.35,1500,28.82,16
48000,compressor,threshold=-20.815924 link=dual_mono,bass,0,bypass,5,240,16,-6.31,-93.64,-37.03,17.30,-77.18,-72.92,1500,19.94,16
48000,compressor,threshold=-20.815924 link=dual_mono,bass,0,bypass,10,480,16,-6.31,-93.64,-46.25,10.79,-83.68,-80.18,1500,12.04,15
48000,compressor,threshold=-20.815924 link=dual_mono,bass,0,bypass,20,960,16,-6.31,-93.64,-50.16,4.77,-89.71,-85.58,1500,6.67,10
48000,compressor,threshold=-20.815924 link=dual_mono,bass,0,unbypass,0,0,16,-6.31,-93.64,-30.34,51.86,-42.61,-36.89,1500,56.04,16
48000,compressor,threshold=-20.815924 link=dual_mono,bass,0,unbypass,2,96,16,-6.31,-93.64,-33.08,24.61,-69.87,-66.35,1500,28.82,16
48000,compressor,threshold=-20.815924 link=dual_mono,bass,0,unbypass,5,240,16,-6.31,-93.64,-37.03,17.30,-77.18,-72.92,1500,19.94,16
48000,compressor,threshold=-20.815924 link=dual_mono,bass,0,unbypass,10,480,16,-6.31,-93.64,-46.25,10.79,-83.68,-80.18,1500,12.04,15
48000,compressor,threshold=-20.815924 link=dual_mono,bass,0,unbypass,20,960,16,-6.31,-93.64,-50.16,4.77,-89.71,-85.58,1500,6.67,10
48000,compressor,threshold=-12.827885 link=dual_mono,kick,0,bypass,0,0,12,-9.60,-105.17,-32.32,63.91,-43.73,-39.88,1000,55.76,12
48000,compressor,threshold=-12.827885 link=dual_mono,kick,0,bypass,2,96,12,-9.60,-105.17,-34.66,36.44,-67.89,-64.72,1000,33.15,12
48000,compressor,threshold=-12.827885 link=dual_mono,kick,0,bypass,5,240,12,-9.60,-105.17,-38.16,28.83,-75.63,-74.53,1000,21.25,12
48000,compressor,threshold=-12.827885 link=dual_mono,kick,0,bypass,10,480,12,-9.60,-105.17,-44.49,22.77,-81.67,-77.92,1000,14.92,10
48000,compressor,threshold=-12.827885 link=dual_mono,kick,0,bypass,20,960,12,-9.60,-105.17,-51.72,16.42,-87.96,-84.47,1000,8.80,10
48000,compressor,threshold=-12.827885 link=dual_mono,kick,0,unbypass,0,0,12,-9.60,-105.17,-32.32,63.91,-43.73,-39.88,1000,55.76,12
48000,compressor,threshold=-12.827885 link=dual_mono,kick,0,unbypass,2,96,12,-9.60,-105.17,-34.66,36.44,-67.89,-64.72,1000,33.15,12
48000,compressor,threshold=-12.827885 link=dual_mono,kick,0,unbypass,5,240,12,-9.60,-105.17,-38.16,28.83,-75.63,-74.53,1000,21.25,12
48000,compressor,threshold=-12.827885 link=dual_mono,kick,0,unbypass,10,480,12,-9.60,-105.17,-44.49,22.77,-81.67,-77.92,1000,14.92,10
48000,compressor,threshold=-12.827885 link=dual_mono,kick,0,unbypass,20,960,12,-9.60,-105.17,-51.72,16.42,-87.96,-84.47,1000,8.80,10
48000,compressor,threshold=-19.402754 link=dual_mono,mix,0,bypass,0,0,24,-9.29,,-33.42,-31.61,,,,,
48000,compressor,threshold=-19.402754 link=dual_mono,mix,0,bypass,2,96,24,-9.29,,-35.31,-50.08,,,,,
48000,compressor,threshold=-19.402754 link=dual_mono,mix,0,bypass,5,240,24,-9.29,,-38.93,-59.89,,,,,
48000,compressor,threshold=-19.402754 link=dual_mono,mix,0,bypass,10,480,24,-9.29,,-47.21,-65.10,,,,,
48000,compressor,threshold=-19.402754 link=dual_mono,mix,0,bypass,20,960,24,-9.29,,-52.17,-71.24,,,,,
48000,compressor,threshold=-19.402754 link=dual_mono,mix,0,unbypass,0,0,24,-9.29,,-33.42,-31.61,,,,,
48000,compressor,threshold=-19.402754 link=dual_mono,mix,0,unbypass,2,96,24,-9.29,,-35.31,-50.08,,,,,
48000,compressor,threshold=-19.402754 link=dual_mono,mix,0,unbypass,5,240,24,-9.29,,-38.93,-59.89,,,,,
48000,compressor,threshold=-19.402754 link=dual_mono,mix,0,unbypass,10,480,24,-9.29,,-47.21,-65.10,,,,,
48000,compressor,threshold=-19.402754 link=dual_mono,mix,0,unbypass,20,960,24,-9.29,,-52.17,-71.24,,,,,
48000,limiter,ceiling=-14.60375,bass,486,bypass,0,0,16,-6.30,-83.74,-30.61,51.41,-43.04,-37.22,1500,55.72,16
48000,limiter,ceiling=-14.60375,bass,486,bypass,2,96,16,-6.30,-83.74,-33.29,24.27,-70.17,-66.14,1500,28.68,16
48000,limiter,ceiling=-14.60375,bass,486,bypass,5,240,16,-6.30,-83.74,-37.11,17.06,-77.38,-73.09,1500,19.91,16
48000,limiter,ceiling=-14.60375,bass,486,bypass,10,480,16,-6.30,-83.74,-46.22,10.90,-83.55,-80.08,1500,12.95,15
48000,limiter,ceiling=-14.60375,bass,486,bypass,20,960,16,-6.30,-83.74,-50.16,4.45,-89.99,-85.94,1500,6.51,9
48000,limiter,ceiling=-14.60375,bass,486,unbypass,0,0,16,-6.30,-83.74,-30.61,51.41,-43.04,-37.22,1500,55.72,16
48000,limiter,ceiling=-14.60375,bass,486,unbypass,2,96,16,-6.30,-83.74,-33.29,24.27,-70.17,-66.14,1500,28.68,16
48000,limiter,ceiling=-14.60375,bass,486,unbypass,5,240,16,-6.30,-83.74,-37.11,17.06,-77.38,-73.09,1500,19.91,16
48000,limiter,ceiling=-14.60375,bass,486,unbypass,10,480,16,-6.30,-83.74,-46.22,10.90,-83.55,-80.08,1500,12.95,15
48000,limiter,ceiling=-14.60375,bass,486,unbypass,20,960,16,-6.30,-83.74,-50.16,4.45,-89.99,-85.94,1500,6.51,9
48000,limiter,ceiling=-6.879987,kick,486,bypass,0,0,12,-11.78,-102.98,-34.91,59.42,-46.36,-41.77,1000,54.30,12
48000,limiter,ceiling=-6.879987,kick,486,bypass,2,96,12,-11.78,-102.98,-37.32,31.87,-70.61,-66.98,1000,31.19,12
48000,limiter,ceiling=-6.879987,kick,486,bypass,5,240,12,-11.78,-102.98,-40.61,24.43,-78.16,-76.37,1000,20.17,12
48000,limiter,ceiling=-6.879987,kick,486,bypass,10,480,12,-11.78,-102.98,-46.98,18.13,-84.46,-79.89,1000,13.46,12
48000,limiter,ceiling=-6.879987,kick,486,bypass,20,960,12,-11.78,-102.98,-54.35,11.66,-90.87,-86.42,1000,7.34,8
48000,limiter,ceiling=-6.879987,kick,486,unbypass,0,0,12,-11.78,-102.98,-34.91,59.42,-46.36,-41.77,1000,54.30,12
48000,limiter,ceiling=-6.879987,kick,486,unbypass,2,96,12,-11.78,-102.98,-37.32,31.87,-70.61,-66.98,1000,31.19,12
48000,limiter,ceiling=-6.879987,kick,486,unbypass,5,240,12,-11.78,-102.98,-40.61,24.43,-78.16,-76.37,1000,20.17,12
48000,limiter,ceiling=-6.879987,kick,486,unbypass,10,480,12,-11.78,-102.98,-46.98,18.13,-84.46,-79.89,1000,13.46,12
48000,limiter,ceiling=-6.879987,kick,486,unbypass,20,960,12,-11.78,-102.98,-54.35,11.66,-90.87,-86.42,1000,7.34,8
48000,limiter,ceiling=-7.9679184,mix,486,bypass,0,0,24,-14.44,,-39.77,-38.98,,,,,
48000,limiter,ceiling=-7.9679184,mix,486,bypass,2,96,24,-14.44,,-42.45,-52.79,,,,,
48000,limiter,ceiling=-7.9679184,mix,486,bypass,5,240,24,-14.44,,-44.66,-63.71,,,,,
48000,limiter,ceiling=-7.9679184,mix,486,bypass,10,480,24,-14.44,,-53.46,-69.25,,,,,
48000,limiter,ceiling=-7.9679184,mix,486,bypass,20,960,24,-14.44,,-58.36,-74.88,,,,,
48000,limiter,ceiling=-7.9679184,mix,486,unbypass,0,0,24,-14.44,,-39.77,-38.98,,,,,
48000,limiter,ceiling=-7.9679184,mix,486,unbypass,2,96,24,-14.44,,-42.45,-52.79,,,,,
48000,limiter,ceiling=-7.9679184,mix,486,unbypass,5,240,24,-14.44,,-44.66,-63.71,,,,,
48000,limiter,ceiling=-7.9679184,mix,486,unbypass,10,480,24,-14.44,,-53.46,-69.25,,,,,
48000,limiter,ceiling=-7.9679184,mix,486,unbypass,20,960,24,-14.44,,-58.36,-74.88,,,,,
48000,eq-boost,band-1-enabled=1 band-1-kind=1 band-1-frequency=100 band-1-gain=6 band-1-q=0.70710677,bass,0,bypass,0,0,16,-3.43,-90.33,-27.04,54.84,-39.64,-33.28,1500,59.65,16
48000,eq-boost,band-1-enabled=1 band-1-kind=1 band-1-frequency=100 band-1-gain=6 band-1-q=0.70710677,bass,0,bypass,2,96,16,-3.43,-90.33,-29.40,27.79,-66.69,-62.10,1500,32.88,16
48000,eq-boost,band-1-enabled=1 band-1-kind=1 band-1-frequency=100 band-1-gain=6 band-1-q=0.70710677,bass,0,bypass,5,240,16,-3.43,-90.33,-33.29,20.30,-74.17,-70.52,1500,22.30,16
48000,eq-boost,band-1-enabled=1 band-1-kind=1 band-1-frequency=100 band-1-gain=6 band-1-q=0.70710677,bass,0,bypass,10,480,16,-3.43,-90.33,-42.45,13.89,-80.59,-76.48,1500,15.75,14
48000,eq-boost,band-1-enabled=1 band-1-kind=1 band-1-frequency=100 band-1-gain=6 band-1-q=0.70710677,bass,0,bypass,20,960,16,-3.43,-90.33,-46.26,8.07,-86.41,-81.43,1500,9.63,11
48000,eq-boost,band-1-enabled=1 band-1-kind=1 band-1-frequency=100 band-1-gain=6 band-1-q=0.70710677,bass,0,unbypass,0,0,16,-3.43,-90.33,-27.04,54.84,-39.64,-33.28,1500,59.65,16
48000,eq-boost,band-1-enabled=1 band-1-kind=1 band-1-frequency=100 band-1-gain=6 band-1-q=0.70710677,bass,0,unbypass,2,96,16,-3.43,-90.33,-29.40,27.79,-66.69,-62.10,1500,32.88,16
48000,eq-boost,band-1-enabled=1 band-1-kind=1 band-1-frequency=100 band-1-gain=6 band-1-q=0.70710677,bass,0,unbypass,5,240,16,-3.43,-90.33,-33.29,20.30,-74.17,-70.52,1500,22.30,16
48000,eq-boost,band-1-enabled=1 band-1-kind=1 band-1-frequency=100 band-1-gain=6 band-1-q=0.70710677,bass,0,unbypass,10,480,16,-3.43,-90.33,-42.45,13.89,-80.59,-76.48,1500,15.75,14
48000,eq-boost,band-1-enabled=1 band-1-kind=1 band-1-frequency=100 band-1-gain=6 band-1-q=0.70710677,bass,0,unbypass,20,960,16,-3.43,-90.33,-46.26,8.07,-86.41,-81.43,1500,9.63,11
48000,eq-boost,band-1-enabled=1 band-1-kind=1 band-1-frequency=100 band-1-gain=6 band-1-q=0.70710677,kick,0,bypass,0,0,12,-5.83,-98.17,-29.23,66.92,-40.72,-37.67,1000,57.25,12
48000,eq-boost,band-1-enabled=1 band-1-kind=1 band-1-frequency=100 band-1-gain=6 band-1-q=0.70710677,kick,0,bypass,2,96,12,-5.83,-98.17,-31.49,39.77,-64.56,-61.74,1000,36.14,12
48000,eq-boost,band-1-enabled=1 band-1-kind=1 band-1-frequency=100 band-1-gain=6 band-1-q=0.70710677,kick,0,bypass,5,240,12,-5.83,-98.17,-34.78,32.25,-72.22,-71.62,1000,24.06,12
48000,eq-boost,band-1-enabled=1 band-1-kind=1 band-1-frequency=100 band-1-gain=6 band-1-q=0.70710677,kick,0,bypass,10,480,12,-5.83,-98.17,-41.14,25.95,-78.48,-75.48,1000,16.92,12
48000,eq-boost,band-1-enabled=1 band-1-kind=1 band-1-frequency=100 band-1-gain=6 band-1-q=0.70710677,kick,0,bypass,20,960,12,-5.83,-98.17,-48.08,19.77,-84.61,-81.75,1000,10.71,12
48000,eq-boost,band-1-enabled=1 band-1-kind=1 band-1-frequency=100 band-1-gain=6 band-1-q=0.70710677,kick,0,unbypass,0,0,12,-5.83,-98.17,-29.23,66.92,-40.72,-37.67,1000,57.25,12
48000,eq-boost,band-1-enabled=1 band-1-kind=1 band-1-frequency=100 band-1-gain=6 band-1-q=0.70710677,kick,0,unbypass,2,96,12,-5.83,-98.17,-31.49,39.77,-64.56,-61.74,1000,36.14,12
48000,eq-boost,band-1-enabled=1 band-1-kind=1 band-1-frequency=100 band-1-gain=6 band-1-q=0.70710677,kick,0,unbypass,5,240,12,-5.83,-98.17,-34.78,32.25,-72.22,-71.62,1000,24.06,12
48000,eq-boost,band-1-enabled=1 band-1-kind=1 band-1-frequency=100 band-1-gain=6 band-1-q=0.70710677,kick,0,unbypass,10,480,12,-5.83,-98.17,-41.14,25.95,-78.48,-75.48,1000,16.92,12
48000,eq-boost,band-1-enabled=1 band-1-kind=1 band-1-frequency=100 band-1-gain=6 band-1-q=0.70710677,kick,0,unbypass,20,960,12,-5.83,-98.17,-48.08,19.77,-84.61,-81.75,1000,10.71,12
48000,eq-boost,band-1-enabled=1 band-1-kind=1 band-1-frequency=100 band-1-gain=6 band-1-q=0.70710677,mix,0,bypass,0,0,24,-3.60,,-26.14,-25.15,,,,,
48000,eq-boost,band-1-enabled=1 band-1-kind=1 band-1-frequency=100 band-1-gain=6 band-1-q=0.70710677,mix,0,bypass,2,96,24,-3.60,,-28.83,-52.51,,,,,
48000,eq-boost,band-1-enabled=1 band-1-kind=1 band-1-frequency=100 band-1-gain=6 band-1-q=0.70710677,mix,0,bypass,5,240,24,-3.60,,-32.84,-60.67,,,,,
48000,eq-boost,band-1-enabled=1 band-1-kind=1 band-1-frequency=100 band-1-gain=6 band-1-q=0.70710677,mix,0,bypass,10,480,24,-3.60,,-40.80,-65.93,,,,,
48000,eq-boost,band-1-enabled=1 band-1-kind=1 band-1-frequency=100 band-1-gain=6 band-1-q=0.70710677,mix,0,bypass,20,960,24,-3.60,,-46.06,-73.06,,,,,
48000,eq-boost,band-1-enabled=1 band-1-kind=1 band-1-frequency=100 band-1-gain=6 band-1-q=0.70710677,mix,0,unbypass,0,0,24,-3.60,,-26.14,-25.15,,,,,
48000,eq-boost,band-1-enabled=1 band-1-kind=1 band-1-frequency=100 band-1-gain=6 band-1-q=0.70710677,mix,0,unbypass,2,96,24,-3.60,,-28.83,-52.51,,,,,
48000,eq-boost,band-1-enabled=1 band-1-kind=1 band-1-frequency=100 band-1-gain=6 band-1-q=0.70710677,mix,0,unbypass,5,240,24,-3.60,,-32.84,-60.67,,,,,
48000,eq-boost,band-1-enabled=1 band-1-kind=1 band-1-frequency=100 band-1-gain=6 band-1-q=0.70710677,mix,0,unbypass,10,480,24,-3.60,,-40.80,-65.93,,,,,
48000,eq-boost,band-1-enabled=1 band-1-kind=1 band-1-frequency=100 band-1-gain=6 band-1-q=0.70710677,mix,0,unbypass,20,960,24,-3.60,,-46.06,-73.06,,,,,
48000,eq-cut,band-1-enabled=1 band-1-kind=1 band-1-frequency=100 band-1-gain=-6 band-1-q=0.70710677,bass,0,bypass,0,0,16,-7.34,-98.12,-31.37,50.71,-43.77,-37.16,1500,55.78,16
48000,eq-cut,band-1-enabled=1 band-1-kind=1 band-1-frequency=100 band-1-gain=-6 band-1-q=0.70710677,bass,0,bypass,2,96,16,-7.34,-98.12,-33.82,23.70,-70.77,-65.90,1500,29.04,16
48000,eq-cut,band-1-enabled=1 band-1-kind=1 band-1-frequency=100 band-1-gain=-6 band-1-q=0.70710677,bass,0,bypass,5,240,16,-7.34,-98.12,-37.79,16.31,-78.17,-74.62,1500,18.28,16
48000,eq-cut,band-1-enabled=1 band-1-kind=1 band-1-frequency=100 band-1-gain=-6 band-1-q=0.70710677,bass,0,bypass,10,480,16,-7.34,-98.12,-47.05,9.80,-84.68,-80.47,1500,11.83,12
48000,eq-cut,band-1-enabled=1 band-1-kind=1 band-1-frequency=100 band-1-gain=-6 band-1-q=0.70710677,bass,0,bypass,20,960,16,-7.34,-98.12,-50.83,3.97,-90.51,-85.28,1500,5.77,8
48000,eq-cut,band-1-enabled=1 band-1-kind=1 band-1-frequency=100 band-1-gain=-6 band-1-q=0.70710677,bass,0,unbypass,0,0,16,-7.34,-98.12,-31.37,50.71,-43.77,-37.16,1500,55.78,16
48000,eq-cut,band-1-enabled=1 band-1-kind=1 band-1-frequency=100 band-1-gain=-6 band-1-q=0.70710677,bass,0,unbypass,2,96,16,-7.34,-98.12,-33.82,23.70,-70.77,-65.90,1500,29.04,16
48000,eq-cut,band-1-enabled=1 band-1-kind=1 band-1-frequency=100 band-1-gain=-6 band-1-q=0.70710677,bass,0,unbypass,5,240,16,-7.34,-98.12,-37.79,16.31,-78.17,-74.62,1500,18.28,16
48000,eq-cut,band-1-enabled=1 band-1-kind=1 band-1-frequency=100 band-1-gain=-6 band-1-q=0.70710677,bass,0,unbypass,10,480,16,-7.34,-98.12,-47.05,9.80,-84.68,-80.47,1500,11.83,12
48000,eq-cut,band-1-enabled=1 band-1-kind=1 band-1-frequency=100 band-1-gain=-6 band-1-q=0.70710677,bass,0,unbypass,20,960,16,-7.34,-98.12,-50.83,3.97,-90.51,-85.28,1500,5.77,8
48000,eq-cut,band-1-enabled=1 band-1-kind=1 band-1-frequency=100 band-1-gain=-6 band-1-q=0.70710677,kick,0,bypass,0,0,12,-8.33,-103.86,-31.70,64.51,-43.13,-39.95,1000,55.07,12
48000,eq-cut,band-1-enabled=1 band-1-kind=1 band-1-frequency=100 band-1-gain=-6 band-1-q=0.70710677,kick,0,bypass,2,96,12,-8.33,-103.86,-34.01,37.27,-67.06,-64.37,1000,32.85,12
48000,eq-cut,band-1-enabled=1 band-1-kind=1 band-1-frequency=100 band-1-gain=-6 band-1-q=0.70710677,kick,0,bypass,5,240,12,-8.33,-103.86,-37.42,29.78,-74.68,-74.12,1000,21.44,12
48000,eq-cut,band-1-enabled=1 band-1-kind=1 band-1-frequency=100 band-1-gain=-6 band-1-q=0.70710677,kick,0,bypass,10,480,12,-8.33,-103.86,-43.78,23.57,-80.87,-77.93,1000,14.23,12
48000,eq-cut,band-1-enabled=1 band-1-kind=1 band-1-frequency=100 band-1-gain=-6 band-1-q=0.70710677,kick,0,bypass,20,960,12,-8.33,-103.86,-50.77,17.39,-86.98,-84.24,1000,8.62,11
48000,eq-cut,band-1-enabled=1 band-1-kind=1 band-1-frequency=100 band-1-gain=-6 band-1-q=0.70710677,kick,0,unbypass,0,0,12,-8.33,-103.86,-31.70,64.51,-43.13,-39.95,1000,55.07,12
48000,eq-cut,band-1-enabled=1 band-1-kind=1 band-1-frequency=100 band-1-gain=-6 band-1-q=0.70710677,kick,0,unbypass,2,96,12,-8.33,-103.86,-34.01,37.27,-67.06,-64.37,1000,32.85,12
48000,eq-cut,band-1-enabled=1 band-1-kind=1 band-1-frequency=100 band-1-gain=-6 band-1-q=0.70710677,kick,0,unbypass,5,240,12,-8.33,-103.86,-37.42,29.78,-74.68,-74.12,1000,21.44,12
48000,eq-cut,band-1-enabled=1 band-1-kind=1 band-1-frequency=100 band-1-gain=-6 band-1-q=0.70710677,kick,0,unbypass,10,480,12,-8.33,-103.86,-43.78,23.57,-80.87,-77.93,1000,14.23,12
48000,eq-cut,band-1-enabled=1 band-1-kind=1 band-1-frequency=100 band-1-gain=-6 band-1-q=0.70710677,kick,0,unbypass,20,960,12,-8.33,-103.86,-50.77,17.39,-86.98,-84.24,1000,8.62,11
48000,eq-cut,band-1-enabled=1 band-1-kind=1 band-1-frequency=100 band-1-gain=-6 band-1-q=0.70710677,mix,0,bypass,0,0,24,-7.64,,-30.72,-29.69,,,,,
48000,eq-cut,band-1-enabled=1 band-1-kind=1 band-1-frequency=100 band-1-gain=-6 band-1-q=0.70710677,mix,0,bypass,2,96,24,-7.64,,-33.00,-56.41,,,,,
48000,eq-cut,band-1-enabled=1 band-1-kind=1 band-1-frequency=100 band-1-gain=-6 band-1-q=0.70710677,mix,0,bypass,5,240,24,-7.64,,-37.07,-64.31,,,,,
48000,eq-cut,band-1-enabled=1 band-1-kind=1 band-1-frequency=100 band-1-gain=-6 band-1-q=0.70710677,mix,0,bypass,10,480,24,-7.64,,-45.07,-69.95,,,,,
48000,eq-cut,band-1-enabled=1 band-1-kind=1 band-1-frequency=100 band-1-gain=-6 band-1-q=0.70710677,mix,0,bypass,20,960,24,-7.64,,-50.23,-76.92,,,,,
48000,eq-cut,band-1-enabled=1 band-1-kind=1 band-1-frequency=100 band-1-gain=-6 band-1-q=0.70710677,mix,0,unbypass,0,0,24,-7.64,,-30.72,-29.69,,,,,
48000,eq-cut,band-1-enabled=1 band-1-kind=1 band-1-frequency=100 band-1-gain=-6 band-1-q=0.70710677,mix,0,unbypass,2,96,24,-7.64,,-33.00,-56.41,,,,,
48000,eq-cut,band-1-enabled=1 band-1-kind=1 band-1-frequency=100 band-1-gain=-6 band-1-q=0.70710677,mix,0,unbypass,5,240,24,-7.64,,-37.07,-64.31,,,,,
48000,eq-cut,band-1-enabled=1 band-1-kind=1 band-1-frequency=100 band-1-gain=-6 band-1-q=0.70710677,mix,0,unbypass,10,480,24,-7.64,,-45.07,-69.95,,,,,
48000,eq-cut,band-1-enabled=1 band-1-kind=1 band-1-frequency=100 band-1-gain=-6 band-1-q=0.70710677,mix,0,unbypass,20,960,24,-7.64,,-50.23,-76.92,,,,,
48000,saturator,drive=12 output=-9.37824,bass,31,bypass,0,0,16,-13.65,-58.92,-36.51,43.55,-50.92,-42.67,1500,50.12,16
48000,saturator,drive=12 output=-9.37824,bass,31,bypass,2,96,16,-13.65,-58.92,-38.47,18.14,-76.32,-71.41,1500,21.75,16
48000,saturator,drive=12 output=-9.37824,bass,31,bypass,5,240,16,-13.65,-58.92,-41.83,11.06,-83.41,-77.76,1500,15.09,16
48000,saturator,drive=12 output=-9.37824,bass,31,bypass,10,480,16,-13.65,-58.92,-50.77,3.93,-90.54,-83.78,1500,9.40,3
48000,saturator,drive=12 output=-9.37824,bass,31,bypass,20,960,16,-13.65,-58.92,-55.17,-1.72,-96.19,-90.89,1500,2.31,2
48000,saturator,drive=12 output=-9.37824,bass,31,unbypass,0,0,16,-13.65,-58.92,-36.51,43.55,-50.92,-42.67,1500,50.12,16
48000,saturator,drive=12 output=-9.37824,bass,31,unbypass,2,96,16,-13.65,-58.92,-38.47,18.14,-76.32,-71.41,1500,21.75,16
48000,saturator,drive=12 output=-9.37824,bass,31,unbypass,5,240,16,-13.65,-58.92,-41.83,11.06,-83.41,-77.76,1500,15.09,16
48000,saturator,drive=12 output=-9.37824,bass,31,unbypass,10,480,16,-13.65,-58.92,-50.77,3.93,-90.54,-83.78,1500,9.40,3
48000,saturator,drive=12 output=-9.37824,bass,31,unbypass,20,960,16,-13.65,-58.92,-55.17,-1.72,-96.19,-90.89,1500,2.31,2
48000,saturator,drive=12 output=-6.245623,kick,31,bypass,0,0,12,-11.22,-67.69,-34.50,60.73,-46.82,-41.87,1000,52.33,12
48000,saturator,drive=12 output=-6.245623,kick,31,bypass,2,96,12,-11.22,-67.69,-36.22,34.02,-70.17,-67.93,1000,27.96,12
48000,saturator,drive=12 output=-6.245623,kick,31,bypass,5,240,12,-11.22,-67.69,-39.63,26.28,-77.49,-73.24,1000,19.97,12
48000,saturator,drive=12 output=-6.245623,kick,31,bypass,10,480,12,-11.22,-67.69,-47.71,20.19,-83.82,-80.38,1000,12.37,11
48000,saturator,drive=12 output=-6.245623,kick,31,bypass,20,960,12,-11.22,-67.69,-52.74,14.53,-89.27,-86.08,1000,7.13,10
48000,saturator,drive=12 output=-6.245623,kick,31,unbypass,0,0,12,-11.22,-67.69,-34.50,60.73,-46.82,-41.87,1000,52.33,12
48000,saturator,drive=12 output=-6.245623,kick,31,unbypass,2,96,12,-11.22,-67.69,-36.22,34.02,-70.17,-67.93,1000,27.96,12
48000,saturator,drive=12 output=-6.245623,kick,31,unbypass,5,240,12,-11.22,-67.69,-39.63,26.28,-77.49,-73.24,1000,19.97,12
48000,saturator,drive=12 output=-6.245623,kick,31,unbypass,10,480,12,-11.22,-67.69,-47.71,20.19,-83.82,-80.38,1000,12.37,11
48000,saturator,drive=12 output=-6.245623,kick,31,unbypass,20,960,12,-11.22,-67.69,-52.74,14.53,-89.27,-86.08,1000,7.13,10
48000,saturator,drive=12 output=-9.930175,mix,31,bypass,0,0,24,-13.50,,-36.98,-36.26,,,,,
48000,saturator,drive=12 output=-9.930175,mix,31,bypass,2,96,24,-13.50,,-38.47,-50.70,,,,,
48000,saturator,drive=12 output=-9.930175,mix,31,bypass,5,240,24,-13.50,,-41.85,-58.47,,,,,
48000,saturator,drive=12 output=-9.930175,mix,31,bypass,10,480,24,-13.50,,-51.52,-65.16,,,,,
48000,saturator,drive=12 output=-9.930175,mix,31,bypass,20,960,24,-13.50,,-55.73,-72.03,,,,,
48000,saturator,drive=12 output=-9.930175,mix,31,unbypass,0,0,24,-13.50,,-36.98,-36.26,,,,,
48000,saturator,drive=12 output=-9.930175,mix,31,unbypass,2,96,24,-13.50,,-38.47,-50.70,,,,,
48000,saturator,drive=12 output=-9.930175,mix,31,unbypass,5,240,24,-13.50,,-41.85,-58.47,,,,,
48000,saturator,drive=12 output=-9.930175,mix,31,unbypass,10,480,24,-13.50,,-51.52,-65.16,,,,,
48000,saturator,drive=12 output=-9.930175,mix,31,unbypass,20,960,24,-13.50,,-55.73,-72.03,,,,,
48000,transient-shaper,attack-amount=0.5,kick,0,bypass,0,0,12,-62.45,-94.33,-55.42,-3.16,-105.68,-102.64,1000,-6.07,0
48000,transient-shaper,attack-amount=0.5,kick,0,bypass,2,96,12,-62.45,-94.33,-56.00,-4.74,-106.52,-104.04,1000,-7.13,0
48000,transient-shaper,attack-amount=0.5,kick,0,bypass,5,240,12,-62.45,-94.33,-57.38,-11.73,-111.25,-108.40,1000,-14.36,0
48000,transient-shaper,attack-amount=0.5,kick,0,bypass,10,480,12,-62.45,-94.33,-61.63,-14.41,-116.65,-109.87,1000,-22.86,0
48000,transient-shaper,attack-amount=0.5,kick,0,bypass,20,960,12,-62.45,-94.33,-65.12,-15.94,-117.28,-110.05,1000,-22.94,0
48000,transient-shaper,attack-amount=0.5,kick,0,unbypass,0,0,12,-62.45,-94.33,-55.42,-3.16,-105.68,-102.64,1000,-6.07,0
48000,transient-shaper,attack-amount=0.5,kick,0,unbypass,2,96,12,-62.45,-94.33,-56.00,-4.74,-106.52,-104.04,1000,-7.13,0
48000,transient-shaper,attack-amount=0.5,kick,0,unbypass,5,240,12,-62.45,-94.33,-57.38,-11.73,-111.25,-108.40,1000,-14.36,0
48000,transient-shaper,attack-amount=0.5,kick,0,unbypass,10,480,12,-62.45,-94.33,-61.63,-14.41,-116.65,-109.87,1000,-22.86,0
48000,transient-shaper,attack-amount=0.5,kick,0,unbypass,20,960,12,-62.45,-94.33,-65.12,-15.94,-117.28,-110.05,1000,-22.94,0
48000,transient-shaper,attack-amount=0.5,mix,0,bypass,0,0,24,-14.97,,-40.05,-39.08,,,,,
48000,transient-shaper,attack-amount=0.5,mix,0,bypass,2,96,24,-14.97,,-41.25,-57.89,,,,,
48000,transient-shaper,attack-amount=0.5,mix,0,bypass,5,240,24,-14.97,,-45.19,-67.30,,,,,
48000,transient-shaper,attack-amount=0.5,mix,0,bypass,10,480,24,-14.97,,-52.15,-72.42,,,,,
48000,transient-shaper,attack-amount=0.5,mix,0,bypass,20,960,24,-14.97,,-56.48,-73.32,,,,,
48000,transient-shaper,attack-amount=0.5,mix,0,unbypass,0,0,24,-14.97,,-40.05,-39.08,,,,,
48000,transient-shaper,attack-amount=0.5,mix,0,unbypass,2,96,24,-14.97,,-41.25,-57.89,,,,,
48000,transient-shaper,attack-amount=0.5,mix,0,unbypass,5,240,24,-14.97,,-45.19,-67.30,,,,,
48000,transient-shaper,attack-amount=0.5,mix,0,unbypass,10,480,24,-14.97,,-52.15,-72.42,,,,,
48000,transient-shaper,attack-amount=0.5,mix,0,unbypass,20,960,24,-14.97,,-56.48,-73.32,,,,,
48000,gate,threshold=-6 ratio=20 range=80 hysteresis=0 attack=1 hold=20 release=50,kick,0,bypass,0,0,12,-0.77,-78.88,-23.86,72.94,-34.71,-31.62,1000,63.22,12
48000,gate,threshold=-6 ratio=20 range=80 hysteresis=0 attack=1 hold=20 release=50,kick,0,bypass,2,96,12,-0.77,-78.88,-26.42,45.61,-58.71,-55.94,1000,41.10,12
48000,gate,threshold=-6 ratio=20 range=80 hysteresis=0 attack=1 hold=20 release=50,kick,0,bypass,5,240,12,-0.77,-78.88,-30.28,37.95,-66.52,-65.83,1000,29.05,12
48000,gate,threshold=-6 ratio=20 range=80 hysteresis=0 attack=1 hold=20 release=50,kick,0,bypass,10,480,12,-0.77,-78.88,-37.30,32.03,-72.41,-69.42,1000,23.05,12
48000,gate,threshold=-6 ratio=20 range=80 hysteresis=0 attack=1 hold=20 release=50,kick,0,bypass,20,960,12,-0.77,-78.88,-43.74,25.87,-78.52,-75.94,1000,17.10,12
48000,gate,threshold=-6 ratio=20 range=80 hysteresis=0 attack=1 hold=20 release=50,kick,0,unbypass,0,0,12,-0.77,-78.88,-23.86,72.94,-34.71,-31.62,1000,63.22,12
48000,gate,threshold=-6 ratio=20 range=80 hysteresis=0 attack=1 hold=20 release=50,kick,0,unbypass,2,96,12,-0.77,-78.88,-26.42,45.61,-58.71,-55.94,1000,41.10,12
48000,gate,threshold=-6 ratio=20 range=80 hysteresis=0 attack=1 hold=20 release=50,kick,0,unbypass,5,240,12,-0.77,-78.88,-30.28,37.95,-66.52,-65.83,1000,29.05,12
48000,gate,threshold=-6 ratio=20 range=80 hysteresis=0 attack=1 hold=20 release=50,kick,0,unbypass,10,480,12,-0.77,-78.88,-37.30,32.03,-72.41,-69.42,1000,23.05,12
48000,gate,threshold=-6 ratio=20 range=80 hysteresis=0 attack=1 hold=20 release=50,kick,0,unbypass,20,960,12,-0.77,-78.88,-43.74,25.87,-78.52,-75.94,1000,17.10,12
88200,mute-reference,wet=input dry=silence,bass,0,bypass,0,0,16,0.00,-94.52,-24.00,57.60,-36.92,-31.23,1500,62.75,16
88200,mute-reference,wet=input dry=silence,bass,0,bypass,2,176,16,0.00,-94.52,-26.72,30.87,-63.64,-59.91,1500,35.34,16
88200,mute-reference,wet=input dry=silence,bass,0,bypass,5,441,16,0.00,-94.52,-30.65,23.86,-70.65,-66.88,1500,25.61,16
88200,mute-reference,wet=input dry=silence,bass,0,bypass,10,882,16,0.00,-94.52,-39.81,17.52,-77.00,-74.19,1500,19.06,16
88200,mute-reference,wet=input dry=silence,bass,0,bypass,20,1764,16,0.00,-94.52,-43.68,11.15,-83.37,-79.56,1500,13.03,16
88200,mute-reference,wet=input dry=silence,bass,0,unbypass,0,0,16,0.00,-94.52,-24.00,57.60,-36.92,-31.23,1500,62.75,16
88200,mute-reference,wet=input dry=silence,bass,0,unbypass,2,176,16,0.00,-94.52,-26.72,30.87,-63.64,-59.91,1500,35.34,16
88200,mute-reference,wet=input dry=silence,bass,0,unbypass,5,441,16,0.00,-94.52,-30.65,23.86,-70.65,-66.88,1500,25.61,16
88200,mute-reference,wet=input dry=silence,bass,0,unbypass,10,882,16,0.00,-94.52,-39.81,17.52,-77.00,-74.19,1500,19.06,16
88200,mute-reference,wet=input dry=silence,bass,0,unbypass,20,1764,16,0.00,-94.52,-43.68,11.15,-83.37,-79.56,1500,13.03,16
88200,mute-reference,wet=input dry=silence,kick,0,bypass,0,0,12,0.00,-96.24,-22.78,68.89,-34.01,-31.59,1000,64.90,12
88200,mute-reference,wet=input dry=silence,kick,0,bypass,2,176,12,0.00,-96.24,-25.08,41.59,-58.00,-55.83,1000,41.57,12
88200,mute-reference,wet=input dry=silence,kick,0,bypass,5,441,12,0.00,-96.24,-28.84,33.53,-66.19,-65.62,1000,29.77,12
88200,mute-reference,wet=input dry=silence,kick,0,bypass,10,882,12,0.00,-96.24,-35.36,27.87,-71.85,-69.50,1000,23.67,12
88200,mute-reference,wet=input dry=silence,kick,0,bypass,20,1764,12,0.00,-96.24,-42.37,21.59,-78.04,-75.88,1000,17.63,12
88200,mute-reference,wet=input dry=silence,kick,0,unbypass,0,0,12,0.00,-96.24,-22.78,68.89,-34.01,-31.59,1000,64.90,12
88200,mute-reference,wet=input dry=silence,kick,0,unbypass,2,176,12,0.00,-96.24,-25.08,41.59,-58.00,-55.83,1000,41.57,12
88200,mute-reference,wet=input dry=silence,kick,0,unbypass,5,441,12,0.00,-96.24,-28.84,33.53,-66.19,-65.62,1000,29.77,12
88200,mute-reference,wet=input dry=silence,kick,0,unbypass,10,882,12,0.00,-96.24,-35.36,27.87,-71.85,-69.50,1000,23.67,12
88200,mute-reference,wet=input dry=silence,kick,0,unbypass,20,1764,12,0.00,-96.24,-42.37,21.59,-78.04,-75.88,1000,17.63,12
88200,mute-reference,wet=input dry=silence,mix,0,bypass,0,0,24,0.00,,-24.42,-22.31,,,,,
88200,mute-reference,wet=input dry=silence,mix,0,bypass,2,176,24,0.00,,-27.28,-42.20,,,,,
88200,mute-reference,wet=input dry=silence,mix,0,bypass,5,441,24,0.00,,-29.63,-51.68,,,,,
88200,mute-reference,wet=input dry=silence,mix,0,bypass,10,882,24,0.00,,-37.77,-56.89,,,,,
88200,mute-reference,wet=input dry=silence,mix,0,bypass,20,1764,24,0.00,,-43.06,-62.77,,,,,
88200,mute-reference,wet=input dry=silence,mix,0,unbypass,0,0,24,0.00,,-24.42,-22.31,,,,,
88200,mute-reference,wet=input dry=silence,mix,0,unbypass,2,176,24,0.00,,-27.28,-42.20,,,,,
88200,mute-reference,wet=input dry=silence,mix,0,unbypass,5,441,24,0.00,,-29.63,-51.68,,,,,
88200,mute-reference,wet=input dry=silence,mix,0,unbypass,10,882,24,0.00,,-37.77,-56.89,,,,,
88200,mute-reference,wet=input dry=silence,mix,0,unbypass,20,1764,24,0.00,,-43.06,-62.77,,,,,
88200,compressor,threshold=-20.815937 link=dual_mono,bass,0,bypass,0,0,16,-6.31,-93.95,-30.33,51.28,-43.24,-37.33,1500,56.64,16
88200,compressor,threshold=-20.815937 link=dual_mono,bass,0,bypass,2,176,16,-6.31,-93.95,-33.04,24.58,-69.94,-66.08,1500,29.13,16
88200,compressor,threshold=-20.815937 link=dual_mono,bass,0,bypass,5,441,16,-6.31,-93.95,-36.99,17.51,-77.01,-73.27,1500,19.26,16
88200,compressor,threshold=-20.815937 link=dual_mono,bass,0,bypass,10,882,16,-6.31,-93.95,-46.14,11.23,-83.28,-80.35,1500,12.95,16
88200,compressor,threshold=-20.815937 link=dual_mono,bass,0,bypass,20,1764,16,-6.31,-93.95,-50.01,4.85,-89.67,-85.77,1500,6.92,10
88200,compressor,threshold=-20.815937 link=dual_mono,bass,0,unbypass,0,0,16,-6.31,-93.95,-30.33,51.28,-43.24,-37.33,1500,56.64,16
88200,compressor,threshold=-20.815937 link=dual_mono,bass,0,unbypass,2,176,16,-6.31,-93.95,-33.04,24.58,-69.94,-66.08,1500,29.13,16
88200,compressor,threshold=-20.815937 link=dual_mono,bass,0,unbypass,5,441,16,-6.31,-93.95,-36.99,17.51,-77.01,-73.27,1500,19.26,16
88200,compressor,threshold=-20.815937 link=dual_mono,bass,0,unbypass,10,882,16,-6.31,-93.95,-46.14,11.23,-83.28,-80.35,1500,12.95,16
88200,compressor,threshold=-20.815937 link=dual_mono,bass,0,unbypass,20,1764,16,-6.31,-93.95,-50.01,4.85,-89.67,-85.77,1500,6.92,10
88200,compressor,threshold=-12.828056 link=dual_mono,kick,0,bypass,0,0,12,-9.52,-100.62,-31.77,59.87,-43.03,-39.88,1000,56.71,12
88200,compressor,threshold=-12.828056 link=dual_mono,kick,0,bypass,2,176,12,-9.52,-100.62,-34.15,32.39,-67.20,-64.23,1000,33.36,12
88200,compressor,threshold=-12.828056 link=dual_mono,kick,0,bypass,5,441,12,-9.52,-100.62,-37.89,24.27,-75.45,-74.32,1000,21.57,12
88200,compressor,threshold=-12.828056 link=dual_mono,kick,0,bypass,10,882,12,-9.52,-100.62,-44.34,18.69,-81.04,-78.04,1000,15.47,11
88200,compressor,threshold=-12.828056 link=dual_mono,kick,0,bypass,20,1764,12,-9.52,-100.62,-51.55,12.25,-87.39,-84.68,1000,9.44,11
88200,compressor,threshold=-12.828056 link=dual_mono,kick,0,unbypass,0,0,12,-9.52,-100.62,-31.77,59.87,-43.03,-39.88,1000,56.71,12
88200,compressor,threshold=-12.828056 link=dual_mono,kick,0,unbypass,2,176,12,-9.52,-100.62,-34.15,32.39,-67.20,-64.23,1000,33.36,12
88200,compressor,threshold=-12.828056 link=dual_mono,kick,0,unbypass,5,441,12,-9.52,-100.62,-37.89,24.27,-75.45,-74.32,1000,21.57,12
88200,compressor,threshold=-12.828056 link=dual_mono,kick,0,unbypass,10,882,12,-9.52,-100.62,-44.34,18.69,-81.04,-78.04,1000,15.47,11
88200,compressor,threshold=-12.828056 link=dual_mono,kick,0,unbypass,20,1764,12,-9.52,-100.62,-51.55,12.25,-87.39,-84.68,1000,9.44,11
88200,compressor,threshold=-19.304573 link=dual_mono,mix,0,bypass,0,0,24,-9.06,,-33.23,-30.89,,,,,
88200,compressor,threshold=-19.304573 link=dual_mono,mix,0,bypass,2,176,24,-9.06,,-36.30,-51.18,,,,,
88200,compressor,threshold=-19.304573 link=dual_mono,mix,0,bypass,5,441,24,-9.06,,-38.28,-60.51,,,,,
88200,compressor,threshold=-19.304573 link=dual_mono,mix,0,bypass,10,882,24,-9.06,,-46.55,-65.54,,,,,
88200,compressor,threshold=-19.304573 link=dual_mono,mix,0,bypass,20,1764,24,-9.06,,-51.83,-71.74,,,,,
88200,compressor,threshold=-19.304573 link=dual_mono,mix,0,unbypass,0,0,24,-9.06,,-33.23,-30.89,,,,,
88200,compressor,threshold=-19.304573 link=dual_mono,mix,0,unbypass,2,176,24,-9.06,,-36.30,-51.18,,,,,
88200,compressor,threshold=-19.304573 link=dual_mono,mix,0,unbypass,5,441,24,-9.06,,-38.28,-60.51,,,,,
88200,compressor,threshold=-19.304573 link=dual_mono,mix,0,unbypass,10,882,24,-9.06,,-46.55,-65.54,,,,,
88200,compressor,threshold=-19.304573 link=dual_mono,mix,0,unbypass,20,1764,24,-9.06,,-51.83,-71.74,,,,,
88200,limiter,ceiling=-14.603715,bass,888,bypass,0,0,16,-6.31,-83.64,-30.18,51.66,-42.90,-37.22,1500,56.76,16
88200,limiter,ceiling=-14.603715,bass,888,bypass,2,176,16,-6.31,-83.64,-32.62,25.21,-69.35,-65.99,1500,29.21,16
88200,limiter,ceiling=-14.603715,bass,888,bypass,5,441,16,-6.31,-83.64,-37.23,16.79,-77.77,-73.26,1500,19.44,16
88200,limiter,ceiling=-14.603715,bass,888,bypass,10,882,16,-6.31,-83.64,-46.18,10.68,-83.88,-80.42,1500,12.98,16
88200,limiter,ceiling=-14.603715,bass,888,bypass,20,1764,16,-6.31,-83.64,-49.86,5.35,-89.20,-85.70,1500,6.95,11
88200,limiter,ceiling=-14.603715,bass,888,unbypass,0,0,16,-6.31,-83.64,-30.18,51.66,-42.90,-37.22,1500,56.76,16
88200,limiter,ceiling=-14.603715,bass,888,unbypass,2,176,16,-6.31,-83.64,-32.62,25.21,-69.35,-65.99,1500,29.21,16
88200,limiter,ceiling=-14.603715,bass,888,unbypass,5,441,16,-6.31,-83.64,-37.23,16.79,-77.77,-73.26,1500,19.44,16
88200,limiter,ceiling=-14.603715,bass,888,unbypass,10,882,16,-6.31,-83.64,-46.18,10.68,-83.88,-80.42,1500,12.98,16
88200,limiter,ceiling=-14.603715,bass,888,unbypass,20,1764,16,-6.31,-83.64,-49.86,5.35,-89.20,-85.70,1500,6.95,11
88200,limiter,ceiling=-6.8799543,kick,888,bypass,0,0,12,-11.65,-98.49,-34.07,56.17,-45.36,-41.54,1000,55.49,12
88200,limiter,ceiling=-6.8799543,kick,888,bypass,2,176,12,-11.65,-98.49,-36.70,28.40,-69.83,-66.31,1000,31.68,12
88200,limiter,ceiling=-6.8799543,kick,888,bypass,5,441,12,-11.65,-98.49,-40.30,20.41,-77.93,-76.15,1000,20.34,12
88200,limiter,ceiling=-6.8799543,kick,888,bypass,10,882,12,-11.65,-98.49,-46.74,14.86,-83.50,-79.75,1000,14.25,11
88200,limiter,ceiling=-6.8799543,kick,888,bypass,20,1764,12,-11.65,-98.49,-53.99,8.33,-89.94,-86.34,1000,8.22,9
88200,limiter,ceiling=-6.8799543,kick,888,unbypass,0,0,12,-11.65,-98.49,-34.07,56.17,-45.36,-41.54,1000,55.49,12
88200,limiter,ceiling=-6.8799543,kick,888,unbypass,2,176,12,-11.65,-98.49,-36.70,28.40,-69.83,-66.31,1000,31.68,12
88200,limiter,ceiling=-6.8799543,kick,888,unbypass,5,441,12,-11.65,-98.49,-40.30,20.41,-77.93,-76.15,1000,20.34,12
88200,limiter,ceiling=-6.8799543,kick,888,unbypass,10,882,12,-11.65,-98.49,-46.74,14.86,-83.50,-79.75,1000,14.25,11
88200,limiter,ceiling=-6.8799543,kick,888,unbypass,20,1764,12,-11.65,-98.49,-53.99,8.33,-89.94,-86.34,1000,8.22,9
88200,limiter,ceiling=-7.9244623,mix,888,bypass,0,0,24,-13.40,,-36.44,-33.88,,,,,
88200,limiter,ceiling=-7.9244623,mix,888,bypass,2,176,24,-13.40,,-39.55,-52.52,,,,,
88200,limiter,ceiling=-7.9244623,mix,888,bypass,5,441,24,-13.40,,-42.78,-62.76,,,,,
88200,limiter,ceiling=-7.9244623,mix,888,bypass,10,882,24,-13.40,,-50.93,-68.51,,,,,
88200,limiter,ceiling=-7.9244623,mix,888,bypass,20,1764,24,-13.40,,-56.50,-74.67,,,,,
88200,limiter,ceiling=-7.9244623,mix,888,unbypass,0,0,24,-13.40,,-36.44,-33.88,,,,,
88200,limiter,ceiling=-7.9244623,mix,888,unbypass,2,176,24,-13.40,,-39.55,-52.52,,,,,
88200,limiter,ceiling=-7.9244623,mix,888,unbypass,5,441,24,-13.40,,-42.78,-62.76,,,,,
88200,limiter,ceiling=-7.9244623,mix,888,unbypass,10,882,24,-13.40,,-50.93,-68.51,,,,,
88200,limiter,ceiling=-7.9244623,mix,888,unbypass,20,1764,24,-13.40,,-56.50,-74.67,,,,,
88200,eq-boost,band-1-enabled=1 band-1-kind=1 band-1-frequency=100 band-1-gain=6 band-1-q=0.70710677,bass,0,bypass,0,0,16,-3.40,-90.55,-27.14,54.23,-40.29,-34.07,1500,59.92,16
88200,eq-boost,band-1-enabled=1 band-1-kind=1 band-1-frequency=100 band-1-gain=6 band-1-q=0.70710677,bass,0,bypass,2,176,16,-3.40,-90.55,-29.67,27.23,-67.29,-62.01,1500,33.43,16
88200,eq-boost,band-1-enabled=1 band-1-kind=1 band-1-frequency=100 band-1-gain=6 band-1-q=0.70710677,bass,0,bypass,5,441,16,-3.40,-90.55,-33.36,20.03,-74.49,-70.65,1500,22.80,16
88200,eq-boost,band-1-enabled=1 band-1-kind=1 band-1-frequency=100 band-1-gain=6 band-1-q=0.70710677,bass,0,bypass,10,882,16,-3.40,-90.55,-42.18,14.31,-80.20,-76.66,1500,16.07,14
88200,eq-boost,band-1-enabled=1 band-1-kind=1 band-1-frequency=100 band-1-gain=6 band-1-q=0.70710677,bass,0,bypass,20,1764,16,-3.40,-90.55,-46.35,7.50,-87.02,-81.46,1500,10.15,10
88200,eq-boost,band-1-enabled=1 band-1-kind=1 band-1-frequency=100 band-1-gain=6 band-1-q=0.70710677,bass,0,unbypass,0,0,16,-3.40,-90.55,-27.14,54.23,-40.29,-34.07,1500,59.92,16
88200,eq-boost,band-1-enabled=1 band-1-kind=1 band-1-frequency=100 band-1-gain=6 band-1-q=0.70710677,bass,0,unbypass,2,176,16,-3.40,-90.55,-29.67,27.23,-67.29,-62.01,1500,33.43,16
88200,eq-boost,band-1-enabled=1 band-1-kind=1 band-1-frequency=100 band-1-gain=6 band-1-q=0.70710677,bass,0,unbypass,5,441,16,-3.40,-90.55,-33.36,20.03,-74.49,-70.65,1500,22.80,16
88200,eq-boost,band-1-enabled=1 band-1-kind=1 band-1-frequency=100 band-1-gain=6 band-1-q=0.70710677,bass,0,unbypass,10,882,16,-3.40,-90.55,-42.18,14.31,-80.20,-76.66,1500,16.07,14
88200,eq-boost,band-1-enabled=1 band-1-kind=1 band-1-frequency=100 band-1-gain=6 band-1-q=0.70710677,bass,0,unbypass,20,1764,16,-3.40,-90.55,-46.35,7.50,-87.02,-81.46,1500,10.15,10
88200,eq-boost,band-1-enabled=1 band-1-kind=1 band-1-frequency=100 band-1-gain=6 band-1-q=0.70710677,kick,0,bypass,0,0,12,-5.82,-93.36,-29.04,62.13,-40.77,-37.54,1000,58.41,12
88200,eq-boost,band-1-enabled=1 band-1-kind=1 band-1-frequency=100 band-1-gain=6 band-1-q=0.70710677,kick,0,bypass,2,176,12,-5.82,-93.36,-31.38,34.82,-64.78,-61.82,1000,34.73,12
88200,eq-boost,band-1-enabled=1 band-1-kind=1 band-1-frequency=100 band-1-gain=6 band-1-q=0.70710677,kick,0,bypass,5,441,12,-5.82,-93.36,-34.74,27.49,-72.23,-71.51,1000,23.90,12
88200,eq-boost,band-1-enabled=1 band-1-kind=1 band-1-frequency=100 band-1-gain=6 band-1-q=0.70710677,kick,0,bypass,10,882,12,-5.82,-93.36,-40.91,21.31,-78.41,-75.31,1000,17.17,12
88200,eq-boost,band-1-enabled=1 band-1-kind=1 band-1-frequency=100 band-1-gain=6 band-1-q=0.70710677,kick,0,bypass,20,1764,12,-5.82,-93.36,-47.91,15.20,-84.44,-81.69,1000,11.13,11
88200,eq-boost,band-1-enabled=1 band-1-kind=1 band-1-frequency=100 band-1-gain=6 band-1-q=0.70710677,kick,0,unbypass,0,0,12,-5.82,-93.36,-29.04,62.13,-40.77,-37.54,1000,58.41,12
88200,eq-boost,band-1-enabled=1 band-1-kind=1 band-1-frequency=100 band-1-gain=6 band-1-q=0.70710677,kick,0,unbypass,2,176,12,-5.82,-93.36,-31.38,34.82,-64.78,-61.82,1000,34.73,12
88200,eq-boost,band-1-enabled=1 band-1-kind=1 band-1-frequency=100 band-1-gain=6 band-1-q=0.70710677,kick,0,unbypass,5,441,12,-5.82,-93.36,-34.74,27.49,-72.23,-71.51,1000,23.90,12
88200,eq-boost,band-1-enabled=1 band-1-kind=1 band-1-frequency=100 band-1-gain=6 band-1-q=0.70710677,kick,0,unbypass,10,882,12,-5.82,-93.36,-40.91,21.31,-78.41,-75.31,1000,17.17,12
88200,eq-boost,band-1-enabled=1 band-1-kind=1 band-1-frequency=100 band-1-gain=6 band-1-q=0.70710677,kick,0,unbypass,20,1764,12,-5.82,-93.36,-47.91,15.20,-84.44,-81.69,1000,11.13,11
88200,eq-boost,band-1-enabled=1 band-1-kind=1 band-1-frequency=100 band-1-gain=6 band-1-q=0.70710677,mix,0,bypass,0,0,24,-3.23,,-28.81,-27.71,,,,,
88200,eq-boost,band-1-enabled=1 band-1-kind=1 band-1-frequency=100 band-1-gain=6 band-1-q=0.70710677,mix,0,bypass,2,176,24,-3.23,,-30.06,-53.04,,,,,
88200,eq-boost,band-1-enabled=1 band-1-kind=1 band-1-frequency=100 band-1-gain=6 band-1-q=0.70710677,mix,0,bypass,5,441,24,-3.23,,-33.33,-60.25,,,,,
88200,eq-boost,band-1-enabled=1 band-1-kind=1 band-1-frequency=100 band-1-gain=6 band-1-q=0.70710677,mix,0,bypass,10,882,24,-3.23,,-40.48,-65.99,,,,,
88200,eq-boost,band-1-enabled=1 band-1-kind=1 band-1-frequency=100 band-1-gain=6 band-1-q=0.70710677,mix,0,bypass,20,1764,24,-3.23,,-46.07,-72.99,,,,,
88200,eq-boost,band-1-enabled=1 band-1-kind=1 band-1-frequency=100 band-1-gain=6 band-1-q=0.70710677,mix,0,unbypass,0,0,24,-3.23,,-28.81,-27.71,,,,,
88200,eq-boost,band-1-enabled=1 band-1-kind=1 band-1-frequency=100 band-1-gain=6 band-1-q=0.70710677,mix,0,unbypass,2,176,24,-3.23,,-30.06,-53.04,,,,,
88200,eq-boost,band-1-enabled=1 band-1-kind=1 band-1-frequency=100 band-1-gain=6 band-1-q=0.70710677,mix,0,unbypass,5,441,24,-3.23,,-33.33,-60.25,,,,,
88200,eq-boost,band-1-enabled=1 band-1-kind=1 band-1-frequency=100 band-1-gain=6 band-1-q=0.70710677,mix,0,unbypass,10,882,24,-3.23,,-40.48,-65.99,,,,,
88200,eq-boost,band-1-enabled=1 band-1-kind=1 band-1-frequency=100 band-1-gain=6 band-1-q=0.70710677,mix,0,unbypass,20,1764,24,-3.23,,-46.07,-72.99,,,,,
88200,eq-cut,band-1-enabled=1 band-1-kind=1 band-1-frequency=100 band-1-gain=-6 band-1-q=0.70710677,bass,0,bypass,0,0,16,-7.33,-98.09,-31.27,50.38,-44.14,-37.93,1500,56.05,16
88200,eq-cut,band-1-enabled=1 band-1-kind=1 band-1-frequency=100 band-1-gain=-6 band-1-q=0.70710677,bass,0,bypass,2,176,16,-7.33,-98.09,-33.91,23.34,-71.18,-65.78,1500,29.62,16
88200,eq-cut,band-1-enabled=1 band-1-kind=1 band-1-frequency=100 band-1-gain=-6 band-1-q=0.70710677,bass,0,bypass,5,441,16,-7.33,-98.09,-37.83,16.21,-78.31,-74.97,1500,18.62,16
88200,eq-cut,band-1-enabled=1 band-1-kind=1 band-1-frequency=100 band-1-gain=-6 band-1-q=0.70710677,bass,0,bypass,10,882,16,-7.33,-98.09,-46.83,10.34,-84.18,-80.51,1500,12.19,9
88200,eq-cut,band-1-enabled=1 band-1-kind=1 band-1-frequency=100 band-1-gain=-6 band-1-q=0.70710677,bass,0,bypass,20,1764,16,-7.33,-98.09,-50.86,3.62,-90.90,-85.28,1500,6.26,7
88200,eq-cut,band-1-enabled=1 band-1-kind=1 band-1-frequency=100 band-1-gain=-6 band-1-q=0.70710677,bass,0,unbypass,0,0,16,-7.33,-98.09,-31.27,50.38,-44.14,-37.93,1500,56.05,16
88200,eq-cut,band-1-enabled=1 band-1-kind=1 band-1-frequency=100 band-1-gain=-6 band-1-q=0.70710677,bass,0,unbypass,2,176,16,-7.33,-98.09,-33.91,23.34,-71.18,-65.78,1500,29.62,16
88200,eq-cut,band-1-enabled=1 band-1-kind=1 band-1-frequency=100 band-1-gain=-6 band-1-q=0.70710677,bass,0,unbypass,5,441,16,-7.33,-98.09,-37.83,16.21,-78.31,-74.97,1500,18.62,16
88200,eq-cut,band-1-enabled=1 band-1-kind=1 band-1-frequency=100 band-1-gain=-6 band-1-q=0.70710677,bass,0,unbypass,10,882,16,-7.33,-98.09,-46.83,10.34,-84.18,-80.51,1500,12.19,9
88200,eq-cut,band-1-enabled=1 band-1-kind=1 band-1-frequency=100 band-1-gain=-6 band-1-q=0.70710677,bass,0,unbypass,20,1764,16,-7.33,-98.09,-50.86,3.62,-90.90,-85.28,1500,6.26,7
88200,eq-cut,band-1-enabled=1 band-1-kind=1 band-1-frequency=100 band-1-gain=-6 band-1-q=0.70710677,kick,0,bypass,0,0,12,-8.32,-99.03,-31.28,60.12,-42.78,-40.03,1000,55.89,12
88200,eq-cut,band-1-enabled=1 band-1-kind=1 band-1-frequency=100 band-1-gain=-6 band-1-q=0.70710677,kick,0,bypass,2,176,12,-8.32,-99.03,-33.72,32.65,-66.95,-64.16,1000,32.79,12
88200,eq-cut,band-1-enabled=1 band-1-kind=1 band-1-frequency=100 band-1-gain=-6 band-1-q=0.70710677,kick,0,bypass,5,441,12,-8.32,-99.03,-37.31,25.06,-74.66,-74.01,1000,21.26,12
88200,eq-cut,band-1-enabled=1 band-1-kind=1 band-1-frequency=100 band-1-gain=-6 band-1-q=0.70710677,kick,0,bypass,10,882,12,-8.32,-99.03,-43.51,19.26,-80.47,-77.93,1000,14.65,12
88200,eq-cut,band-1-enabled=1 band-1-kind=1 band-1-frequency=100 band-1-gain=-6 band-1-q=0.70710677,kick,0,bypass,20,1764,12,-8.32,-99.03,-50.59,13.08,-86.55,-84.21,1000,8.61,12
88200,eq-cut,band-1-enabled=1 band-1-kind=1 band-1-frequency=100 band-1-gain=-6 band-1-q=0.70710677,kick,0,unbypass,0,0,12,-8.32,-99.03,-31.28,60.12,-42.78,-40.03,1000,55.89,12
88200,eq-cut,band-1-enabled=1 band-1-kind=1 band-1-frequency=100 band-1-gain=-6 band-1-q=0.70710677,kick,0,unbypass,2,176,12,-8.32,-99.03,-33.72,32.65,-66.95,-64.16,1000,32.79,12
88200,eq-cut,band-1-enabled=1 band-1-kind=1 band-1-frequency=100 band-1-gain=-6 band-1-q=0.70710677,kick,0,unbypass,5,441,12,-8.32,-99.03,-37.31,25.06,-74.66,-74.01,1000,21.26,12
88200,eq-cut,band-1-enabled=1 band-1-kind=1 band-1-frequency=100 band-1-gain=-6 band-1-q=0.70710677,kick,0,unbypass,10,882,12,-8.32,-99.03,-43.51,19.26,-80.47,-77.93,1000,14.65,12
88200,eq-cut,band-1-enabled=1 band-1-kind=1 band-1-frequency=100 band-1-gain=-6 band-1-q=0.70710677,kick,0,unbypass,20,1764,12,-8.32,-99.03,-50.59,13.08,-86.55,-84.21,1000,8.61,12
88200,eq-cut,band-1-enabled=1 band-1-kind=1 band-1-frequency=100 band-1-gain=-6 band-1-q=0.70710677,mix,0,bypass,0,0,24,-7.45,,-33.43,-32.22,,,,,
88200,eq-cut,band-1-enabled=1 band-1-kind=1 band-1-frequency=100 band-1-gain=-6 band-1-q=0.70710677,mix,0,bypass,2,176,24,-7.45,,-34.92,-57.66,,,,,
88200,eq-cut,band-1-enabled=1 band-1-kind=1 band-1-frequency=100 band-1-gain=-6 band-1-q=0.70710677,mix,0,bypass,5,441,24,-7.45,,-37.33,-63.36,,,,,
88200,eq-cut,band-1-enabled=1 band-1-kind=1 band-1-frequency=100 band-1-gain=-6 band-1-q=0.70710677,mix,0,bypass,10,882,24,-7.45,,-45.00,-70.87,,,,,
88200,eq-cut,band-1-enabled=1 band-1-kind=1 band-1-frequency=100 band-1-gain=-6 band-1-q=0.70710677,mix,0,bypass,20,1764,24,-7.45,,-50.37,-76.77,,,,,
88200,eq-cut,band-1-enabled=1 band-1-kind=1 band-1-frequency=100 band-1-gain=-6 band-1-q=0.70710677,mix,0,unbypass,0,0,24,-7.45,,-33.43,-32.22,,,,,
88200,eq-cut,band-1-enabled=1 band-1-kind=1 band-1-frequency=100 band-1-gain=-6 band-1-q=0.70710677,mix,0,unbypass,2,176,24,-7.45,,-34.92,-57.66,,,,,
88200,eq-cut,band-1-enabled=1 band-1-kind=1 band-1-frequency=100 band-1-gain=-6 band-1-q=0.70710677,mix,0,unbypass,5,441,24,-7.45,,-37.33,-63.36,,,,,
88200,eq-cut,band-1-enabled=1 band-1-kind=1 band-1-frequency=100 band-1-gain=-6 band-1-q=0.70710677,mix,0,unbypass,10,882,24,-7.45,,-45.00,-70.87,,,,,
88200,eq-cut,band-1-enabled=1 band-1-kind=1 band-1-frequency=100 band-1-gain=-6 band-1-q=0.70710677,mix,0,unbypass,20,1764,24,-7.45,,-50.37,-76.77,,,,,
88200,saturator,drive=12 output=-9.378008,bass,31,bypass,0,0,16,-13.55,-59.13,-36.60,43.92,-50.57,-42.16,1500,51.83,16
88200,saturator,drive=12 output=-9.378008,bass,31,bypass,2,176,16,-13.55,-59.13,-38.48,18.34,-76.15,-70.53,1500,22.81,16
88200,saturator,drive=12 output=-9.378008,bass,31,bypass,5,441,16,-13.55,-59.13,-42.19,9.37,-85.12,-80.30,1500,13.55,16
88200,saturator,drive=12 output=-9.378008,bass,31,bypass,10,882,16,-13.55,-59.13,-50.40,5.01,-89.49,-83.99,1500,8.91,6
88200,saturator,drive=12 output=-9.378008,bass,31,bypass,20,1764,16,-13.55,-59.13,-55.30,-1.63,-96.13,-89.92,1500,3.10,3
88200,saturator,drive=12 output=-9.378008,bass,31,unbypass,0,0,16,-13.55,-59.13,-36.60,43.92,-50.57,-42.16,1500,51.83,16
88200,saturator,drive=12 output=-9.378008,bass,31,unbypass,2,176,16,-13.55,-59.13,-38.48,18.34,-76.15,-70.53,1500,22.81,16
88200,saturator,drive=12 output=-9.378008,bass,31,unbypass,5,441,16,-13.55,-59.13,-42.19,9.37,-85.12,-80.30,1500,13.55,16
88200,saturator,drive=12 output=-9.378008,bass,31,unbypass,10,882,16,-13.55,-59.13,-50.40,5.01,-89.49,-83.99,1500,8.91,6
88200,saturator,drive=12 output=-9.378008,bass,31,unbypass,20,1764,16,-13.55,-59.13,-55.30,-1.63,-96.13,-89.92,1500,3.10,3
88200,saturator,drive=12 output=-6.2457795,kick,31,bypass,0,0,12,-11.15,-67.46,-34.49,56.38,-46.48,-42.36,1000,53.43,12
88200,saturator,drive=12 output=-6.2457795,kick,31,bypass,2,176,12,-11.15,-67.46,-36.00,29.82,-69.68,-67.43,1000,27.62,12
88200,saturator,drive=12 output=-6.2457795,kick,31,bypass,5,441,12,-11.15,-67.46,-39.56,21.86,-77.23,-75.82,1000,18.74,12
88200,saturator,drive=12 output=-6.2457795,kick,31,bypass,10,882,12,-11.15,-67.46,-47.49,16.17,-83.23,-79.72,1000,12.66,11
88200,saturator,drive=12 output=-6.2457795,kick,31,bypass,20,1764,12,-11.15,-67.46,-52.74,9.37,-89.77,-86.91,1000,6.71,9
88200,saturator,drive=12 output=-6.2457795,kick,31,unbypass,0,0,12,-11.15,-67.46,-34.49,56.38,-46.48,-42.36,1000,53.43,12
88200,saturator,drive=12 output=-6.2457795,kick,31,unbypass,2,176,12,-11.15,-67.46,-36.00,29.82,-69.68,-67.43,1000,27.62,12
88200,saturator,drive=12 output=-6.2457795,kick,31,unbypass,5,441,12,-11.15,-67.46,-39.56,21.86,-77.23,-75.82,1000,18.74,12
88200,saturator,drive=12 output=-6.2457795,kick,31,unbypass,10,882,12,-11.15,-67.46,-47.49,16.17,-83.23,-79.72,1000,12.66,11
88200,saturator,drive=12 output=-6.2457795,kick,31,unbypass,20,1764,12,-11.15,-67.46,-52.74,9.37,-89.77,-86.91,1000,6.71,9
88200,saturator,drive=12 output=-9.714839,mix,31,bypass,0,0,24,-13.34,,-38.12,-36.98,,,,,
88200,saturator,drive=12 output=-9.714839,mix,31,bypass,2,176,24,-13.34,,-40.15,-52.67,,,,,
88200,saturator,drive=12 output=-9.714839,mix,31,bypass,5,441,24,-13.34,,-41.72,-60.30,,,,,
88200,saturator,drive=12 output=-9.714839,mix,31,bypass,10,882,24,-13.34,,-51.23,-67.00,,,,,
88200,saturator,drive=12 output=-9.714839,mix,31,bypass,20,1764,24,-13.34,,-56.09,-71.53,,,,,
88200,saturator,drive=12 output=-9.714839,mix,31,unbypass,0,0,24,-13.34,,-38.12,-36.98,,,,,
88200,saturator,drive=12 output=-9.714839,mix,31,unbypass,2,176,24,-13.34,,-40.15,-52.67,,,,,
88200,saturator,drive=12 output=-9.714839,mix,31,unbypass,5,441,24,-13.34,,-41.72,-60.30,,,,,
88200,saturator,drive=12 output=-9.714839,mix,31,unbypass,10,882,24,-13.34,,-51.23,-67.00,,,,,
88200,saturator,drive=12 output=-9.714839,mix,31,unbypass,20,1764,24,-13.34,,-56.09,-71.53,,,,,
88200,transient-shaper,attack-amount=0.5,kick,0,bypass,0,0,12,-60.32,-91.62,-55.19,-8.79,-106.81,-103.43,1000,-8.31,0
88200,transient-shaper,attack-amount=0.5,kick,0,bypass,2,176,12,-60.32,-91.62,-55.77,-11.41,-107.62,-104.51,1000,-9.25,0
88200,transient-shaper,attack-amount=0.5,kick,0,bypass,5,441,12,-60.32,-91.62,-57.36,-18.25,-111.95,-109.82,1000,-14.06,0
88200,transient-shaper,attack-amount=0.5,kick,0,bypass,10,882,12,-60.32,-91.62,-61.89,-21.97,-118.06,-111.47,1000,-22.68,0
88200,transient-shaper,attack-amount=0.5,kick,0,bypass,20,1764,12,-60.32,-91.62,-65.54,-23.76,-118.68,-111.62,1000,-22.74,0
88200,transient-shaper,attack-amount=0.5,kick,0,unbypass,0,0,12,-60.32,-91.62,-55.19,-8.79,-106.81,-103.43,1000,-8.31,0
88200,transient-shaper,attack-amount=0.5,kick,0,unbypass,2,176,12,-60.32,-91.62,-55.77,-11.41,-107.62,-104.51,1000,-9.25,0
88200,transient-shaper,attack-amount=0.5,kick,0,unbypass,5,441,12,-60.32,-91.62,-57.36,-18.25,-111.95,-109.82,1000,-14.06,0
88200,transient-shaper,attack-amount=0.5,kick,0,unbypass,10,882,12,-60.32,-91.62,-61.89,-21.97,-118.06,-111.47,1000,-22.68,0
88200,transient-shaper,attack-amount=0.5,kick,0,unbypass,20,1764,12,-60.32,-91.62,-65.54,-23.76,-118.68,-111.62,1000,-22.74,0
88200,transient-shaper,attack-amount=0.5,mix,0,bypass,0,0,24,-14.72,,-41.61,-40.31,,,,,
88200,transient-shaper,attack-amount=0.5,mix,0,bypass,2,176,24,-14.72,,-44.30,-60.48,,,,,
88200,transient-shaper,attack-amount=0.5,mix,0,bypass,5,441,24,-14.72,,-45.95,-68.95,,,,,
88200,transient-shaper,attack-amount=0.5,mix,0,bypass,10,882,24,-14.72,,-52.73,-73.67,,,,,
88200,transient-shaper,attack-amount=0.5,mix,0,bypass,20,1764,24,-14.72,,-57.42,-76.10,,,,,
88200,transient-shaper,attack-amount=0.5,mix,0,unbypass,0,0,24,-14.72,,-41.61,-40.31,,,,,
88200,transient-shaper,attack-amount=0.5,mix,0,unbypass,2,176,24,-14.72,,-44.30,-60.48,,,,,
88200,transient-shaper,attack-amount=0.5,mix,0,unbypass,5,441,24,-14.72,,-45.95,-68.95,,,,,
88200,transient-shaper,attack-amount=0.5,mix,0,unbypass,10,882,24,-14.72,,-52.73,-73.67,,,,,
88200,transient-shaper,attack-amount=0.5,mix,0,unbypass,20,1764,24,-14.72,,-57.42,-76.10,,,,,
88200,gate,threshold=-6 ratio=20 range=80 hysteresis=0 attack=1 hold=20 release=50,kick,0,bypass,0,0,12,-0.83,-78.68,-23.53,68.51,-34.39,-31.84,1000,64.35,12
88200,gate,threshold=-6 ratio=20 range=80 hysteresis=0 attack=1 hold=20 release=50,kick,0,bypass,2,176,12,-0.83,-78.68,-26.07,41.31,-58.28,-55.85,1000,40.86,12
88200,gate,threshold=-6 ratio=20 range=80 hysteresis=0 attack=1 hold=20 release=50,kick,0,bypass,5,441,12,-0.83,-78.68,-30.17,33.25,-66.47,-65.64,1000,29.20,12
88200,gate,threshold=-6 ratio=20 range=80 hysteresis=0 attack=1 hold=20 release=50,kick,0,bypass,10,882,12,-0.83,-78.68,-37.17,27.59,-72.13,-69.68,1000,23.11,12
88200,gate,threshold=-6 ratio=20 range=80 hysteresis=0 attack=1 hold=20 release=50,kick,0,bypass,20,1764,12,-0.83,-78.68,-43.64,21.35,-78.28,-75.94,1000,17.06,12
88200,gate,threshold=-6 ratio=20 range=80 hysteresis=0 attack=1 hold=20 release=50,kick,0,unbypass,0,0,12,-0.83,-78.68,-23.53,68.51,-34.39,-31.84,1000,64.35,12
88200,gate,threshold=-6 ratio=20 range=80 hysteresis=0 attack=1 hold=20 release=50,kick,0,unbypass,2,176,12,-0.83,-78.68,-26.07,41.31,-58.28,-55.85,1000,40.86,12
88200,gate,threshold=-6 ratio=20 range=80 hysteresis=0 attack=1 hold=20 release=50,kick,0,unbypass,5,441,12,-0.83,-78.68,-30.17,33.25,-66.47,-65.64,1000,29.20,12
88200,gate,threshold=-6 ratio=20 range=80 hysteresis=0 attack=1 hold=20 release=50,kick,0,unbypass,10,882,12,-0.83,-78.68,-37.17,27.59,-72.13,-69.68,1000,23.11,12
88200,gate,threshold=-6 ratio=20 range=80 hysteresis=0 attack=1 hold=20 release=50,kick,0,unbypass,20,1764,12,-0.83,-78.68,-43.64,21.35,-78.28,-75.94,1000,17.06,12
96000,mute-reference,wet=input dry=silence,bass,0,bypass,0,0,16,0.00,-94.45,-24.27,57.68,-36.77,-30.77,1500,62.28,16
96000,mute-reference,wet=input dry=silence,bass,0,bypass,2,192,16,0.00,-94.45,-26.81,30.76,-63.68,-60.32,1500,34.37,16
96000,mute-reference,wet=input dry=silence,bass,0,bypass,5,480,16,0.00,-94.45,-30.76,23.45,-71.00,-66.72,1500,26.20,16
96000,mute-reference,wet=input dry=silence,bass,0,bypass,10,960,16,0.00,-94.45,-40.01,17.10,-77.35,-73.96,1500,18.22,16
96000,mute-reference,wet=input dry=silence,bass,0,bypass,20,1920,16,0.00,-94.45,-43.91,10.89,-83.55,-80.04,1500,12.36,16
96000,mute-reference,wet=input dry=silence,bass,0,unbypass,0,0,16,0.00,-94.45,-24.27,57.68,-36.77,-30.77,1500,62.28,16
96000,mute-reference,wet=input dry=silence,bass,0,unbypass,2,192,16,0.00,-94.45,-26.81,30.76,-63.68,-60.32,1500,34.37,16
96000,mute-reference,wet=input dry=silence,bass,0,unbypass,5,480,16,0.00,-94.45,-30.76,23.45,-71.00,-66.72,1500,26.20,16
96000,mute-reference,wet=input dry=silence,bass,0,unbypass,10,960,16,0.00,-94.45,-40.01,17.10,-77.35,-73.96,1500,18.22,16
96000,mute-reference,wet=input dry=silence,bass,0,unbypass,20,1920,16,0.00,-94.45,-43.91,10.89,-83.55,-80.04,1500,12.36,16
96000,mute-reference,wet=input dry=silence,kick,0,bypass,0,0,12,0.00,-100.92,-23.20,73.05,-34.49,-31.73,1000,63.60,12
96000,mute-reference,wet=input dry=silence,kick,0,bypass,2,192,12,0.00,-100.92,-25.48,45.81,-58.43,-55.88,1000,42.07,12
96000,mute-reference,wet=input dry=silence,kick,0,bypass,5,480,12,0.00,-100.92,-29.06,38.06,-66.32,-65.73,1000,29.42,12
96000,mute-reference,wet=input dry=silence,kick,0,bypass,10,960,12,0.00,-100.92,-35.58,32.15,-72.20,-69.50,1000,22.93,12
96000,mute-reference,wet=input dry=silence,kick,0,bypass,20,1920,12,0.00,-100.92,-42.54,25.94,-78.35,-75.89,1000,16.79,12
96000,mute-reference,wet=input dry=silence,kick,0,unbypass,0,0,12,0.00,-100.92,-23.20,73.05,-34.49,-31.73,1000,63.60,12
96000,mute-reference,wet=input dry=silence,kick,0,unbypass,2,192,12,0.00,-100.92,-25.48,45.81,-58.43,-55.88,1000,42.07,12
96000,mute-reference,wet=input dry=silence,kick,0,unbypass,5,480,12,0.00,-100.92,-29.06,38.06,-66.32,-65.73,1000,29.42,12
96000,mute-reference,wet=input dry=silence,kick,0,unbypass,10,960,12,0.00,-100.92,-35.58,32.15,-72.20,-69.50,1000,22.93,12
96000,mute-reference,wet=input dry=silence,kick,0,unbypass,20,1920,12,0.00,-100.92,-42.54,25.94,-78.35,-75.89,1000,16.79,12
96000,mute-reference,wet=input dry=silence,mix,0,bypass,0,0,24,0.00,,-24.77,-22.31,,,,,
96000,mute-reference,wet=input dry=silence,mix,0,bypass,2,192,24,0.00,,-27.13,-40.93,,,,,
96000,mute-reference,wet=input dry=silence,mix,0,bypass,5,480,24,0.00,,-30.87,-51.67,,,,,
96000,mute-reference,wet=input dry=silence,mix,0,bypass,10,960,24,0.00,,-38.22,-56.50,,,,,
96000,mute-reference,wet=input dry=silence,mix,0,bypass,20,1920,24,0.00,,-43.94,-61.72,,,,,
96000,mute-reference,wet=input dry=silence,mix,0,unbypass,0,0,24,0.00,,-24.77,-22.31,,,,,
96000,mute-reference,wet=input dry=silence,mix,0,unbypass,2,192,24,0.00,,-27.13,-40.93,,,,,
96000,mute-reference,wet=input dry=silence,mix,0,unbypass,5,480,24,0.00,,-30.87,-51.67,,,,,
96000,mute-reference,wet=input dry=silence,mix,0,unbypass,10,960,24,0.00,,-38.22,-56.50,,,,,
96000,mute-reference,wet=input dry=silence,mix,0,unbypass,20,1920,24,0.00,,-43.94,-61.72,,,,,
96000,compressor,threshold=-20.815943 link=dual_mono,bass,0,bypass,0,0,16,-6.31,-93.65,-30.60,51.35,-43.09,-37.05,1500,55.99,16
96000,compressor,threshold=-20.815943 link=dual_mono,bass,0,bypass,2,192,16,-6.31,-93.65,-33.14,24.41,-70.03,-66.60,1500,27.98,16
96000,compressor,threshold=-20.815943 link=dual_mono,bass,0,bypass,5,480,16,-6.31,-93.65,-37.08,17.12,-77.33,-73.04,1500,19.89,16
96000,compressor,threshold=-20.815943 link=dual_mono,bass,0,bypass,10,960,16,-6.31,-93.65,-46.33,10.79,-83.66,-80.26,1500,12.01,15
96000,compressor,threshold=-20.815943 link=dual_mono,bass,0,bypass,20,1920,16,-6.31,-93.65,-50.25,4.54,-89.90,-86.30,1500,5.93,10
96000,compressor,threshold=-20.815943 link=dual_mono,bass,0,unbypass,0,0,16,-6.31,-93.65,-30.60,51.35,-43.09,-37.05,1500,55.99,16
96000,compressor,threshold=-20.815943 link=dual_mono,bass,0,unbypass,2,192,16,-6.31,-93.65,-33.14,24.41,-70.03,-66.60,1500,27.98,16
96000,compressor,threshold=-20.815943 link=dual_mono,bass,0,unbypass,5,480,16,-6.31,-93.65,-37.08,17.12,-77.33,-73.04,1500,19.89,16
96000,compressor,threshold=-20.815943 link=dual_mono,bass,0,unbypass,10,960,16,-6.31,-93.65,-46.33,10.79,-83.66,-80.26,1500,12.01,15
96000,compressor,threshold=-20.815943 link=dual_mono,bass,0,unbypass,20,1920,16,-6.31,-93.65,-50.25,4.54,-89.90,-86.30,1500,5.93,10
96000,compressor,threshold=-12.827951 link=dual_mono,kick,0,bypass,0,0,12,-9.53,-105.13,-32.21,64.01,-43.53,-40.38,1000,55.34,12
96000,compressor,threshold=-12.827951 link=dual_mono,kick,0,bypass,2,192,12,-9.53,-105.13,-34.55,36.62,-67.62,-64.23,1000,33.87,12
96000,compressor,threshold=-12.827951 link=dual_mono,kick,0,bypass,5,480,12,-9.53,-105.13,-38.12,28.80,-75.57,-74.29,1000,21.32,12
96000,compressor,threshold=-12.827951 link=dual_mono,kick,0,bypass,10,960,12,-9.53,-105.13,-44.56,22.92,-81.43,-78.37,1000,14.50,11
96000,compressor,threshold=-12.827951 link=dual_mono,kick,0,bypass,20,1920,12,-9.53,-105.13,-51.78,16.54,-87.76,-84.98,1000,8.40,10
96000,compressor,threshold=-12.827951 link=dual_mono,kick,0,unbypass,0,0,12,-9.53,-105.13,-32.21,64.01,-43.53,-40.38,1000,55.34,12
96000,compressor,threshold=-12.827951 link=dual_mono,kick,0,unbypass,2,192,12,-9.53,-105.13,-34.55,36.62,-67.62,-64.23,1000,33.87,12
96000,compressor,threshold=-12.827951 link=dual_mono,kick,0,unbypass,5,480,12,-9.53,-105.13,-38.12,28.80,-75.57,-74.29,1000,21.32,12
96000,compressor,threshold=-12.827951 link=dual_mono,kick,0,unbypass,10,960,12,-9.53,-105.13,-44.56,22.92,-81.43,-78.37,1000,14.50,11
96000,compressor,threshold=-12.827951 link=dual_mono,kick,0,unbypass,20,1920,12,-9.53,-105.13,-51.78,16.54,-87.76,-84.98,1000,8.40,10
96000,compressor,threshold=-19.718496 link=dual_mono,mix,0,bypass,0,0,24,-9.25,,-33.68,-31.19,,,,,
96000,compressor,threshold=-19.718496 link=dual_mono,mix,0,bypass,2,192,24,-9.25,,-36.12,-49.56,,,,,
96000,compressor,threshold=-19.718496 link=dual_mono,mix,0,bypass,5,480,24,-9.25,,-39.85,-60.59,,,,,
96000,compressor,threshold=-19.718496 link=dual_mono,mix,0,bypass,10,960,24,-9.25,,-47.31,-65.53,,,,,
96000,compressor,threshold=-19.718496 link=dual_mono,mix,0,bypass,20,1920,24,-9.25,,-53.07,-71.39,,,,,
96000,compressor,threshold=-19.718496 link=dual_mono,mix,0,unbypass,0,0,24,-9.25,,-33.68,-31.19,,,,,
96000,compressor,threshold=-19.718496 link=dual_mono,mix,0,unbypass,2,192,24,-9.25,,-36.12,-49.56,,,,,
96000,compressor,threshold=-19.718496 link=dual_mono,mix,0,unbypass,5,480,24,-9.25,,-39.85,-60.59,,,,,
96000,compressor,threshold=-19.718496 link=dual_mono,mix,0,unbypass,10,960,24,-9.25,,-47.31,-65.53,,,,,
96000,compressor,threshold=-19.718496 link=dual_mono,mix,0,unbypass,20,1920,24,-9.25,,-53.07,-71.39,,,,,
96000,limiter,ceiling=-14.60371,bass,966,bypass,0,0,16,-6.31,-83.70,-30.10,51.74,-42.66,-37.76,1500,55.28,16
96000,limiter,ceiling=-14.60371,bass,966,bypass,2,192,16,-6.31,-83.70,-32.94,24.59,-69.81,-66.12,1500,28.74,16
96000,limiter,ceiling=-14.60371,bass,966,bypass,5,480,16,-6.31,-83.70,-36.99,17.25,-77.15,-73.18,1500,19.85,16
96000,limiter,ceiling=-14.60371,bass,966,bypass,10,960,16,-6.31,-83.70,-46.15,10.90,-83.50,-80.21,1500,12.86,15
96000,limiter,ceiling=-14.60371,bass,966,bypass,20,1920,16,-6.31,-83.70,-49.94,4.89,-89.51,-85.51,1500,6.49,10
96000,limiter,ceiling=-14.60371,bass,966,unbypass,0,0,16,-6.31,-83.70,-30.10,51.74,-42.66,-37.76,1500,55.28,16
96000,limiter,ceiling=-14.60371,bass,966,unbypass,2,192,16,-6.31,-83.70,-32.94,24.59,-69.81,-66.12,1500,28.74,16
96000,limiter,ceiling=-14.60371,bass,966,unbypass,5,480,16,-6.31,-83.70,-36.99,17.25,-77.15,-73.18,1500,19.85,16
96000,limiter,ceiling=-14.60371,bass,966,unbypass,10,960,16,-6.31,-83.70,-46.15,10.90,-83.50,-80.21,1500,12.86,15
96000,limiter,ceiling=-14.60371,bass,966,unbypass,20,1920,16,-6.31,-83.70,-49.94,4.89,-89.51,-85.51,1500,6.49,10
96000,limiter,ceiling=-6.8799515,kick,966,bypass,0,0,12,-11.67,-103.00,-34.51,59.84,-45.89,-41.73,1000,54.46,12
96000,limiter,ceiling=-6.8799515,kick,966,bypass,2,192,12,-11.67,-103.00,-37.04,32.26,-70.17,-65.99,1000,32.49,12
96000,limiter,ceiling=-6.8799515,kick,966,bypass,5,480,12,-11.67,-103.00,-40.52,24.52,-78.03,-76.06,1000,20.37,12
96000,limiter,ceiling=-6.8799515,kick,966,bypass,10,960,12,-11.67,-103.00,-46.97,18.60,-83.95,-80.02,1000,13.63,10
96000,limiter,ceiling=-6.8799515,kick,966,bypass,20,1920,12,-11.67,-103.00,-54.30,12.09,-90.39,-86.74,1000,7.52,10
96000,limiter,ceiling=-6.8799515,kick,966,unbypass,0,0,12,-11.67,-103.00,-34.51,59.84,-45.89,-41.73,1000,54.46,12
96000,limiter,ceiling=-6.8799515,kick,966,unbypass,2,192,12,-11.67,-103.00,-37.04,32.26,-70.17,-65.99,1000,32.49,12
96000,limiter,ceiling=-6.8799515,kick,966,unbypass,5,480,12,-11.67,-103.00,-40.52,24.52,-78.03,-76.06,1000,20.37,12
96000,limiter,ceiling=-6.8799515,kick,966,unbypass,10,960,12,-11.67,-103.00,-46.97,18.60,-83.95,-80.02,1000,13.63,10
96000,limiter,ceiling=-6.8799515,kick,966,unbypass,20,1920,12,-11.67,-103.00,-54.30,12.09,-90.39,-86.74,1000,7.52,10
96000,limiter,ceiling=-7.931861,mix,966,bypass,0,0,24,-15.13,,-38.90,-38.56,,,,,
96000,limiter,ceiling=-7.931861,mix,966,bypass,2,192,24,-15.13,,-42.50,-53.99,,,,,
96000,limiter,ceiling=-7.931861,mix,966,bypass,5,480,24,-15.13,,-45.72,-64.62,,,,,
96000,limiter,ceiling=-7.931861,mix,966,bypass,10,960,24,-15.13,,-53.59,-69.81,,,,,
96000,limiter,ceiling=-7.931861,mix,966,bypass,20,1920,24,-15.13,,-59.46,-76.21,,,,,
96000,limiter,ceiling=-7.931861,mix,966,unbypass,0,0,24,-15.13,,-38.90,-38.56,,,,,
96000,limiter,ceiling=-7.931861,mix,966,unbypass,2,192,24,-15.13,,-42.50,-53.99,,,,,
96000,limiter,ceiling=-7.931861,mix,966,unbypass,5,480,24,-15.13,,-45.72,-64.62,,,,,
96000,limiter,ceiling=-7.931861,mix,966,unbypass,10,960,24,-15.13,,-53.59,-69.81,,,,,
96000,limiter,ceiling=-7.931861,mix,966,unbypass,20,1920,24,-15.13,,-59.46,-76.21,,,,,
96000,eq-boost,band-1-enabled=1 band-1-kind=1 band-1-frequency=100 band-1-gain=6 band-1-q=0.70710677,bass,0,bypass,0,0,16,-3.42,-90.29,-27.60,53.83,-40.62,-33.44,1500,59.61,16
96000,eq-boost,band-1-enabled=1 band-1-kind=1 band-1-frequency=100 band-1-gain=6 band-1-q=0.70710677,bass,0,bypass,2,192,16,-3.42,-90.29,-29.85,26.74,-67.71,-63.16,1500,31.38,16
96000,eq-boost,band-1-enabled=1 band-1-kind=1 band-1-frequency=100 band-1-gain=6 band-1-q=0.70710677,bass,0,bypass,5,480,16,-3.42,-90.29,-33.44,19.85,-74.59,-70.57,1500,22.29,16
96000,eq-boost,band-1-enabled=1 band-1-kind=1 band-1-frequency=100 band-1-gain=6 band-1-q=0.70710677,bass,0,bypass,10,960,16,-3.42,-90.29,-42.50,13.55,-80.90,-76.53,1500,15.70,15
96000,eq-boost,band-1-enabled=1 band-1-kind=1 band-1-frequency=100 band-1-gain=6 band-1-q=0.70710677,bass,0,bypass,20,1920,16,-3.42,-90.29,-46.52,6.96,-87.49,-82.50,1500,9.72,10
96000,eq-boost,band-1-enabled=1 band-1-kind=1 band-1-frequency=100 band-1-gain=6 band-1-q=0.70710677,bass,0,unbypass,0,0,16,-3.42,-90.29,-27.60,53.83,-40.62,-33.44,1500,59.61,16
96000,eq-boost,band-1-enabled=1 band-1-kind=1 band-1-frequency=100 band-1-gain=6 band-1-q=0.70710677,bass,0,unbypass,2,192,16,-3.42,-90.29,-29.85,26.74,-67.71,-63.16,1500,31.38,16
96000,eq-boost,band-1-enabled=1 band-1-kind=1 band-1-frequency=100 band-1-gain=6 band-1-q=0.70710677,bass,0,unbypass,5,480,16,-3.42,-90.29,-33.44,19.85,-74.59,-70.57,1500,22.29,16
96000,eq-boost,band-1-enabled=1 band-1-kind=1 band-1-frequency=100 band-1-gain=6 band-1-q=0.70710677,bass,0,unbypass,10,960,16,-3.42,-90.29,-42.50,13.55,-80.90,-76.53,1500,15.70,15
96000,eq-boost,band-1-enabled=1 band-1-kind=1 band-1-frequency=100 band-1-gain=6 band-1-q=0.70710677,bass,0,unbypass,20,1920,16,-3.42,-90.29,-46.52,6.96,-87.49,-82.50,1500,9.72,10
96000,eq-boost,band-1-enabled=1 band-1-kind=1 band-1-frequency=100 band-1-gain=6 band-1-q=0.70710677,kick,0,bypass,0,0,12,-5.82,-97.93,-29.19,66.76,-40.78,-37.59,1000,57.50,12
96000,eq-boost,band-1-enabled=1 band-1-kind=1 band-1-frequency=100 band-1-gain=6 band-1-q=0.70710677,kick,0,bypass,2,192,12,-5.82,-97.93,-31.42,39.60,-64.64,-61.93,1000,35.44,12
96000,eq-boost,band-1-enabled=1 band-1-kind=1 band-1-frequency=100 band-1-gain=6 band-1-q=0.70710677,kick,0,bypass,5,480,12,-5.82,-97.93,-34.85,32.12,-72.26,-71.65,1000,24.05,12
96000,eq-boost,band-1-enabled=1 band-1-kind=1 band-1-frequency=100 band-1-gain=6 band-1-q=0.70710677,kick,0,bypass,10,960,12,-5.82,-97.93,-41.13,25.90,-78.45,-75.49,1000,16.70,12
96000,eq-boost,band-1-enabled=1 band-1-kind=1 band-1-frequency=100 band-1-gain=6 band-1-q=0.70710677,kick,0,bypass,20,1920,12,-5.82,-97.93,-48.13,19.72,-84.57,-81.85,1000,11.23,12
96000,eq-boost,band-1-enabled=1 band-1-kind=1 band-1-frequency=100 band-1-gain=6 band-1-q=0.70710677,kick,0,unbypass,0,0,12,-5.82,-97.93,-29.19,66.76,-40.78,-37.59,1000,57.50,12
96000,eq-boost,band-1-enabled=1 band-1-kind=1 band-1-frequency=100 band-1-gain=6 band-1-q=0.70710677,kick,0,unbypass,2,192,12,-5.82,-97.93,-31.42,39.60,-64.64,-61.93,1000,35.44,12
96000,eq-boost,band-1-enabled=1 band-1-kind=1 band-1-frequency=100 band-1-gain=6 band-1-q=0.70710677,kick,0,unbypass,5,480,12,-5.82,-97.93,-34.85,32.12,-72.26,-71.65,1000,24.05,12
96000,eq-boost,band-1-enabled=1 band-1-kind=1 band-1-frequency=100 band-1-gain=6 band-1-q=0.70710677,kick,0,unbypass,10,960,12,-5.82,-97.93,-41.13,25.90,-78.45,-75.49,1000,16.70,12
96000,eq-boost,band-1-enabled=1 band-1-kind=1 band-1-frequency=100 band-1-gain=6 band-1-q=0.70710677,kick,0,unbypass,20,1920,12,-5.82,-97.93,-48.13,19.72,-84.57,-81.85,1000,11.23,12
96000,eq-boost,band-1-enabled=1 band-1-kind=1 band-1-frequency=100 band-1-gain=6 band-1-q=0.70710677,mix,0,bypass,0,0,24,-3.31,,-26.89,-24.73,,,,,
96000,eq-boost,band-1-enabled=1 band-1-kind=1 band-1-frequency=100 band-1-gain=6 band-1-q=0.70710677,mix,0,bypass,2,192,24,-3.31,,-29.10,-51.03,,,,,
96000,eq-boost,band-1-enabled=1 band-1-kind=1 band-1-frequency=100 band-1-gain=6 band-1-q=0.70710677,mix,0,bypass,5,480,24,-3.31,,-33.27,-60.61,,,,,
96000,eq-boost,band-1-enabled=1 band-1-kind=1 band-1-frequency=100 band-1-gain=6 band-1-q=0.70710677,mix,0,bypass,10,960,24,-3.31,,-40.94,-65.42,,,,,
96000,eq-boost,band-1-enabled=1 band-1-kind=1 band-1-frequency=100 band-1-gain=6 band-1-q=0.70710677,mix,0,bypass,20,1920,24,-3.31,,-46.56,-72.18,,,,,
96000,eq-boost,band-1-enabled=1 band-1-kind=1 band-1-frequency=100 band-1-gain=6 band-1-q=0.70710677,mix,0,unbypass,0,0,24,-3.31,,-26.89,-24.73,,,,,
96000,eq-boost,band-1-enabled=1 band-1-kind=1 band-1-frequency=100 band-1-gain=6 band-1-q=0.70710677,mix,0,unbypass,2,192,24,-3.31,,-29.10,-51.03,,,,,
96000,eq-boost,band-1-enabled=1 band-1-kind=1 band-1-frequency=100 band-1-gain=6 band-1-q=0.70710677,mix,0,unbypass,5,480,24,-3.31,,-33.27,-60.61,,,,,
96000,eq-boost,band-1-enabled=1 band-1-kind=1 band-1-frequency=100 band-1-gain=6 band-1-q=0.70710677,mix,0,unbypass,10,960,24,-3.31,,-40.94,-65.42,,,,,
96000,eq-boost,band-1-enabled=1 band-1-kind=1 band-1-frequency=100 band-1-gain=6 band-1-q=0.70710677,mix,0,unbypass,20,1920,24,-3.31,,-46.56,-72.18,,,,,
96000,eq-cut,band-1-enabled=1 band-1-kind=1 band-1-frequency=100 band-1-gain=-6 band-1-q=0.70710677,bass,0,bypass,0,0,16,-7.34,-98.13,-31.89,49.77,-44.68,-37.31,1500,55.74,16
96000,eq-cut,band-1-enabled=1 band-1-kind=1 band-1-frequency=100 band-1-gain=-6 band-1-q=0.70710677,bass,0,bypass,2,192,16,-7.34,-98.13,-34.26,22.76,-71.68,-66.97,1500,27.63,16
96000,eq-cut,band-1-enabled=1 band-1-kind=1 band-1-frequency=100 band-1-gain=-6 band-1-q=0.70710677,bass,0,bypass,5,480,16,-7.34,-98.13,-37.90,16.00,-78.44,-74.71,1500,18.21,16
96000,eq-cut,band-1-enabled=1 band-1-kind=1 band-1-frequency=100 band-1-gain=-6 band-1-q=0.70710677,bass,0,bypass,10,960,16,-7.34,-98.13,-47.12,9.49,-84.96,-80.53,1500,11.78,12
96000,eq-cut,band-1-enabled=1 band-1-kind=1 band-1-frequency=100 band-1-gain=-6 band-1-q=0.70710677,bass,0,bypass,20,1920,16,-7.34,-98.13,-51.07,2.95,-91.49,-86.32,1500,5.75,7
96000,eq-cut,band-1-enabled=1 band-1-kind=1 band-1-frequency=100 band-1-gain=-6 band-1-q=0.70710677,bass,0,unbypass,0,0,16,-7.34,-98.13,-31.89,49.77,-44.68,-37.31,1500,55.74,16
96000,eq-cut,band-1-enabled=1 band-1-kind=1 band-1-frequency=100 band-1-gain=-6 band-1-q=0.70710677,bass,0,unbypass,2,192,16,-7.34,-98.13,-34.26,22.76,-71.68,-66.97,1500,27.63,16
96000,eq-cut,band-1-enabled=1 band-1-kind=1 band-1-frequency=100 band-1-gain=-6 band-1-q=0.70710677,bass,0,unbypass,5,480,16,-7.34,-98.13,-37.90,16.00,-78.44,-74.71,1500,18.21,16
96000,eq-cut,band-1-enabled=1 band-1-kind=1 band-1-frequency=100 band-1-gain=-6 band-1-q=0.70710677,bass,0,unbypass,10,960,16,-7.34,-98.13,-47.12,9.49,-84.96,-80.53,1500,11.78,12
96000,eq-cut,band-1-enabled=1 band-1-kind=1 band-1-frequency=100 band-1-gain=-6 band-1-q=0.70710677,bass,0,unbypass,20,1920,16,-7.34,-98.13,-51.07,2.95,-91.49,-86.32,1500,5.75,7
96000,eq-cut,band-1-enabled=1 band-1-kind=1 band-1-frequency=100 band-1-gain=-6 band-1-q=0.70710677,kick,0,bypass,0,0,12,-8.32,-103.86,-31.63,64.47,-43.07,-40.13,1000,55.13,12
96000,eq-cut,band-1-enabled=1 band-1-kind=1 band-1-frequency=100 band-1-gain=-6 band-1-q=0.70710677,kick,0,bypass,2,192,12,-8.32,-103.86,-33.92,37.21,-67.03,-64.34,1000,33.12,12
96000,eq-cut,band-1-enabled=1 band-1-kind=1 band-1-frequency=100 band-1-gain=-6 band-1-q=0.70710677,kick,0,bypass,5,480,12,-8.32,-103.86,-37.44,29.67,-74.71,-74.16,1000,21.36,12
96000,eq-cut,band-1-enabled=1 band-1-kind=1 band-1-frequency=100 band-1-gain=-6 band-1-q=0.70710677,kick,0,bypass,10,960,12,-8.32,-103.86,-43.80,23.60,-80.75,-77.91,1000,14.98,12
96000,eq-cut,band-1-enabled=1 band-1-kind=1 band-1-frequency=100 band-1-gain=-6 band-1-q=0.70710677,kick,0,bypass,20,1920,12,-8.32,-103.86,-50.83,17.41,-86.88,-84.25,1000,9.12,12
96000,eq-cut,band-1-enabled=1 band-1-kind=1 band-1-frequency=100 band-1-gain=-6 band-1-q=0.70710677,kick,0,unbypass,0,0,12,-8.32,-103.86,-31.63,64.47,-43.07,-40.13,1000,55.13,12
96000,eq-cut,band-1-enabled=1 band-1-kind=1 band-1-frequency=100 band-1-gain=-6 band-1-q=0.70710677,kick,0,unbypass,2,192,12,-8.32,-103.86,-33.92,37.21,-67.03,-64.34,1000,33.12,12
96000,eq-cut,band-1-enabled=1 band-1-kind=1 band-1-frequency=100 band-1-gain=-6 band-1-q=0.70710677,kick,0,unbypass,5,480,12,-8.32,-103.86,-37.44,29.67,-74.71,-74.16,1000,21.36,12
96000,eq-cut,band-1-enabled=1 band-1-kind=1 band-1-frequency=100 band-1-gain=-6 band-1-q=0.70710677,kick,0,unbypass,10,960,12,-8.32,-103.86,-43.80,23.60,-80.75,-77.91,1000,14.98,12
96000,eq-cut,band-1-enabled=1 band-1-kind=1 band-1-frequency=100 band-1-gain=-6 band-1-q=0.70710677,kick,0,unbypass,20,1920,12,-8.32,-103.86,-50.83,17.41,-86.88,-84.25,1000,9.12,12
96000,eq-cut,band-1-enabled=1 band-1-kind=1 band-1-frequency=100 band-1-gain=-6 band-1-q=0.70710677,mix,0,bypass,0,0,24,-7.48,,-31.55,-29.50,,,,,
96000,eq-cut,band-1-enabled=1 band-1-kind=1 band-1-frequency=100 band-1-gain=-6 band-1-q=0.70710677,mix,0,bypass,2,192,24,-7.48,,-33.76,-55.46,,,,,
96000,eq-cut,band-1-enabled=1 band-1-kind=1 band-1-frequency=100 band-1-gain=-6 band-1-q=0.70710677,mix,0,bypass,5,480,24,-7.48,,-37.85,-64.67,,,,,
96000,eq-cut,band-1-enabled=1 band-1-kind=1 band-1-frequency=100 band-1-gain=-6 band-1-q=0.70710677,mix,0,bypass,10,960,24,-7.48,,-45.35,-69.63,,,,,
96000,eq-cut,band-1-enabled=1 band-1-kind=1 band-1-frequency=100 band-1-gain=-6 band-1-q=0.70710677,mix,0,bypass,20,1920,24,-7.48,,-51.02,-76.22,,,,,
96000,eq-cut,band-1-enabled=1 band-1-kind=1 band-1-frequency=100 band-1-gain=-6 band-1-q=0.70710677,mix,0,unbypass,0,0,24,-7.48,,-31.55,-29.50,,,,,
96000,eq-cut,band-1-enabled=1 band-1-kind=1 band-1-frequency=100 band-1-gain=-6 band-1-q=0.70710677,mix,0,unbypass,2,192,24,-7.48,,-33.76,-55.46,,,,,
96000,eq-cut,band-1-enabled=1 band-1-kind=1 band-1-frequency=100 band-1-gain=-6 band-1-q=0.70710677,mix,0,unbypass,5,480,24,-7.48,,-37.85,-64.67,,,,,
96000,eq-cut,band-1-enabled=1 band-1-kind=1 band-1-frequency=100 band-1-gain=-6 band-1-q=0.70710677,mix,0,unbypass,10,960,24,-7.48,,-45.35,-69.63,,,,,
96000,eq-cut,band-1-enabled=1 band-1-kind=1 band-1-frequency=100 band-1-gain=-6 band-1-q=0.70710677,mix,0,unbypass,20,1920,24,-7.48,,-51.02,-76.22,,,,,
96000,saturator,drive=12 output=-9.377987,bass,31,bypass,0,0,16,-13.64,-58.91,-36.83,43.77,-50.63,-41.65,1500,51.28,16
96000,saturator,drive=12 output=-9.377987,bass,31,bypass,2,192,16,-13.64,-58.91,-38.82,17.97,-76.43,-69.95,1500,22.16,16
96000,saturator,drive=12 output=-9.377987,bass,31,bypass,5,480,16,-13.64,-58.91,-42.06,11.03,-83.37,-77.73,1500,15.08,16
96000,saturator,drive=12 output=-9.377987,bass,31,bypass,10,960,16,-13.64,-58.91,-50.64,4.77,-89.63,-84.14,1500,8.44,5
96000,saturator,drive=12 output=-9.377987,bass,31,bypass,20,1920,16,-13.64,-58.91,-55.52,-2.23,-96.63,-89.76,1500,2.45,1
96000,saturator,drive=12 output=-9.377987,bass,31,unbypass,0,0,16,-13.64,-58.91,-36.83,43.77,-50.63,-41.65,1500,51.28,16
96000,saturator,drive=12 output=-9.377987,bass,31,unbypass,2,192,16,-13.64,-58.91,-38.82,17.97,-76.43,-69.95,1500,22.16,16
96000,saturator,drive=12 output=-9.377987,bass,31,unbypass,5,480,16,-13.64,-58.91,-42.06,11.03,-83.37,-77.73,1500,15.08,16
96000,saturator,drive=12 output=-9.377987,bass,31,unbypass,10,960,16,-13.64,-58.91,-50.64,4.77,-89.63,-84.14,1500,8.44,5
96000,saturator,drive=12 output=-9.377987,bass,31,unbypass,20,1920,16,-13.64,-58.91,-55.52,-2.23,-96.63,-89.76,1500,2.45,1
96000,saturator,drive=12 output=-6.2457914,kick,31,bypass,0,0,12,-11.24,-67.54,-34.47,60.59,-46.92,-42.92,1000,52.63,12
96000,saturator,drive=12 output=-6.2457914,kick,31,bypass,2,192,12,-11.24,-67.54,-36.22,34.04,-70.14,-67.50,1000,27.54,12
96000,saturator,drive=12 output=-6.2457914,kick,31,bypass,5,480,12,-11.24,-67.54,-39.70,26.24,-77.45,-74.99,1000,19.72,12
96000,saturator,drive=12 output=-6.2457914,kick,31,bypass,10,960,12,-11.24,-67.54,-47.72,20.37,-83.75,-79.86,1000,12.73,12
96000,saturator,drive=12 output=-6.2457914,kick,31,bypass,20,1920,12,-11.24,-67.54,-52.82,14.17,-89.58,-86.62,1000,7.38,9
96000,saturator,drive=12 output=-6.2457914,kick,31,unbypass,0,0,12,-11.24,-67.54,-34.47,60.59,-46.92,-42.92,1000,52.63,12
96000,saturator,drive=12 output=-6.2457914,kick,31,unbypass,2,192,12,-11.24,-67.54,-36.22,34.04,-70.14,-67.50,1000,27.54,12
96000,saturator,drive=12 output=-6.2457914,kick,31,unbypass,5,480,12,-11.24,-67.54,-39.70,26.24,-77.45,-74.99,1000,19.72,12
96000,saturator,drive=12 output=-6.2457914,kick,31,unbypass,10,960,12,-11.24,-67.54,-47.72,20.37,-83.75,-79.86,1000,12.73,12
96000,saturator,drive=12 output=-6.2457914,kick,31,unbypass,20,1920,12,-11.24,-67.54,-52.82,14.17,-89.58,-86.62,1000,7.38,9
96000,saturator,drive=12 output=-9.857164,mix,31,bypass,0,0,24,-14.40,,-39.79,-39.33,,,,,
96000,saturator,drive=12 output=-9.857164,mix,31,bypass,2,192,24,-14.40,,-42.02,-53.10,,,,,
96000,saturator,drive=12 output=-9.857164,mix,31,bypass,5,480,24,-14.40,,-45.94,-63.33,,,,,
96000,saturator,drive=12 output=-9.857164,mix,31,bypass,10,960,24,-14.40,,-52.91,-67.91,,,,,
96000,saturator,drive=12 output=-9.857164,mix,31,bypass,20,1920,24,-14.40,,-59.03,-72.46,,,,,
96000,saturator,drive=12 output=-9.857164,mix,31,unbypass,0,0,24,-14.40,,-39.79,-39.33,,,,,
96000,saturator,drive=12 output=-9.857164,mix,31,unbypass,2,192,24,-14.40,,-42.02,-53.10,,,,,
96000,saturator,drive=12 output=-9.857164,mix,31,unbypass,5,480,24,-14.40,,-45.94,-63.33,,,,,
96000,saturator,drive=12 output=-9.857164,mix,31,unbypass,10,960,24,-14.40,,-52.91,-67.91,,,,,
96000,saturator,drive=12 output=-9.857164,mix,31,unbypass,20,1920,24,-14.40,,-59.03,-72.46,,,,,
96000,transient-shaper,attack-amount=0.5,kick,0,bypass,0,0,12,-60.95,-93.24,-55.28,-4.66,-107.32,-105.19,1000,-7.86,0
96000,transient-shaper,attack-amount=0.5,kick,0,bypass,2,192,12,-60.95,-93.24,-55.83,-6.80,-107.89,-105.77,1000,-6.94,0
96000,transient-shaper,attack-amount=0.5,kick,0,bypass,5,480,12,-60.95,-93.24,-57.54,-13.46,-111.53,-108.08,1000,-13.85,0
96000,transient-shaper,attack-amount=0.5,kick,0,bypass,10,960,12,-60.95,-93.24,-61.81,-17.03,-117.50,-109.80,1000,-20.69,0
96000,transient-shaper,attack-amount=0.5,kick,0,bypass,20,1920,12,-60.95,-93.24,-65.56,-18.86,-118.03,-109.88,1000,-20.74,0
96000,transient-shaper,attack-amount=0.5,kick,0,unbypass,0,0,12,-60.95,-93.24,-55.28,-4.66,-107.32,-105.19,1000,-7.86,0
96000,transient-shaper,attack-amount=0.5,kick,0,unbypass,2,192,12,-60.95,-93.24,-55.83,-6.80,-107.89,-105.77,1000,-6.94,0
96000,transient-shaper,attack-amount=0.5,kick,0,unbypass,5,480,12,-60.95,-93.24,-57.54,-13.46,-111.53,-108.08,1000,-13.85,0
96000,transient-shaper,attack-amount=0.5,kick,0,unbypass,10,960,12,-60.95,-93.24,-61.81,-17.03,-117.50,-109.80,1000,-20.69,0
96000,transient-shaper,attack-amount=0.5,kick,0,unbypass,20,1920,12,-60.95,-93.24,-65.56,-18.86,-118.03,-109.88,1000,-20.74,0
96000,transient-shaper,attack-amount=0.5,mix,0,bypass,0,0,24,-14.54,,-43.05,-42.82,,,,,
96000,transient-shaper,attack-amount=0.5,mix,0,bypass,2,192,24,-14.54,,-44.67,-59.83,,,,,
96000,transient-shaper,attack-amount=0.5,mix,0,bypass,5,480,24,-14.54,,-47.44,-69.46,,,,,
96000,transient-shaper,attack-amount=0.5,mix,0,bypass,10,960,24,-14.54,,-52.83,-72.28,,,,,
96000,transient-shaper,attack-amount=0.5,mix,0,bypass,20,1920,24,-14.54,,-58.79,-70.94,,,,,
96000,transient-shaper,attack-amount=0.5,mix,0,unbypass,0,0,24,-14.54,,-43.05,-42.82,,,,,
96000,transient-shaper,attack-amount=0.5,mix,0,unbypass,2,192,24,-14.54,,-44.67,-59.83,,,,,
96000,transient-shaper,attack-amount=0.5,mix,0,unbypass,5,480,24,-14.54,,-47.44,-69.46,,,,,
96000,transient-shaper,attack-amount=0.5,mix,0,unbypass,10,960,24,-14.54,,-52.83,-72.28,,,,,
96000,transient-shaper,attack-amount=0.5,mix,0,unbypass,20,1920,24,-14.54,,-58.79,-70.94,,,,,
96000,gate,threshold=-6 ratio=20 range=80 hysteresis=0 attack=1 hold=20 release=50,kick,0,bypass,0,0,12,-0.82,-78.77,-23.94,72.70,-34.84,-31.96,1000,63.34,12
96000,gate,threshold=-6 ratio=20 range=80 hysteresis=0 attack=1 hold=20 release=50,kick,0,bypass,2,192,12,-0.82,-78.77,-26.44,45.53,-58.70,-55.90,1000,41.33,12
96000,gate,threshold=-6 ratio=20 range=80 hysteresis=0 attack=1 hold=20 release=50,kick,0,bypass,5,480,12,-0.82,-78.77,-30.34,37.79,-66.59,-65.75,1000,28.97,12
96000,gate,threshold=-6 ratio=20 range=80 hysteresis=0 attack=1 hold=20 release=50,kick,0,bypass,10,960,12,-0.82,-78.77,-37.40,31.89,-72.46,-69.68,1000,22.83,12
96000,gate,threshold=-6 ratio=20 range=80 hysteresis=0 attack=1 hold=20 release=50,kick,0,bypass,20,1920,12,-0.82,-78.77,-43.76,25.72,-78.57,-75.95,1000,16.71,12
96000,gate,threshold=-6 ratio=20 range=80 hysteresis=0 attack=1 hold=20 release=50,kick,0,unbypass,0,0,12,-0.82,-78.77,-23.94,72.70,-34.84,-31.96,1000,63.34,12
96000,gate,threshold=-6 ratio=20 range=80 hysteresis=0 attack=1 hold=20 release=50,kick,0,unbypass,2,192,12,-0.82,-78.77,-26.44,45.53,-58.70,-55.90,1000,41.33,12
96000,gate,threshold=-6 ratio=20 range=80 hysteresis=0 attack=1 hold=20 release=50,kick,0,unbypass,5,480,12,-0.82,-78.77,-30.34,37.79,-66.59,-65.75,1000,28.97,12
96000,gate,threshold=-6 ratio=20 range=80 hysteresis=0 attack=1 hold=20 release=50,kick,0,unbypass,10,960,12,-0.82,-78.77,-37.40,31.89,-72.46,-69.68,1000,22.83,12
96000,gate,threshold=-6 ratio=20 range=80 hysteresis=0 attack=1 hold=20 release=50,kick,0,unbypass,20,1920,12,-0.82,-78.77,-43.76,25.72,-78.57,-75.95,1000,16.71,12
