case,rate_hz,section,cutoff_hz,probe_hz,quantum_frames,rbj_magnitude_db,cast_state_magnitude_db,impulse_dft_magnitude_db,sustained_fundamental_db,sustained_residual_db,sustained_total_db,tail_energy,recovery_count
response-high_pass-44100-1-0-0,44100,high_pass,10.00000000000000000,4.00000000000000000,1,-16.02738287747026291,-16.02738235825830770,-16.02737817066901727,-16.02738648600919902,-131.33618179292395212,-16.02738648903881824,0.00000000000000000,0
response-high_pass-44100-127-0-0,44100,high_pass,10.00000000000000000,4.00000000000000000,127,-16.02738287747026291,-16.02738235825830770,-16.02737817066901727,-16.02738648600919902,-131.33618179292395212,-16.02738648903881824,0.00000000000000000,0
response-high_pass-44100-128-0-0,44100,high_pass,10.00000000000000000,4.00000000000000000,128,-16.02738287747026291,-16.02738235825830770,-16.02737817066901727,-16.02738648600919902,-131.33618179292395212,-16.02738648903881824,0.00000000000000000,0
response-high_pass-44100-255-0-0,44100,high_pass,10.00000000000000000,4.00000000000000000,255,-16.02738287747026291,-16.02738235825830770,-16.02737817066901727,-16.02738648600919902,-131.33618179292395212,-16.02738648903881824,0.00000000000000000,0
response-high_pass-44100-1024-0-0,44100,high_pass,10.00000000000000000,4.00000000000000000,1024,-16.02738287747026291,-16.02738235825830770,-16.02737817066901727,-16.02738648600919902,-131.33618179292395212,-16.02738648903881824,0.00000000000000000,0
response-high_pass-44100-1-0-1,44100,high_pass,10.00000000000000000,12.00000000000000000,1,-1.70922321191833393,-1.70922309875484957,-1.70921943629585349,-1.70922144563835121,-131.63408763062474804,-1.70922144694772626,0.00000000000000000,0
response-high_pass-44100-127-0-1,44100,high_pass,10.00000000000000000,12.00000000000000000,127,-1.70922321191833393,-1.70922309875484957,-1.70921943629585349,-1.70922144563835121,-131.63408763062474804,-1.70922144694772626,0.00000000000000000,0
response-high_pass-44100-128-0-1,44100,high_pass,10.00000000000000000,12.00000000000000000,128,-1.70922321191833393,-1.70922309875484957,-1.70921943629585349,-1.70922144563835121,-131.63408763062474804,-1.70922144694772626,0.00000000000000000,0
response-high_pass-44100-255-0-1,44100,high_pass,10.00000000000000000,12.00000000000000000,255,-1.70922321191833393,-1.70922309875484957,-1.70921943629585349,-1.70922144563835121,-131.63408763062474804,-1.70922144694772626,0.00000000000000000,0
response-high_pass-44100-1024-0-1,44100,high_pass,10.00000000000000000,12.00000000000000000,1024,-1.70922321191833393,-1.70922309875484957,-1.70921943629585349,-1.70922144563835121,-131.63408763062474804,-1.70922144694772626,0.00000000000000000,0
response-high_pass-44100-1-0-2,44100,high_pass,10.00000000000000000,40.00000000000000000,1,-0.01693140866048061,-0.01693141530953234,-0.01693209373567581,-0.01693095386784467,-141.57257686303054811,-0.01693095557961148,0.00000000000000000,0
response-high_pass-44100-127-0-2,44100,high_pass,10.00000000000000000,40.00000000000000000,127,-0.01693140866048061,-0.01693141530953234,-0.01693209373567581,-0.01693095386784467,-141.57257686303054811,-0.01693095557961148,0.00000000000000000,0
response-high_pass-44100-128-0-2,44100,high_pass,10.00000000000000000,40.00000000000000000,128,-0.01693140866048061,-0.01693141530953234,-0.01693209373567581,-0.01693095386784467,-141.57257686303054811,-0.01693095557961148,0.00000000000000000,0
response-high_pass-44100-255-0-2,44100,high_pass,10.00000000000000000,40.00000000000000000,255,-0.01693140866048061,-0.01693141530953234,-0.01693209373567581,-0.01693095386784467,-141.57257686303054811,-0.01693095557961148,0.00000000000000000,0
response-high_pass-44100-1024-0-2,44100,high_pass,10.00000000000000000,40.00000000000000000,1024,-0.01693140866048061,-0.01693141530953234,-0.01693209373567581,-0.01693095386784467,-141.57257686303054811,-0.01693095557961148,0.00000000000000000,0
response-high_pass-44100-1-0-3,44100,high_pass,10.00000000000000000,8820.00000000000000000,1,-0.00000000000401353,-0.00000000000414950,-0.00000010161690999,-0.00000014163586396,-159.66815230595460662,-0.00000026445537866,0.00000000000000000,0
response-high_pass-44100-127-0-3,44100,high_pass,10.00000000000000000,8820.00000000000000000,127,-0.00000000000401353,-0.00000000000414950,-0.00000010161690999,-0.00000014163586396,-159.66815230595460662,-0.00000026445537866,0.00000000000000000,0
response-high_pass-44100-128-0-3,44100,high_pass,10.00000000000000000,8820.00000000000000000,128,-0.00000000000401353,-0.00000000000414950,-0.00000010161690999,-0.00000014163586396,-159.66815230595460662,-0.00000026445537866,0.00000000000000000,0
response-high_pass-44100-255-0-3,44100,high_pass,10.00000000000000000,8820.00000000000000000,255,-0.00000000000401353,-0.00000000000414950,-0.00000010161690999,-0.00000014163586396,-159.66815230595460662,-0.00000026445537866,0.00000000000000000,0
response-high_pass-44100-1024-0-3,44100,high_pass,10.00000000000000000,8820.00000000000000000,1024,-0.00000000000401353,-0.00000000000414950,-0.00000010161690999,-0.00000014163586396,-159.66815230595460662,-0.00000026445537866,0.00000000000000000,0
response-high_pass-44100-1-0-4,44100,high_pass,10.00000000000000000,19844.00000000000000000,1,0.00000000000000000,-0.00000000000000193,-0.00000010062536148,-0.00000010763827009,-150.71427651858391528,-0.00000011068029705,0.00000000000000000,0
response-high_pass-44100-127-0-4,44100,high_pass,10.00000000000000000,19844.00000000000000000,127,0.00000000000000000,-0.00000000000000193,-0.00000010062536148,-0.00000010763827009,-150.71427651858391528,-0.00000011068029705,0.00000000000000000,0
response-high_pass-44100-128-0-4,44100,high_pass,10.00000000000000000,19844.00000000000000000,128,0.00000000000000000,-0.00000000000000193,-0.00000010062536148,-0.00000010763827009,-150.71427651858391528,-0.00000011068029705,0.00000000000000000,0
response-high_pass-44100-255-0-4,44100,high_pass,10.00000000000000000,19844.00000000000000000,255,0.00000000000000000,-0.00000000000000193,-0.00000010062536148,-0.00000010763827009,-150.71427651858391528,-0.00000011068029705,0.00000000000000000,0
response-high_pass-44100-1024-0-4,44100,high_pass,10.00000000000000000,19844.00000000000000000,1024,0.00000000000000000,-0.00000000000000193,-0.00000010062536148,-0.00000010763827009,-150.71427651858391528,-0.00000011068029705,0.00000000000000000,0
response-high_pass-44100-1-1-0,44100,high_pass,20.00000000000000000,4.00000000000000000,1,-27.96575459696492061,-27.96575407354494303,-27.96575961552112233,-27.96575852214750668,-134.48205328563031458,-27.96575852509249671,0.00000000000000000,2
response-high_pass-44100-127-1-0,44100,high_pass,20.00000000000000000,4.00000000000000000,127,-27.96575459696492061,-27.96575407354494303,-27.96575961552112233,-27.96575852214750668,-134.48205328563031458,-27.96575852509249671,0.00000000000000000,2
response-high_pass-44100-128-1-0,44100,high_pass,20.00000000000000000,4.00000000000000000,128,-27.96575459696492061,-27.96575407354494303,-27.96575961552112233,-27.96575852214750668,-134.48205328563031458,-27.96575852509249671,0.00000000000000000,2
response-high_pass-44100-255-1-0,44100,high_pass,20.00000000000000000,4.00000000000000000,255,-27.96575459696492061,-27.96575407354494303,-27.96575961552112233,-27.96575852214750668,-134.48205328563031458,-27.96575852509249671,0.00000000000000000,2
response-high_pass-44100-1024-1-0,44100,high_pass,20.00000000000000000,4.00000000000000000,1024,-27.96575459696492061,-27.96575407354494303,-27.96575961552112233,-27.96575852214750668,-134.48205328563031458,-27.96575852509249671,0.00000000000000000,2
response-high_pass-44100-1-1-1,44100,high_pass,20.00000000000000000,20.00000000000000000,1,-3.01029995659515315,-3.01029960919231154,-3.01030014609392982,-3.01029984602876599,-130.59039080363214680,-3.01029984773971515,0.00000000000000000,2
response-high_pass-44100-127-1-1,44100,high_pass,20.00000000000000000,20.00000000000000000,127,-3.01029995659515315,-3.01029960919231154,-3.01030014609392982,-3.01029984602876599,-130.59039080363214680,-3.01029984773971515,0.00000000000000000,2
response-high_pass-44100-128-1-1,44100,high_pass,20.00000000000000000,20.00000000000000000,128,-3.01029995659515315,-3.01029960919231154,-3.01030014609392982,-3.01029984602876599,-130.59039080363214680,-3.01029984773971515,0.00000000000000000,2
response-high_pass-44100-255-1-1,44100,high_pass,20.00000000000000000,20.00000000000000000,255,-3.01029995659515315,-3.01029960919231154,-3.01030014609392982,-3.01029984602876599,-130.59039080363214680,-3.01029984773971515,0.00000000000000000,2
response-high_pass-44100-1024-1-1,44100,high_pass,20.00000000000000000,20.00000000000000000,1024,-3.01029995659515315,-3.01029960919231154,-3.01030014609392982,-3.01029984602876599,-130.59039080363214680,-3.01029984773971515,0.00000000000000000,2
response-high_pass-44100-1-1-2,44100,high_pass,20.00000000000000000,80.00000000000000000,1,-0.01693089414813151,-0.01693088115214694,-0.01693073747782851,-0.01693090053021737,-142.40790739251886521,-0.01693090224201702,0.00000000000000000,2
response-high_pass-44100-127-1-2,44100,high_pass,20.00000000000000000,80.00000000000000000,127,-0.01693089414813151,-0.01693088115214694,-0.01693073747782851,-0.01693090053021737,-142.40790739251886521,-0.01693090224201702,0.00000000000000000,2
response-high_pass-44100-128-1-2,44100,high_pass,20.00000000000000000,80.00000000000000000,128,-0.01693089414813151,-0.01693088115214694,-0.01693073747782851,-0.01693090053021737,-142.40790739251886521,-0.01693090224201702,0.00000000000000000,2
response-high_pass-44100-255-1-2,44100,high_pass,20.00000000000000000,80.00000000000000000,255,-0.01693089414813151,-0.01693088115214694,-0.01693073747782851,-0.01693090053021737,-142.40790739251886521,-0.01693090224201702,0.00000000000000000,2
response-high_pass-44100-1024-1-2,44100,high_pass,20.00000000000000000,80.00000000000000000,1024,-0.01693089414813151,-0.01693088115214694,-0.01693073747782851,-0.01693090053021737,-142.40790739251886521,-0.01693090224201702,0.00000000000000000,2
response-high_pass-44100-1-1-3,44100,high_pass,20.00000000000000000,8820.00000000000000000,1,-0.00000000006422710,-0.00000000006354822,-0.00000024014466999,-0.00000000134525514,-151.56612497311004972,-0.00000012416481607,0.00000000000000000,2
response-high_pass-44100-127-1-3,44100,high_pass,20.00000000000000000,8820.00000000000000000,127,-0.00000000006422710,-0.00000000006354822,-0.00000024014466999,-0.00000000134525514,-151.56612497311004972,-0.00000012416481607,0.00000000000000000,2
response-high_pass-44100-128-1-3,44100,high_pass,20.00000000000000000,8820.00000000000000000,128,-0.00000000006422710,-0.00000000006354822,-0.00000024014466999,-0.00000000134525514,-151.56612497311004972,-0.00000012416481607,0.00000000000000000,2
response-high_pass-44100-255-1-3,44100,high_pass,20.00000000000000000,8820.00000000000000000,255,-0.00000000006422710,-0.00000000006354822,-0.00000024014466999,-0.00000000134525514,-151.56612497311004972,-0.00000012416481607,0.00000000000000000,2
response-high_pass-44100-1024-1-3,44100,high_pass,20.00000000000000000,8820.00000000000000000,1024,-0.00000000006422710,-0.00000000006354822,-0.00000024014466999,-0.00000000134525514,-151.56612497311004972,-0.00000012416481607,0.00000000000000000,2
response-high_pass-44100-1-1-4,44100,high_pass,20.00000000000000000,19844.00000000000000000,1,-0.00000000000001157,-0.00000000000000289,-0.00000021955845163,0.00000013021117346,-149.38603592558430933,0.00000012716916973,0.00000000000000000,2
response-high_pass-44100-127-1-4,44100,high_pass,20.00000000000000000,19844.00000000000000000,127,-0.00000000000001157,-0.00000000000000289,-0.00000021955845163,0.00000013021117346,-149.38603592558430933,0.00000012716916973,0.00000000000000000,2
response-high_pass-44100-128-1-4,44100,high_pass,20.00000000000000000,19844.00000000000000000,128,-0.00000000000001157,-0.00000000000000289,-0.00000021955845163,0.00000013021117346,-149.38603592558430933,0.00000012716916973,0.00000000000000000,2
response-high_pass-44100-255-1-4,44100,high_pass,20.00000000000000000,19844.00000000000000000,255,-0.00000000000001157,-0.00000000000000289,-0.00000021955845163,0.00000013021117346,-149.38603592558430933,0.00000012716916973,0.00000000000000000,2
response-high_pass-44100-1024-1-4,44100,high_pass,20.00000000000000000,19844.00000000000000000,1024,-0.00000000000001157,-0.00000000000000289,-0.00000021955845163,0.00000013021117346,-149.38603592558430933,0.00000012716916973,0.00000000000000000,2
response-high_pass-44100-1-2-0,44100,high_pass,100.00000000000000000,24.00000000000000000,1,-24.80621135499732333,-24.80621169287273275,-24.80618507852419086,-24.80621136611291178,-139.67106028638920634,-24.80621136740921884,0.00000000000000000,2
response-high_pass-44100-127-2-0,44100,high_pass,100.00000000000000000,24.00000000000000000,127,-24.80621135499732333,-24.80621169287273275,-24.80618507852419086,-24.80621136611291178,-139.67106028638920634,-24.80621136740921884,0.00000000000000000,2
response-high_pass-44100-128-2-0,44100,high_pass,100.00000000000000000,24.00000000000000000,128,-24.80621135499732333,-24.80621169287273275,-24.80618507852419086,-24.80621136611291178,-139.67106028638920634,-24.80621136740921884,0.00000000000000000,2
response-high_pass-44100-255-2-0,44100,high_pass,100.00000000000000000,24.00000000000000000,255,-24.80621135499732333,-24.80621169287273275,-24.80618507852419086,-24.80621136611291178,-139.67106028638920634,-24.80621136740921884,0.00000000000000000,2
response-high_pass-44100-1024-2-0,44100,high_pass,100.00000000000000000,24.00000000000000000,1024,-24.80621135499732333,-24.80621169287273275,-24.80618507852419086,-24.80621136611291178,-139.67106028638920634,-24.80621136740921884,0.00000000000000000,2
response-high_pass-44100-1-2-1,44100,high_pass,100.00000000000000000,100.00000000000000000,1,-3.01029995663949901,-3.01029960082014725,-3.01029689466742623,-3.01030089185406435,-137.95572785097326118,-3.01030090517600613,0.00000000000000000,2
response-high_pass-44100-127-2-1,44100,high_pass,100.00000000000000000,100.00000000000000000,127,-3.01029995663949901,-3.01029960082014725,-3.01029689466742623,-3.01030089185406435,-137.95572785097326118,-3.01030090517600613,0.00000000000000000,2
response-high_pass-44100-128-2-1,44100,high_pass,100.00000000000000000,100.00000000000000000,128,-3.01029995663949901,-3.01029960082014725,-3.01029689466742623,-3.01030089185406435,-137.95572785097326118,-3.01030090517600613,0.00000000000000000,2
response-high_pass-44100-255-2-1,44100,high_pass,100.00000000000000000,100.00000000000000000,255,-3.01029995663949901,-3.01029960082014725,-3.01029689466742623,-3.01030089185406435,-137.95572785097326118,-3.01030090517600613,0.00000000000000000,2
response-high_pass-44100-1024-2-1,44100,high_pass,100.00000000000000000,100.00000000000000000,1024,-3.01029995663949901,-3.01029960082014725,-3.01029689466742623,-3.01030089185406435,-137.95572785097326118,-3.01030090517600613,0.00000000000000000,2
response-high_pass-44100-1-2-2,44100,high_pass,100.00000000000000000,400.00000000000000000,1,-0.01691443384661888,-0.01691436604129239,-0.01691403284429021,-0.01691450890330472,-146.59074734682914709,-0.01691452222536552,0.00000000000000000,2
response-high_pass-44100-127-2-2,44100,high_pass,100.00000000000000000,400.00000000000000000,127,-0.01691443384661888,-0.01691436604129239,-0.01691403284429021,-0.01691450890330472,-146.59074734682914709,-0.01691452222536552,0.00000000000000000,2
response-high_pass-44100-128-2-2,44100,high_pass,100.00000000000000000,400.00000000000000000,128,-0.01691443384661888,-0.01691436604129239,-0.01691403284429021,-0.01691450890330472,-146.59074734682914709,-0.01691452222536552,0.00000000000000000,2
response-high_pass-44100-255-2-2,44100,high_pass,100.00000000000000000,400.00000000000000000,255,-0.01691443384661888,-0.01691436604129239,-0.01691403284429021,-0.01691450890330472,-146.59074734682914709,-0.01691452222536552,0.00000000000000000,2
response-high_pass-44100-1024-2-2,44100,high_pass,100.00000000000000000,400.00000000000000000,1024,-0.01691443384661888,-0.01691436604129239,-0.01691403284429021,-0.01691450890330472,-146.59074734682914709,-0.01691452222536552,0.00000000000000000,2
response-high_pass-44100-1-2-3,44100,high_pass,100.00000000000000000,8820.00000000000000000,1,-0.00000004014344625,-0.00000004003626510,-0.00000025003171052,0.00000020853889413,-155.47198483514284817,0.00000008571915680,0.00000000000000000,2
response-high_pass-44100-127-2-3,44100,high_pass,100.00000000000000000,8820.00000000000000000,127,-0.00000004014344625,-0.00000004003626510,-0.00000025003171052,0.00000020853889413,-155.47198483514284817,0.00000008571915680,0.00000000000000000,2
response-high_pass-44100-128-2-3,44100,high_pass,100.00000000000000000,8820.00000000000000000,128,-0.00000004014344625,-0.00000004003626510,-0.00000025003171052,0.00000020853889413,-155.47198483514284817,0.00000008571915680,0.00000000000000000,2
response-high_pass-44100-255-2-3,44100,high_pass,100.00000000000000000,8820.00000000000000000,255,-0.00000004014344625,-0.00000004003626510,-0.00000025003171052,0.00000020853889413,-155.47198483514284817,0.00000008571915680,0.00000000000000000,2
response-high_pass-44100-1024-2-3,44100,high_pass,100.00000000000000000,8820.00000000000000000,1024,-0.00000004014344625,-0.00000004003626510,-0.00000025003171052,0.00000020853889413,-155.47198483514284817,0.00000008571915680,0.00000000000000000,2
response-high_pass-44100-1-2-4,44100,high_pass,100.00000000000000000,19844.00000000000000000,1,-0.00000000000705213,-0.00000000000563167,-0.00000019548788666,-0.00000002246062454,-148.89040602432692140,-0.00000002550263315,0.00000000000000000,2
response-high_pass-44100-127-2-4,44100,high_pass,100.00000000000000000,19844.00000000000000000,127,-0.00000000000705213,-0.00000000000563167,-0.00000019548788666,-0.00000002246062454,-148.89040602432692140,-0.00000002550263315,0.00000000000000000,2
response-high_pass-44100-128-2-4,44100,high_pass,100.00000000000000000,19844.00000000000000000,128,-0.00000000000705213,-0.00000000000563167,-0.00000019548788666,-0.00000002246062454,-148.89040602432692140,-0.00000002550263315,0.00000000000000000,2
response-high_pass-44100-255-2-4,44100,high_pass,100.00000000000000000,19844.00000000000000000,255,-0.00000000000705213,-0.00000000000563167,-0.00000019548788666,-0.00000002246062454,-148.89040602432692140,-0.00000002550263315,0.00000000000000000,2
response-high_pass-44100-1024-2-4,44100,high_pass,100.00000000000000000,19844.00000000000000000,1024,-0.00000000000705213,-0.00000000000563167,-0.00000019548788666,-0.00000002246062454,-148.89040602432692140,-0.00000002550263315,0.00000000000000000,2
response-high_pass-44100-1-3-0,44100,high_pass,1000.00000000000000000,252.00000000000000000,1,-23.98890177082105879,-23.98890157710632565,-23.98890217854241413,-23.98890228831027116,-145.20943284024491504,-23.98890230886458141,0.00000000000000000,2
response-high_pass-44100-127-3-0,44100,high_pass,1000.00000000000000000,252.00000000000000000,127,-23.98890177082105879,-23.98890157710632565,-23.98890217854241413,-23.98890228831027116,-145.20943284024491504,-23.98890230886458141,0.00000000000000000,2
response-high_pass-44100-128-3-0,44100,high_pass,1000.00000000000000000,252.00000000000000000,128,-23.98890177082105879,-23.98890157710632565,-23.98890217854241413,-23.98890228831027116,-145.20943284024491504,-23.98890230886458141,0.00000000000000000,2
response-high_pass-44100-255-3-0,44100,high_pass,1000.00000000000000000,252.00000000000000000,255,-23.98890177082105879,-23.98890157710632565,-23.98890217854241413,-23.98890228831027116,-145.20943284024491504,-23.98890230886458141,0.00000000000000000,2
response-high_pass-44100-1024-3-0,44100,high_pass,1000.00000000000000000,252.00000000000000000,1024,-23.98890177082105879,-23.98890157710632565,-23.98890217854241413,-23.98890228831027116,-145.20943284024491504,-23.98890230886458141,0.00000000000000000,2
response-high_pass-44100-1-3-1,44100,high_pass,1000.00000000000000000,1000.00000000000000000,1,-3.01029995663984806,-3.01030034267133573,-3.01030072953180206,-3.01030037027733055,-141.73675142159066809,-3.01030038359941576,0.00000000000000000,2
response-high_pass-44100-127-3-1,44100,high_pass,1000.00000000000000000,1000.00000000000000000,127,-3.01029995663984806,-3.01030034267133573,-3.01030072953180206,-3.01030037027733055,-141.73675142159066809,-3.01030038359941576,0.00000000000000000,2
response-high_pass-44100-128-3-1,44100,high_pass,1000.00000000000000000,1000.00000000000000000,128,-3.01029995663984806,-3.01030034267133573,-3.01030072953180206,-3.01030037027733055,-141.73675142159066809,-3.01030038359941576,0.00000000000000000,2
response-high_pass-44100-255-3-1,44100,high_pass,1000.00000000000000000,1000.00000000000000000,255,-3.01029995663984806,-3.01030034267133573,-3.01030072953180206,-3.01030037027733055,-141.73675142159066809,-3.01030038359941576,0.00000000000000000,2
response-high_pass-44100-1024-3-1,44100,high_pass,1000.00000000000000000,1000.00000000000000000,1024,-3.01029995663984806,-3.01030034267133573,-3.01030072953180206,-3.01030037027733055,-141.73675142159066809,-3.01030038359941576,0.00000000000000000,2
response-high_pass-44100-1-3-2,44100,high_pass,1000.00000000000000000,4000.00000000000000000,1,-0.01526838130547939,-0.01526844141557015,-0.01526842451377207,-0.01526844408385815,-147.11276176815971439,-0.01526845740588879,0.00000000000000000,2
response-high_pass-44100-127-3-2,44100,high_pass,1000.00000000000000000,4000.00000000000000000,127,-0.01526838130547939,-0.01526844141557015,-0.01526842451377207,-0.01526844408385815,-147.11276176815971439,-0.01526845740588879,0.00000000000000000,2
response-high_pass-44100-128-3-2,44100,high_pass,1000.00000000000000000,4000.00000000000000000,128,-0.01526838130547939,-0.01526844141557015,-0.01526842451377207,-0.01526844408385815,-147.11276176815971439,-0.01526845740588879,0.00000000000000000,2
response-high_pass-44100-255-3-2,44100,high_pass,1000.00000000000000000,4000.00000000000000000,255,-0.01526838130547939,-0.01526844141557015,-0.01526842451377207,-0.01526844408385815,-147.11276176815971439,-0.01526845740588879,0.00000000000000000,2
response-high_pass-44100-1024-3-2,44100,high_pass,1000.00000000000000000,4000.00000000000000000,1024,-0.01526838130547939,-0.01526844141557015,-0.01526842451377207,-0.01526844408385815,-147.11276176815971439,-0.01526845740588879,0.00000000000000000,2
response-high_pass-44100-1-3-3,44100,high_pass,1000.00000000000000000,8820.00000000000000000,1,-0.00040411706935471,-0.00040412699825935,-0.00040412184868660,-0.00040392837714815,-146.99512911666113268,-0.00040405119673197,0.00000000000000000,2
response-high_pass-44100-127-3-3,44100,high_pass,1000.00000000000000000,8820.00000000000000000,127,-0.00040411706935471,-0.00040412699825935,-0.00040412184868660,-0.00040392837714815,-146.99512911666113268,-0.00040405119673197,0.00000000000000000,2
response-high_pass-44100-128-3-3,44100,high_pass,1000.00000000000000000,8820.00000000000000000,128,-0.00040411706935471,-0.00040412699825935,-0.00040412184868660,-0.00040392837714815,-146.99512911666113268,-0.00040405119673197,0.00000000000000000,2
response-high_pass-44100-255-3-3,44100,high_pass,1000.00000000000000000,8820.00000000000000000,255,-0.00040411706935471,-0.00040412699825935,-0.00040412184868660,-0.00040392837714815,-146.99512911666113268,-0.00040405119673197,0.00000000000000000,2
response-high_pass-44100-1024-3-3,44100,high_pass,1000.00000000000000000,8820.00000000000000000,1024,-0.00040411706935471,-0.00040412699825935,-0.00040412184868660,-0.00040392837714815,-146.99512911666113268,-0.00040405119673197,0.00000000000000000,2
response-high_pass-44100-1-3-4,44100,high_pass,1000.00000000000000000,19844.00000000000000000,1,-0.00000007099412011,-0.00000007112604782,0.00000007163526999,-0.00000006576131761,-147.97527589120551283,-0.00000006880334841,0.00000000000000000,2
response-high_pass-44100-127-3-4,44100,high_pass,1000.00000000000000000,19844.00000000000000000,127,-0.00000007099412011,-0.00000007112604782,0.00000007163526999,-0.00000006576131761,-147.97527589120551283,-0.00000006880334841,0.00000000000000000,2
response-high_pass-44100-128-3-4,44100,high_pass,1000.00000000000000000,19844.00000000000000000,128,-0.00000007099412011,-0.00000007112604782,0.00000007163526999,-0.00000006576131761,-147.97527589120551283,-0.00000006880334841,0.00000000000000000,2
response-high_pass-44100-255-3-4,44100,high_pass,1000.00000000000000000,19844.00000000000000000,255,-0.00000007099412011,-0.00000007112604782,0.00000007163526999,-0.00000006576131761,-147.97527589120551283,-0.00000006880334841,0.00000000000000000,2
response-high_pass-44100-1024-3-4,44100,high_pass,1000.00000000000000000,19844.00000000000000000,1024,-0.00000007099412011,-0.00000007112604782,0.00000007163526999,-0.00000006576131761,-147.97527589120551283,-0.00000006880334841,0.00000000000000000,2
response-high_pass-44100-1-4-0,44100,high_pass,4410.00000000000000000,1104.00000000000000000,1,-24.62296401145122360,-24.62296437490971712,-24.62297043491467363,-24.62296433896365855,-147.61307175286049187,-24.62296434027212300,0.00000000000000000,2
response-high_pass-44100-127-4-0,44100,high_pass,4410.00000000000000000,1104.00000000000000000,127,-24.62296401145122360,-24.62296437490971712,-24.62297043491467363,-24.62296433896365855,-147.61307175286049187,-24.62296434027212300,0.00000000000000000,2
response-high_pass-44100-128-4-0,44100,high_pass,4410.00000000000000000,1104.00000000000000000,128,-24.62296401145122360,-24.62296437490971712,-24.62297043491467363,-24.62296433896365855,-147.61307175286049187,-24.62296434027212300,0.00000000000000000,2
response-high_pass-44100-255-4-0,44100,high_pass,4410.00000000000000000,1104.00000000000000000,255,-24.62296401145122360,-24.62296437490971712,-24.62297043491467363,-24.62296433896365855,-147.61307175286049187,-24.62296434027212300,0.00000000000000000,2
response-high_pass-44100-1024-4-0,44100,high_pass,4410.00000000000000000,1104.00000000000000000,1024,-24.62296401145122360,-24.62296437490971712,-24.62297043491467363,-24.62296433896365855,-147.61307175286049187,-24.62296434027212300,0.00000000000000000,2
response-high_pass-44100-1-4-1,44100,high_pass,4410.00000000000000000,4412.00000000000000000,1,-3.00609200054778736,-3.00609219503154490,-3.00609272094245839,-3.00609219080796786,-142.72799599810059590,-3.00609219385001669,0.00000000000000000,2
response-high_pass-44100-127-4-1,44100,high_pass,4410.00000000000000000,4412.00000000000000000,127,-3.00609200054778736,-3.00609219503154490,-3.00609272094245839,-3.00609219080796786,-142.72799599810059590,-3.00609219385001669,0.00000000000000000,2
response-high_pass-44100-128-4-1,44100,high_pass,4410.00000000000000000,4412.00000000000000000,128,-3.00609200054778736,-3.00609219503154490,-3.00609272094245839,-3.00609219080796786,-142.72799599810059590,-3.00609219385001669,0.00000000000000000,2
response-high_pass-44100-255-4-1,44100,high_pass,4410.00000000000000000,4412.00000000000000000,255,-3.00609200054778736,-3.00609219503154490,-3.00609272094245839,-3.00609219080796786,-142.72799599810059590,-3.00609219385001669,0.00000000000000000,2
response-high_pass-44100-1024-4-1,44100,high_pass,4410.00000000000000000,4412.00000000000000000,1024,-3.00609200054778736,-3.00609219503154490,-3.00609272094245839,-3.00609219080796786,-142.72799599810059590,-3.00609219385001669,0.00000000000000000,2
response-high_pass-44100-1-4-2,44100,high_pass,4410.00000000000000000,8820.00000000000000000,1,-0.17033339298780301,-0.17033341198331903,-0.17033379636428475,-0.17033297729581789,-143.34585234147854749,-0.17033310011570812,0.00000000000000000,2
response-high_pass-44100-127-4-2,44100,high_pass,4410.00000000000000000,8820.00000000000000000,127,-0.17033339298780301,-0.17033341198331903,-0.17033379636428475,-0.17033297729581789,-143.34585234147854749,-0.17033310011570812,0.00000000000000000,2
response-high_pass-44100-128-4-2,44100,high_pass,4410.00000000000000000,8820.00000000000000000,128,-0.17033339298780301,-0.17033341198331903,-0.17033379636428475,-0.17033297729581789,-143.34585234147854749,-0.17033310011570812,0.00000000000000000,2
response-high_pass-44100-255-4-2,44100,high_pass,4410.00000000000000000,8820.00000000000000000,255,-0.17033339298780301,-0.17033341198331903,-0.17033379636428475,-0.17033297729581789,-143.34585234147854749,-0.17033310011570812,0.00000000000000000,2
response-high_pass-44100-1024-4-2,44100,high_pass,4410.00000000000000000,8820.00000000000000000,1024,-0.17033339298780301,-0.17033341198331903,-0.17033379636428475,-0.17033297729581789,-143.34585234147854749,-0.17033310011570812,0.00000000000000000,2
response-high_pass-44100-1-4-3,44100,high_pass,4410.00000000000000000,17640.00000000000000000,1,-0.00053946794723038,-0.00053946828366269,-0.00053930159844355,-0.00053935768776708,-146.53937291130031895,-0.00053948050764090,0.00000000000000000,2
response-high_pass-44100-127-4-3,44100,high_pass,4410.00000000000000000,17640.00000000000000000,127,-0.00053946794723038,-0.00053946828366269,-0.00053930159844355,-0.00053935768776708,-146.53937291130031895,-0.00053948050764090,0.00000000000000000,2
response-high_pass-44100-128-4-3,44100,high_pass,4410.00000000000000000,17640.00000000000000000,128,-0.00053946794723038,-0.00053946828366269,-0.00053930159844355,-0.00053935768776708,-146.53937291130031895,-0.00053948050764090,0.00000000000000000,2
response-high_pass-44100-255-4-3,44100,high_pass,4410.00000000000000000,17640.00000000000000000,255,-0.00053946794723038,-0.00053946828366269,-0.00053930159844355,-0.00053935768776708,-146.53937291130031895,-0.00053948050764090,0.00000000000000000,2
response-high_pass-44100-1024-4-3,44100,high_pass,4410.00000000000000000,17640.00000000000000000,1024,-0.00053946794723038,-0.00053946828366269,-0.00053930159844355,-0.00053935768776708,-146.53937291130031895,-0.00053948050764090,0.00000000000000000,2
response-high_pass-44100-1-4-4,44100,high_pass,4410.00000000000000000,19844.00000000000000000,1,-0.00003051671397485,-0.00003051678582328,-0.00003051702059156,-0.00003051480612340,-145.89626936965237292,-0.00003051784813690,0.00000000000000000,2
response-high_pass-44100-127-4-4,44100,high_pass,4410.00000000000000000,19844.00000000000000000,127,-0.00003051671397485,-0.00003051678582328,-0.00003051702059156,-0.00003051480612340,-145.89626936965237292,-0.00003051784813690,0.00000000000000000,2
response-high_pass-44100-128-4-4,44100,high_pass,4410.00000000000000000,19844.00000000000000000,128,-0.00003051671397485,-0.00003051678582328,-0.00003051702059156,-0.00003051480612340,-145.89626936965237292,-0.00003051784813690,0.00000000000000000,2
response-high_pass-44100-255-4-4,44100,high_pass,4410.00000000000000000,19844.00000000000000000,255,-0.00003051671397485,-0.00003051678582328,-0.00003051702059156,-0.00003051480612340,-145.89626936965237292,-0.00003051784813690,0.00000000000000000,2
response-high_pass-44100-1024-4-4,44100,high_pass,4410.00000000000000000,19844.00000000000000000,1024,-0.00003051671397485,-0.00003051678582328,-0.00003051702059156,-0.00003051480612340,-145.89626936965237292,-0.00003051784813690,0.00000000000000000,2
response-high_pass-44100-1-5-0,44100,high_pass,19845.00000000000000000,4960.00000000000000000,1,-49.33905089145027745,-49.33905031516570006,-49.33905429431445100,-49.33905263258093044,-149.36422281367245546,-49.33905263386100160,0.00000000000000000,2
response-high_pass-44100-127-5-0,44100,high_pass,19845.00000000000000000,4960.00000000000000000,127,-49.33905089145027745,-49.33905031516570006,-49.33905429431445100,-49.33905263258093044,-149.36422281367245546,-49.33905263386100160,0.00000000000000000,2
response-high_pass-44100-128-5-0,44100,high_pass,19845.00000000000000000,4960.00000000000000000,128,-49.33905089145027745,-49.33905031516570006,-49.33905429431445100,-49.33905263258093044,-149.36422281367245546,-49.33905263386100160,0.00000000000000000,2
response-high_pass-44100-255-5-0,44100,high_pass,19845.00000000000000000,4960.00000000000000000,255,-49.33905089145027745,-49.33905031516570006,-49.33905429431445100,-49.33905263258093044,-149.36422281367245546,-49.33905263386100160,0.00000000000000000,2
response-high_pass-44100-1024-5-0,44100,high_pass,19845.00000000000000000,4960.00000000000000000,1024,-49.33905089145027745,-49.33905031516570006,-49.33905429431445100,-49.33905263258093044,-149.36422281367245546,-49.33905263386100160,0.00000000000000000,2
response-high_pass-44100-1-5-1,44100,high_pass,19845.00000000000000000,8820.00000000000000000,1,-37.56181924832650054,-37.56181864332780407,-37.56173859457402386,-37.56181603928494894,-147.13255760010346762,-37.56181616204949592,0.00000000000000000,2
response-high_pass-44100-127-5-1,44100,high_pass,19845.00000000000000000,8820.00000000000000000,127,-37.56181924832650054,-37.56181864332780407,-37.56173859457402386,-37.56181603928494894,-147.13255760010346762,-37.56181616204949592,0.00000000000000000,2
response-high_pass-44100-128-5-1,44100,high_pass,19845.00000000000000000,8820.00000000000000000,128,-37.56181924832650054,-37.56181864332780407,-37.56173859457402386,-37.56181603928494894,-147.13255760010346762,-37.56181616204949592,0.00000000000000000,2
response-high_pass-44100-255-5-1,44100,high_pass,19845.00000000000000000,8820.00000000000000000,255,-37.56181924832650054,-37.56181864332780407,-37.56173859457402386,-37.56181603928494894,-147.13255760010346762,-37.56181616204949592,0.00000000000000000,2
response-high_pass-44100-1024-5-1,44100,high_pass,19845.00000000000000000,8820.00000000000000000,1024,-37.56181924832650054,-37.56181864332780407,-37.56173859457402386,-37.56181603928494894,-147.13255760010346762,-37.56181616204949592,0.00000000000000000,2
response-high_pass-44100-1-5-2,44100,high_pass,19845.00000000000000000,19844.00000000000000000,1,-3.01430565432037945,-3.01430390306777918,-3.01430436666649992,-3.01430393053653001,-128.88800247084196826,-3.01430393357750193,0.00000000000000000,2
response-high_pass-44100-127-5-2,44100,high_pass,19845.00000000000000000,19844.00000000000000000,127,-3.01430565432037945,-3.01430390306777918,-3.01430436666649992,-3.01430393053653001,-128.88800247084196826,-3.01430393357750193,0.00000000000000000,2
response-high_pass-44100-128-5-2,44100,high_pass,19845.00000000000000000,19844.00000000000000000,128,-3.01430565432037945,-3.01430390306777918,-3.01430436666649992,-3.01430393053653001,-128.88800247084196826,-3.01430393357750193,0.00000000000000000,2
response-high_pass-44100-255-5-2,44100,high_pass,19845.00000000000000000,19844.00000000000000000,255,-3.01430565432037945,-3.01430390306777918,-3.01430436666649992,-3.01430393053653001,-128.88800247084196826,-3.01430393357750193,0.00000000000000000,2
response-high_pass-44100-1024-5-2,44100,high_pass,19845.00000000000000000,19844.00000000000000000,1024,-3.01430565432037945,-3.01430390306777918,-3.01430436666649992,-3.01430393053653001,-128.88800247084196826,-3.01430393357750193,0.00000000000000000,2
response-high_pass-44100-1-5-3,44100,high_pass,19845.00000000000000000,22048.00000000000000000,1,-0.00000000000284959,-0.00000000000046770,-0.00000002819676545,0.00000000071540562,-129.46780479167347266,-0.00000000236830050,0.00000000000000000,2
response-high_pass-44100-127-5-3,44100,high_pass,19845.00000000000000000,22048.00000000000000000,127,-0.00000000000284959,-0.00000000000046770,-0.00000002819676545,0.00000000071540562,-129.46780479167347266,-0.00000000236830050,0.00000000000000000,2
response-high_pass-44100-128-5-3,44100,high_pass,19845.00000000000000000,22048.00000000000000000,128,-0.00000000000284959,-0.00000000000046770,-0.00000002819676545,0.00000000071540562,-129.46780479167347266,-0.00000000236830050,0.00000000000000000,2
response-high_pass-44100-255-5-3,44100,high_pass,19845.00000000000000000,22048.00000000000000000,255,-0.00000000000284959,-0.00000000000046770,-0.00000002819676545,0.00000000071540562,-129.46780479167347266,-0.00000000236830050,0.00000000000000000,2
response-high_pass-44100-1024-5-3,44100,high_pass,19845.00000000000000000,22048.00000000000000000,1024,-0.00000000000284959,-0.00000000000046770,-0.00000002819676545,0.00000000071540562,-129.46780479167347266,-0.00000000236830050,0.00000000000000000,2
response-low_pass-44100-1-0-0,44100,low_pass,10.00000000000000000,4.00000000000000000,1,-0.10978006043796061,-0.10978009594275642,-0.10977610886508200,-0.10978236388816982,-128.27988502660065251,-0.10978236692947022,0.00000000000000000,0
response-low_pass-44100-127-0-0,44100,low_pass,10.00000000000000000,4.00000000000000000,127,-0.10978006043796061,-0.10978009594275642,-0.10977610886508200,-0.10978236388816982,-128.27988502660065251,-0.10978236692947022,0.00000000000000000,0
response-low_pass-44100-128-0-0,44100,low_pass,10.00000000000000000,4.00000000000000000,128,-0.10978006043796061,-0.10978009594275642,-0.10977610886508200,-0.10978236388816982,-128.27988502660065251,-0.10978236692947022,0.00000000000000000,0
response-low_pass-44100-255-0-0,44100,low_pass,10.00000000000000000,4.00000000000000000,255,-0.10978006043796061,-0.10978009594275642,-0.10977610886508200,-0.10978236388816982,-128.27988502660065251,-0.10978236692947022,0.00000000000000000,0
response-low_pass-44100-1024-0-0,44100,low_pass,10.00000000000000000,4.00000000000000000,1024,-0.10978006043796061,-0.10978009594275642,-0.10977610886508200,-0.10978236388816982,-128.27988502660065251,-0.10978236692947022,0.00000000000000000,0
response-low_pass-44100-1-0-1,44100,low_pass,10.00000000000000000,12.00000000000000000,1,-4.87647434755068954,-4.87647478667899570,-4.87646938884108394,-4.87647319054963635,-138.50328834235074282,-4.87647319185726857,0.00000000000000000,0
response-low_pass-44100-127-0-1,44100,low_pass,10.00000000000000000,12.00000000000000000,127,-4.87647434755068954,-4.87647478667899570,-4.87646938884108394,-4.87647319054963635,-138.50328834235074282,-4.87647319185726857,0.00000000000000000,0
response-low_pass-44100-128-0-1,44100,low_pass,10.00000000000000000,12.00000000000000000,128,-4.87647434755068954,-4.87647478667899570,-4.87646938884108394,-4.87647319054963635,-138.50328834235074282,-4.87647319185726857,0.00000000000000000,0
response-low_pass-44100-255-0-1,44100,low_pass,10.00000000000000000,12.00000000000000000,255,-4.87647434755068954,-4.87647478667899570,-4.87646938884108394,-4.87647319054963635,-138.50328834235074282,-4.87647319185726857,0.00000000000000000,0
response-low_pass-44100-1024-0-1,44100,low_pass,10.00000000000000000,12.00000000000000000,1024,-4.87647434755068954,-4.87647478667899570,-4.87646938884108394,-4.87647319054963635,-138.50328834235074282,-4.87647319185726857,0.00000000000000000,0
response-low_pass-44100-1-0-2,44100,low_pass,10.00000000000000000,40.00000000000000000,1,-24.09937514139411263,-24.09937570105793725,-24.09938706611521297,-24.09937637248268061,-152.81029600441831917,-24.09937637418967071,0.00000000000000000,0
response-low_pass-44100-127-0-2,44100,low_pass,10.00000000000000000,40.00000000000000000,127,-24.09937514139411263,-24.09937570105793725,-24.09938706611521297,-24.09937637248268061,-152.81029600441831917,-24.09937637418967071,0.00000000000000000,0
response-low_pass-44100-128-0-2,44100,low_pass,10.00000000000000000,40.00000000000000000,128,-24.09937514139411263,-24.09937570105793725,-24.09938706611521297,-24.09937637248268061,-152.81029600441831917,-24.09937637418967071,0.00000000000000000,0
response-low_pass-44100-255-0-2,44100,low_pass,10.00000000000000000,40.00000000000000000,255,-24.09937514139411263,-24.09937570105793725,-24.09938706611521297,-24.09937637248268061,-152.81029600441831917,-24.09937637418967071,0.00000000000000000,0
response-low_pass-44100-1024-0-2,44100,low_pass,10.00000000000000000,40.00000000000000000,1024,-24.09937514139411263,-24.09937570105793725,-24.09938706611521297,-24.09937637248268061,-152.81029600441831917,-24.09937637418967071,0.00000000000000000,0
response-low_pass-44100-1-0-3,44100,low_pass,10.00000000000000000,8820.00000000000000000,1,-120.34198736069720326,-120.34198791369810522,-120.34821320303751691,-120.34198816302591695,-200.19615419213764085,-120.34162152799146384,0.00000000000000000,0
response-low_pass-44100-127-0-3,44100,low_pass,10.00000000000000000,8820.00000000000000000,127,-120.34198736069720326,-120.34198791369810522,-120.34821320303751691,-120.34198816302591695,-200.19615419213764085,-120.34162152799146384,0.00000000000000000,0
response-low_pass-44100-128-0-3,44100,low_pass,10.00000000000000000,8820.00000000000000000,128,-120.34198736069720326,-120.34198791369810522,-120.34821320303751691,-120.34198816302591695,-200.19615419213764085,-120.34162152799146384,0.00000000000000000,0
response-low_pass-44100-255-0-3,44100,low_pass,10.00000000000000000,8820.00000000000000000,255,-120.34198736069720326,-120.34198791369810522,-120.34821320303751691,-120.34198816302591695,-200.19615419213764085,-120.34162152799146384,0.00000000000000000,0
response-low_pass-44100-1024-0-3,44100,low_pass,10.00000000000000000,8820.00000000000000000,1024,-120.34198736069720326,-120.34198791369810522,-120.34821320303751691,-120.34198816302591695,-200.19615419213764085,-120.34162152799146384,0.00000000000000000,0
response-low_pass-44100-1-0-4,44100,low_pass,10.00000000000000000,19844.00000000000000000,1,-157.89503745652865518,-157.89503800952701340,-157.65615474197855406,-157.89503767289443203,-186.91354211085729276,-157.88537260945855678,0.00000000000000000,0
response-low_pass-44100-127-0-4,44100,low_pass,10.00000000000000000,19844.00000000000000000,127,-157.89503745652865518,-157.89503800952701340,-157.65615474197855406,-157.89503767289443203,-186.91354211085729276,-157.88537260945855678,0.00000000000000000,0
response-low_pass-44100-128-0-4,44100,low_pass,10.00000000000000000,19844.00000000000000000,128,-157.89503745652865518,-157.89503800952701340,-157.65615474197855406,-157.89503767289443203,-186.91354211085729276,-157.88537260945855678,0.00000000000000000,0
response-low_pass-44100-255-0-4,44100,low_pass,10.00000000000000000,19844.00000000000000000,255,-157.89503745652865518,-157.89503800952701340,-157.65615474197855406,-157.89503767289443203,-186.91354211085729276,-157.88537260945855678,0.00000000000000000,0
response-low_pass-44100-1024-0-4,44100,low_pass,10.00000000000000000,19844.00000000000000000,1024,-157.89503745652865518,-157.89503800952701340,-157.65615474197855406,-157.89503767289443203,-186.91354211085729276,-157.88537260945855678,0.00000000000000000,0
response-low_pass-44100-1-1-0,44100,low_pass,20.00000000000000000,4.00000000000000000,1,-0.00694314062903084,-0.00694313442895648,-0.00694366548428563,-0.00694330120803814,-132.08214557671286116,-0.00694330424980706,0.00000000000000000,2
response-low_pass-44100-127-1-0,44100,low_pass,20.00000000000000000,4.00000000000000000,127,-0.00694314062903084,-0.00694313442895648,-0.00694366548428563,-0.00694330120803814,-132.08214557671286116,-0.00694330424980706,0.00000000000000000,2
response-low_pass-44100-128-1-0,44100,low_pass,20.00000000000000000,4.00000000000000000,128,-0.00694314062903084,-0.00694313442895648,-0.00694366548428563,-0.00694330120803814,-132.08214557671286116,-0.00694330424980706,0.00000000000000000,2
response-low_pass-44100-255-1-0,44100,low_pass,20.00000000000000000,4.00000000000000000,255,-0.00694314062903084,-0.00694313442895648,-0.00694366548428563,-0.00694330120803814,-132.08214557671286116,-0.00694330424980706,0.00000000000000000,2
response-low_pass-44100-1024-1-0,44100,low_pass,20.00000000000000000,4.00000000000000000,1024,-0.00694314062903084,-0.00694313442895648,-0.00694366548428563,-0.00694330120803814,-132.08214557671286116,-0.00694330424980706,0.00000000000000000,2
response-low_pass-44100-1-1-1,44100,low_pass,20.00000000000000000,20.00000000000000000,1,-3.01029995672355888,-3.01030012788020995,-3.01030215996896189,-3.01030076002018765,-131.50088152718063839,-3.01030076173125982,0.00000000000000000,2
response-low_pass-44100-127-1-1,44100,low_pass,20.00000000000000000,20.00000000000000000,127,-3.01029995672355888,-3.01030012788020995,-3.01030215996896189,-3.01030076002018765,-131.50088152718063839,-3.01030076173125982,0.00000000000000000,2
response-low_pass-44100-128-1-1,44100,low_pass,20.00000000000000000,20.00000000000000000,128,-3.01029995672355888,-3.01030012788020995,-3.01030215996896189,-3.01030076002018765,-131.50088152718063839,-3.01030076173125982,0.00000000000000000,2
response-low_pass-44100-255-1-1,44100,low_pass,20.00000000000000000,20.00000000000000000,255,-3.01029995672355888,-3.01030012788020995,-3.01030215996896189,-3.01030076002018765,-131.50088152718063839,-3.01030076173125982,0.00000000000000000,2
response-low_pass-44100-1024-1-1,44100,low_pass,20.00000000000000000,20.00000000000000000,1024,-3.01029995672355888,-3.01030012788020995,-3.01030215996896189,-3.01030076002018765,-131.50088152718063839,-3.01030076173125982,0.00000000000000000,2
response-low_pass-44100-1-1-2,44100,low_pass,20.00000000000000000,80.00000000000000000,1,-24.09950686684656773,-24.09950737246508012,-24.09950323938669570,-24.09950754755779556,-154.45774160320115698,-24.09950754926725480,0.00000000000000000,2
response-low_pass-44100-127-1-2,44100,low_pass,20.00000000000000000,80.00000000000000000,127,-24.09950686684656773,-24.09950737246508012,-24.09950323938669570,-24.09950754755779556,-154.45774160320115698,-24.09950754926725480,0.00000000000000000,2
response-low_pass-44100-128-1-2,44100,low_pass,20.00000000000000000,80.00000000000000000,128,-24.09950686684656773,-24.09950737246508012,-24.09950323938669570,-24.09950754755779556,-154.45774160320115698,-24.09950754926725480,0.00000000000000000,2
response-low_pass-44100-255-1-2,44100,low_pass,20.00000000000000000,80.00000000000000000,255,-24.09950686684656773,-24.09950737246508012,-24.09950323938669570,-24.09950754755779556,-154.45774160320115698,-24.09950754926725480,0.00000000000000000,2
response-low_pass-44100-1024-1-2,44100,low_pass,20.00000000000000000,80.00000000000000000,1024,-24.09950686684656773,-24.09950737246508012,-24.09950323938669570,-24.09950754755779556,-154.45774160320115698,-24.09950754926725480,0.00000000000000000,2
response-low_pass-44100-1-1-3,44100,low_pass,20.00000000000000000,8820.00000000000000000,1,-108.30077871835383974,-108.30077923695714048,-108.30368913427381017,-108.30078534135691370,-155.88342445284200721,-108.30066713653386046,0.00000000000000000,2
response-low_pass-44100-127-1-3,44100,low_pass,20.00000000000000000,8820.00000000000000000,127,-108.30077871835383974,-108.30077923695714048,-108.30368913427381017,-108.30078534135691370,-155.88342445284200721,-108.30066713653386046,0.00000000000000000,2
response-low_pass-44100-128-1-3,44100,low_pass,20.00000000000000000,8820.00000000000000000,128,-108.30077871835383974,-108.30077923695714048,-108.30368913427381017,-108.30078534135691370,-155.88342445284200721,-108.30066713653386046,0.00000000000000000,2
response-low_pass-44100-255-1-3,44100,low_pass,20.00000000000000000,8820.00000000000000000,255,-108.30077871835383974,-108.30077923695714048,-108.30368913427381017,-108.30078534135691370,-155.88342445284200721,-108.30066713653386046,0.00000000000000000,2
response-low_pass-44100-1024-1-3,44100,low_pass,20.00000000000000000,8820.00000000000000000,1024,-108.30077871835383974,-108.30077923695714048,-108.30368913427381017,-108.30078534135691370,-155.88342445284200721,-108.30066713653386046,0.00000000000000000,2
response-low_pass-44100-1-1-4,44100,low_pass,20.00000000000000000,19844.00000000000000000,1,-145.85382881412508027,-145.85382933272802575,-145.73977239772233361,-145.85382932788448329,-178.65875291846225537,-145.85154002341653268,0.00000000000000000,2
response-low_pass-44100-127-1-4,44100,low_pass,20.00000000000000000,19844.00000000000000000,127,-145.85382881412508027,-145.85382933272802575,-145.73977239772233361,-145.85382932788448329,-178.65875291846225537,-145.85154002341653268,0.00000000000000000,2
response-low_pass-44100-128-1-4,44100,low_pass,20.00000000000000000,19844.00000000000000000,128,-145.85382881412508027,-145.85382933272802575,-145.73977239772233361,-145.85382932788448329,-178.65875291846225537,-145.85154002341653268,0.00000000000000000,2
response-low_pass-44100-255-1-4,44100,low_pass,20.00000000000000000,19844.00000000000000000,255,-145.85382881412508027,-145.85382933272802575,-145.73977239772233361,-145.85382932788448329,-178.65875291846225537,-145.85154002341653268,0.00000000000000000,2
response-low_pass-44100-1024-1-4,44100,low_pass,20.00000000000000000,19844.00000000000000000,1024,-145.85382881412508027,-145.85382933272802575,-145.73977239772233361,-145.85382932788448329,-178.65875291846225537,-145.85154002341653268,0.00000000000000000,2
response-low_pass-44100-1-2-0,44100,low_pass,100.00000000000000000,24.00000000000000000,1,-0.01438408303945028,-0.01438401769978901,-0.01438112732374338,-0.01438368195164519,-137.50241814558606279,-0.01438368326204607,0.00000000000000000,2
response-low_pass-44100-127-2-0,44100,low_pass,100.00000000000000000,24.00000000000000000,127,-0.01438408303945028,-0.01438401769978901,-0.01438112732374338,-0.01438368195164519,-137.50241814558606279,-0.01438368326204607,0.00000000000000000,2
response-low_pass-44100-128-2-0,44100,low_pass,100.00000000000000000,24.00000000000000000,128,-0.01438408303945028,-0.01438401769978901,-0.01438112732374338,-0.01438368195164519,-137.50241814558606279,-0.01438368326204607,0.00000000000000000,2
response-low_pass-44100-255-2-0,44100,low_pass,100.00000000000000000,24.00000000000000000,255,-0.01438408303945028,-0.01438401769978901,-0.01438112732374338,-0.01438368195164519,-137.50241814558606279,-0.01438368326204607,0.00000000000000000,2
response-low_pass-44100-1024-2-0,44100,low_pass,100.00000000000000000,24.00000000000000000,1024,-0.01438408303945028,-0.01438401769978901,-0.01438112732374338,-0.01438368195164519,-137.50241814558606279,-0.01438368326204607,0.00000000000000000,2
response-low_pass-44100-1-2-1,44100,low_pass,100.00000000000000000,100.00000000000000000,1,-3.01029995663986849,-3.01029919759252751,-3.01029694066944087,-3.01029989447227697,-145.23610503825119622,-3.01029990779442080,0.00000000000000000,2
response-low_pass-44100-127-2-1,44100,low_pass,100.00000000000000000,100.00000000000000000,127,-3.01029995663986849,-3.01029919759252751,-3.01029694066944087,-3.01029989447227697,-145.23610503825119622,-3.01029990779442080,0.00000000000000000,2
response-low_pass-44100-128-2-1,44100,low_pass,100.00000000000000000,100.00000000000000000,128,-3.01029995663986849,-3.01029919759252751,-3.01029694066944087,-3.01029989447227697,-145.23610503825119622,-3.01029990779442080,0.00000000000000000,2
response-low_pass-44100-255-2-1,44100,low_pass,100.00000000000000000,100.00000000000000000,255,-3.01029995663986849,-3.01029919759252751,-3.01029694066944087,-3.01029989447227697,-145.23610503825119622,-3.01029990779442080,0.00000000000000000,2
response-low_pass-44100-1024-2-1,44100,low_pass,100.00000000000000000,100.00000000000000000,1024,-3.01029995663986849,-3.01029919759252751,-3.01029694066944087,-3.01029989447227697,-145.23610503825119622,-3.01029990779442080,0.00000000000000000,2
response-low_pass-44100-1-2-2,44100,low_pass,100.00000000000000000,400.00000000000000000,1,-24.10372292666849603,-24.10372245563559090,-24.10371822930029850,-24.10372279857315192,-158.47089151658514083,-24.10372281189433252,0.00000000000000000,2
response-low_pass-44100-127-2-2,44100,low_pass,100.00000000000000000,400.00000000000000000,127,-24.10372292666849603,-24.10372245563559090,-24.10371822930029850,-24.10372279857315192,-158.47089151658514083,-24.10372281189433252,0.00000000000000000,2
response-low_pass-44100-128-2-2,44100,low_pass,100.00000000000000000,400.00000000000000000,128,-24.10372292666849603,-24.10372245563559090,-24.10371822930029850,-24.10372279857315192,-158.47089151658514083,-24.10372281189433252,0.00000000000000000,2
response-low_pass-44100-255-2-2,44100,low_pass,100.00000000000000000,400.00000000000000000,255,-24.10372292666849603,-24.10372245563559090,-24.10371822930029850,-24.10372279857315192,-158.47089151658514083,-24.10372281189433252,0.00000000000000000,2
response-low_pass-44100-1024-2-2,44100,low_pass,100.00000000000000000,400.00000000000000000,1024,-24.10372292666849603,-24.10372245563559090,-24.10371822930029850,-24.10372279857315192,-158.47089151658514083,-24.10372281189433252,0.00000000000000000,2
response-low_pass-44100-1-2-3,44100,low_pass,100.00000000000000000,8820.00000000000000000,1,-80.34169647249527202,-80.34169606916049133,-80.34162926394928661,-80.34169618623523945,-169.49176103558269801,-80.34169626857577384,0.00000000000000000,2
response-low_pass-44100-127-2-3,44100,low_pass,100.00000000000000000,8820.00000000000000000,127,-80.34169647249527202,-80.34169606916049133,-80.34162926394928661,-80.34169618623523945,-169.49176103558269801,-80.34169626857577384,0.00000000000000000,2
response-low_pass-44100-128-2-3,44100,low_pass,100.00000000000000000,8820.00000000000000000,128,-80.34169647249527202,-80.34169606916049133,-80.34162926394928661,-80.34169618623523945,-169.49176103558269801,-80.34169626857577384,0.00000000000000000,2
response-low_pass-44100-255-2-3,44100,low_pass,100.00000000000000000,8820.00000000000000000,255,-80.34169647249527202,-80.34169606916049133,-80.34162926394928661,-80.34169618623523945,-169.49176103558269801,-80.34169626857577384,0.00000000000000000,2
response-low_pass-44100-1024-2-3,44100,low_pass,100.00000000000000000,8820.00000000000000000,1024,-80.34169647249527202,-80.34169606916049133,-80.34162926394928661,-80.34169618623523945,-169.49176103558269801,-80.34169626857577384,0.00000000000000000,2
response-low_pass-44100-1-2-4,44100,low_pass,100.00000000000000000,19844.00000000000000000,1,-117.89474652819433231,-117.89474612496465511,-117.88786184800756018,-117.89474611871972343,-171.03998993605702594,-117.89472504048092105,0.00000000000000000,2
response-low_pass-44100-127-2-4,44100,low_pass,100.00000000000000000,19844.00000000000000000,127,-117.89474652819433231,-117.89474612496465511,-117.88786184800756018,-117.89474611871972343,-171.03998993605702594,-117.89472504048092105,0.00000000000000000,2
response-low_pass-44100-128-2-4,44100,low_pass,100.00000000000000000,19844.00000000000000000,128,-117.89474652819433231,-117.89474612496465511,-117.88786184800756018,-117.89474611871972343,-171.03998993605702594,-117.89472504048092105,0.00000000000000000,2
response-low_pass-44100-255-2-4,44100,low_pass,100.00000000000000000,19844.00000000000000000,255,-117.89474652819433231,-117.89474612496465511,-117.88786184800756018,-117.89474611871972343,-171.03998993605702594,-117.89472504048092105,0.00000000000000000,2
response-low_pass-44100-1024-2-4,44100,low_pass,100.00000000000000000,19844.00000000000000000,1024,-117.89474652819433231,-117.89474612496465511,-117.88786184800756018,-117.89474611871972343,-171.03998993605702594,-117.89472504048092105,0.00000000000000000,2
response-low_pass-44100-1-3-0,44100,low_pass,1000.00000000000000000,252.00000000000000000,1,-0.01736849826934063,-0.01736856436613125,-0.01736918739219731,-0.01736851110887905,-145.05285328348668372,-0.01736853166638919,0.00000000000000000,2
response-low_pass-44100-127-3-0,44100,low_pass,1000.00000000000000000,252.00000000000000000,127,-0.01736849826934063,-0.01736856436613125,-0.01736918739219731,-0.01736851110887905,-145.05285328348668372,-0.01736853166638919,0.00000000000000000,2
response-low_pass-44100-128-3-0,44100,low_pass,1000.00000000000000000,252.00000000000000000,128,-0.01736849826934063,-0.01736856436613125,-0.01736918739219731,-0.01736851110887905,-145.05285328348668372,-0.01736853166638919,0.00000000000000000,2
response-low_pass-44100-255-3-0,44100,low_pass,1000.00000000000000000,252.00000000000000000,255,-0.01736849826934063,-0.01736856436613125,-0.01736918739219731,-0.01736851110887905,-145.05285328348668372,-0.01736853166638919,0.00000000000000000,2
response-low_pass-44100-1024-3-0,44100,low_pass,1000.00000000000000000,252.00000000000000000,1024,-0.01736849826934063,-0.01736856436613125,-0.01736918739219731,-0.01736851110887905,-145.05285328348668372,-0.01736853166638919,0.00000000000000000,2
response-low_pass-44100-1-3-1,44100,low_pass,1000.00000000000000000,1000.00000000000000000,1,-3.01029995663981254,-3.01030060248147757,-3.01030146777580709,-3.01030074082644550,-142.96193273395425649,-3.01030075414850629,0.00000000000000000,2
response-low_pass-44100-127-3-1,44100,low_pass,1000.00000000000000000,1000.00000000000000000,127,-3.01029995663981254,-3.01030060248147757,-3.01030146777580709,-3.01030074082644550,-142.96193273395425649,-3.01030075414850629,0.00000000000000000,2
response-low_pass-44100-128-3-1,44100,low_pass,1000.00000000000000000,1000.00000000000000000,128,-3.01029995663981254,-3.01030060248147757,-3.01030146777580709,-3.01030074082644550,-142.96193273395425649,-3.01030075414850629,0.00000000000000000,2
response-low_pass-44100-255-3-1,44100,low_pass,1000.00000000000000000,1000.00000000000000000,255,-3.01029995663981254,-3.01030060248147757,-3.01030146777580709,-3.01030074082644550,-142.96193273395425649,-3.01030075414850629,0.00000000000000000,2
response-low_pass-44100-1024-3-1,44100,low_pass,1000.00000000000000000,1000.00000000000000000,1024,-3.01029995663981254,-3.01030060248147757,-3.01030146777580709,-3.01030074082644550,-142.96193273395425649,-3.01030075414850629,0.00000000000000000,2
response-low_pass-44100-1-3-2,44100,low_pass,1000.00000000000000000,4000.00000000000000000,1,-24.54754509423004194,-24.54754541415023539,-24.54754598844743185,-24.54754536745350890,-155.88459053377602004,-24.54754538077521175,0.00000000000000000,2
response-low_pass-44100-127-3-2,44100,low_pass,1000.00000000000000000,4000.00000000000000000,127,-24.54754509423004194,-24.54754541415023539,-24.54754598844743185,-24.54754536745350890,-155.88459053377602004,-24.54754538077521175,0.00000000000000000,2
response-low_pass-44100-128-3-2,44100,low_pass,1000.00000000000000000,4000.00000000000000000,128,-24.54754509423004194,-24.54754541415023539,-24.54754598844743185,-24.54754536745350890,-155.88459053377602004,-24.54754538077521175,0.00000000000000000,2
response-low_pass-44100-255-3-2,44100,low_pass,1000.00000000000000000,4000.00000000000000000,255,-24.54754509423004194,-24.54754541415023539,-24.54754598844743185,-24.54754536745350890,-155.88459053377602004,-24.54754538077521175,0.00000000000000000,2
response-low_pass-44100-1024-3-2,44100,low_pass,1000.00000000000000000,4000.00000000000000000,1024,-24.54754509423004194,-24.54754541415023539,-24.54754598844743185,-24.54754536745350890,-155.88459053377602004,-24.54754538077521175,0.00000000000000000,2
response-low_pass-44100-1-3-3,44100,low_pass,1000.00000000000000000,8820.00000000000000000,1,-40.31297322159380769,-40.31297349133281216,-40.31297637135558887,-40.31297347258413311,-161.49292646757626812,-40.31297359537876446,0.00000000000000000,2
response-low_pass-44100-127-3-3,44100,low_pass,1000.00000000000000000,8820.00000000000000000,127,-40.31297322159380769,-40.31297349133281216,-40.31297637135558887,-40.31297347258413311,-161.49292646757626812,-40.31297359537876446,0.00000000000000000,2
response-low_pass-44100-128-3-3,44100,low_pass,1000.00000000000000000,8820.00000000000000000,128,-40.31297322159380769,-40.31297349133281216,-40.31297637135558887,-40.31297347258413311,-161.49292646757626812,-40.31297359537876446,0.00000000000000000,2
response-low_pass-44100-255-3-3,44100,low_pass,1000.00000000000000000,8820.00000000000000000,255,-40.31297322159380769,-40.31297349133281216,-40.31297637135558887,-40.31297347258413311,-161.49292646757626812,-40.31297359537876446,0.00000000000000000,2
response-low_pass-44100-1024-3-3,44100,low_pass,1000.00000000000000000,8820.00000000000000000,1024,-40.31297322159380769,-40.31297349133281216,-40.31297637135558887,-40.31297347258413311,-161.49292646757626812,-40.31297359537876446,0.00000000000000000,2
response-low_pass-44100-1-3-4,44100,low_pass,1000.00000000000000000,19844.00000000000000000,1,-77.86561927135400651,-77.86561953129603353,-77.86569821526551038,-77.86561952319769375,-159.19711642795181206,-77.86561949424073248,0.00000000000000000,2
response-low_pass-44100-127-3-4,44100,low_pass,1000.00000000000000000,19844.00000000000000000,127,-77.86561927135400651,-77.86561953129603353,-77.86569821526551038,-77.86561952319769375,-159.19711642795181206,-77.86561949424073248,0.00000000000000000,2
response-low_pass-44100-128-3-4,44100,low_pass,1000.00000000000000000,19844.00000000000000000,128,-77.86561927135400651,-77.86561953129603353,-77.86569821526551038,-77.86561952319769375,-159.19711642795181206,-77.86561949424073248,0.00000000000000000,2
response-low_pass-44100-255-3-4,44100,low_pass,1000.00000000000000000,19844.00000000000000000,255,-77.86561927135400651,-77.86561953129603353,-77.86569821526551038,-77.86561952319769375,-159.19711642795181206,-77.86561949424073248,0.00000000000000000,2
response-low_pass-44100-1024-3-4,44100,low_pass,1000.00000000000000000,19844.00000000000000000,1024,-77.86561927135400651,-77.86561953129603353,-77.86569821526551038,-77.86561952319769375,-159.19711642795181206,-77.86561949424073248,0.00000000000000000,2
response-low_pass-44100-1-4-0,44100,low_pass,4410.00000000000000000,1104.00000000000000000,1,-0.01500506729534886,-0.01500506757528739,-0.01500560990029893,-0.01500507216168485,-148.35410539169168942,-0.01500507347212056,0.00000000000000000,2
response-low_pass-44100-127-4-0,44100,low_pass,4410.00000000000000000,1104.00000000000000000,127,-0.01500506729534886,-0.01500506757528739,-0.01500560990029893,-0.01500507216168485,-148.35410539169168942,-0.01500507347212056,0.00000000000000000,2
response-low_pass-44100-128-4-0,44100,low_pass,4410.00000000000000000,1104.00000000000000000,128,-0.01500506729534886,-0.01500506757528739,-0.01500560990029893,-0.01500507216168485,-148.35410539169168942,-0.01500507347212056,0.00000000000000000,2
response-low_pass-44100-255-4-0,44100,low_pass,4410.00000000000000000,1104.00000000000000000,255,-0.01500506729534886,-0.01500506757528739,-0.01500560990029893,-0.01500507216168485,-148.35410539169168942,-0.01500507347212056,0.00000000000000000,2
response-low_pass-44100-1024-4-0,44100,low_pass,4410.00000000000000000,1104.00000000000000000,1024,-0.01500506729534886,-0.01500506757528739,-0.01500560990029893,-0.01500507216168485,-148.35410539169168942,-0.01500507347212056,0.00000000000000000,2
response-low_pass-44100-1-4-1,44100,low_pass,4410.00000000000000000,4412.00000000000000000,1,-3.01451199384954727,-3.01451182515467586,-3.01451223061421070,-3.01451183650284182,-146.13517940550769936,-3.01451183954490665,0.00000000000000000,2
response-low_pass-44100-127-4-1,44100,low_pass,4410.00000000000000000,4412.00000000000000000,127,-3.01451199384954727,-3.01451182515467586,-3.01451223061421070,-3.01451183650284182,-146.13517940550769936,-3.01451183954490665,0.00000000000000000,2
response-low_pass-44100-128-4-1,44100,low_pass,4410.00000000000000000,4412.00000000000000000,128,-3.01451199384954727,-3.01451182515467586,-3.01451223061421070,-3.01451183650284182,-146.13517940550769936,-3.01451183954490665,0.00000000000000000,2
response-low_pass-44100-255-4-1,44100,low_pass,4410.00000000000000000,4412.00000000000000000,255,-3.01451199384954727,-3.01451182515467586,-3.01451223061421070,-3.01451183650284182,-146.13517940550769936,-3.01451183954490665,0.00000000000000000,2
response-low_pass-44100-1024-4-1,44100,low_pass,4410.00000000000000000,4412.00000000000000000,1024,-3.01451199384954727,-3.01451182515467586,-3.01451223061421070,-3.01451183650284182,-146.13517940550769936,-3.01451183954490665,0.00000000000000000,2
response-low_pass-44100-1-4-2,44100,low_pass,4410.00000000000000000,8820.00000000000000000,1,-14.14973347970818018,-14.14973313552507328,-14.14973385777217807,-14.14973345726806997,-149.32156626789787879,-14.14973358008770177,0.00000000000000000,2
response-low_pass-44100-127-4-2,44100,low_pass,4410.00000000000000000,8820.00000000000000000,127,-14.14973347970818018,-14.14973313552507328,-14.14973385777217807,-14.14973345726806997,-149.32156626789787879,-14.14973358008770177,0.00000000000000000,2
response-low_pass-44100-128-4-2,44100,low_pass,4410.00000000000000000,8820.00000000000000000,128,-14.14973347970818018,-14.14973313552507328,-14.14973385777217807,-14.14973345726806997,-149.32156626789787879,-14.14973358008770177,0.00000000000000000,2
response-low_pass-44100-255-4-2,44100,low_pass,4410.00000000000000000,8820.00000000000000000,255,-14.14973347970818018,-14.14973313552507328,-14.14973385777217807,-14.14973345726806997,-149.32156626789787879,-14.14973358008770177,0.00000000000000000,2
response-low_pass-44100-1024-4-2,44100,low_pass,4410.00000000000000000,8820.00000000000000000,1024,-14.14973347970818018,-14.14973313552507328,-14.14973385777217807,-14.14973345726806997,-149.32156626789787879,-14.14973358008770177,0.00000000000000000,2
response-low_pass-44100-1-4-3,44100,low_pass,4410.00000000000000000,17640.00000000000000000,1,-39.05845638466504965,-39.05845602182285603,-39.05844130750070065,-39.05845668566613682,-164.40621988896893413,-39.05845680848300105,0.00000000000000000,2
response-low_pass-44100-127-4-3,44100,low_pass,4410.00000000000000000,17640.00000000000000000,127,-39.05845638466504965,-39.05845602182285603,-39.05844130750070065,-39.05845668566613682,-164.40621988896893413,-39.05845680848300105,0.00000000000000000,2
response-low_pass-44100-128-4-3,44100,low_pass,4410.00000000000000000,17640.00000000000000000,128,-39.05845638466504965,-39.05845602182285603,-39.05844130750070065,-39.05845668566613682,-164.40621988896893413,-39.05845680848300105,0.00000000000000000,2
response-low_pass-44100-255-4-3,44100,low_pass,4410.00000000000000000,17640.00000000000000000,255,-39.05845638466504965,-39.05845602182285603,-39.05844130750070065,-39.05845668566613682,-164.40621988896893413,-39.05845680848300105,0.00000000000000000,2
response-low_pass-44100-1024-4-3,44100,low_pass,4410.00000000000000000,17640.00000000000000000,1024,-39.05845638466504965,-39.05845602182285603,-39.05844130750070065,-39.05845668566613682,-164.40621988896893413,-39.05845680848300105,0.00000000000000000,2
response-low_pass-44100-1-4-4,44100,low_pass,4410.00000000000000000,19844.00000000000000000,1,-51.53248069926979724,-51.53248033616304724,-51.53244144645193359,-51.53248034103724251,-152.63121823488100404,-51.53248034374220765,0.00000000000000000,2
response-low_pass-44100-127-4-4,44100,low_pass,4410.00000000000000000,19844.00000000000000000,127,-51.53248069926979724,-51.53248033616304724,-51.53244144645193359,-51.53248034103724251,-152.63121823488100404,-51.53248034374220765,0.00000000000000000,2
response-low_pass-44100-128-4-4,44100,low_pass,4410.00000000000000000,19844.00000000000000000,128,-51.53248069926979724,-51.53248033616304724,-51.53244144645193359,-51.53248034103724251,-152.63121823488100404,-51.53248034374220765,0.00000000000000000,2
response-low_pass-44100-255-4-4,44100,low_pass,4410.00000000000000000,19844.00000000000000000,255,-51.53248069926979724,-51.53248033616304724,-51.53244144645193359,-51.53248034103724251,-152.63121823488100404,-51.53248034374220765,0.00000000000000000,2
response-low_pass-44100-1024-4-4,44100,low_pass,4410.00000000000000000,19844.00000000000000000,1024,-51.53248069926979724,-51.53248033616304724,-51.53244144645193359,-51.53248034103724251,-152.63121823488100404,-51.53248034374220765,0.00000000000000000,2
response-low_pass-44100-1-5-0,44100,low_pass,19845.00000000000000000,4960.00000000000000000,1,-0.00005056869551379,-0.00005055868443650,-0.00005060601141234,-0.00005055943414278,-149.31407033911031590,-0.00005056114594297,0.00000000000000000,2
response-low_pass-44100-127-5-0,44100,low_pass,19845.00000000000000000,4960.00000000000000000,127,-0.00005056869551379,-0.00005055868443650,-0.00005060601141234,-0.00005055943414278,-149.31407033911031590,-0.00005056114594297,0.00000000000000000,2
response-low_pass-44100-128-5-0,44100,low_pass,19845.00000000000000000,4960.00000000000000000,128,-0.00005056869551379,-0.00005055868443650,-0.00005060601141234,-0.00005055943414278,-149.31407033911031590,-0.00005056114594297,0.00000000000000000,2
response-low_pass-44100-255-5-0,44100,low_pass,19845.00000000000000000,4960.00000000000000000,255,-0.00005056869551379,-0.00005055868443650,-0.00005060601141234,-0.00005055943414278,-149.31407033911031590,-0.00005056114594297,0.00000000000000000,2
response-low_pass-44100-1024-5-0,44100,low_pass,19845.00000000000000000,4960.00000000000000000,1024,-0.00005056869551379,-0.00005055868443650,-0.00005060601141234,-0.00005055943414278,-149.31407033911031590,-0.00005056114594297,0.00000000000000000,2
response-low_pass-44100-1-5-1,44100,low_pass,19845.00000000000000000,8820.00000000000000000,1,-0.00076144836472715,-0.00076140959593448,-0.00076116948185555,-0.00076139569384770,-149.14095571820357122,-0.00076151851326493,0.00000000000000000,2
response-low_pass-44100-127-5-1,44100,low_pass,19845.00000000000000000,8820.00000000000000000,127,-0.00076144836472715,-0.00076140959593448,-0.00076116948185555,-0.00076139569384770,-149.14095571820357122,-0.00076151851326493,0.00000000000000000,2
response-low_pass-44100-128-5-1,44100,low_pass,19845.00000000000000000,8820.00000000000000000,128,-0.00076144836472715,-0.00076140959593448,-0.00076116948185555,-0.00076139569384770,-149.14095571820357122,-0.00076151851326493,0.00000000000000000,2
response-low_pass-44100-255-5-1,44100,low_pass,19845.00000000000000000,8820.00000000000000000,255,-0.00076144836472715,-0.00076140959593448,-0.00076116948185555,-0.00076139569384770,-149.14095571820357122,-0.00076151851326493,0.00000000000000000,2
response-low_pass-44100-1024-5-1,44100,low_pass,19845.00000000000000000,8820.00000000000000000,1024,-0.00076144836472715,-0.00076140959593448,-0.00076116948185555,-0.00076139569384770,-149.14095571820357122,-0.00076151851326493,0.00000000000000000,2
response-low_pass-44100-1-5-2,44100,low_pass,19845.00000000000000000,19844.00000000000000000,1,-3.00629795019403812,-3.00629676515641897,-3.00629593180279109,-3.00629677344596047,-131.94459395548832958,-3.00629677648787608,0.00000000000000000,2
response-low_pass-44100-127-5-2,44100,low_pass,19845.00000000000000000,19844.00000000000000000,127,-3.00629795019403812,-3.00629676515641897,-3.00629593180279109,-3.00629677344596047,-131.94459395548832958,-3.00629677648787608,0.00000000000000000,2
response-low_pass-44100-128-5-2,44100,low_pass,19845.00000000000000000,19844.00000000000000000,128,-3.00629795019403812,-3.00629676515641897,-3.00629593180279109,-3.00629677344596047,-131.94459395548832958,-3.00629677648787608,0.00000000000000000,2
response-low_pass-44100-255-5-2,44100,low_pass,19845.00000000000000000,19844.00000000000000000,255,-3.00629795019403812,-3.00629676515641897,-3.00629593180279109,-3.00629677344596047,-131.94459395548832958,-3.00629677648787608,0.00000000000000000,2
response-low_pass-44100-1024-5-2,44100,low_pass,19845.00000000000000000,19844.00000000000000000,1024,-3.00629795019403812,-3.00629676515641897,-3.00629593180279109,-3.00629677344596047,-131.94459395548832958,-3.00629677648787608,0.00000000000000000,2
response-low_pass-44100-1-5-3,44100,low_pass,19845.00000000000000000,22048.00000000000000000,1,-121.83884930150438208,-121.83884986446300047,-121.83385215409815316,-121.83885362988141310,-141.51847998466740819,-121.78950446107124606,0.00000000000000000,2
response-low_pass-44100-127-5-3,44100,low_pass,19845.00000000000000000,22048.00000000000000000,127,-121.83884930150438208,-121.83884986446300047,-121.83385215409815316,-121.83885362988141310,-141.51847998466740819,-121.78950446107124606,0.00000000000000000,2
response-low_pass-44100-128-5-3,44100,low_pass,19845.00000000000000000,22048.00000000000000000,128,-121.83884930150438208,-121.83884986446300047,-121.83385215409815316,-121.83885362988141310,-141.51847998466740819,-121.78950446107124606,0.00000000000000000,2
response-low_pass-44100-255-5-3,44100,low_pass,19845.00000000000000000,22048.00000000000000000,255,-121.83884930150438208,-121.83884986446300047,-121.83385215409815316,-121.83885362988141310,-141.51847998466740819,-121.78950446107124606,0.00000000000000000,2
response-low_pass-44100-1024-5-3,44100,low_pass,19845.00000000000000000,22048.00000000000000000,1024,-121.83884930150438208,-121.83884986446300047,-121.83385215409815316,-121.83885362988141310,-141.51847998466740819,-121.78950446107124606,0.00000000000000000,2
response-cascade-44100-1-0-0,44100,cascade,10.00000000000000000,4.00000000000000000,1,-16.03432601809929281,-16.03432549268726248,-16.03432287515217780,-16.03432927441574307,-133.04970832867016384,-16.03432927744907488,0.00000000000000000,0
response-cascade-44100-127-0-0,44100,cascade,10.00000000000000000,4.00000000000000000,127,-16.03432601809929281,-16.03432549268726248,-16.03432287515217780,-16.03432927441574307,-133.04970832867016384,-16.03432927744907488,0.00000000000000000,0
response-cascade-44100-128-0-0,44100,cascade,10.00000000000000000,4.00000000000000000,128,-16.03432601809929281,-16.03432549268726248,-16.03432287515217780,-16.03432927441574307,-133.04970832867016384,-16.03432927744907488,0.00000000000000000,0
response-cascade-44100-255-0-0,44100,cascade,10.00000000000000000,4.00000000000000000,255,-16.03432601809929281,-16.03432549268726248,-16.03432287515217780,-16.03432927441574307,-133.04970832867016384,-16.03432927744907488,0.00000000000000000,0
response-cascade-44100-1024-0-0,44100,cascade,10.00000000000000000,4.00000000000000000,1024,-16.03432601809929281,-16.03432549268726248,-16.03432287515217780,-16.03432927441574307,-133.04970832867016384,-16.03432927744907488,0.00000000000000000,0
response-cascade-44100-1-0-1,44100,cascade,10.00000000000000000,12.00000000000000000,1,-2.23846918597859590,-2.23846907607558787,-2.23846128674223310,-2.23846650552078463,-133.80461580913453190,-2.23846650683095083,0.00000000000000000,0
response-cascade-44100-127-0-1,44100,cascade,10.00000000000000000,12.00000000000000000,127,-2.23846918597859590,-2.23846907607558787,-2.23846128674223310,-2.23846650552078463,-133.80461580913453190,-2.23846650683095083,0.00000000000000000,0
response-cascade-44100-128-0-1,44100,cascade,10.00000000000000000,12.00000000000000000,128,-2.23846918597859590,-2.23846907607558787,-2.23846128674223310,-2.23846650552078463,-133.80461580913453190,-2.23846650683095083,0.00000000000000000,0
response-cascade-44100-255-0-1,44100,cascade,10.00000000000000000,12.00000000000000000,255,-2.23846918597859590,-2.23846907607558787,-2.23846128674223310,-2.23846650552078463,-133.80461580913453190,-2.23846650683095083,0.00000000000000000,0
response-cascade-44100-1024-0-1,44100,cascade,10.00000000000000000,12.00000000000000000,1024,-2.23846918597859590,-2.23846907607558787,-2.23846128674223310,-2.23846650552078463,-133.80461580913453190,-2.23846650683095083,0.00000000000000000,0
response-cascade-44100-1-0-2,44100,cascade,10.00000000000000000,40.00000000000000000,1,-12.32145381191275746,-12.32145426518239617,-12.32145198102215033,-12.32145481513859409,-144.34284262346687910,-12.32145481684994870,0.00000000000000000,0
response-cascade-44100-127-0-2,44100,cascade,10.00000000000000000,40.00000000000000000,127,-12.32145381191275746,-12.32145426518239617,-12.32145198102215033,-12.32145481513859409,-144.34284262346687910,-12.32145481684994870,0.00000000000000000,0
response-cascade-44100-128-0-2,44100,cascade,10.00000000000000000,40.00000000000000000,128,-12.32145381191275746,-12.32145426518239617,-12.32145198102215033,-12.32145481513859409,-144.34284262346687910,-12.32145481684994870,0.00000000000000000,0
response-cascade-44100-255-0-2,44100,cascade,10.00000000000000000,40.00000000000000000,255,-12.32145381191275746,-12.32145426518239617,-12.32145198102215033,-12.32145481513859409,-144.34284262346687910,-12.32145481684994870,0.00000000000000000,0
response-cascade-44100-1024-0-2,44100,cascade,10.00000000000000000,40.00000000000000000,1024,-12.32145381191275746,-12.32145426518239617,-12.32145198102215033,-12.32145481513859409,-144.34284262346687910,-12.32145481684994870,0.00000000000000000,0
response-cascade-44100-1-0-3,44100,cascade,10.00000000000000000,8820.00000000000000000,1,-108.30077871835784720,-108.30077923696129005,-108.30370067721031546,-108.30078277040502144,-166.93008415704548497,-108.30077613519078739,0.00000000000000000,0
response-cascade-44100-127-0-3,44100,cascade,10.00000000000000000,8820.00000000000000000,127,-108.30077871835784720,-108.30077923696129005,-108.30370067721031546,-108.30078277040502144,-166.93008415704548497,-108.30077613519078739,0.00000000000000000,0
response-cascade-44100-128-0-3,44100,cascade,10.00000000000000000,8820.00000000000000000,128,-108.30077871835784720,-108.30077923696129005,-108.30370067721031546,-108.30078277040502144,-166.93008415704548497,-108.30077613519078739,0.00000000000000000,0
response-cascade-44100-255-0-3,44100,cascade,10.00000000000000000,8820.00000000000000000,255,-108.30077871835784720,-108.30077923696129005,-108.30370067721031546,-108.30078277040502144,-166.93008415704548497,-108.30077613519078739,0.00000000000000000,0
response-cascade-44100-1024-0-3,44100,cascade,10.00000000000000000,8820.00000000000000000,1024,-108.30077871835784720,-108.30077923696129005,-108.30370067721031546,-108.30078277040502144,-166.93008415704548497,-108.30077613519078739,0.00000000000000000,0
response-cascade-44100-1-0-4,44100,cascade,10.00000000000000000,19844.00000000000000000,1,-145.85382881412508027,-145.85382933272802575,-145.82845453161499449,-145.85382929482892678,-175.26616950376407544,-145.84881081249585577,0.00000000000000000,0
response-cascade-44100-127-0-4,44100,cascade,10.00000000000000000,19844.00000000000000000,127,-145.85382881412508027,-145.85382933272802575,-145.82845453161499449,-145.85382929482892678,-175.26616950376407544,-145.84881081249585577,0.00000000000000000,0
response-cascade-44100-128-0-4,44100,cascade,10.00000000000000000,19844.00000000000000000,128,-145.85382881412508027,-145.85382933272802575,-145.82845453161499449,-145.85382929482892678,-175.26616950376407544,-145.84881081249585577,0.00000000000000000,0
response-cascade-44100-255-0-4,44100,cascade,10.00000000000000000,19844.00000000000000000,255,-145.85382881412508027,-145.85382933272802575,-145.82845453161499449,-145.85382929482892678,-175.26616950376407544,-145.84881081249585577,0.00000000000000000,0
response-cascade-44100-1024-0-4,44100,cascade,10.00000000000000000,19844.00000000000000000,1024,-145.85382881412508027,-145.85382933272802575,-145.82845453161499449,-145.85382929482892678,-175.26616950376407544,-145.84881081249585577,0.00000000000000000,0
response-cascade-44100-1-1-0,44100,cascade,20.00000000000000000,4.00000000000000000,1,-16.02781714559525028,-16.02781661498474719,-16.02781452443297638,-16.02782032682344493,-132.98121978758888417,-16.02782032985664884,0.00000000000000000,0
response-cascade-44100-127-1-0,44100,cascade,20.00000000000000000,4.00000000000000000,127,-16.02781714559525028,-16.02781661498474719,-16.02781452443297638,-16.02782032682344493,-132.98121978758888417,-16.02782032985664884,0.00000000000000000,0
response-cascade-44100-128-1-0,44100,cascade,20.00000000000000000,4.00000000000000000,128,-16.02781714559525028,-16.02781661498474719,-16.02781452443297638,-16.02782032682344493,-132.98121978758888417,-16.02782032985664884,0.00000000000000000,0
response-cascade-44100-255-1-0,44100,cascade,20.00000000000000000,4.00000000000000000,255,-16.02781714559525028,-16.02781661498474719,-16.02781452443297638,-16.02782032682344493,-132.98121978758888417,-16.02782032985664884,0.00000000000000000,0
response-cascade-44100-1024-1-0,44100,cascade,20.00000000000000000,4.00000000000000000,1024,-16.02781714559525028,-16.02781661498474719,-16.02781452443297638,-16.02782032682344493,-132.98121978758888417,-16.02782032985664884,0.00000000000000000,0
response-cascade-44100-1-1-1,44100,cascade,20.00000000000000000,20.00000000000000000,1,-0.52657618138134454,-0.52657590043095315,-0.52657582830407512,-0.52657718160589218,-132.42005259016116270,-0.52657718331697545,0.00000000000000000,0
response-cascade-44100-127-1-1,44100,cascade,20.00000000000000000,20.00000000000000000,127,-0.52657618138134454,-0.52657590043095315,-0.52657582830407512,-0.52657718160589218,-132.42005259016116270,-0.52657718331697545,0.00000000000000000,0
response-cascade-44100-128-1-1,44100,cascade,20.00000000000000000,20.00000000000000000,128,-0.52657618138134454,-0.52657590043095315,-0.52657582830407512,-0.52657718160589218,-132.42005259016116270,-0.52657718331697545,0.00000000000000000,0
response-cascade-44100-255-1-1,44100,cascade,20.00000000000000000,20.00000000000000000,255,-0.52657618138134454,-0.52657590043095315,-0.52657582830407512,-0.52657718160589218,-132.42005259016116270,-0.52657718331697545,0.00000000000000000,0
response-cascade-44100-1024-1-1,44100,cascade,20.00000000000000000,20.00000000000000000,1024,-0.52657618138134454,-0.52657590043095315,-0.52657582830407512,-0.52657718160589218,-132.42005259016116270,-0.52657718331697545,0.00000000000000000,0
response-cascade-44100-1-1-2,44100,cascade,20.00000000000000000,80.00000000000000000,1,-12.30568208698159260,-12.30568159181837729,-12.30568042488509306,-12.30568099554729500,-137.02348791395056082,-12.30568099725749143,0.00000000000000000,0
response-cascade-44100-127-1-2,44100,cascade,20.00000000000000000,80.00000000000000000,127,-12.30568208698159260,-12.30568159181837729,-12.30568042488509306,-12.30568099554729500,-137.02348791395056082,-12.30568099725749143,0.00000000000000000,0
response-cascade-44100-128-1-2,44100,cascade,20.00000000000000000,80.00000000000000000,128,-12.30568208698159260,-12.30568159181837729,-12.30568042488509306,-12.30568099554729500,-137.02348791395056082,-12.30568099725749143,0.00000000000000000,0
response-cascade-44100-255-1-2,44100,cascade,20.00000000000000000,80.00000000000000000,255,-12.30568208698159260,-12.30568159181837729,-12.30568042488509306,-12.30568099554729500,-137.02348791395056082,-12.30568099725749143,0.00000000000000000,0
response-cascade-44100-1024-1-2,44100,cascade,20.00000000000000000,80.00000000000000000,1024,-12.30568208698159260,-12.30568159181837729,-12.30568042488509306,-12.30568099554729500,-137.02348791395056082,-12.30568099725749143,0.00000000000000000,0
response-cascade-44100-1-1-3,44100,cascade,20.00000000000000000,8820.00000000000000000,1,-96.25954362898366412,-96.25954338476384464,-96.26008659239367660,-96.25954131405755732,-157.37345832046099758,-96.25953691845555227,0.00000000000000000,0
response-cascade-44100-127-1-3,44100,cascade,20.00000000000000000,8820.00000000000000000,127,-96.25954362898366412,-96.25954338476384464,-96.26008659239367660,-96.25954131405755732,-157.37345832046099758,-96.25953691845555227,0.00000000000000000,0
response-cascade-44100-128-1-3,44100,cascade,20.00000000000000000,8820.00000000000000000,128,-96.25954362898366412,-96.25954338476384464,-96.26008659239367660,-96.25954131405755732,-157.37345832046099758,-96.25953691845555227,0.00000000000000000,0
response-cascade-44100-255-1-3,44100,cascade,20.00000000000000000,8820.00000000000000000,255,-96.25954362898366412,-96.25954338476384464,-96.26008659239367660,-96.25954131405755732,-157.37345832046099758,-96.25953691845555227,0.00000000000000000,0
response-cascade-44100-1024-1-3,44100,cascade,20.00000000000000000,8820.00000000000000000,1024,-96.25954362898366412,-96.25954338476384464,-96.26008659239367660,-96.25954131405755732,-157.37345832046099758,-96.25953691845555227,0.00000000000000000,0
response-cascade-44100-1-1-4,44100,cascade,20.00000000000000000,19844.00000000000000000,1,-133.81259372378767125,-133.81259347958487638,-133.84058742359346184,-133.81259352633372828,-173.71461801057935759,-133.81214683946421928,0.00000000000000000,0
response-cascade-44100-127-1-4,44100,cascade,20.00000000000000000,19844.00000000000000000,127,-133.81259372378767125,-133.81259347958487638,-133.84058742359346184,-133.81259352633372828,-173.71461801057935759,-133.81214683946421928,0.00000000000000000,0
response-cascade-44100-128-1-4,44100,cascade,20.00000000000000000,19844.00000000000000000,128,-133.81259372378767125,-133.81259347958487638,-133.84058742359346184,-133.81259352633372828,-173.71461801057935759,-133.81214683946421928,0.00000000000000000,0
response-cascade-44100-255-1-4,44100,cascade,20.00000000000000000,19844.00000000000000000,255,-133.81259372378767125,-133.81259347958487638,-133.84058742359346184,-133.81259352633372828,-173.71461801057935759,-133.81214683946421928,0.00000000000000000,0
response-cascade-44100-1024-1-4,44100,cascade,20.00000000000000000,19844.00000000000000000,1024,-133.81259372378767125,-133.81259347958487638,-133.84058742359346184,-133.81259352633372828,-173.71461801057935759,-133.81214683946421928,0.00000000000000000,0
response-cascade-44100-1-2-0,44100,cascade,100.00000000000000000,24.00000000000000000,1,-12.97593521768739500,-12.97593503349675004,-12.97594161045714500,-12.97593394772913022,-135.18838224431823392,-12.97593394903687347,0.00000000000000000,1458
response-cascade-44100-127-2-0,44100,cascade,100.00000000000000000,24.00000000000000000,127,-12.97593521768739500,-12.97593503349675004,-12.97594161045714500,-12.97593394772913022,-135.18838224431823392,-12.97593394903687347,0.00000000000000000,1458
response-cascade-44100-128-2-0,44100,cascade,100.00000000000000000,24.00000000000000000,128,-12.97593521768739500,-12.97593503349675004,-12.97594161045714500,-12.97593394772913022,-135.18838224431823392,-12.97593394903687347,0.00000000000000000,1458
response-cascade-44100-255-2-0,44100,cascade,100.00000000000000000,24.00000000000000000,255,-12.97593521768739500,-12.97593503349675004,-12.97594161045714500,-12.97593394772913022,-135.18838224431823392,-12.97593394903687347,0.00000000000000000,1458
response-cascade-44100-1024-2-0,44100,cascade,100.00000000000000000,24.00000000000000000,1024,-12.97593521768739500,-12.97593503349675004,-12.97594161045714500,-12.97593394772913022,-135.18838224431823392,-12.97593394903687347,0.00000000000000000,1458
response-cascade-44100-1-2-1,44100,cascade,100.00000000000000000,100.00000000000000000,1,-0.52651395362128106,-0.52651408222559626,-0.52651527976196810,-0.52651525191376081,-138.35582262349620919,-0.52651526523561587,0.00000000000000000,1458
response-cascade-44100-127-2-1,44100,cascade,100.00000000000000000,100.00000000000000000,127,-0.52651395362128106,-0.52651408222559626,-0.52651527976196810,-0.52651525191376081,-138.35582262349620919,-0.52651526523561587,0.00000000000000000,1458
response-cascade-44100-128-2-1,44100,cascade,100.00000000000000000,100.00000000000000000,128,-0.52651395362128106,-0.52651408222559626,-0.52651527976196810,-0.52651525191376081,-138.35582262349620919,-0.52651526523561587,0.00000000000000000,1458
response-cascade-44100-255-2-1,44100,cascade,100.00000000000000000,100.00000000000000000,255,-0.52651395362128106,-0.52651408222559626,-0.52651527976196810,-0.52651525191376081,-138.35582262349620919,-0.52651526523561587,0.00000000000000000,1458
response-cascade-44100-1024-2-1,44100,cascade,100.00000000000000000,100.00000000000000000,1024,-0.52651395362128106,-0.52651408222559626,-0.52651527976196810,-0.52651525191376081,-138.35582262349620919,-0.52651526523561587,0.00000000000000000,1458
response-cascade-44100-1-2-2,44100,cascade,100.00000000000000000,400.00000000000000000,1,-12.30886803849786304,-12.30886768739760484,-12.30886752752359747,-12.30886770336945268,-151.21989519789980250,-12.30886771669147173,0.00000000000000000,1458
response-cascade-44100-127-2-2,44100,cascade,100.00000000000000000,400.00000000000000000,127,-12.30886803849786304,-12.30886768739760484,-12.30886752752359747,-12.30886770336945268,-151.21989519789980250,-12.30886771669147173,0.00000000000000000,1458
response-cascade-44100-128-2-2,44100,cascade,100.00000000000000000,400.00000000000000000,128,-12.30886803849786304,-12.30886768739760484,-12.30886752752359747,-12.30886770336945268,-151.21989519789980250,-12.30886771669147173,0.00000000000000000,1458
response-cascade-44100-255-2-2,44100,cascade,100.00000000000000000,400.00000000000000000,255,-12.30886803849786304,-12.30886768739760484,-12.30886752752359747,-12.30886770336945268,-151.21989519789980250,-12.30886771669147173,0.00000000000000000,1458
response-cascade-44100-1024-2-2,44100,cascade,100.00000000000000000,400.00000000000000000,1024,-12.30886803849786304,-12.30886768739760484,-12.30886752752359747,-12.30886770336945268,-151.21989519789980250,-12.30886771669147173,0.00000000000000000,1458
response-cascade-44100-1-2-3,44100,cascade,100.00000000000000000,8820.00000000000000000,1,-68.29961560809401533,-68.29961523243318311,-68.29959932612675289,-68.29961525545340351,-165.88619170739943343,-68.29961534465007844,0.00000000000000000,1458
response-cascade-44100-127-2-3,44100,cascade,100.00000000000000000,8820.00000000000000000,127,-68.29961560809401533,-68.29961523243318311,-68.29959932612675289,-68.29961525545340351,-165.88619170739943343,-68.29961534465007844,0.00000000000000000,1458
response-cascade-44100-128-2-3,44100,cascade,100.00000000000000000,8820.00000000000000000,128,-68.29961560809401533,-68.29961523243318311,-68.29959932612675289,-68.29961525545340351,-165.88619170739943343,-68.29961534465007844,0.00000000000000000,1458
response-cascade-44100-255-2-3,44100,cascade,100.00000000000000000,8820.00000000000000000,255,-68.29961560809401533,-68.29961523243318311,-68.29959932612675289,-68.29961525545340351,-165.88619170739943343,-68.29961534465007844,0.00000000000000000,1458
response-cascade-44100-1024-2-3,44100,cascade,100.00000000000000000,8820.00000000000000000,1024,-68.29961560809401533,-68.29961523243318311,-68.29959932612675289,-68.29961525545340351,-165.88619170739943343,-68.29961534465007844,0.00000000000000000,1458
response-cascade-44100-1-2-4,44100,cascade,100.00000000000000000,19844.00000000000000000,1,-105.85266505910838930,-105.85266468344420332,-105.84801964173911415,-105.85266478517488054,-165.74165750663158292,-105.85266032704967643,0.00000000000000000,1458
response-cascade-44100-127-2-4,44100,cascade,100.00000000000000000,19844.00000000000000000,127,-105.85266505910838930,-105.85266468344420332,-105.84801964173911415,-105.85266478517488054,-165.74165750663158292,-105.85266032704967643,0.00000000000000000,1458
response-cascade-44100-128-2-4,44100,cascade,100.00000000000000000,19844.00000000000000000,128,-105.85266505910838930,-105.85266468344420332,-105.84801964173911415,-105.85266478517488054,-165.74165750663158292,-105.85266032704967643,0.00000000000000000,1458
response-cascade-44100-255-2-4,44100,cascade,100.00000000000000000,19844.00000000000000000,255,-105.85266505910838930,-105.85266468344420332,-105.84801964173911415,-105.85266478517488054,-165.74165750663158292,-105.85266032704967643,0.00000000000000000,1458
response-cascade-44100-1024-2-4,44100,cascade,100.00000000000000000,19844.00000000000000000,1024,-105.85266505910838930,-105.85266468344420332,-105.84801964173911415,-105.85266478517488054,-165.74165750663158292,-105.85266032704967643,0.00000000000000000,1458
response-cascade-44100-1-3-0,44100,cascade,1000.00000000000000000,252.00000000000000000,1,-12.18054958401872057,-12.18054961682693005,-12.18054902157852482,-12.18054952388431467,-145.82934993758269115,-12.18054954444164828,0.00000000000000000,4
response-cascade-44100-127-3-0,44100,cascade,1000.00000000000000000,252.00000000000000000,127,-12.18054958401872057,-12.18054961682693005,-12.18054902157852482,-12.18054952388431467,-145.82934993758269115,-12.18054954444164828,0.00000000000000000,4
response-cascade-44100-128-3-0,44100,cascade,1000.00000000000000000,252.00000000000000000,128,-12.18054958401872057,-12.18054961682693005,-12.18054902157852482,-12.18054952388431467,-145.82934993758269115,-12.18054954444164828,0.00000000000000000,4
response-cascade-44100-255-3-0,44100,cascade,1000.00000000000000000,252.00000000000000000,255,-12.18054958401872057,-12.18054961682693005,-12.18054902157852482,-12.18054952388431467,-145.82934993758269115,-12.18054954444164828,0.00000000000000000,4
response-cascade-44100-1024-3-0,44100,cascade,1000.00000000000000000,252.00000000000000000,1024,-12.18054958401872057,-12.18054961682693005,-12.18054902157852482,-12.18054952388431467,-145.82934993758269115,-12.18054954444164828,0.00000000000000000,4
response-cascade-44100-1-3-1,44100,cascade,1000.00000000000000000,1000.00000000000000000,1,-0.52011661238392404,-0.52011652134643294,-0.52011703068999948,-0.52011649130183424,-144.40151086362220667,-0.52011650462384806,0.00000000000000000,4
response-cascade-44100-127-3-1,44100,cascade,1000.00000000000000000,1000.00000000000000000,127,-0.52011661238392404,-0.52011652134643294,-0.52011703068999948,-0.52011649130183424,-144.40151086362220667,-0.52011650462384806,0.00000000000000000,4
response-cascade-44100-128-3-1,44100,cascade,1000.00000000000000000,1000.00000000000000000,128,-0.52011661238392404,-0.52011652134643294,-0.52011703068999948,-0.52011649130183424,-144.40151086362220667,-0.52011650462384806,0.00000000000000000,4
response-cascade-44100-255-3-1,44100,cascade,1000.00000000000000000,1000.00000000000000000,255,-0.52011661238392404,-0.52011652134643294,-0.52011703068999948,-0.52011649130183424,-144.40151086362220667,-0.52011650462384806,0.00000000000000000,4
response-cascade-44100-1024-3-1,44100,cascade,1000.00000000000000000,1000.00000000000000000,1024,-0.52011661238392404,-0.52011652134643294,-0.52011703068999948,-0.52011649130183424,-144.40151086362220667,-0.52011650462384806,0.00000000000000000,4
response-cascade-44100-1-3-2,44100,cascade,1000.00000000000000000,4000.00000000000000000,1,-12.64619800768865510,-12.64619824142982552,-12.64619826452869944,-12.64619820440588960,-151.09969144417763687,-12.64619821772781094,0.00000000000000000,4
response-cascade-44100-127-3-2,44100,cascade,1000.00000000000000000,4000.00000000000000000,127,-12.64619800768865510,-12.64619824142982552,-12.64619826452869944,-12.64619820440588960,-151.09969144417763687,-12.64619821772781094,0.00000000000000000,4
response-cascade-44100-128-3-2,44100,cascade,1000.00000000000000000,4000.00000000000000000,128,-12.64619800768865510,-12.64619824142982552,-12.64619826452869944,-12.64619820440588960,-151.09969144417763687,-12.64619821772781094,0.00000000000000000,4
response-cascade-44100-255-3-2,44100,cascade,1000.00000000000000000,4000.00000000000000000,255,-12.64619800768865510,-12.64619824142982552,-12.64619826452869944,-12.64619820440588960,-151.09969144417763687,-12.64619821772781094,0.00000000000000000,4
response-cascade-44100-1024-3-2,44100,cascade,1000.00000000000000000,4000.00000000000000000,1024,-12.64619800768865510,-12.64619824142982552,-12.64619826452869944,-12.64619820440588960,-151.09969144417763687,-12.64619821772781094,0.00000000000000000,4
response-cascade-44100-1-3-3,44100,cascade,1000.00000000000000000,8820.00000000000000000,1,-28.18930482119077041,-28.18930505883817972,-28.18930462908081935,-28.18930495876573872,-157.74089406945310543,-28.18930508158466353,0.00000000000000000,4
response-cascade-44100-127-3-3,44100,cascade,1000.00000000000000000,8820.00000000000000000,127,-28.18930482119077041,-28.18930505883817972,-28.18930462908081935,-28.18930495876573872,-157.74089406945310543,-28.18930508158466353,0.00000000000000000,4
response-cascade-44100-128-3-3,44100,cascade,1000.00000000000000000,8820.00000000000000000,128,-28.18930482119077041,-28.18930505883817972,-28.18930462908081935,-28.18930495876573872,-157.74089406945310543,-28.18930508158466353,0.00000000000000000,4
response-cascade-44100-255-3-3,44100,cascade,1000.00000000000000000,8820.00000000000000000,255,-28.18930482119077041,-28.18930505883817972,-28.18930462908081935,-28.18930495876573872,-157.74089406945310543,-28.18930508158466353,0.00000000000000000,4
response-cascade-44100-1024-3-3,44100,cascade,1000.00000000000000000,8820.00000000000000000,1024,-28.18930482119077041,-28.18930505883817972,-28.18930462908081935,-28.18930495876573872,-157.74089406945310543,-28.18930508158466353,0.00000000000000000,4
response-cascade-44100-1-3-4,44100,cascade,1000.00000000000000000,19844.00000000000000000,1,-65.73573638730101720,-65.73573662346814217,-65.73570264533408647,-65.73573661402490131,-153.74740534828808336,-65.73573661019854342,0.00000000000000000,4
response-cascade-44100-127-3-4,44100,cascade,1000.00000000000000000,19844.00000000000000000,127,-65.73573638730101720,-65.73573662346814217,-65.73570264533408647,-65.73573661402490131,-153.74740534828808336,-65.73573661019854342,0.00000000000000000,4
response-cascade-44100-128-3-4,44100,cascade,1000.00000000000000000,19844.00000000000000000,128,-65.73573638730101720,-65.73573662346814217,-65.73570264533408647,-65.73573661402490131,-153.74740534828808336,-65.73573661019854342,0.00000000000000000,4
response-cascade-44100-255-3-4,44100,cascade,1000.00000000000000000,19844.00000000000000000,255,-65.73573638730101720,-65.73573662346814217,-65.73570264533408647,-65.73573661402490131,-153.74740534828808336,-65.73573661019854342,0.00000000000000000,4
response-cascade-44100-1024-3-4,44100,cascade,1000.00000000000000000,19844.00000000000000000,1024,-65.73573638730101720,-65.73573662346814217,-65.73570264533408647,-65.73573661402490131,-153.74740534828808336,-65.73573661019854342,0.00000000000000000,4
response-cascade-44100-1-4-0,44100,cascade,4410.00000000000000000,1104.00000000000000000,1,-12.38439950337155082,-12.38439978774066041,-12.38439718659129163,-12.38439980475133417,-147.60010259116774023,-12.38439980606164781,0.00000000000000000,6
response-cascade-44100-127-4-0,44100,cascade,4410.00000000000000000,1104.00000000000000000,127,-12.38439950337155082,-12.38439978774066041,-12.38439718659129163,-12.38439980475133417,-147.60010259116774023,-12.38439980606164781,0.00000000000000000,6
response-cascade-44100-128-4-0,44100,cascade,4410.00000000000000000,1104.00000000000000000,128,-12.38439950337155082,-12.38439978774066041,-12.38439718659129163,-12.38439980475133417,-147.60010259116774023,-12.38439980606164781,0.00000000000000000,6
response-cascade-44100-255-4-0,44100,cascade,4410.00000000000000000,1104.00000000000000000,255,-12.38439950337155082,-12.38439978774066041,-12.38439718659129163,-12.38439980475133417,-147.60010259116774023,-12.38439980606164781,0.00000000000000000,6
response-cascade-44100-1024-4-0,44100,cascade,4410.00000000000000000,1104.00000000000000000,1024,-12.38439950337155082,-12.38439978774066041,-12.38439718659129163,-12.38439980475133417,-147.60010259116774023,-12.38439980606164781,0.00000000000000000,6
response-cascade-44100-1-4-1,44100,cascade,4410.00000000000000000,4412.00000000000000000,1,-0.40874123296168735,-0.40874082577850018,-0.40874103612015433,-0.40874083265329980,-144.49348113345931210,-0.40874083569534858,0.00000000000000000,6
response-cascade-44100-127-4-1,44100,cascade,4410.00000000000000000,4412.00000000000000000,127,-0.40874123296168735,-0.40874082577850018,-0.40874103612015433,-0.40874083265329980,-144.49348113345931210,-0.40874083569534858,0.00000000000000000,6
response-cascade-44100-128-4-1,44100,cascade,4410.00000000000000000,4412.00000000000000000,128,-0.40874123296168735,-0.40874082577850018,-0.40874103612015433,-0.40874083265329980,-144.49348113345931210,-0.40874083569534858,0.00000000000000000,6
response-cascade-44100-255-4-1,44100,cascade,4410.00000000000000000,4412.00000000000000000,255,-0.40874123296168735,-0.40874082577850018,-0.40874103612015433,-0.40874083265329980,-144.49348113345931210,-0.40874083569534858,0.00000000000000000,6
response-cascade-44100-1024-4-1,44100,cascade,4410.00000000000000000,4412.00000000000000000,1024,-0.40874123296168735,-0.40874082577850018,-0.40874103612015433,-0.40874083265329980,-144.49348113345931210,-0.40874083569534858,0.00000000000000000,6
response-cascade-44100-1-4-2,44100,cascade,4410.00000000000000000,8820.00000000000000000,1,-3.02009711787597634,-3.02009686839220759,-3.02009685587061716,-3.02009649316871975,-166.52045125515985546,-3.02009661598797408,0.00000000000000000,6
response-cascade-44100-127-4-2,44100,cascade,4410.00000000000000000,8820.00000000000000000,127,-3.02009711787597634,-3.02009686839220759,-3.02009685587061716,-3.02009649316871975,-166.52045125515985546,-3.02009661598797408,0.00000000000000000,6
response-cascade-44100-128-4-2,44100,cascade,4410.00000000000000000,8820.00000000000000000,128,-3.02009711787597634,-3.02009686839220759,-3.02009685587061716,-3.02009649316871975,-166.52045125515985546,-3.02009661598797408,0.00000000000000000,6
response-cascade-44100-255-4-2,44100,cascade,4410.00000000000000000,8820.00000000000000000,255,-3.02009711787597634,-3.02009686839220759,-3.02009685587061716,-3.02009649316871975,-166.52045125515985546,-3.02009661598797408,0.00000000000000000,6
response-cascade-44100-1024-4-2,44100,cascade,4410.00000000000000000,8820.00000000000000000,1024,-3.02009711787597634,-3.02009686839220759,-3.02009685587061716,-3.02009649316871975,-166.52045125515985546,-3.02009661598797408,0.00000000000000000,6
response-cascade-44100-1-4-3,44100,cascade,4410.00000000000000000,17640.00000000000000000,1,-25.09201392652979479,-25.09201414728712365,-25.09201803828074873,-25.09201418741147194,-147.40282903910787127,-25.09201431022866657,0.00000000000000000,6
response-cascade-44100-127-4-3,44100,cascade,4410.00000000000000000,17640.00000000000000000,127,-25.09201392652979479,-25.09201414728712365,-25.09201803828074873,-25.09201418741147194,-147.40282903910787127,-25.09201431022866657,0.00000000000000000,6
response-cascade-44100-128-4-3,44100,cascade,4410.00000000000000000,17640.00000000000000000,128,-25.09201392652979479,-25.09201414728712365,-25.09201803828074873,-25.09201418741147194,-147.40282903910787127,-25.09201431022866657,0.00000000000000000,6
response-cascade-44100-255-4-3,44100,cascade,4410.00000000000000000,17640.00000000000000000,255,-25.09201392652979479,-25.09201414728712365,-25.09201803828074873,-25.09201418741147194,-147.40282903910787127,-25.09201431022866657,0.00000000000000000,6
response-cascade-44100-1024-4-3,44100,cascade,4410.00000000000000000,17640.00000000000000000,1024,-25.09201392652979479,-25.09201414728712365,-25.09201803828074873,-25.09201418741147194,-147.40282903910787127,-25.09201431022866657,0.00000000000000000,6
response-cascade-44100-1-4-4,44100,cascade,4410.00000000000000000,19844.00000000000000000,1,-37.55381467236174586,-37.55381492314976555,-37.55382807062077433,-37.55381492920876951,-146.55203762703112602,-37.55381493219717015,0.00000000000000000,6
response-cascade-44100-127-4-4,44100,cascade,4410.00000000000000000,19844.00000000000000000,127,-37.55381467236174586,-37.55381492314976555,-37.55382807062077433,-37.55381492920876951,-146.55203762703112602,-37.55381493219717015,0.00000000000000000,6
response-cascade-44100-128-4-4,44100,cascade,4410.00000000000000000,19844.00000000000000000,128,-37.55381467236174586,-37.55381492314976555,-37.55382807062077433,-37.55381492920876951,-146.55203762703112602,-37.55381493219717015,0.00000000000000000,6
response-cascade-44100-255-4-4,44100,cascade,4410.00000000000000000,19844.00000000000000000,255,-37.55381467236174586,-37.55381492314976555,-37.55382807062077433,-37.55381492920876951,-146.55203762703112602,-37.55381493219717015,0.00000000000000000,6
response-cascade-44100-1024-4-4,44100,cascade,4410.00000000000000000,19844.00000000000000000,1024,-37.55381467236174586,-37.55381492314976555,-37.55382807062077433,-37.55381492920876951,-146.55203762703112602,-37.55381493219717015,0.00000000000000000,6
response-cascade-44100-1-5-0,44100,cascade,19845.00000000000000000,4960.00000000000000000,1,-14.73591496883162222,-14.73591559098581527,-14.73591626760781281,-14.73591551584126336,-145.51230645389449592,-14.73591551755280449,0.00000000000000000,4
response-cascade-44100-127-5-0,44100,cascade,19845.00000000000000000,4960.00000000000000000,127,-14.73591496883162222,-14.73591559098581527,-14.73591626760781281,-14.73591551584126336,-145.51230645389449592,-14.73591551755280449,0.00000000000000000,4
response-cascade-44100-128-5-0,44100,cascade,19845.00000000000000000,4960.00000000000000000,128,-14.73591496883162222,-14.73591559098581527,-14.73591626760781281,-14.73591551584126336,-145.51230645389449592,-14.73591551755280449,0.00000000000000000,4
response-cascade-44100-255-5-0,44100,cascade,19845.00000000000000000,4960.00000000000000000,255,-14.73591496883162222,-14.73591559098581527,-14.73591626760781281,-14.73591551584126336,-145.51230645389449592,-14.73591551755280449,0.00000000000000000,4
response-cascade-44100-1024-5-0,44100,cascade,19845.00000000000000000,4960.00000000000000000,1024,-14.73591496883162222,-14.73591559098581527,-14.73591626760781281,-14.73591551584126336,-145.51230645389449592,-14.73591551755280449,0.00000000000000000,4
response-cascade-44100-1-5-1,44100,cascade,19845.00000000000000000,8820.00000000000000000,1,-4.63843859665104041,-4.63843890851069141,-4.63843808174334349,-4.63843801829646551,-143.22157359569638402,-4.63843814111573316,0.00000000000000000,4
response-cascade-44100-127-5-1,44100,cascade,19845.00000000000000000,8820.00000000000000000,127,-4.63843859665104041,-4.63843890851069141,-4.63843808174334349,-4.63843801829646551,-143.22157359569638402,-4.63843814111573316,0.00000000000000000,4
response-cascade-44100-128-5-1,44100,cascade,19845.00000000000000000,8820.00000000000000000,128,-4.63843859665104041,-4.63843890851069141,-4.63843808174334349,-4.63843801829646551,-143.22157359569638402,-4.63843814111573316,0.00000000000000000,4
response-cascade-44100-255-5-1,44100,cascade,19845.00000000000000000,8820.00000000000000000,255,-4.63843859665104041,-4.63843890851069141,-4.63843808174334349,-4.63843801829646551,-143.22157359569638402,-4.63843814111573316,0.00000000000000000,4
response-cascade-44100-1024-5-1,44100,cascade,19845.00000000000000000,8820.00000000000000000,1024,-4.63843859665104041,-4.63843890851069141,-4.63843808174334349,-4.63843801829646551,-143.22157359569638402,-4.63843814111573316,0.00000000000000000,4
response-cascade-44100-1-5-2,44100,cascade,19845.00000000000000000,19844.00000000000000000,1,-0.25801091799274334,-0.25801127000916169,-0.25801076294092717,-0.25801130045726961,-130.58352670517567162,-0.25801130349927470,0.00000000000000000,4
response-cascade-44100-127-5-2,44100,cascade,19845.00000000000000000,19844.00000000000000000,127,-0.25801091799274334,-0.25801127000916169,-0.25801076294092717,-0.25801130045726961,-130.58352670517567162,-0.25801130349927470,0.00000000000000000,4
response-cascade-44100-128-5-2,44100,cascade,19845.00000000000000000,19844.00000000000000000,128,-0.25801091799274334,-0.25801127000916169,-0.25801076294092717,-0.25801130045726961,-130.58352670517567162,-0.25801130349927470,0.00000000000000000,4
response-cascade-44100-255-5-2,44100,cascade,19845.00000000000000000,19844.00000000000000000,255,-0.25801091799274334,-0.25801127000916169,-0.25801076294092717,-0.25801130045726961,-130.58352670517567162,-0.25801130349927470,0.00000000000000000,4
response-cascade-44100-1024-5-2,44100,cascade,19845.00000000000000000,19844.00000000000000000,1024,-0.25801091799274334,-0.25801127000916169,-0.25801076294092717,-0.25801130045726961,-130.58352670517567162,-0.25801130349927470,0.00000000000000000,4
response-cascade-44100-1-5-3,44100,cascade,19845.00000000000000000,22048.00000000000000000,1,-109.68971478455515012,-109.68971029198621636,-109.74981030386237535,-109.68968003457337090,-137.44552136296061917,-109.68216230043596227,0.00000000000000000,4
response-cascade-44100-127-5-3,44100,cascade,19845.00000000000000000,22048.00000000000000000,127,-109.68971478455515012,-109.68971029198621636,-109.74981030386237535,-109.68968003457337090,-137.44552136296061917,-109.68216230043596227,0.00000000000000000,4
response-cascade-44100-128-5-3,44100,cascade,19845.00000000000000000,22048.00000000000000000,128,-109.68971478455515012,-109.68971029198621636,-109.74981030386237535,-109.68968003457337090,-137.44552136296061917,-109.68216230043596227,0.00000000000000000,4
response-cascade-44100-255-5-3,44100,cascade,19845.00000000000000000,22048.00000000000000000,255,-109.68971478455515012,-109.68971029198621636,-109.74981030386237535,-109.68968003457337090,-137.44552136296061917,-109.68216230043596227,0.00000000000000000,4
response-cascade-44100-1024-5-3,44100,cascade,19845.00000000000000000,22048.00000000000000000,1024,-109.68971478455515012,-109.68971029198621636,-109.74981030386237535,-109.68968003457337090,-137.44552136296061917,-109.68216230043596227,0.00000000000000000,4
response-high_pass-48000-1-0-0,48000,high_pass,10.00000000000000000,4.00000000000000000,1,-16.02738249672954396,-16.02738259745514071,-16.02738518522369660,-16.02738355884407895,-129.81213528508260424,-16.02738355887532862,0.00000000000000000,0
response-high_pass-48000-127-0-0,48000,high_pass,10.00000000000000000,4.00000000000000000,127,-16.02738249672954396,-16.02738259745514071,-16.02738518522369660,-16.02738355884407895,-129.81213528508260424,-16.02738355887532862,0.00000000000000000,0
response-high_pass-48000-128-0-0,48000,high_pass,10.00000000000000000,4.00000000000000000,128,-16.02738249672954396,-16.02738259745514071,-16.02738518522369660,-16.02738355884407895,-129.81213528508260424,-16.02738355887532862,0.00000000000000000,0
response-high_pass-48000-255-0-0,48000,high_pass,10.00000000000000000,4.00000000000000000,255,-16.02738249672954396,-16.02738259745514071,-16.02738518522369660,-16.02738355884407895,-129.81213528508260424,-16.02738355887532862,0.00000000000000000,0
response-high_pass-48000-1024-0-0,48000,high_pass,10.00000000000000000,4.00000000000000000,1024,-16.02738249672954396,-16.02738259745514071,-16.02738518522369660,-16.02738355884407895,-129.81213528508260424,-16.02738355887532862,0.00000000000000000,0
response-high_pass-48000-1-0-1,48000,high_pass,10.00000000000000000,12.00000000000000000,1,-1.70922327844421051,-1.70922304721460527,-1.70922472623728083,-1.70922061760131383,-130.83921651330607006,-1.70922061392566338,0.00000000000000000,0
response-high_pass-48000-127-0-1,48000,high_pass,10.00000000000000000,12.00000000000000000,127,-1.70922327844421051,-1.70922304721460527,-1.70922472623728083,-1.70922061760131383,-130.83921651330607006,-1.70922061392566338,0.00000000000000000,0
response-high_pass-48000-128-0-1,48000,high_pass,10.00000000000000000,12.00000000000000000,128,-1.70922327844421051,-1.70922304721460527,-1.70922472623728083,-1.70922061760131383,-130.83921651330607006,-1.70922061392566338,0.00000000000000000,0
response-high_pass-48000-255-0-1,48000,high_pass,10.00000000000000000,12.00000000000000000,255,-1.70922327844421051,-1.70922304721460527,-1.70922472623728083,-1.70922061760131383,-130.83921651330607006,-1.70922061392566338,0.00000000000000000,0
response-high_pass-48000-1024-0-1,48000,high_pass,10.00000000000000000,12.00000000000000000,1024,-1.70922327844421051,-1.70922304721460527,-1.70922472623728083,-1.70922061760131383,-130.83921651330607006,-1.70922061392566338,0.00000000000000000,0
response-high_pass-48000-1-0-2,48000,high_pass,10.00000000000000000,40.00000000000000000,1,-0.01693143539996286,-0.01693139682362052,-0.01693129257402478,-0.01693276629694465,-143.38704195478723591,-0.01693274875736811,0.00000000000000000,0
response-high_pass-48000-127-0-2,48000,high_pass,10.00000000000000000,40.00000000000000000,127,-0.01693143539996286,-0.01693139682362052,-0.01693129257402478,-0.01693276629694465,-143.38704195478723591,-0.01693274875736811,0.00000000000000000,0
response-high_pass-48000-128-0-2,48000,high_pass,10.00000000000000000,40.00000000000000000,128,-0.01693143539996286,-0.01693139682362052,-0.01693129257402478,-0.01693276629694465,-143.38704195478723591,-0.01693274875736811,0.00000000000000000,0
response-high_pass-48000-255-0-2,48000,high_pass,10.00000000000000000,40.00000000000000000,255,-0.01693143539996286,-0.01693139682362052,-0.01693129257402478,-0.01693276629694465,-143.38704195478723591,-0.01693274875736811,0.00000000000000000,0
response-high_pass-48000-1024-0-2,48000,high_pass,10.00000000000000000,40.00000000000000000,1024,-0.01693143539996286,-0.01693139682362052,-0.01693129257402478,-0.01693276629694465,-143.38704195478723591,-0.01693274875736811,0.00000000000000000,0
response-high_pass-48000-1-0-3,48000,high_pass,10.00000000000000000,9600.00000000000000000,1,-0.00000000000285923,-0.00000000000234621,-0.00000008668765005,0.00000010336032605,-155.54600856570010592,-0.00000001945927969,0.00000000000000000,0
response-high_pass-48000-127-0-3,48000,high_pass,10.00000000000000000,9600.00000000000000000,127,-0.00000000000285923,-0.00000000000234621,-0.00000008668765005,0.00000010336032605,-155.54600856570010592,-0.00000001945927969,0.00000000000000000,0
response-high_pass-48000-128-0-3,48000,high_pass,10.00000000000000000,9600.00000000000000000,128,-0.00000000000285923,-0.00000000000234621,-0.00000008668765005,0.00000010336032605,-155.54600856570010592,-0.00000001945927969,0.00000000000000000,0
response-high_pass-48000-255-0-3,48000,high_pass,10.00000000000000000,9600.00000000000000000,255,-0.00000000000285923,-0.00000000000234621,-0.00000008668765005,0.00000010336032605,-155.54600856570010592,-0.00000001945927969,0.00000000000000000,0
response-high_pass-48000-1024-0-3,48000,high_pass,10.00000000000000000,9600.00000000000000000,1024,-0.00000000000285923,-0.00000000000234621,-0.00000008668765005,0.00000010336032605,-155.54600856570010592,-0.00000001945927969,0.00000000000000000,0
response-high_pass-48000-1-0-4,48000,high_pass,10.00000000000000000,21600.00000000000000000,1,0.00000000000000000,0.00000000000000579,-0.00000010678584510,0.00000008686515005,-152.52217452650444329,-0.00000000642695809,0.00000000000000000,0
response-high_pass-48000-127-0-4,48000,high_pass,10.00000000000000000,21600.00000000000000000,127,0.00000000000000000,0.00000000000000579,-0.00000010678584510,0.00000008686515005,-152.52217452650444329,-0.00000000642695809,0.00000000000000000,0
response-high_pass-48000-128-0-4,48000,high_pass,10.00000000000000000,21600.00000000000000000,128,0.00000000000000000,0.00000000000000579,-0.00000010678584510,0.00000008686515005,-152.52217452650444329,-0.00000000642695809,0.00000000000000000,0
response-high_pass-48000-255-0-4,48000,high_pass,10.00000000000000000,21600.00000000000000000,255,0.00000000000000000,0.00000000000000579,-0.00000010678584510,0.00000008686515005,-152.52217452650444329,-0.00000000642695809,0.00000000000000000,0
response-high_pass-48000-1024-0-4,48000,high_pass,10.00000000000000000,21600.00000000000000000,1024,0.00000000000000000,0.00000000000000579,-0.00000010678584510,0.00000008686515005,-152.52217452650444329,-0.00000000642695809,0.00000000000000000,0
response-high_pass-48000-1-1-0,48000,high_pass,20.00000000000000000,4.00000000000000000,1,-27.96575284385212967,-27.96575213774993074,-27.96567182512882965,-27.96574747232005720,-132.17665389968101408,-27.96574747220461177,0.00000000000000000,2
response-high_pass-48000-127-1-0,48000,high_pass,20.00000000000000000,4.00000000000000000,127,-27.96575284385212967,-27.96575213774993074,-27.96567182512882965,-27.96574747232005720,-132.17665389968101408,-27.96574747220461177,0.00000000000000000,2
response-high_pass-48000-128-1-0,48000,high_pass,20.00000000000000000,4.00000000000000000,128,-27.96575284385212967,-27.96575213774993074,-27.96567182512882965,-27.96574747232005720,-132.17665389968101408,-27.96574747220461177,0.00000000000000000,2
response-high_pass-48000-255-1-0,48000,high_pass,20.00000000000000000,4.00000000000000000,255,-27.96575284385212967,-27.96575213774993074,-27.96567182512882965,-27.96574747232005720,-132.17665389968101408,-27.96574747220461177,0.00000000000000000,2
response-high_pass-48000-1024-1-0,48000,high_pass,20.00000000000000000,4.00000000000000000,1024,-27.96575284385212967,-27.96575213774993074,-27.96567182512882965,-27.96574747232005720,-132.17665389968101408,-27.96574747220461177,0.00000000000000000,2
response-high_pass-48000-1-1-1,48000,high_pass,20.00000000000000000,20.00000000000000000,1,-3.01029995649302107,-3.01030001153387072,-3.01030021364674560,-3.01030035342661328,-136.43822425759901762,-3.01030034158174908,0.00000000000000000,2
response-high_pass-48000-127-1-1,48000,high_pass,20.00000000000000000,20.00000000000000000,127,-3.01029995649302107,-3.01030001153387072,-3.01030021364674560,-3.01030035342661328,-136.43822425759901762,-3.01030034158174908,0.00000000000000000,2
response-high_pass-48000-128-1-1,48000,high_pass,20.00000000000000000,20.00000000000000000,128,-3.01029995649302107,-3.01030001153387072,-3.01030021364674560,-3.01030035342661328,-136.43822425759901762,-3.01030034158174908,0.00000000000000000,2
response-high_pass-48000-255-1-1,48000,high_pass,20.00000000000000000,20.00000000000000000,255,-3.01029995649302107,-3.01030001153387072,-3.01030021364674560,-3.01030035342661328,-136.43822425759901762,-3.01030034158174908,0.00000000000000000,2
response-high_pass-48000-1024-1-1,48000,high_pass,20.00000000000000000,20.00000000000000000,1024,-3.01029995649302107,-3.01030001153387072,-3.01030021364674560,-3.01030035342661328,-136.43822425759901762,-3.01030034158174908,0.00000000000000000,2
response-high_pass-48000-1-1-2,48000,high_pass,20.00000000000000000,80.00000000000000000,1,-0.01693100109420799,-0.01693105108253319,-0.01693148633154733,-0.01693165090060673,-146.07452007935293636,-0.01693162932390362,0.00000000000000000,2
response-high_pass-48000-127-1-2,48000,high_pass,20.00000000000000000,80.00000000000000000,127,-0.01693100109420799,-0.01693105108253319,-0.01693148633154733,-0.01693165090060673,-146.07452007935293636,-0.01693162932390362,0.00000000000000000,2
response-high_pass-48000-128-1-2,48000,high_pass,20.00000000000000000,80.00000000000000000,128,-0.01693100109420799,-0.01693105108253319,-0.01693148633154733,-0.01693165090060673,-146.07452007935293636,-0.01693162932390362,0.00000000000000000,2
response-high_pass-48000-255-1-2,48000,high_pass,20.00000000000000000,80.00000000000000000,255,-0.01693100109420799,-0.01693105108253319,-0.01693148633154733,-0.01693165090060673,-146.07452007935293636,-0.01693162932390362,0.00000000000000000,2
response-high_pass-48000-1024-1-2,48000,high_pass,20.00000000000000000,80.00000000000000000,1024,-0.01693100109420799,-0.01693105108253319,-0.01693148633154733,-0.01693165090060673,-146.07452007935293636,-0.01693162932390362,0.00000000000000000,2
response-high_pass-48000-1-1-3,48000,high_pass,20.00000000000000000,9600.00000000000000000,1,-0.00000000004576409,-0.00000000004851724,-0.00000036249452194,0.00000011939661717,-146.25200365087792420,-0.00000000342242036,0.00000000000000000,2
response-high_pass-48000-127-1-3,48000,high_pass,20.00000000000000000,9600.00000000000000000,127,-0.00000000004576409,-0.00000000004851724,-0.00000036249452194,0.00000011939661717,-146.25200365087792420,-0.00000000342242036,0.00000000000000000,2
response-high_pass-48000-128-1-3,48000,high_pass,20.00000000000000000,9600.00000000000000000,128,-0.00000000004576409,-0.00000000004851724,-0.00000036249452194,0.00000011939661717,-146.25200365087792420,-0.00000000342242036,0.00000000000000000,2
response-high_pass-48000-255-1-3,48000,high_pass,20.00000000000000000,9600.00000000000000000,255,-0.00000000004576409,-0.00000000004851724,-0.00000036249452194,0.00000011939661717,-146.25200365087792420,-0.00000000342242036,0.00000000000000000,2
response-high_pass-48000-1024-1-3,48000,high_pass,20.00000000000000000,9600.00000000000000000,1024,-0.00000000004576409,-0.00000000004851724,-0.00000036249452194,0.00000011939661717,-146.25200365087792420,-0.00000000342242036,0.00000000000000000,2
response-high_pass-48000-1-1-4,48000,high_pass,20.00000000000000000,21600.00000000000000000,1,-0.00000000000000675,-0.00000000000004532,-0.00000038548102607,0.00000025687323234,-147.18973364779864710,0.00000016358122536,0.00000000000000000,2
response-high_pass-48000-127-1-4,48000,high_pass,20.00000000000000000,21600.00000000000000000,127,-0.00000000000000675,-0.00000000000004532,-0.00000038548102607,0.00000025687323234,-147.18973364779864710,0.00000016358122536,0.00000000000000000,2
response-high_pass-48000-128-1-4,48000,high_pass,20.00000000000000000,21600.00000000000000000,128,-0.00000000000000675,-0.00000000000004532,-0.00000038548102607,0.00000025687323234,-147.18973364779864710,0.00000016358122536,0.00000000000000000,2
response-high_pass-48000-255-1-4,48000,high_pass,20.00000000000000000,21600.00000000000000000,255,-0.00000000000000675,-0.00000000000004532,-0.00000038548102607,0.00000025687323234,-147.18973364779864710,0.00000016358122536,0.00000000000000000,2
response-high_pass-48000-1024-1-4,48000,high_pass,20.00000000000000000,21600.00000000000000000,1024,-0.00000000000000675,-0.00000000000004532,-0.00000038548102607,0.00000025687323234,-147.18973364779864710,0.00000016358122536,0.00000000000000000,2
response-high_pass-48000-1-2-0,48000,high_pass,100.00000000000000000,24.00000000000000000,1,-24.80616832254553827,-24.80616809978467074,-24.80616943285026110,-24.80616817736676438,-138.93709214760067994,-24.80616817366474436,0.00000000000000000,2
response-high_pass-48000-127-2-0,48000,high_pass,100.00000000000000000,24.00000000000000000,127,-24.80616832254553827,-24.80616809978467074,-24.80616943285026110,-24.80616817736676438,-138.93709214760067994,-24.80616817366474436,0.00000000000000000,2
response-high_pass-48000-128-2-0,48000,high_pass,100.00000000000000000,24.00000000000000000,128,-24.80616832254553827,-24.80616809978467074,-24.80616943285026110,-24.80616817736676438,-138.93709214760067994,-24.80616817366474436,0.00000000000000000,2
response-high_pass-48000-255-2-0,48000,high_pass,100.00000000000000000,24.00000000000000000,255,-24.80616832254553827,-24.80616809978467074,-24.80616943285026110,-24.80616817736676438,-138.93709214760067994,-24.80616817366474436,0.00000000000000000,2
response-high_pass-48000-1024-2-0,48000,high_pass,100.00000000000000000,24.00000000000000000,1024,-24.80616832254553827,-24.80616809978467074,-24.80616943285026110,-24.80616817736676438,-138.93709214760067994,-24.80616817366474436,0.00000000000000000,2
response-high_pass-48000-1-2-1,48000,high_pass,100.00000000000000000,100.00000000000000000,1,-3.01029995664671368,-3.01030017340711442,-3.01030034766713905,-3.01029826948792234,-136.77586594619737070,-3.01029824828390646,0.00000000000000000,2
response-high_pass-48000-127-2-1,48000,high_pass,100.00000000000000000,100.00000000000000000,127,-3.01029995664671368,-3.01030017340711442,-3.01030034766713905,-3.01029826948792234,-136.77586594619737070,-3.01029824828390646,0.00000000000000000,2
response-high_pass-48000-128-2-1,48000,high_pass,100.00000000000000000,100.00000000000000000,128,-3.01029995664671368,-3.01030017340711442,-3.01030034766713905,-3.01029826948792234,-136.77586594619737070,-3.01029824828390646,0.00000000000000000,2
response-high_pass-48000-255-2-1,48000,high_pass,100.00000000000000000,100.00000000000000000,255,-3.01029995664671368,-3.01030017340711442,-3.01030034766713905,-3.01029826948792234,-136.77586594619737070,-3.01029824828390646,0.00000000000000000,2
response-high_pass-48000-1024-2-1,48000,high_pass,100.00000000000000000,100.00000000000000000,1024,-3.01029995664671368,-3.01030017340711442,-3.01030034766713905,-3.01029826948792234,-136.77586594619737070,-3.01029824828390646,0.00000000000000000,2
response-high_pass-48000-1-2-2,48000,high_pass,100.00000000000000000,400.00000000000000000,1,-0.01691710624906100,-0.01691714862083665,-0.01691708991406085,-0.01691699375339812,-145.65625145076478475,-0.01691698562030914,0.00000000000000000,2
response-high_pass-48000-127-2-2,48000,high_pass,100.00000000000000000,400.00000000000000000,127,-0.01691710624906100,-0.01691714862083665,-0.01691708991406085,-0.01691699375339812,-145.65625145076478475,-0.01691698562030914,0.00000000000000000,2
response-high_pass-48000-128-2-2,48000,high_pass,100.00000000000000000,400.00000000000000000,128,-0.01691710624906100,-0.01691714862083665,-0.01691708991406085,-0.01691699375339812,-145.65625145076478475,-0.01691698562030914,0.00000000000000000,2
response-high_pass-48000-255-2-2,48000,high_pass,100.00000000000000000,400.00000000000000000,255,-0.01691710624906100,-0.01691714862083665,-0.01691708991406085,-0.01691699375339812,-145.65625145076478475,-0.01691698562030914,0.00000000000000000,2
response-high_pass-48000-1024-2-2,48000,high_pass,100.00000000000000000,400.00000000000000000,1024,-0.01691710624906100,-0.01691714862083665,-0.01691708991406085,-0.01691699375339812,-145.65625145076478475,-0.01691698562030914,0.00000000000000000,2
response-high_pass-48000-1-2-3,48000,high_pass,100.00000000000000000,9600.00000000000000000,1,-0.00000002860220439,-0.00000002865879499,0.00000026264286319,0.00000010266468144,-150.70690898878015673,-0.00000002015470059,0.00000000000000000,2
response-high_pass-48000-127-2-3,48000,high_pass,100.00000000000000000,9600.00000000000000000,127,-0.00000002860220439,-0.00000002865879499,0.00000026264286319,0.00000010266468144,-150.70690898878015673,-0.00000002015470059,0.00000000000000000,2
response-high_pass-48000-128-2-3,48000,high_pass,100.00000000000000000,9600.00000000000000000,128,-0.00000002860220439,-0.00000002865879499,0.00000026264286319,0.00000010266468144,-150.70690898878015673,-0.00000002015470059,0.00000000000000000,2
response-high_pass-48000-255-2-3,48000,high_pass,100.00000000000000000,9600.00000000000000000,255,-0.00000002860220439,-0.00000002865879499,0.00000026264286319,0.00000010266468144,-150.70690898878015673,-0.00000002015470059,0.00000000000000000,2
response-high_pass-48000-1024-2-3,48000,high_pass,100.00000000000000000,9600.00000000000000000,1024,-0.00000002860220439,-0.00000002865879499,0.00000026264286319,0.00000010266468144,-150.70690898878015673,-0.00000002015470059,0.00000000000000000,2
response-high_pass-48000-1-2-4,48000,high_pass,100.00000000000000000,21600.00000000000000000,1,-0.00000000000501643,-0.00000000000576475,0.00000033816931177,0.00000014125397834,-152.50492540730007818,0.00000004796162874,0.00000000000000000,2
response-high_pass-48000-127-2-4,48000,high_pass,100.00000000000000000,21600.00000000000000000,127,-0.00000000000501643,-0.00000000000576475,0.00000033816931177,0.00000014125397834,-152.50492540730007818,0.00000004796162874,0.00000000000000000,2
response-high_pass-48000-128-2-4,48000,high_pass,100.00000000000000000,21600.00000000000000000,128,-0.00000000000501643,-0.00000000000576475,0.00000033816931177,0.00000014125397834,-152.50492540730007818,0.00000004796162874,0.00000000000000000,2
response-high_pass-48000-255-2-4,48000,high_pass,100.00000000000000000,21600.00000000000000000,255,-0.00000000000501643,-0.00000000000576475,0.00000033816931177,0.00000014125397834,-152.50492540730007818,0.00000004796162874,0.00000000000000000,2
response-high_pass-48000-1024-2-4,48000,high_pass,100.00000000000000000,21600.00000000000000000,1024,-0.00000000000501643,-0.00000000000576475,0.00000033816931177,0.00000014125397834,-152.50492540730007818,0.00000004796162874,0.00000000000000000,2
response-high_pass-48000-1-3-0,48000,high_pass,1000.00000000000000000,252.00000000000000000,1,-23.98461860388136557,-23.98461832634455959,-23.98461643313810754,-23.98461827764896981,-145.43368928202988855,-23.98461827397091639,0.00000000000000000,2
response-high_pass-48000-127-3-0,48000,high_pass,1000.00000000000000000,252.00000000000000000,127,-23.98461860388136557,-23.98461832634455959,-23.98461643313810754,-23.98461827764896981,-145.43368928202988855,-23.98461827397091639,0.00000000000000000,2
response-high_pass-48000-128-3-0,48000,high_pass,1000.00000000000000000,252.00000000000000000,128,-23.98461860388136557,-23.98461832634455959,-23.98461643313810754,-23.98461827764896981,-145.43368928202988855,-23.98461827397091639,0.00000000000000000,2
response-high_pass-48000-255-3-0,48000,high_pass,1000.00000000000000000,252.00000000000000000,255,-23.98461860388136557,-23.98461832634455959,-23.98461643313810754,-23.98461827764896981,-145.43368928202988855,-23.98461827397091639,0.00000000000000000,2
response-high_pass-48000-1024-3-0,48000,high_pass,1000.00000000000000000,252.00000000000000000,1024,-23.98461860388136557,-23.98461832634455959,-23.98461643313810754,-23.98461827764896981,-145.43368928202988855,-23.98461827397091639,0.00000000000000000,2
response-high_pass-48000-1-3-1,48000,high_pass,1000.00000000000000000,1000.00000000000000000,1,-3.01029995663985650,-3.01030037747579016,-3.01030079550998986,-3.01029933754165491,-143.85895348775437697,-3.01029925486487659,0.00000000000000000,2
response-high_pass-48000-127-3-1,48000,high_pass,1000.00000000000000000,1000.00000000000000000,127,-3.01029995663985650,-3.01030037747579016,-3.01030079550998986,-3.01029933754165491,-143.85895348775437697,-3.01029925486487659,0.00000000000000000,2
response-high_pass-48000-128-3-1,48000,high_pass,1000.00000000000000000,1000.00000000000000000,128,-3.01029995663985650,-3.01030037747579016,-3.01030079550998986,-3.01029933754165491,-143.85895348775437697,-3.01029925486487659,0.00000000000000000,2
response-high_pass-48000-255-3-1,48000,high_pass,1000.00000000000000000,1000.00000000000000000,255,-3.01029995663985650,-3.01030037747579016,-3.01030079550998986,-3.01029933754165491,-143.85895348775437697,-3.01029925486487659,0.00000000000000000,2
response-high_pass-48000-1024-3-1,48000,high_pass,1000.00000000000000000,1000.00000000000000000,1024,-3.01029995663985650,-3.01030037747579016,-3.01030079550998986,-3.01029933754165491,-143.85895348775437697,-3.01029925486487659,0.00000000000000000,2
response-high_pass-48000-1-3-2,48000,high_pass,1000.00000000000000000,4000.00000000000000000,1,-0.01552085912869894,-0.01552092917589962,-0.01552116595852851,-0.01552118225924997,-148.40431294755586578,-0.01552110431117874,0.00000000000000000,2
response-high_pass-48000-127-3-2,48000,high_pass,1000.00000000000000000,4000.00000000000000000,127,-0.01552085912869894,-0.01552092917589962,-0.01552116595852851,-0.01552118225924997,-148.40431294755586578,-0.01552110431117874,0.00000000000000000,2
response-high_pass-48000-128-3-2,48000,high_pass,1000.00000000000000000,4000.00000000000000000,128,-0.01552085912869894,-0.01552092917589962,-0.01552116595852851,-0.01552118225924997,-148.40431294755586578,-0.01552110431117874,0.00000000000000000,2
response-high_pass-48000-255-3-2,48000,high_pass,1000.00000000000000000,4000.00000000000000000,255,-0.01552085912869894,-0.01552092917589962,-0.01552116595852851,-0.01552118225924997,-148.40431294755586578,-0.01552110431117874,0.00000000000000000,2
response-high_pass-48000-1024-3-2,48000,high_pass,1000.00000000000000000,4000.00000000000000000,1024,-0.01552085912869894,-0.01552092917589962,-0.01552116595852851,-0.01552118225924997,-148.40431294755586578,-0.01552110431117874,0.00000000000000000,2
response-high_pass-48000-1-3-3,48000,high_pass,1000.00000000000000000,9600.00000000000000000,1,-0.00028763603693429,-0.00028764574688781,-0.00028785219025649,-0.00028754481264649,-149.56379409143889347,-0.00028766763211315,0.00000000000000000,2
response-high_pass-48000-127-3-3,48000,high_pass,1000.00000000000000000,9600.00000000000000000,127,-0.00028763603693429,-0.00028764574688781,-0.00028785219025649,-0.00028754481264649,-149.56379409143889347,-0.00028766763211315,0.00000000000000000,2
response-high_pass-48000-128-3-3,48000,high_pass,1000.00000000000000000,9600.00000000000000000,128,-0.00028763603693429,-0.00028764574688781,-0.00028785219025649,-0.00028754481264649,-149.56379409143889347,-0.00028766763211315,0.00000000000000000,2
response-high_pass-48000-255-3-3,48000,high_pass,1000.00000000000000000,9600.00000000000000000,255,-0.00028763603693429,-0.00028764574688781,-0.00028785219025649,-0.00028754481264649,-149.56379409143889347,-0.00028766763211315,0.00000000000000000,2
response-high_pass-48000-1024-3-3,48000,high_pass,1000.00000000000000000,9600.00000000000000000,1024,-0.00028763603693429,-0.00028764574688781,-0.00028785219025649,-0.00028754481264649,-149.56379409143889347,-0.00028766763211315,0.00000000000000000,2
response-high_pass-48000-1-3-4,48000,high_pass,1000.00000000000000000,21600.00000000000000000,1,-0.00000005043730738,-0.00000005056620036,-0.00000009106002076,-0.00000002372636799,-148.86196410860719652,-0.00000011701820730,0.00000000000000000,2
response-high_pass-48000-127-3-4,48000,high_pass,1000.00000000000000000,21600.00000000000000000,127,-0.00000005043730738,-0.00000005056620036,-0.00000009106002076,-0.00000002372636799,-148.86196410860719652,-0.00000011701820730,0.00000000000000000,2
response-high_pass-48000-128-3-4,48000,high_pass,1000.00000000000000000,21600.00000000000000000,128,-0.00000005043730738,-0.00000005056620036,-0.00000009106002076,-0.00000002372636799,-148.86196410860719652,-0.00000011701820730,0.00000000000000000,2
response-high_pass-48000-255-3-4,48000,high_pass,1000.00000000000000000,21600.00000000000000000,255,-0.00000005043730738,-0.00000005056620036,-0.00000009106002076,-0.00000002372636799,-148.86196410860719652,-0.00000011701820730,0.00000000000000000,2
response-high_pass-48000-1024-3-4,48000,high_pass,1000.00000000000000000,21600.00000000000000000,1024,-0.00000005043730738,-0.00000005056620036,-0.00000009106002076,-0.00000002372636799,-148.86196410860719652,-0.00000011701820730,0.00000000000000000,2
response-high_pass-48000-1-4-0,48000,high_pass,4800.00000000000000000,1200.00000000000000000,1,-24.64659898597290066,-24.64659934943405872,-24.64660542455718684,-24.64659940347094036,-148.66946687856912490,-24.64659947171733023,0.00000000000000000,2
response-high_pass-48000-127-4-0,48000,high_pass,4800.00000000000000000,1200.00000000000000000,127,-24.64659898597290066,-24.64659934943405872,-24.64660542455718684,-24.64659940347094036,-148.66946687856912490,-24.64659947171733023,0.00000000000000000,2
response-high_pass-48000-128-4-0,48000,high_pass,4800.00000000000000000,1200.00000000000000000,128,-24.64659898597290066,-24.64659934943405872,-24.64660542455718684,-24.64659940347094036,-148.66946687856912490,-24.64659947171733023,0.00000000000000000,2
response-high_pass-48000-255-4-0,48000,high_pass,4800.00000000000000000,1200.00000000000000000,255,-24.64659898597290066,-24.64659934943405872,-24.64660542455718684,-24.64659940347094036,-148.66946687856912490,-24.64659947171733023,0.00000000000000000,2
response-high_pass-48000-1024-4-0,48000,high_pass,4800.00000000000000000,1200.00000000000000000,1024,-24.64659898597290066,-24.64659934943405872,-24.64660542455718684,-24.64659940347094036,-148.66946687856912490,-24.64659947171733023,0.00000000000000000,2
response-high_pass-48000-1-4-1,48000,high_pass,4800.00000000000000000,4800.00000000000000000,1,-3.01029995663980987,-3.01030015129960260,-3.01030067762748921,-3.01030069444242887,-149.63761318174391590,-3.01030081726150867,0.00000000000000000,2
response-high_pass-48000-127-4-1,48000,high_pass,4800.00000000000000000,4800.00000000000000000,127,-3.01029995663980987,-3.01030015129960260,-3.01030067762748921,-3.01030069444242887,-149.63761318174391590,-3.01030081726150867,0.00000000000000000,2
response-high_pass-48000-128-4-1,48000,high_pass,4800.00000000000000000,4800.00000000000000000,128,-3.01029995663980987,-3.01030015129960260,-3.01030067762748921,-3.01030069444242887,-149.63761318174391590,-3.01030081726150867,0.00000000000000000,2
response-high_pass-48000-255-4-1,48000,high_pass,4800.00000000000000000,4800.00000000000000000,255,-3.01029995663980987,-3.01030015129960260,-3.01030067762748921,-3.01030069444242887,-149.63761318174391590,-3.01030081726150867,0.00000000000000000,2
response-high_pass-48000-1024-4-1,48000,high_pass,4800.00000000000000000,4800.00000000000000000,1024,-3.01029995663980987,-3.01030015129960260,-3.01030067762748921,-3.01030069444242887,-149.63761318174391590,-3.01030081726150867,0.00000000000000000,2
response-high_pass-48000-1-4-2,48000,high_pass,4800.00000000000000000,9600.00000000000000000,1,-0.17033339298780301,-0.17033341198331903,-0.17033379636428475,-0.17033297750121898,-143.34634894755819801,-0.17033310032117113,0.00000000000000000,2
response-high_pass-48000-127-4-2,48000,high_pass,4800.00000000000000000,9600.00000000000000000,127,-0.17033339298780301,-0.17033341198331903,-0.17033379636428475,-0.17033297750121898,-143.34634894755819801,-0.17033310032117113,0.00000000000000000,2
response-high_pass-48000-128-4-2,48000,high_pass,4800.00000000000000000,9600.00000000000000000,128,-0.17033339298780301,-0.17033341198331903,-0.17033379636428475,-0.17033297750121898,-143.34634894755819801,-0.17033310032117113,0.00000000000000000,2
response-high_pass-48000-255-4-2,48000,high_pass,4800.00000000000000000,9600.00000000000000000,255,-0.17033339298780301,-0.17033341198331903,-0.17033379636428475,-0.17033297750121898,-143.34634894755819801,-0.17033310032117113,0.00000000000000000,2
response-high_pass-48000-1024-4-2,48000,high_pass,4800.00000000000000000,9600.00000000000000000,1024,-0.17033339298780301,-0.17033341198331903,-0.17033379636428475,-0.17033297750121898,-143.34634894755819801,-0.17033310032117113,0.00000000000000000,2
response-high_pass-48000-1-4-3,48000,high_pass,4800.00000000000000000,19200.00000000000000000,1,-0.00053946794723038,-0.00053946828366269,-0.00053930159844355,-0.00053935768776612,-146.53936244779964682,-0.00053948050764283,0.00000000000000000,2
response-high_pass-48000-127-4-3,48000,high_pass,4800.00000000000000000,19200.00000000000000000,127,-0.00053946794723038,-0.00053946828366269,-0.00053930159844355,-0.00053935768776612,-146.53936244779964682,-0.00053948050764283,0.00000000000000000,2
response-high_pass-48000-128-4-3,48000,high_pass,4800.00000000000000000,19200.00000000000000000,128,-0.00053946794723038,-0.00053946828366269,-0.00053930159844355,-0.00053935768776612,-146.53936244779964682,-0.00053948050764283,0.00000000000000000,2
response-high_pass-48000-255-4-3,48000,high_pass,4800.00000000000000000,19200.00000000000000000,255,-0.00053946794723038,-0.00053946828366269,-0.00053930159844355,-0.00053935768776612,-146.53936244779964682,-0.00053948050764283,0.00000000000000000,2
response-high_pass-48000-1024-4-3,48000,high_pass,4800.00000000000000000,19200.00000000000000000,1024,-0.00053946794723038,-0.00053946828366269,-0.00053930159844355,-0.00053935768776612,-146.53936244779964682,-0.00053948050764283,0.00000000000000000,2
response-high_pass-48000-1-4-4,48000,high_pass,4800.00000000000000000,21600.00000000000000000,1,-0.00003046049801952,-0.00003046056979563,-0.00003046090677333,-0.00003032527611214,-148.14879528663374231,-0.00003041856804548,0.00000000000000000,2
response-high_pass-48000-127-4-4,48000,high_pass,4800.00000000000000000,21600.00000000000000000,127,-0.00003046049801952,-0.00003046056979563,-0.00003046090677333,-0.00003032527611214,-148.14879528663374231,-0.00003041856804548,0.00000000000000000,2
response-high_pass-48000-128-4-4,48000,high_pass,4800.00000000000000000,21600.00000000000000000,128,-0.00003046049801952,-0.00003046056979563,-0.00003046090677333,-0.00003032527611214,-148.14879528663374231,-0.00003041856804548,0.00000000000000000,2
response-high_pass-48000-255-4-4,48000,high_pass,4800.00000000000000000,21600.00000000000000000,255,-0.00003046049801952,-0.00003046056979563,-0.00003046090677333,-0.00003032527611214,-148.14879528663374231,-0.00003041856804548,0.00000000000000000,2
response-high_pass-48000-1024-4-4,48000,high_pass,4800.00000000000000000,21600.00000000000000000,1024,-0.00003046049801952,-0.00003046056979563,-0.00003046090677333,-0.00003032527611214,-148.14879528663374231,-0.00003041856804548,0.00000000000000000,2
response-high_pass-48000-1-5-0,48000,high_pass,21600.00000000000000000,5400.00000000000000000,1,-49.33428667586919403,-49.33428609957914546,-49.33429029671106747,-49.33429230188308878,-148.18241774499401231,-49.33429224987627748,0.00000000000000000,2
response-high_pass-48000-127-5-0,48000,high_pass,21600.00000000000000000,5400.00000000000000000,127,-49.33428667586919403,-49.33428609957914546,-49.33429029671106747,-49.33429230188308878,-148.18241774499401231,-49.33429224987627748,0.00000000000000000,2
response-high_pass-48000-128-5-0,48000,high_pass,21600.00000000000000000,5400.00000000000000000,128,-49.33428667586919403,-49.33428609957914546,-49.33429029671106747,-49.33429230188308878,-148.18241774499401231,-49.33429224987627748,0.00000000000000000,2
response-high_pass-48000-255-5-0,48000,high_pass,21600.00000000000000000,5400.00000000000000000,255,-49.33428667586919403,-49.33428609957914546,-49.33429029671106747,-49.33429230188308878,-148.18241774499401231,-49.33429224987627748,0.00000000000000000,2
response-high_pass-48000-1024-5-0,48000,high_pass,21600.00000000000000000,5400.00000000000000000,1024,-49.33428667586919403,-49.33428609957914546,-49.33429029671106747,-49.33429230188308878,-148.18241774499401231,-49.33429224987627748,0.00000000000000000,2
response-high_pass-48000-1-5-1,48000,high_pass,21600.00000000000000000,9600.00000000000000000,1,-37.56181924832652186,-37.56181864332780407,-37.56173859457402386,-37.56181603928523316,-147.13255764517512603,-37.56181616204948170,0.00000000000000000,2
response-high_pass-48000-127-5-1,48000,high_pass,21600.00000000000000000,9600.00000000000000000,127,-37.56181924832652186,-37.56181864332780407,-37.56173859457402386,-37.56181603928523316,-147.13255764517512603,-37.56181616204948170,0.00000000000000000,2
response-high_pass-48000-128-5-1,48000,high_pass,21600.00000000000000000,9600.00000000000000000,128,-37.56181924832652186,-37.56181864332780407,-37.56173859457402386,-37.56181603928523316,-147.13255764517512603,-37.56181616204948170,0.00000000000000000,2
response-high_pass-48000-255-5-1,48000,high_pass,21600.00000000000000000,9600.00000000000000000,255,-37.56181924832652186,-37.56181864332780407,-37.56173859457402386,-37.56181603928523316,-147.13255764517512603,-37.56181616204948170,0.00000000000000000,2
response-high_pass-48000-1024-5-1,48000,high_pass,21600.00000000000000000,9600.00000000000000000,1024,-37.56181924832652186,-37.56181864332780407,-37.56173859457402386,-37.56181603928523316,-147.13255764517512603,-37.56181616204948170,0.00000000000000000,2
response-high_pass-48000-1-5-2,48000,high_pass,21600.00000000000000000,21600.00000000000000000,1,-3.01029995663980587,-3.01029820564757600,-3.01029866800808454,-3.01029892219030870,-127.64337350040489127,-3.01029901548083467,0.00000000000000000,2
response-high_pass-48000-127-5-2,48000,high_pass,21600.00000000000000000,21600.00000000000000000,127,-3.01029995663980587,-3.01029820564757600,-3.01029866800808454,-3.01029892219030870,-127.64337350040489127,-3.01029901548083467,0.00000000000000000,2
response-high_pass-48000-128-5-2,48000,high_pass,21600.00000000000000000,21600.00000000000000000,128,-3.01029995663980587,-3.01029820564757600,-3.01029866800808454,-3.01029892219030870,-127.64337350040489127,-3.01029901548083467,0.00000000000000000,2
response-high_pass-48000-255-5-2,48000,high_pass,21600.00000000000000000,21600.00000000000000000,255,-3.01029995663980587,-3.01029820564757600,-3.01029866800808454,-3.01029892219030870,-127.64337350040489127,-3.01029901548083467,0.00000000000000000,2
response-high_pass-48000-1024-5-2,48000,high_pass,21600.00000000000000000,21600.00000000000000000,1024,-3.01029995663980587,-3.01029820564757600,-3.01029866800808454,-3.01029892219030870,-127.64337350040489127,-3.01029901548083467,0.00000000000000000,2
response-high_pass-48000-1-5-3,48000,high_pass,21600.00000000000000000,23996.00000000000000000,1,-0.00000000003241973,-0.00000000002439845,-0.00000002821698836,0.00000000206676977,-129.49100497461239456,0.00000000201732677,0.00000000000000000,2
response-high_pass-48000-127-5-3,48000,high_pass,21600.00000000000000000,23996.00000000000000000,127,-0.00000000003241973,-0.00000000002439845,-0.00000002821698836,0.00000000206676977,-129.49100497461239456,0.00000000201732677,0.00000000000000000,2
response-high_pass-48000-128-5-3,48000,high_pass,21600.00000000000000000,23996.00000000000000000,128,-0.00000000003241973,-0.00000000002439845,-0.00000002821698836,0.00000000206676977,-129.49100497461239456,0.00000000201732677,0.00000000000000000,2
response-high_pass-48000-255-5-3,48000,high_pass,21600.00000000000000000,23996.00000000000000000,255,-0.00000000003241973,-0.00000000002439845,-0.00000002821698836,0.00000000206676977,-129.49100497461239456,0.00000000201732677,0.00000000000000000,2
response-high_pass-48000-1024-5-3,48000,high_pass,21600.00000000000000000,23996.00000000000000000,1024,-0.00000000003241973,-0.00000000002439845,-0.00000002821698836,0.00000000206676977,-129.49100497461239456,0.00000000201732677,0.00000000000000000,2
response-low_pass-48000-1-0-0,48000,low_pass,10.00000000000000000,4.00000000000000000,1,-0.10978006972059284,-0.10977996605241860,-0.10978123420044864,-0.10977936348666981,-130.20170563510413331,-0.10977936353527287,0.00000000000000000,0
response-low_pass-48000-127-0-0,48000,low_pass,10.00000000000000000,4.00000000000000000,127,-0.10978006972059284,-0.10977996605241860,-0.10978123420044864,-0.10977936348666981,-130.20170563510413331,-0.10977936353527287,0.00000000000000000,0
response-low_pass-48000-128-0-0,48000,low_pass,10.00000000000000000,4.00000000000000000,128,-0.10978006972059284,-0.10977996605241860,-0.10978123420044864,-0.10977936348666981,-130.20170563510413331,-0.10977936353527287,0.00000000000000000,0
response-low_pass-48000-255-0-0,48000,low_pass,10.00000000000000000,4.00000000000000000,255,-0.10978006972059284,-0.10977996605241860,-0.10978123420044864,-0.10977936348666981,-130.20170563510413331,-0.10977936353527287,0.00000000000000000,0
response-low_pass-48000-1024-0-0,48000,low_pass,10.00000000000000000,4.00000000000000000,1024,-0.10978006972059284,-0.10977996605241860,-0.10978123420044864,-0.10977936348666981,-130.20170563510413331,-0.10977936353527287,0.00000000000000000,0
response-low_pass-48000-1-0-1,48000,low_pass,10.00000000000000000,12.00000000000000000,1,-4.87647421112116231,-4.87647377964683137,-4.87647161230842396,-4.87647094916943402,-133.53495145861631954,-4.87647094549369875,0.00000000000000000,0
response-low_pass-48000-127-0-1,48000,low_pass,10.00000000000000000,12.00000000000000000,127,-4.87647421112116231,-4.87647377964683137,-4.87647161230842396,-4.87647094916943402,-133.53495145861631954,-4.87647094549369875,0.00000000000000000,0
response-low_pass-48000-128-0-1,48000,low_pass,10.00000000000000000,12.00000000000000000,128,-4.87647421112116231,-4.87647377964683137,-4.87647161230842396,-4.87647094916943402,-133.53495145861631954,-4.87647094549369875,0.00000000000000000,0
response-low_pass-48000-255-0-1,48000,low_pass,10.00000000000000000,12.00000000000000000,255,-4.87647421112116231,-4.87647377964683137,-4.87647161230842396,-4.87647094916943402,-133.53495145861631954,-4.87647094549369875,0.00000000000000000,0
response-low_pass-48000-1024-0-1,48000,low_pass,10.00000000000000000,12.00000000000000000,1024,-4.87647421112116231,-4.87647377964683137,-4.87647161230842396,-4.87647094916943402,-133.53495145861631954,-4.87647094549369875,0.00000000000000000,0
response-low_pass-48000-1-0-2,48000,low_pass,10.00000000000000000,40.00000000000000000,1,-24.09936829580900763,-24.09936805670271553,-24.09936732750220756,-24.09937104720684786,-163.25495718417482749,-24.09937102966662081,0.00000000000000000,0
response-low_pass-48000-127-0-2,48000,low_pass,10.00000000000000000,40.00000000000000000,127,-24.09936829580900763,-24.09936805670271553,-24.09936732750220756,-24.09937104720684786,-163.25495718417482749,-24.09937102966662081,0.00000000000000000,0
response-low_pass-48000-128-0-2,48000,low_pass,10.00000000000000000,40.00000000000000000,128,-24.09936829580900763,-24.09936805670271553,-24.09936732750220756,-24.09937104720684786,-163.25495718417482749,-24.09937102966662081,0.00000000000000000,0
response-low_pass-48000-255-0-2,48000,low_pass,10.00000000000000000,40.00000000000000000,255,-24.09936829580900763,-24.09936805670271553,-24.09936732750220756,-24.09937104720684786,-163.25495718417482749,-24.09937102966662081,0.00000000000000000,0
response-low_pass-48000-1024-0-2,48000,low_pass,10.00000000000000000,40.00000000000000000,1024,-24.09936829580900763,-24.09936805670271553,-24.09936732750220756,-24.09937104720684786,-163.25495718417482749,-24.09937102966662081,0.00000000000000000,0
response-low_pass-48000-1-0-3,48000,low_pass,10.00000000000000000,9600.00000000000000000,1,-121.81409373481702119,-121.81409353421970820,-121.81380218607142751,-121.81406669054456415,-161.00128488021863404,-121.81131973783806188,0.00000000000000000,0
response-low_pass-48000-127-0-3,48000,low_pass,10.00000000000000000,9600.00000000000000000,127,-121.81409373481702119,-121.81409353421970820,-121.81380218607142751,-121.81406669054456415,-161.00128488021863404,-121.81131973783806188,0.00000000000000000,0
response-low_pass-48000-128-0-3,48000,low_pass,10.00000000000000000,9600.00000000000000000,128,-121.81409373481702119,-121.81409353421970820,-121.81380218607142751,-121.81406669054456415,-161.00128488021863404,-121.81131973783806188,0.00000000000000000,0
response-low_pass-48000-255-0-3,48000,low_pass,10.00000000000000000,9600.00000000000000000,255,-121.81409373481702119,-121.81409353421970820,-121.81380218607142751,-121.81406669054456415,-161.00128488021863404,-121.81131973783806188,0.00000000000000000,0
response-low_pass-48000-1024-0-3,48000,low_pass,10.00000000000000000,9600.00000000000000000,1024,-121.81409373481702119,-121.81409353421970820,-121.81380218607142751,-121.81406669054456415,-161.00128488021863404,-121.81131973783806188,0.00000000000000000,0
response-low_pass-48000-1-0-4,48000,low_pass,10.00000000000000000,21600.00000000000000000,1,-159.37515153477596641,-159.37515133417906554,-158.68389601564842906,-159.37515463267916971,-178.95014142218786901,-159.32744001944303136,0.00000000000000000,0
response-low_pass-48000-127-0-4,48000,low_pass,10.00000000000000000,21600.00000000000000000,127,-159.37515153477596641,-159.37515133417906554,-158.68389601564842906,-159.37515463267916971,-178.95014142218786901,-159.32744001944303136,0.00000000000000000,0
response-low_pass-48000-128-0-4,48000,low_pass,10.00000000000000000,21600.00000000000000000,128,-159.37515153477596641,-159.37515133417906554,-158.68389601564842906,-159.37515463267916971,-178.95014142218786901,-159.32744001944303136,0.00000000000000000,0
response-low_pass-48000-255-0-4,48000,low_pass,10.00000000000000000,21600.00000000000000000,255,-159.37515153477596641,-159.37515133417906554,-158.68389601564842906,-159.37515463267916971,-178.95014142218786901,-159.32744001944303136,0.00000000000000000,0
response-low_pass-48000-1024-0-4,48000,low_pass,10.00000000000000000,21600.00000000000000000,1024,-159.37515153477596641,-159.37515133417906554,-158.68389601564842906,-159.37515463267916971,-178.95014142218786901,-159.32744001944303136,0.00000000000000000,0
response-low_pass-48000-1-1-0,48000,low_pass,20.00000000000000000,4.00000000000000000,1,-0.00694314339757933,-0.00694317854127017,-0.00694284615286443,-0.00694295855474540,-130.49786009832962463,-0.00694295860339216,0.00000000000000000,2
response-low_pass-48000-127-1-0,48000,low_pass,20.00000000000000000,4.00000000000000000,127,-0.00694314339757933,-0.00694317854127017,-0.00694284615286443,-0.00694295855474540,-130.49786009832962463,-0.00694295860339216,0.00000000000000000,2
response-low_pass-48000-128-1-0,48000,low_pass,20.00000000000000000,4.00000000000000000,128,-0.00694314339757933,-0.00694317854127017,-0.00694284615286443,-0.00694295855474540,-130.49786009832962463,-0.00694295860339216,0.00000000000000000,2
response-low_pass-48000-255-1-0,48000,low_pass,20.00000000000000000,4.00000000000000000,255,-0.00694314339757933,-0.00694317854127017,-0.00694284615286443,-0.00694295855474540,-130.49786009832962463,-0.00694295860339216,0.00000000000000000,2
response-low_pass-48000-1024-1-0,48000,low_pass,20.00000000000000000,4.00000000000000000,1024,-0.00694314339757933,-0.00694317854127017,-0.00694284615286443,-0.00694295855474540,-130.49786009832962463,-0.00694295860339216,0.00000000000000000,2
response-low_pass-48000-1-1-1,48000,low_pass,20.00000000000000000,20.00000000000000000,1,-3.01029995675740825,-3.01030075091282923,-3.01030193894662990,-3.01030246813118252,-142.21553937954229241,-3.01030245628645599,0.00000000000000000,2
response-low_pass-48000-127-1-1,48000,low_pass,20.00000000000000000,20.00000000000000000,127,-3.01029995675740825,-3.01030075091282923,-3.01030193894662990,-3.01030246813118252,-142.21553937954229241,-3.01030245628645599,0.00000000000000000,2
response-low_pass-48000-128-1-1,48000,low_pass,20.00000000000000000,20.00000000000000000,128,-3.01029995675740825,-3.01030075091282923,-3.01030193894662990,-3.01030246813118252,-142.21553937954229241,-3.01030245628645599,0.00000000000000000,2
response-low_pass-48000-255-1-1,48000,low_pass,20.00000000000000000,20.00000000000000000,255,-3.01029995675740825,-3.01030075091282923,-3.01030193894662990,-3.01030246813118252,-142.21553937954229241,-3.01030245628645599,0.00000000000000000,2
response-low_pass-48000-1024-1-1,48000,low_pass,20.00000000000000000,20.00000000000000000,1024,-3.01029995675740825,-3.01030075091282923,-3.01030193894662990,-3.01030246813118252,-142.21553937954229241,-3.01030245628645599,0.00000000000000000,2
response-low_pass-48000-1-1-2,48000,low_pass,20.00000000000000000,80.00000000000000000,1,-24.09947948571693388,-24.09948027496409040,-24.09947411402260187,-24.09948311688091138,-156.60452820829709708,-24.09948309530390276,0.00000000000000000,2
response-low_pass-48000-127-1-2,48000,low_pass,20.00000000000000000,80.00000000000000000,127,-24.09947948571693388,-24.09948027496409040,-24.09947411402260187,-24.09948311688091138,-156.60452820829709708,-24.09948309530390276,0.00000000000000000,2
response-low_pass-48000-128-1-2,48000,low_pass,20.00000000000000000,80.00000000000000000,128,-24.09947948571693388,-24.09948027496409040,-24.09947411402260187,-24.09948311688091138,-156.60452820829709708,-24.09948309530390276,0.00000000000000000,2
response-low_pass-48000-255-1-2,48000,low_pass,20.00000000000000000,80.00000000000000000,255,-24.09947948571693388,-24.09948027496409040,-24.09947411402260187,-24.09948311688091138,-156.60452820829709708,-24.09948309530390276,0.00000000000000000,2
response-low_pass-48000-1024-1-2,48000,low_pass,20.00000000000000000,80.00000000000000000,1024,-24.09947948571693388,-24.09948027496409040,-24.09947411402260187,-24.09948311688091138,-156.60452820829709708,-24.09948309530390276,0.00000000000000000,2
response-low_pass-48000-1-1-3,48000,low_pass,20.00000000000000000,9600.00000000000000000,1,-109.77288646719529197,-109.77288720645896092,-109.77161263977181704,-109.77288709894337160,-181.00128484725459543,-109.77283819348903648,0.00000000000000000,2
response-low_pass-48000-127-1-3,48000,low_pass,20.00000000000000000,9600.00000000000000000,127,-109.77288646719529197,-109.77288720645896092,-109.77161263977181704,-109.77288709894337160,-181.00128484725459543,-109.77283819348903648,0.00000000000000000,2
response-low_pass-48000-128-1-3,48000,low_pass,20.00000000000000000,9600.00000000000000000,128,-109.77288646719529197,-109.77288720645896092,-109.77161263977181704,-109.77288709894337160,-181.00128484725459543,-109.77283819348903648,0.00000000000000000,2
response-low_pass-48000-255-1-3,48000,low_pass,20.00000000000000000,9600.00000000000000000,255,-109.77288646719529197,-109.77288720645896092,-109.77161263977181704,-109.77288709894337160,-181.00128484725459543,-109.77283819348903648,0.00000000000000000,2
response-low_pass-48000-1024-1-3,48000,low_pass,20.00000000000000000,9600.00000000000000000,1024,-109.77288646719529197,-109.77288720645896092,-109.77161263977181704,-109.77288709894337160,-181.00128484725459543,-109.77283819348903648,0.00000000000000000,2
response-low_pass-48000-1-1-4,48000,low_pass,20.00000000000000000,21600.00000000000000000,1,-147.33394426711134884,-147.33394500637044189,-147.25790132336842930,-147.33390642431638184,-162.24563358750594944,-147.12199172791233082,0.00000000000000000,2
response-low_pass-48000-127-1-4,48000,low_pass,20.00000000000000000,21600.00000000000000000,127,-147.33394426711134884,-147.33394500637044189,-147.25790132336842930,-147.33390642431638184,-162.24563358750594944,-147.12199172791233082,0.00000000000000000,2
response-low_pass-48000-128-1-4,48000,low_pass,20.00000000000000000,21600.00000000000000000,128,-147.33394426711134884,-147.33394500637044189,-147.25790132336842930,-147.33390642431638184,-162.24563358750594944,-147.12199172791233082,0.00000000000000000,2
response-low_pass-48000-255-1-4,48000,low_pass,20.00000000000000000,21600.00000000000000000,255,-147.33394426711134884,-147.33394500637044189,-147.25790132336842930,-147.33390642431638184,-162.24563358750594944,-147.12199172791233082,0.00000000000000000,2
response-low_pass-48000-1024-1-4,48000,low_pass,20.00000000000000000,21600.00000000000000000,1024,-147.33394426711134884,-147.33394500637044189,-147.25790132336842930,-147.33390642431638184,-162.24563358750594944,-147.12199172791233082,0.00000000000000000,2
response-low_pass-48000-1-2-0,48000,low_pass,100.00000000000000000,24.00000000000000000,1,-0.01438422579223969,-0.01438426670423590,-0.01438572981258283,-0.01438419521305188,-138.45347160142046050,-0.01438419152753511,0.00000000000000000,2
response-low_pass-48000-127-2-0,48000,low_pass,100.00000000000000000,24.00000000000000000,127,-0.01438422579223969,-0.01438426670423590,-0.01438572981258283,-0.01438419521305188,-138.45347160142046050,-0.01438419152753511,0.00000000000000000,2
response-low_pass-48000-128-2-0,48000,low_pass,100.00000000000000000,24.00000000000000000,128,-0.01438422579223969,-0.01438426670423590,-0.01438572981258283,-0.01438419521305188,-138.45347160142046050,-0.01438419152753511,0.00000000000000000,2
response-low_pass-48000-255-2-0,48000,low_pass,100.00000000000000000,24.00000000000000000,255,-0.01438422579223969,-0.01438426670423590,-0.01438572981258283,-0.01438419521305188,-138.45347160142046050,-0.01438419152753511,0.00000000000000000,2
response-low_pass-48000-1024-2-0,48000,low_pass,100.00000000000000000,24.00000000000000000,1024,-0.01438422579223969,-0.01438426670423590,-0.01438572981258283,-0.01438419521305188,-138.45347160142046050,-0.01438419152753511,0.00000000000000000,2
response-low_pass-48000-1-2-1,48000,low_pass,100.00000000000000000,100.00000000000000000,1,-3.01029995663671945,-3.01030043723827356,-3.01029957000844206,-3.01029916124903041,-141.49941421021864585,-3.01029914004516508,0.00000000000000000,2
response-low_pass-48000-127-2-1,48000,low_pass,100.00000000000000000,100.00000000000000000,127,-3.01029995663671945,-3.01030043723827356,-3.01029957000844206,-3.01029916124903041,-141.49941421021864585,-3.01029914004516508,0.00000000000000000,2
response-low_pass-48000-128-2-1,48000,low_pass,100.00000000000000000,100.00000000000000000,128,-3.01029995663671945,-3.01030043723827356,-3.01029957000844206,-3.01029916124903041,-141.49941421021864585,-3.01029914004516508,0.00000000000000000,2
response-low_pass-48000-255-2-1,48000,low_pass,100.00000000000000000,100.00000000000000000,255,-3.01029995663671945,-3.01030043723827356,-3.01029957000844206,-3.01029916124903041,-141.49941421021864585,-3.01029914004516508,0.00000000000000000,2
response-low_pass-48000-1024-2-1,48000,low_pass,100.00000000000000000,100.00000000000000000,1024,-3.01029995663671945,-3.01030043723827356,-3.01029957000844206,-3.01029916124903041,-141.49941421021864585,-3.01029914004516508,0.00000000000000000,2
response-low_pass-48000-1-2-2,48000,low_pass,100.00000000000000000,400.00000000000000000,1,-24.10303815102992431,-24.10303845723618821,-24.10304158764313343,-24.10303911770996876,-157.29081209213009629,-24.10303910957683016,0.00000000000000000,2
response-low_pass-48000-127-2-2,48000,low_pass,100.00000000000000000,400.00000000000000000,127,-24.10303815102992431,-24.10303845723618821,-24.10304158764313343,-24.10303911770996876,-157.29081209213009629,-24.10303910957683016,0.00000000000000000,2
response-low_pass-48000-128-2-2,48000,low_pass,100.00000000000000000,400.00000000000000000,128,-24.10303815102992431,-24.10303845723618821,-24.10304158764313343,-24.10303911770996876,-157.29081209213009629,-24.10303910957683016,0.00000000000000000,2
response-low_pass-48000-255-2-2,48000,low_pass,100.00000000000000000,400.00000000000000000,255,-24.10303815102992431,-24.10303845723618821,-24.10304158764313343,-24.10303911770996876,-157.29081209213009629,-24.10303910957683016,0.00000000000000000,2
response-low_pass-48000-1024-2-2,48000,low_pass,100.00000000000000000,400.00000000000000000,1024,-24.10303815102992431,-24.10303845723618821,-24.10304158764313343,-24.10303911770996876,-157.29081209213009629,-24.10303910957683016,0.00000000000000000,2
response-low_pass-48000-1-2-3,48000,low_pass,100.00000000000000000,9600.00000000000000000,1,-81.81384819111825379,-81.81384845500922154,-81.81331989884765221,-81.81384794766664470,-160.86162593956271394,-81.81384782771462483,0.00000000000000000,2
response-low_pass-48000-127-2-3,48000,low_pass,100.00000000000000000,9600.00000000000000000,127,-81.81384819111825379,-81.81384845500922154,-81.81331989884765221,-81.81384794766664470,-160.86162593956271394,-81.81384782771462483,0.00000000000000000,2
response-low_pass-48000-128-2-3,48000,low_pass,100.00000000000000000,9600.00000000000000000,128,-81.81384819111825379,-81.81384845500922154,-81.81331989884765221,-81.81384794766664470,-160.86162593956271394,-81.81384782771462483,0.00000000000000000,2
response-low_pass-48000-255-2-3,48000,low_pass,100.00000000000000000,9600.00000000000000000,255,-81.81384819111825379,-81.81384845500922154,-81.81331989884765221,-81.81384794766664470,-160.86162593956271394,-81.81384782771462483,0.00000000000000000,2
response-low_pass-48000-1024-2-3,48000,low_pass,100.00000000000000000,9600.00000000000000000,1024,-81.81384819111825379,-81.81384845500922154,-81.81331989884765221,-81.81384794766664470,-160.86162593956271394,-81.81384782771462483,0.00000000000000000,2
response-low_pass-48000-1-2-4,48000,low_pass,100.00000000000000000,21600.00000000000000000,1,-119.37490596248287034,-119.37490622631797521,-119.35982557663993475,-119.37490649221675199,-211.72036245248443720,-119.37490646363318092,0.00000000000000000,2
response-low_pass-48000-127-2-4,48000,low_pass,100.00000000000000000,21600.00000000000000000,127,-119.37490596248287034,-119.37490622631797521,-119.35982557663993475,-119.37490649221675199,-211.72036245248443720,-119.37490646363318092,0.00000000000000000,2
response-low_pass-48000-128-2-4,48000,low_pass,100.00000000000000000,21600.00000000000000000,128,-119.37490596248287034,-119.37490622631797521,-119.35982557663993475,-119.37490649221675199,-211.72036245248443720,-119.37490646363318092,0.00000000000000000,2
response-low_pass-48000-255-2-4,48000,low_pass,100.00000000000000000,21600.00000000000000000,255,-119.37490596248287034,-119.37490622631797521,-119.35982557663993475,-119.37490649221675199,-211.72036245248443720,-119.37490646363318092,0.00000000000000000,2
response-low_pass-48000-1024-2-4,48000,low_pass,100.00000000000000000,21600.00000000000000000,1024,-119.37490596248287034,-119.37490622631797521,-119.35982557663993475,-119.37490649221675199,-211.72036245248443720,-119.37490646363318092,0.00000000000000000,2
response-low_pass-48000-1-3-0,48000,low_pass,1000.00000000000000000,252.00000000000000000,1,-0.01738567049998714,-0.01738574736543981,-0.01738677424894655,-0.01738578238255367,-144.42029833288282248,-0.01738577870733790,0.00000000000000000,2
response-low_pass-48000-127-3-0,48000,low_pass,1000.00000000000000000,252.00000000000000000,127,-0.01738567049998714,-0.01738574736543981,-0.01738677424894655,-0.01738578238255367,-144.42029833288282248,-0.01738577870733790,0.00000000000000000,2
response-low_pass-48000-128-3-0,48000,low_pass,1000.00000000000000000,252.00000000000000000,128,-0.01738567049998714,-0.01738574736543981,-0.01738677424894655,-0.01738578238255367,-144.42029833288282248,-0.01738577870733790,0.00000000000000000,2
response-low_pass-48000-255-3-0,48000,low_pass,1000.00000000000000000,252.00000000000000000,255,-0.01738567049998714,-0.01738574736543981,-0.01738677424894655,-0.01738578238255367,-144.42029833288282248,-0.01738577870733790,0.00000000000000000,2
response-low_pass-48000-1024-3-0,48000,low_pass,1000.00000000000000000,252.00000000000000000,1024,-0.01738567049998714,-0.01738574736543981,-0.01738677424894655,-0.01738578238255367,-144.42029833288282248,-0.01738577870733790,0.00000000000000000,2
response-low_pass-48000-1-3-1,48000,low_pass,1000.00000000000000000,1000.00000000000000000,1,-3.01029995663977523,-3.01030073187701630,-3.01030100332882800,-3.01029931520893879,-151.18508471210907373,-3.01029923253211829,0.00000000000000000,2
response-low_pass-48000-127-3-1,48000,low_pass,1000.00000000000000000,1000.00000000000000000,127,-3.01029995663977523,-3.01030073187701630,-3.01030100332882800,-3.01029931520893879,-151.18508471210907373,-3.01029923253211829,0.00000000000000000,2
response-low_pass-48000-128-3-1,48000,low_pass,1000.00000000000000000,1000.00000000000000000,128,-3.01029995663977523,-3.01030073187701630,-3.01030100332882800,-3.01029931520893879,-151.18508471210907373,-3.01029923253211829,0.00000000000000000,2
response-low_pass-48000-255-3-1,48000,low_pass,1000.00000000000000000,1000.00000000000000000,255,-3.01029995663977523,-3.01030073187701630,-3.01030100332882800,-3.01029931520893879,-151.18508471210907373,-3.01029923253211829,0.00000000000000000,2
response-low_pass-48000-1024-3-1,48000,low_pass,1000.00000000000000000,1000.00000000000000000,1024,-3.01029995663977523,-3.01030073187701630,-3.01030100332882800,-3.01029931520893879,-151.18508471210907373,-3.01029923253211829,0.00000000000000000,2
response-low_pass-48000-1-3-2,48000,low_pass,1000.00000000000000000,4000.00000000000000000,1,-24.47644365975306613,-24.47644408420146434,-24.47644383307980576,-24.47644431939556142,-157.68395902975012746,-24.47644424144716524,0.00000000000000000,2
response-low_pass-48000-127-3-2,48000,low_pass,1000.00000000000000000,4000.00000000000000000,127,-24.47644365975306613,-24.47644408420146434,-24.47644383307980576,-24.47644431939556142,-157.68395902975012746,-24.47644424144716524,0.00000000000000000,2
response-low_pass-48000-128-3-2,48000,low_pass,1000.00000000000000000,4000.00000000000000000,128,-24.47644365975306613,-24.47644408420146434,-24.47644383307980576,-24.47644431939556142,-157.68395902975012746,-24.47644424144716524,0.00000000000000000,2
response-low_pass-48000-255-3-2,48000,low_pass,1000.00000000000000000,4000.00000000000000000,255,-24.47644365975306613,-24.47644408420146434,-24.47644383307980576,-24.47644431939556142,-157.68395902975012746,-24.47644424144716524,0.00000000000000000,2
response-low_pass-48000-1024-3-2,48000,low_pass,1000.00000000000000000,4000.00000000000000000,1024,-24.47644365975306613,-24.47644408420146434,-24.47644383307980576,-24.47644431939556142,-157.68395902975012746,-24.47644424144716524,0.00000000000000000,2
response-low_pass-48000-1-3-3,48000,low_pass,1000.00000000000000000,9600.00000000000000000,1,-41.78955396635713981,-41.78955433046829171,-41.78955932878704971,-41.78955406581933119,-177.75403497155022592,-41.78955418863738203,0.00000000000000000,2
response-low_pass-48000-127-3-3,48000,low_pass,1000.00000000000000000,9600.00000000000000000,127,-41.78955396635713981,-41.78955433046829171,-41.78955932878704971,-41.78955406581933119,-177.75403497155022592,-41.78955418863738203,0.00000000000000000,2
response-low_pass-48000-128-3-3,48000,low_pass,1000.00000000000000000,9600.00000000000000000,128,-41.78955396635713981,-41.78955433046829171,-41.78955932878704971,-41.78955406581933119,-177.75403497155022592,-41.78955418863738203,0.00000000000000000,2
response-low_pass-48000-255-3-3,48000,low_pass,1000.00000000000000000,9600.00000000000000000,255,-41.78955396635713981,-41.78955433046829171,-41.78955932878704971,-41.78955406581933119,-177.75403497155022592,-41.78955418863738203,0.00000000000000000,2
response-low_pass-48000-1024-3-3,48000,low_pass,1000.00000000000000000,9600.00000000000000000,1024,-41.78955396635713981,-41.78955433046829171,-41.78955932878704971,-41.78955406581933119,-177.75403497155022592,-41.78955418863738203,0.00000000000000000,2
response-low_pass-48000-1-3-4,48000,low_pass,1000.00000000000000000,21600.00000000000000000,1,-79.35032418071931204,-79.35032453524900120,-79.34989926219529366,-79.35032473053367141,-165.37921277912215601,-79.35032481298668472,0.00000000000000000,2
response-low_pass-48000-127-3-4,48000,low_pass,1000.00000000000000000,21600.00000000000000000,127,-79.35032418071931204,-79.35032453524900120,-79.34989926219529366,-79.35032473053367141,-165.37921277912215601,-79.35032481298668472,0.00000000000000000,2
response-low_pass-48000-128-3-4,48000,low_pass,1000.00000000000000000,21600.00000000000000000,128,-79.35032418071931204,-79.35032453524900120,-79.34989926219529366,-79.35032473053367141,-165.37921277912215601,-79.35032481298668472,0.00000000000000000,2
response-low_pass-48000-255-3-4,48000,low_pass,1000.00000000000000000,21600.00000000000000000,255,-79.35032418071931204,-79.35032453524900120,-79.34989926219529366,-79.35032473053367141,-165.37921277912215601,-79.35032481298668472,0.00000000000000000,2
response-low_pass-48000-1024-3-4,48000,low_pass,1000.00000000000000000,21600.00000000000000000,1024,-79.35032418071931204,-79.35032453524900120,-79.34989926219529366,-79.35032473053367141,-165.37921277912215601,-79.35032481298668472,0.00000000000000000,2
response-low_pass-48000-1-4-0,48000,low_pass,4800.00000000000000000,1200.00000000000000000,1,-0.01492348912655373,-0.01492348940914802,-0.01492403177721079,-0.01492332143065099,-149.03164763595421505,-0.01492338967818807,0.00000000000000000,2
response-low_pass-48000-127-4-0,48000,low_pass,4800.00000000000000000,1200.00000000000000000,127,-0.01492348912655373,-0.01492348940914802,-0.01492403177721079,-0.01492332143065099,-149.03164763595421505,-0.01492338967818807,0.00000000000000000,2
response-low_pass-48000-128-4-0,48000,low_pass,4800.00000000000000000,1200.00000000000000000,128,-0.01492348912655373,-0.01492348940914802,-0.01492403177721079,-0.01492332143065099,-149.03164763595421505,-0.01492338967818807,0.00000000000000000,2
response-low_pass-48000-255-4-0,48000,low_pass,4800.00000000000000000,1200.00000000000000000,255,-0.01492348912655373,-0.01492348940914802,-0.01492403177721079,-0.01492332143065099,-149.03164763595421505,-0.01492338967818807,0.00000000000000000,2
response-low_pass-48000-1024-4-0,48000,low_pass,4800.00000000000000000,1200.00000000000000000,1024,-0.01492348912655373,-0.01492348940914802,-0.01492403177721079,-0.01492332143065099,-149.03164763595421505,-0.01492338967818807,0.00000000000000000,2
response-low_pass-48000-1-4-1,48000,low_pass,4800.00000000000000000,4800.00000000000000000,1,-3.01029995663981653,-3.01029978812098209,-3.01030019354479617,-3.01030040157606882,-150.84077606866483734,-3.01030052439547680,0.00000000000000000,2
response-low_pass-48000-127-4-1,48000,low_pass,4800.00000000000000000,4800.00000000000000000,127,-3.01029995663981653,-3.01029978812098209,-3.01030019354479617,-3.01030040157606882,-150.84077606866483734,-3.01030052439547680,0.00000000000000000,2
response-low_pass-48000-128-4-1,48000,low_pass,4800.00000000000000000,4800.00000000000000000,128,-3.01029995663981653,-3.01029978812098209,-3.01030019354479617,-3.01030040157606882,-150.84077606866483734,-3.01030052439547680,0.00000000000000000,2
response-low_pass-48000-255-4-1,48000,low_pass,4800.00000000000000000,4800.00000000000000000,255,-3.01029995663981653,-3.01029978812098209,-3.01030019354479617,-3.01030040157606882,-150.84077606866483734,-3.01030052439547680,0.00000000000000000,2
response-low_pass-48000-1024-4-1,48000,low_pass,4800.00000000000000000,4800.00000000000000000,1024,-3.01029995663981653,-3.01029978812098209,-3.01030019354479617,-3.01030040157606882,-150.84077606866483734,-3.01030052439547680,0.00000000000000000,2
response-low_pass-48000-1-4-2,48000,low_pass,4800.00000000000000000,9600.00000000000000000,1,-14.14973347970818018,-14.14973313552507328,-14.14973385777217807,-14.14973345725825382,-149.32153805351154574,-14.14973358007789450,0.00000000000000000,2
response-low_pass-48000-127-4-2,48000,low_pass,4800.00000000000000000,9600.00000000000000000,127,-14.14973347970818018,-14.14973313552507328,-14.14973385777217807,-14.14973345725825382,-149.32153805351154574,-14.14973358007789450,0.00000000000000000,2
response-low_pass-48000-128-4-2,48000,low_pass,4800.00000000000000000,9600.00000000000000000,128,-14.14973347970818018,-14.14973313552507328,-14.14973385777217807,-14.14973345725825382,-149.32153805351154574,-14.14973358007789450,0.00000000000000000,2
response-low_pass-48000-255-4-2,48000,low_pass,4800.00000000000000000,9600.00000000000000000,255,-14.14973347970818018,-14.14973313552507328,-14.14973385777217807,-14.14973345725825382,-149.32153805351154574,-14.14973358007789450,0.00000000000000000,2
response-low_pass-48000-1024-4-2,48000,low_pass,4800.00000000000000000,9600.00000000000000000,1024,-14.14973347970818018,-14.14973313552507328,-14.14973385777217807,-14.14973345725825382,-149.32153805351154574,-14.14973358007789450,0.00000000000000000,2
response-low_pass-48000-1-4-3,48000,low_pass,4800.00000000000000000,19200.00000000000000000,1,-39.05845638466504965,-39.05845602182285603,-39.05844130750070065,-39.05845668566611550,-164.40621922864127669,-39.05845680848299395,0.00000000000000000,2
response-low_pass-48000-127-4-3,48000,low_pass,4800.00000000000000000,19200.00000000000000000,127,-39.05845638466504965,-39.05845602182285603,-39.05844130750070065,-39.05845668566611550,-164.40621922864127669,-39.05845680848299395,0.00000000000000000,2
response-low_pass-48000-128-4-3,48000,low_pass,4800.00000000000000000,19200.00000000000000000,128,-39.05845638466504965,-39.05845602182285603,-39.05844130750070065,-39.05845668566611550,-164.40621922864127669,-39.05845680848299395,0.00000000000000000,2
response-low_pass-48000-255-4-3,48000,low_pass,4800.00000000000000000,19200.00000000000000000,255,-39.05845638466504965,-39.05845602182285603,-39.05844130750070065,-39.05845668566611550,-164.40621922864127669,-39.05845680848299395,0.00000000000000000,2
response-low_pass-48000-1024-4-3,48000,low_pass,4800.00000000000000000,19200.00000000000000000,1024,-39.05845638466504965,-39.05845602182285603,-39.05844130750070065,-39.05845668566611550,-164.40621922864127669,-39.05845680848299395,0.00000000000000000,2
response-low_pass-48000-1-4-4,48000,low_pass,4800.00000000000000000,21600.00000000000000000,1,-51.54048834718018668,-51.54048798407330878,-51.54044906945764382,-51.54048842469529745,-155.45445134790190878,-51.54048851781141138,0.00000000000000000,2
response-low_pass-48000-127-4-4,48000,low_pass,4800.00000000000000000,21600.00000000000000000,127,-51.54048834718018668,-51.54048798407330878,-51.54044906945764382,-51.54048842469529745,-155.45445134790190878,-51.54048851781141138,0.00000000000000000,2
response-low_pass-48000-128-4-4,48000,low_pass,4800.00000000000000000,21600.00000000000000000,128,-51.54048834718018668,-51.54048798407330878,-51.54044906945764382,-51.54048842469529745,-155.45445134790190878,-51.54048851781141138,0.00000000000000000,2
response-low_pass-48000-255-4-4,48000,low_pass,4800.00000000000000000,21600.00000000000000000,255,-51.54048834718018668,-51.54048798407330878,-51.54044906945764382,-51.54048842469529745,-155.45445134790190878,-51.54048851781141138,0.00000000000000000,2
response-low_pass-48000-1024-4-4,48000,low_pass,4800.00000000000000000,21600.00000000000000000,1024,-51.54048834718018668,-51.54048798407330878,-51.54044906945764382,-51.54048842469529745,-155.45445134790190878,-51.54048851781141138,0.00000000000000000,2
response-low_pass-48000-1-5-0,48000,low_pass,21600.00000000000000000,5400.00000000000000000,1,-0.00005062420019723,-0.00005061418362800,-0.00005066194559552,-0.00005063684718363,-149.79925071253833835,-0.00005058540640705,0.00000000000000000,2
response-low_pass-48000-127-5-0,48000,low_pass,21600.00000000000000000,5400.00000000000000000,127,-0.00005062420019723,-0.00005061418362800,-0.00005066194559552,-0.00005063684718363,-149.79925071253833835,-0.00005058540640705,0.00000000000000000,2
response-low_pass-48000-128-5-0,48000,low_pass,21600.00000000000000000,5400.00000000000000000,128,-0.00005062420019723,-0.00005061418362800,-0.00005066194559552,-0.00005063684718363,-149.79925071253833835,-0.00005058540640705,0.00000000000000000,2
response-low_pass-48000-255-5-0,48000,low_pass,21600.00000000000000000,5400.00000000000000000,255,-0.00005062420019723,-0.00005061418362800,-0.00005066194559552,-0.00005063684718363,-149.79925071253833835,-0.00005058540640705,0.00000000000000000,2
response-low_pass-48000-1024-5-0,48000,low_pass,21600.00000000000000000,5400.00000000000000000,1024,-0.00005062420019723,-0.00005061418362800,-0.00005066194559552,-0.00005063684718363,-149.79925071253833835,-0.00005058540640705,0.00000000000000000,2
response-low_pass-48000-1-5-1,48000,low_pass,21600.00000000000000000,9600.00000000000000000,1,-0.00076144836472715,-0.00076140959593448,-0.00076116948185555,-0.00076139569407819,-149.14096259217944862,-0.00076151851327457,0.00000000000000000,2
response-low_pass-48000-127-5-1,48000,low_pass,21600.00000000000000000,9600.00000000000000000,127,-0.00076144836472715,-0.00076140959593448,-0.00076116948185555,-0.00076139569407819,-149.14096259217944862,-0.00076151851327457,0.00000000000000000,2
response-low_pass-48000-128-5-1,48000,low_pass,21600.00000000000000000,9600.00000000000000000,128,-0.00076144836472715,-0.00076140959593448,-0.00076116948185555,-0.00076139569407819,-149.14096259217944862,-0.00076151851327457,0.00000000000000000,2
response-low_pass-48000-255-5-1,48000,low_pass,21600.00000000000000000,9600.00000000000000000,255,-0.00076144836472715,-0.00076140959593448,-0.00076116948185555,-0.00076139569407819,-149.14096259217944862,-0.00076151851327457,0.00000000000000000,2
response-low_pass-48000-1024-5-1,48000,low_pass,21600.00000000000000000,9600.00000000000000000,1024,-0.00076144836472715,-0.00076140959593448,-0.00076116948185555,-0.00076139569407819,-149.14096259217944862,-0.00076151851327457,0.00000000000000000,2
response-low_pass-48000-1-5-2,48000,low_pass,21600.00000000000000000,21600.00000000000000000,1,-3.01029995663981165,-3.01029877186257666,-3.01029793748254804,-3.01029967155567402,-132.08230855903462952,-3.01029976484740835,0.00000000000000000,2
response-low_pass-48000-127-5-2,48000,low_pass,21600.00000000000000000,21600.00000000000000000,127,-3.01029995663981165,-3.01029877186257666,-3.01029793748254804,-3.01029967155567402,-132.08230855903462952,-3.01029976484740835,0.00000000000000000,2
response-low_pass-48000-128-5-2,48000,low_pass,21600.00000000000000000,21600.00000000000000000,128,-3.01029995663981165,-3.01029877186257666,-3.01029793748254804,-3.01029967155567402,-132.08230855903462952,-3.01029976484740835,0.00000000000000000,2
response-low_pass-48000-255-5-2,48000,low_pass,21600.00000000000000000,21600.00000000000000000,255,-3.01029995663981165,-3.01029877186257666,-3.01029793748254804,-3.01029967155567402,-132.08230855903462952,-3.01029976484740835,0.00000000000000000,2
response-low_pass-48000-1024-5-2,48000,low_pass,21600.00000000000000000,21600.00000000000000000,1024,-3.01029995663981165,-3.01029877186257666,-3.01029793748254804,-3.01029967155567402,-132.08230855903462952,-3.01029976484740835,0.00000000000000000,2
response-low_pass-48000-1-5-3,48000,low_pass,21600.00000000000000000,23996.00000000000000000,1,-111.26975510677635839,-111.26975567492530672,-111.26827463323252232,-111.26975199002087891,-141.73796876957331392,-111.26585465494228799,0.00000000000000000,2
response-low_pass-48000-127-5-3,48000,low_pass,21600.00000000000000000,23996.00000000000000000,127,-111.26975510677635839,-111.26975567492530672,-111.26827463323252232,-111.26975199002087891,-141.73796876957331392,-111.26585465494228799,0.00000000000000000,2
response-low_pass-48000-128-5-3,48000,low_pass,21600.00000000000000000,23996.00000000000000000,128,-111.26975510677635839,-111.26975567492530672,-111.26827463323252232,-111.26975199002087891,-141.73796876957331392,-111.26585465494228799,0.00000000000000000,2
response-low_pass-48000-255-5-3,48000,low_pass,21600.00000000000000000,23996.00000000000000000,255,-111.26975510677635839,-111.26975567492530672,-111.26827463323252232,-111.26975199002087891,-141.73796876957331392,-111.26585465494228799,0.00000000000000000,2
response-low_pass-48000-1024-5-3,48000,low_pass,21600.00000000000000000,23996.00000000000000000,1024,-111.26975510677635839,-111.26975567492530672,-111.26827463323252232,-111.26975199002087891,-141.73796876957331392,-111.26585465494228799,0.00000000000000000,2
response-cascade-48000-1-0-0,48000,cascade,10.00000000000000000,4.00000000000000000,1,-16.03432564012712191,-16.03432577599641107,-16.03431886840632004,-16.03432821853207457,-135.87351040114160128,-16.03432821857662915,0.00000000000000000,0
response-cascade-48000-127-0-0,48000,cascade,10.00000000000000000,4.00000000000000000,127,-16.03432564012712191,-16.03432577599641107,-16.03431886840632004,-16.03432821853207457,-135.87351040114160128,-16.03432821857662915,0.00000000000000000,0
response-cascade-48000-128-0-0,48000,cascade,10.00000000000000000,4.00000000000000000,128,-16.03432564012712191,-16.03432577599641107,-16.03431886840632004,-16.03432821853207457,-135.87351040114160128,-16.03432821857662915,0.00000000000000000,0
response-cascade-48000-255-0-0,48000,cascade,10.00000000000000000,4.00000000000000000,255,-16.03432564012712191,-16.03432577599641107,-16.03431886840632004,-16.03432821853207457,-135.87351040114160128,-16.03432821857662915,0.00000000000000000,0
response-cascade-48000-1024-0-0,48000,cascade,10.00000000000000000,4.00000000000000000,1024,-16.03432564012712191,-16.03432577599641107,-16.03431886840632004,-16.03432821853207457,-135.87351040114160128,-16.03432821857662915,0.00000000000000000,0
response-cascade-48000-1-0-1,48000,cascade,10.00000000000000000,12.00000000000000000,1,-2.23846938699185971,-2.23846951119595339,-2.23847281642220697,-2.23846511587777952,-133.47814159401568190,-2.23846511220227962,0.00000000000000000,0
response-cascade-48000-127-0-1,48000,cascade,10.00000000000000000,12.00000000000000000,127,-2.23846938699185971,-2.23846951119595339,-2.23847281642220697,-2.23846511587777952,-133.47814159401568190,-2.23846511220227962,0.00000000000000000,0
response-cascade-48000-128-0-1,48000,cascade,10.00000000000000000,12.00000000000000000,128,-2.23846938699185971,-2.23846951119595339,-2.23847281642220697,-2.23846511587777952,-133.47814159401568190,-2.23846511220227962,0.00000000000000000,0
response-cascade-48000-255-0-1,48000,cascade,10.00000000000000000,12.00000000000000000,255,-2.23846938699185971,-2.23846951119595339,-2.23847281642220697,-2.23846511587777952,-133.47814159401568190,-2.23846511220227962,0.00000000000000000,0
response-cascade-48000-1024-0-1,48000,cascade,10.00000000000000000,12.00000000000000000,1024,-2.23846938699185971,-2.23846951119595339,-2.23847281642220697,-2.23846511587777952,-133.47814159401568190,-2.23846511220227962,0.00000000000000000,0
response-cascade-48000-1-0-2,48000,cascade,10.00000000000000000,40.00000000000000000,1,-12.32144866450880016,-12.32144952148652628,-12.32145008970416811,-12.32144665261043670,-153.56730454321723300,-12.32144663507081894,0.00000000000000000,0
response-cascade-48000-127-0-2,48000,cascade,10.00000000000000000,40.00000000000000000,127,-12.32144866450880016,-12.32144952148652628,-12.32145008970416811,-12.32144665261043670,-153.56730454321723300,-12.32144663507081894,0.00000000000000000,0
response-cascade-48000-128-0-2,48000,cascade,10.00000000000000000,40.00000000000000000,128,-12.32144866450880016,-12.32144952148652628,-12.32145008970416811,-12.32144665261043670,-153.56730454321723300,-12.32144663507081894,0.00000000000000000,0
response-cascade-48000-255-0-2,48000,cascade,10.00000000000000000,40.00000000000000000,255,-12.32144866450880016,-12.32144952148652628,-12.32145008970416811,-12.32144665261043670,-153.56730454321723300,-12.32144663507081894,0.00000000000000000,0
response-cascade-48000-1024-0-2,48000,cascade,10.00000000000000000,40.00000000000000000,1024,-12.32144866450880016,-12.32144952148652628,-12.32145008970416811,-12.32144665261043670,-153.56730454321723300,-12.32144663507081894,0.00000000000000000,0
response-cascade-48000-1-0-3,48000,cascade,10.00000000000000000,9600.00000000000000000,1,-109.77288646719814835,-109.77288720646130571,-109.77221345928512619,-109.77288546058875340,-175.22682412272300212,-109.77237080595841690,0.00000000000000000,0
response-cascade-48000-127-0-3,48000,cascade,10.00000000000000000,9600.00000000000000000,127,-109.77288646719814835,-109.77288720646130571,-109.77221345928512619,-109.77288546058875340,-175.22682412272300212,-109.77237080595841690,0.00000000000000000,0
response-cascade-48000-128-0-3,48000,cascade,10.00000000000000000,9600.00000000000000000,128,-109.77288646719814835,-109.77288720646130571,-109.77221345928512619,-109.77288546058875340,-175.22682412272300212,-109.77237080595841690,0.00000000000000000,0
response-cascade-48000-255-0-3,48000,cascade,10.00000000000000000,9600.00000000000000000,255,-109.77288646719814835,-109.77288720646130571,-109.77221345928512619,-109.77288546058875340,-175.22682412272300212,-109.77237080595841690,0.00000000000000000,0
response-cascade-48000-1024-0-3,48000,cascade,10.00000000000000000,9600.00000000000000000,1024,-109.77288646719814835,-109.77288720646130571,-109.77221345928512619,-109.77288546058875340,-175.22682412272300212,-109.77237080595841690,0.00000000000000000,0
response-cascade-48000-1-0-4,48000,cascade,10.00000000000000000,21600.00000000000000000,1,-147.33394426711134884,-147.33394500637044189,-147.36790876894721691,-147.33392624576001140,-170.54167943471028934,-147.30090312244547590,0.00000000000000000,0
response-cascade-48000-127-0-4,48000,cascade,10.00000000000000000,21600.00000000000000000,127,-147.33394426711134884,-147.33394500637044189,-147.36790876894721691,-147.33392624576001140,-170.54167943471028934,-147.30090312244547590,0.00000000000000000,0
response-cascade-48000-128-0-4,48000,cascade,10.00000000000000000,21600.00000000000000000,128,-147.33394426711134884,-147.33394500637044189,-147.36790876894721691,-147.33392624576001140,-170.54167943471028934,-147.30090312244547590,0.00000000000000000,0
response-cascade-48000-255-0-4,48000,cascade,10.00000000000000000,21600.00000000000000000,255,-147.33394426711134884,-147.33394500637044189,-147.36790876894721691,-147.33392624576001140,-170.54167943471028934,-147.30090312244547590,0.00000000000000000,0
response-cascade-48000-1024-0-4,48000,cascade,10.00000000000000000,21600.00000000000000000,1024,-147.33394426711134884,-147.33394500637044189,-147.36790876894721691,-147.33392624576001140,-170.54167943471028934,-147.30090312244547590,0.00000000000000000,0
response-cascade-48000-1-1-0,48000,cascade,20.00000000000000000,4.00000000000000000,1,-16.02781676553838608,-16.02781687248404552,-16.02782002413180251,-16.02781742014060029,-131.73629388376500060,-16.02781742017798550,0.00000000000000000,0
response-cascade-48000-127-1-0,48000,cascade,20.00000000000000000,4.00000000000000000,127,-16.02781676553838608,-16.02781687248404552,-16.02782002413180251,-16.02781742014060029,-131.73629388376500060,-16.02781742017798550,0.00000000000000000,0
response-cascade-48000-128-1-0,48000,cascade,20.00000000000000000,4.00000000000000000,128,-16.02781676553838608,-16.02781687248404552,-16.02782002413180251,-16.02781742014060029,-131.73629388376500060,-16.02781742017798550,0.00000000000000000,0
response-cascade-48000-255-1-0,48000,cascade,20.00000000000000000,4.00000000000000000,255,-16.02781676553838608,-16.02781687248404552,-16.02782002413180251,-16.02781742014060029,-131.73629388376500060,-16.02781742017798550,0.00000000000000000,0
response-cascade-48000-1024-1-0,48000,cascade,20.00000000000000000,4.00000000000000000,1024,-16.02781676553838608,-16.02781687248404552,-16.02782002413180251,-16.02781742014060029,-131.73629388376500060,-16.02781742017798550,0.00000000000000000,0
response-cascade-48000-1-1-1,48000,cascade,20.00000000000000000,20.00000000000000000,1,-0.52657658539848684,-0.52657660359034919,-0.52657702952100482,-0.52657570838989487,-138.67845035315187374,-0.52657569654520076,0.00000000000000000,0
response-cascade-48000-127-1-1,48000,cascade,20.00000000000000000,20.00000000000000000,127,-0.52657658539848684,-0.52657660359034919,-0.52657702952100482,-0.52657570838989487,-138.67845035315187374,-0.52657569654520076,0.00000000000000000,0
response-cascade-48000-128-1-1,48000,cascade,20.00000000000000000,20.00000000000000000,128,-0.52657658539848684,-0.52657660359034919,-0.52657702952100482,-0.52657570838989487,-138.67845035315187374,-0.52657569654520076,0.00000000000000000,0
response-cascade-48000-255-1-1,48000,cascade,20.00000000000000000,20.00000000000000000,255,-0.52657658539848684,-0.52657660359034919,-0.52657702952100482,-0.52657570838989487,-138.67845035315187374,-0.52657569654520076,0.00000000000000000,0
response-cascade-48000-1024-1-1,48000,cascade,20.00000000000000000,20.00000000000000000,1024,-0.52657658539848684,-0.52657660359034919,-0.52657702952100482,-0.52657570838989487,-138.67845035315187374,-0.52657569654520076,0.00000000000000000,0
response-cascade-48000-1-1-2,48000,cascade,20.00000000000000000,80.00000000000000000,1,-12.30566139695529237,-12.30566168555347240,-12.30565982337287068,-12.30565987156609964,-154.55312530378841984,-12.30565984998913720,0.00000000000000000,0
response-cascade-48000-127-1-2,48000,cascade,20.00000000000000000,80.00000000000000000,127,-12.30566139695529237,-12.30566168555347240,-12.30565982337287068,-12.30565987156609964,-154.55312530378841984,-12.30565984998913720,0.00000000000000000,0
response-cascade-48000-128-1-2,48000,cascade,20.00000000000000000,80.00000000000000000,128,-12.30566139695529237,-12.30566168555347240,-12.30565982337287068,-12.30565987156609964,-154.55312530378841984,-12.30565984998913720,0.00000000000000000,0
response-cascade-48000-255-1-2,48000,cascade,20.00000000000000000,80.00000000000000000,255,-12.30566139695529237,-12.30566168555347240,-12.30565982337287068,-12.30565987156609964,-154.55312530378841984,-12.30565984998913720,0.00000000000000000,0
response-cascade-48000-1024-1-2,48000,cascade,20.00000000000000000,80.00000000000000000,1024,-12.30566139695529237,-12.30566168555347240,-12.30565982337287068,-12.30565987156609964,-154.55312530378841984,-12.30565984998913720,0.00000000000000000,0
response-cascade-48000-1-1-3,48000,cascade,20.00000000000000000,9600.00000000000000000,1,-97.73165687504284449,-97.73165703778714430,-97.73143632433770733,-97.73165651963989831,-174.98068501697269994,-97.73165629103164065,0.00000000000000000,0
response-cascade-48000-127-1-3,48000,cascade,20.00000000000000000,9600.00000000000000000,127,-97.73165687504284449,-97.73165703778714430,-97.73143632433770733,-97.73165651963989831,-174.98068501697269994,-97.73165629103164065,0.00000000000000000,0
response-cascade-48000-128-1-3,48000,cascade,20.00000000000000000,9600.00000000000000000,128,-97.73165687504284449,-97.73165703778714430,-97.73143632433770733,-97.73165651963989831,-174.98068501697269994,-97.73165629103164065,0.00000000000000000,0
response-cascade-48000-255-1-3,48000,cascade,20.00000000000000000,9600.00000000000000000,255,-97.73165687504284449,-97.73165703778714430,-97.73143632433770733,-97.73165651963989831,-174.98068501697269994,-97.73165629103164065,0.00000000000000000,0
response-cascade-48000-1024-1-3,48000,cascade,20.00000000000000000,9600.00000000000000000,1024,-97.73165687504284449,-97.73165703778714430,-97.73143632433770733,-97.73165651963989831,-174.98068501697269994,-97.73165629103164065,0.00000000000000000,0
response-cascade-48000-1-1-4,48000,cascade,20.00000000000000000,21600.00000000000000000,1,-135.29271467426974596,-135.29271483700659928,-135.29292974214865808,-135.29271396641289016,-174.41251665784227498,-135.29218130991529279,0.00000000000000000,0
response-cascade-48000-127-1-4,48000,cascade,20.00000000000000000,21600.00000000000000000,127,-135.29271467426974596,-135.29271483700659928,-135.29292974214865808,-135.29271396641289016,-174.41251665784227498,-135.29218130991529279,0.00000000000000000,0
response-cascade-48000-128-1-4,48000,cascade,20.00000000000000000,21600.00000000000000000,128,-135.29271467426974596,-135.29271483700659928,-135.29292974214865808,-135.29271396641289016,-174.41251665784227498,-135.29218130991529279,0.00000000000000000,0
response-cascade-48000-255-1-4,48000,cascade,20.00000000000000000,21600.00000000000000000,255,-135.29271467426974596,-135.29271483700659928,-135.29292974214865808,-135.29271396641289016,-174.41251665784227498,-135.29218130991529279,0.00000000000000000,0
response-cascade-48000-1024-1-4,48000,cascade,20.00000000000000000,21600.00000000000000000,1024,-135.29271467426974596,-135.29271483700659928,-135.29292974214865808,-135.29271396641289016,-174.41251665784227498,-135.29218130991529279,0.00000000000000000,0
response-cascade-48000-1-2-0,48000,cascade,100.00000000000000000,24.00000000000000000,1,-12.97592688483069523,-12.97592693713470524,-12.97592907418607311,-12.97592754425729034,-133.76548021851561998,-12.97592754056815245,0.00000000000000000,4
response-cascade-48000-127-2-0,48000,cascade,100.00000000000000000,24.00000000000000000,127,-12.97592688483069523,-12.97592693713470524,-12.97592907418607311,-12.97592754425729034,-133.76548021851561998,-12.97592754056815245,0.00000000000000000,4
response-cascade-48000-128-2-0,48000,cascade,100.00000000000000000,24.00000000000000000,128,-12.97592688483069523,-12.97592693713470524,-12.97592907418607311,-12.97592754425729034,-133.76548021851561998,-12.97592754056815245,0.00000000000000000,4
response-cascade-48000-255-2-0,48000,cascade,100.00000000000000000,24.00000000000000000,255,-12.97592688483069523,-12.97592693713470524,-12.97592907418607311,-12.97592754425729034,-133.76548021851561998,-12.97592754056815245,0.00000000000000000,4
response-cascade-48000-1024-2-0,48000,cascade,100.00000000000000000,24.00000000000000000,1024,-12.97592688483069523,-12.97592693713470524,-12.97592907418607311,-12.97592754425729034,-133.76548021851561998,-12.97592754056815245,0.00000000000000000,4
response-cascade-48000-1-2-1,48000,cascade,100.00000000000000000,100.00000000000000000,1,-0.52652405882719289,-0.52652422468101978,-0.52652471597618955,-0.52652537846647895,-142.27264761798599579,-0.52652535726254790,0.00000000000000000,4
response-cascade-48000-127-2-1,48000,cascade,100.00000000000000000,100.00000000000000000,127,-0.52652405882719289,-0.52652422468101978,-0.52652471597618955,-0.52652537846647895,-142.27264761798599579,-0.52652535726254790,0.00000000000000000,4
response-cascade-48000-128-2-1,48000,cascade,100.00000000000000000,100.00000000000000000,128,-0.52652405882719289,-0.52652422468101978,-0.52652471597618955,-0.52652537846647895,-142.27264761798599579,-0.52652535726254790,0.00000000000000000,4
response-cascade-48000-255-2-1,48000,cascade,100.00000000000000000,100.00000000000000000,255,-0.52652405882719289,-0.52652422468101978,-0.52652471597618955,-0.52652537846647895,-142.27264761798599579,-0.52652535726254790,0.00000000000000000,4
response-cascade-48000-1024-2-1,48000,cascade,100.00000000000000000,100.00000000000000000,1024,-0.52652405882719289,-0.52652422468101978,-0.52652471597618955,-0.52652537846647895,-142.27264761798599579,-0.52652535726254790,0.00000000000000000,4
response-cascade-48000-1-2-2,48000,cascade,100.00000000000000000,400.00000000000000000,1,-12.30835054986595445,-12.30835069840650142,-12.30835419025431143,-12.30835103227890848,-161.24893834031755091,-12.30835102414600257,0.00000000000000000,4
response-cascade-48000-127-2-2,48000,cascade,100.00000000000000000,400.00000000000000000,127,-12.30835054986595445,-12.30835069840650142,-12.30835419025431143,-12.30835103227890848,-161.24893834031755091,-12.30835102414600257,0.00000000000000000,4
response-cascade-48000-128-2-2,48000,cascade,100.00000000000000000,400.00000000000000000,128,-12.30835054986595445,-12.30835069840650142,-12.30835419025431143,-12.30835103227890848,-161.24893834031755091,-12.30835102414600257,0.00000000000000000,4
response-cascade-48000-255-2-2,48000,cascade,100.00000000000000000,400.00000000000000000,255,-12.30835054986595445,-12.30835069840650142,-12.30835419025431143,-12.30835103227890848,-161.24893834031755091,-12.30835102414600257,0.00000000000000000,4
response-cascade-48000-1024-2-2,48000,cascade,100.00000000000000000,400.00000000000000000,1024,-12.30835054986595445,-12.30835069840650142,-12.30835419025431143,-12.30835103227890848,-161.24893834031755091,-12.30835102414600257,0.00000000000000000,4
response-cascade-48000-1-2-3,48000,cascade,100.00000000000000000,9600.00000000000000000,1,-69.77190460640606773,-69.77190478274501118,-69.77194580416761482,-69.77190477108841549,-156.40632291175188584,-69.77190485167253087,0.00000000000000000,4
response-cascade-48000-127-2-3,48000,cascade,100.00000000000000000,9600.00000000000000000,127,-69.77190460640606773,-69.77190478274501118,-69.77194580416761482,-69.77190477108841549,-156.40632291175188584,-69.77190485167253087,0.00000000000000000,4
response-cascade-48000-128-2-3,48000,cascade,100.00000000000000000,9600.00000000000000000,128,-69.77190460640606773,-69.77190478274501118,-69.77194580416761482,-69.77190477108841549,-156.40632291175188584,-69.77190485167253087,0.00000000000000000,4
response-cascade-48000-255-2-3,48000,cascade,100.00000000000000000,9600.00000000000000000,255,-69.77190460640606773,-69.77190478274501118,-69.77194580416761482,-69.77190477108841549,-156.40632291175188584,-69.77190485167253087,0.00000000000000000,4
response-cascade-48000-1024-2-3,48000,cascade,100.00000000000000000,9600.00000000000000000,1024,-69.77190460640606773,-69.77190478274501118,-69.77194580416761482,-69.77190477108841549,-156.40632291175188584,-69.77190485167253087,0.00000000000000000,4
response-cascade-48000-1-2-4,48000,cascade,100.00000000000000000,21600.00000000000000000,1,-107.33296194694725045,-107.33296212331094921,-107.33298935471138691,-107.33296223781032097,-164.22842504548913212,-107.33295345351591266,0.00000000000000000,4
response-cascade-48000-127-2-4,48000,cascade,100.00000000000000000,21600.00000000000000000,127,-107.33296194694725045,-107.33296212331094921,-107.33298935471138691,-107.33296223781032097,-164.22842504548913212,-107.33295345351591266,0.00000000000000000,4
response-cascade-48000-128-2-4,48000,cascade,100.00000000000000000,21600.00000000000000000,128,-107.33296194694725045,-107.33296212331094921,-107.33298935471138691,-107.33296223781032097,-164.22842504548913212,-107.33295345351591266,0.00000000000000000,4
response-cascade-48000-255-2-4,48000,cascade,100.00000000000000000,21600.00000000000000000,255,-107.33296194694725045,-107.33296212331094921,-107.33298935471138691,-107.33296223781032097,-164.22842504548913212,-107.33295345351591266,0.00000000000000000,4
response-cascade-48000-1024-2-4,48000,cascade,100.00000000000000000,21600.00000000000000000,1024,-107.33296194694725045,-107.33296212331094921,-107.33298935471138691,-107.33296223781032097,-164.22842504548913212,-107.33295345351591266,0.00000000000000000,4
response-cascade-48000-1-3-0,48000,cascade,1000.00000000000000000,252.00000000000000000,1,-12.17975084679958364,-12.17975075063045409,-12.17974935010872883,-12.17975068038369635,-145.02112309815345270,-12.17975067670830214,0.00000000000000000,6
response-cascade-48000-127-3-0,48000,cascade,1000.00000000000000000,252.00000000000000000,127,-12.17975084679958364,-12.17975075063045409,-12.17974935010872883,-12.17975068038369635,-145.02112309815345270,-12.17975067670830214,0.00000000000000000,6
response-cascade-48000-128-3-0,48000,cascade,1000.00000000000000000,252.00000000000000000,128,-12.17975084679958364,-12.17975075063045409,-12.17974935010872883,-12.17975068038369635,-145.02112309815345270,-12.17975067670830214,0.00000000000000000,6
response-cascade-48000-255-3-0,48000,cascade,1000.00000000000000000,252.00000000000000000,255,-12.17975084679958364,-12.17975075063045409,-12.17974935010872883,-12.17975068038369635,-145.02112309815345270,-12.17975067670830214,0.00000000000000000,6
response-cascade-48000-1024-3-0,48000,cascade,1000.00000000000000000,252.00000000000000000,1024,-12.17975084679958364,-12.17975075063045409,-12.17974935010872883,-12.17975068038369635,-145.02112309815345270,-12.17975067670830214,0.00000000000000000,6
response-cascade-48000-1-3-1,48000,cascade,1000.00000000000000000,1000.00000000000000000,1,-0.52112139356258225,-0.52112182865993251,-0.52112202450503764,-0.52112230621676792,-149.10810860396605904,-0.52112222353988580,0.00000000000000000,6
response-cascade-48000-127-3-1,48000,cascade,1000.00000000000000000,1000.00000000000000000,127,-0.52112139356258225,-0.52112182865993251,-0.52112202450503764,-0.52112230621676792,-149.10810860396605904,-0.52112222353988580,0.00000000000000000,6
response-cascade-48000-128-3-1,48000,cascade,1000.00000000000000000,1000.00000000000000000,128,-0.52112139356258225,-0.52112182865993251,-0.52112202450503764,-0.52112230621676792,-149.10810860396605904,-0.52112222353988580,0.00000000000000000,6
response-cascade-48000-255-3-1,48000,cascade,1000.00000000000000000,1000.00000000000000000,255,-0.52112139356258225,-0.52112182865993251,-0.52112202450503764,-0.52112230621676792,-149.10810860396605904,-0.52112222353988580,0.00000000000000000,6
response-cascade-48000-1024-3-1,48000,cascade,1000.00000000000000000,1000.00000000000000000,1024,-0.52112139356258225,-0.52112182865993251,-0.52112202450503764,-0.52112230621676792,-149.10810860396605904,-0.52112222353988580,0.00000000000000000,6
response-cascade-48000-1-3-2,48000,cascade,1000.00000000000000000,4000.00000000000000000,1,-12.59190027800734413,-12.59190078097773302,-12.59190128048213886,-12.59190102630556929,-170.61721794405690389,-12.59190094835759766,0.00000000000000000,6
response-cascade-48000-127-3-2,48000,cascade,1000.00000000000000000,4000.00000000000000000,127,-12.59190027800734413,-12.59190078097773302,-12.59190128048213886,-12.59190102630556929,-170.61721794405690389,-12.59190094835759766,0.00000000000000000,6
response-cascade-48000-128-3-2,48000,cascade,1000.00000000000000000,4000.00000000000000000,128,-12.59190027800734413,-12.59190078097773302,-12.59190128048213886,-12.59190102630556929,-170.61721794405690389,-12.59190094835759766,0.00000000000000000,6
response-cascade-48000-255-3-2,48000,cascade,1000.00000000000000000,4000.00000000000000000,255,-12.59190027800734413,-12.59190078097773302,-12.59190128048213886,-12.59190102630556929,-170.61721794405690389,-12.59190094835759766,0.00000000000000000,6
response-cascade-48000-1024-3-2,48000,cascade,1000.00000000000000000,4000.00000000000000000,1024,-12.59190027800734413,-12.59190078097773302,-12.59190128048213886,-12.59190102630556929,-170.61721794405690389,-12.59190094835759766,0.00000000000000000,6
response-cascade-48000-1-3-3,48000,cascade,1000.00000000000000000,9600.00000000000000000,1,-29.67797517625033166,-29.67797548108699601,-29.67797590184874679,-29.67797554839691543,-149.87135513154197497,-29.67797567120737057,0.00000000000000000,6
response-cascade-48000-127-3-3,48000,cascade,1000.00000000000000000,9600.00000000000000000,127,-29.67797517625033166,-29.67797548108699601,-29.67797590184874679,-29.67797554839691543,-149.87135513154197497,-29.67797567120737057,0.00000000000000000,6
response-cascade-48000-128-3-3,48000,cascade,1000.00000000000000000,9600.00000000000000000,128,-29.67797517625033166,-29.67797548108699601,-29.67797590184874679,-29.67797554839691543,-149.87135513154197497,-29.67797567120737057,0.00000000000000000,6
response-cascade-48000-255-3-3,48000,cascade,1000.00000000000000000,9600.00000000000000000,255,-29.67797517625033166,-29.67797548108699601,-29.67797590184874679,-29.67797554839691543,-149.87135513154197497,-29.67797567120737057,0.00000000000000000,6
response-cascade-48000-1024-3-3,48000,cascade,1000.00000000000000000,9600.00000000000000000,1024,-29.67797517625033166,-29.67797548108699601,-29.67797590184874679,-29.67797554839691543,-149.87135513154197497,-29.67797567120737057,0.00000000000000000,6
response-cascade-48000-1-3-4,48000,cascade,1000.00000000000000000,21600.00000000000000000,1,-67.23433615060453405,-67.23433642058924420,-67.23426227662720578,-67.23433612405248994,-157.94781068858816298,-67.23433621363734858,0.00000000000000000,6
response-cascade-48000-127-3-4,48000,cascade,1000.00000000000000000,21600.00000000000000000,127,-67.23433615060453405,-67.23433642058924420,-67.23426227662720578,-67.23433612405248994,-157.94781068858816298,-67.23433621363734858,0.00000000000000000,6
response-cascade-48000-128-3-4,48000,cascade,1000.00000000000000000,21600.00000000000000000,128,-67.23433615060453405,-67.23433642058924420,-67.23426227662720578,-67.23433612405248994,-157.94781068858816298,-67.23433621363734858,0.00000000000000000,6
response-cascade-48000-255-3-4,48000,cascade,1000.00000000000000000,21600.00000000000000000,255,-67.23433615060453405,-67.23433642058924420,-67.23426227662720578,-67.23433612405248994,-157.94781068858816298,-67.23433621363734858,0.00000000000000000,6
response-cascade-48000-1024-3-4,48000,cascade,1000.00000000000000000,21600.00000000000000000,1024,-67.23433615060453405,-67.23433642058924420,-67.23426227662720578,-67.23433612405248994,-157.94781068858816298,-67.23433621363734858,0.00000000000000000,6
response-cascade-48000-1-4-0,48000,cascade,4800.00000000000000000,1200.00000000000000000,1,-12.40674645478372895,-12.40674674020945289,-12.40674413054476055,-12.40674583444493173,-152.56121473680633471,-12.40674590269274091,0.00000000000000000,6
response-cascade-48000-127-4-0,48000,cascade,4800.00000000000000000,1200.00000000000000000,127,-12.40674645478372895,-12.40674674020945289,-12.40674413054476055,-12.40674583444493173,-152.56121473680633471,-12.40674590269274091,0.00000000000000000,6
response-cascade-48000-128-4-0,48000,cascade,4800.00000000000000000,1200.00000000000000000,128,-12.40674645478372895,-12.40674674020945289,-12.40674413054476055,-12.40674583444493173,-152.56121473680633471,-12.40674590269274091,0.00000000000000000,6
response-cascade-48000-255-4-0,48000,cascade,4800.00000000000000000,1200.00000000000000000,255,-12.40674645478372895,-12.40674674020945289,-12.40674413054476055,-12.40674583444493173,-152.56121473680633471,-12.40674590269274091,0.00000000000000000,6
response-cascade-48000-1024-4-0,48000,cascade,4800.00000000000000000,1200.00000000000000000,1024,-12.40674645478372895,-12.40674674020945289,-12.40674413054476055,-12.40674583444493173,-152.56121473680633471,-12.40674590269274091,0.00000000000000000,6
response-cascade-48000-1-4-1,48000,cascade,4800.00000000000000000,4800.00000000000000000,1,-0.40886666387429438,-0.40886625655662201,-0.40886646706159407,-0.40886598224627652,-150.93761980126652134,-0.40886610506604443,0.00000000000000000,6
response-cascade-48000-127-4-1,48000,cascade,4800.00000000000000000,4800.00000000000000000,127,-0.40886666387429438,-0.40886625655662201,-0.40886646706159407,-0.40886598224627652,-150.93761980126652134,-0.40886610506604443,0.00000000000000000,6
response-cascade-48000-128-4-1,48000,cascade,4800.00000000000000000,4800.00000000000000000,128,-0.40886666387429438,-0.40886625655662201,-0.40886646706159407,-0.40886598224627652,-150.93761980126652134,-0.40886610506604443,0.00000000000000000,6
response-cascade-48000-255-4-1,48000,cascade,4800.00000000000000000,4800.00000000000000000,255,-0.40886666387429438,-0.40886625655662201,-0.40886646706159407,-0.40886598224627652,-150.93761980126652134,-0.40886610506604443,0.00000000000000000,6
response-cascade-48000-1024-4-1,48000,cascade,4800.00000000000000000,4800.00000000000000000,1024,-0.40886666387429438,-0.40886625655662201,-0.40886646706159407,-0.40886598224627652,-150.93761980126652134,-0.40886610506604443,0.00000000000000000,6
response-cascade-48000-1-4-2,48000,cascade,4800.00000000000000000,9600.00000000000000000,1,-3.02009711787597634,-3.02009686839220759,-3.02009685587061716,-3.02009649316861539,-166.52041948752906819,-3.02009661598795720,0.00000000000000000,6
response-cascade-48000-127-4-2,48000,cascade,4800.00000000000000000,9600.00000000000000000,127,-3.02009711787597634,-3.02009686839220759,-3.02009685587061716,-3.02009649316861539,-166.52041948752906819,-3.02009661598795720,0.00000000000000000,6
response-cascade-48000-128-4-2,48000,cascade,4800.00000000000000000,9600.00000000000000000,128,-3.02009711787597634,-3.02009686839220759,-3.02009685587061716,-3.02009649316861539,-166.52041948752906819,-3.02009661598795720,0.00000000000000000,6
response-cascade-48000-255-4-2,48000,cascade,4800.00000000000000000,9600.00000000000000000,255,-3.02009711787597634,-3.02009686839220759,-3.02009685587061716,-3.02009649316861539,-166.52041948752906819,-3.02009661598795720,0.00000000000000000,6
response-cascade-48000-1024-4-2,48000,cascade,4800.00000000000000000,9600.00000000000000000,1024,-3.02009711787597634,-3.02009686839220759,-3.02009685587061716,-3.02009649316861539,-166.52041948752906819,-3.02009661598795720,0.00000000000000000,6
response-cascade-48000-1-4-3,48000,cascade,4800.00000000000000000,19200.00000000000000000,1,-25.09201392652979479,-25.09201414728712365,-25.09201803828074873,-25.09201418741145417,-147.40282900244741882,-25.09201431022859907,0.00000000000000000,6
response-cascade-48000-127-4-3,48000,cascade,4800.00000000000000000,19200.00000000000000000,127,-25.09201392652979479,-25.09201414728712365,-25.09201803828074873,-25.09201418741145417,-147.40282900244741882,-25.09201431022859907,0.00000000000000000,6
response-cascade-48000-128-4-3,48000,cascade,4800.00000000000000000,19200.00000000000000000,128,-25.09201392652979479,-25.09201414728712365,-25.09201803828074873,-25.09201418741145417,-147.40282900244741882,-25.09201431022859907,0.00000000000000000,6
response-cascade-48000-255-4-3,48000,cascade,4800.00000000000000000,19200.00000000000000000,255,-25.09201392652979479,-25.09201414728712365,-25.09201803828074873,-25.09201418741145417,-147.40282900244741882,-25.09201431022859907,0.00000000000000000,6
response-cascade-48000-1024-4-3,48000,cascade,4800.00000000000000000,19200.00000000000000000,1024,-25.09201392652979479,-25.09201414728712365,-25.09201803828074873,-25.09201418741145417,-147.40282900244741882,-25.09201431022859907,0.00000000000000000,6
response-cascade-48000-1-4-4,48000,cascade,4800.00000000000000000,21600.00000000000000000,1,-37.56182096815186355,-37.56182121894840265,-37.56183437727251828,-37.56182133609863172,-145.60432705687372845,-37.56182142932291868,0.00000000000000000,6
response-cascade-48000-127-4-4,48000,cascade,4800.00000000000000000,21600.00000000000000000,127,-37.56182096815186355,-37.56182121894840265,-37.56183437727251828,-37.56182133609863172,-145.60432705687372845,-37.56182142932291868,0.00000000000000000,6
response-cascade-48000-128-4-4,48000,cascade,4800.00000000000000000,21600.00000000000000000,128,-37.56182096815186355,-37.56182121894840265,-37.56183437727251828,-37.56182133609863172,-145.60432705687372845,-37.56182142932291868,0.00000000000000000,6
response-cascade-48000-255-4-4,48000,cascade,4800.00000000000000000,21600.00000000000000000,255,-37.56182096815186355,-37.56182121894840265,-37.56183437727251828,-37.56182133609863172,-145.60432705687372845,-37.56182142932291868,0.00000000000000000,6
response-cascade-48000-1024-4-4,48000,cascade,4800.00000000000000000,21600.00000000000000000,1024,-37.56182096815186355,-37.56182121894840265,-37.56183437727251828,-37.56182133609863172,-145.60432705687372845,-37.56182142932291868,0.00000000000000000,6
response-cascade-48000-1-5-0,48000,cascade,21600.00000000000000000,5400.00000000000000000,1,-14.73131089116686354,-14.73131151326639632,-14.73131219428880812,-14.73131161787972765,-144.80753524653434283,-14.73131156643857054,0.00000000000000000,4
response-cascade-48000-127-5-0,48000,cascade,21600.00000000000000000,5400.00000000000000000,127,-14.73131089116686354,-14.73131151326639632,-14.73131219428880812,-14.73131161787972765,-144.80753524653434283,-14.73131156643857054,0.00000000000000000,4
response-cascade-48000-128-5-0,48000,cascade,21600.00000000000000000,5400.00000000000000000,128,-14.73131089116686354,-14.73131151326639632,-14.73131219428880812,-14.73131161787972765,-144.80753524653434283,-14.73131156643857054,0.00000000000000000,4
response-cascade-48000-255-5-0,48000,cascade,21600.00000000000000000,5400.00000000000000000,255,-14.73131089116686354,-14.73131151326639632,-14.73131219428880812,-14.73131161787972765,-144.80753524653434283,-14.73131156643857054,0.00000000000000000,4
response-cascade-48000-1024-5-0,48000,cascade,21600.00000000000000000,5400.00000000000000000,1024,-14.73131089116686354,-14.73131151326639632,-14.73131219428880812,-14.73131161787972765,-144.80753524653434283,-14.73131156643857054,0.00000000000000000,4
response-cascade-48000-1-5-1,48000,cascade,21600.00000000000000000,9600.00000000000000000,1,-4.63843859665104219,-4.63843890851069141,-4.63843808174334349,-4.63843801829624702,-143.22157416798853546,-4.63843814111568165,0.00000000000000000,4
response-cascade-48000-127-5-1,48000,cascade,21600.00000000000000000,9600.00000000000000000,127,-4.63843859665104219,-4.63843890851069141,-4.63843808174334349,-4.63843801829624702,-143.22157416798853546,-4.63843814111568165,0.00000000000000000,4
response-cascade-48000-128-5-1,48000,cascade,21600.00000000000000000,9600.00000000000000000,128,-4.63843859665104219,-4.63843890851069141,-4.63843808174334349,-4.63843801829624702,-143.22157416798853546,-4.63843814111568165,0.00000000000000000,4
response-cascade-48000-255-5-1,48000,cascade,21600.00000000000000000,9600.00000000000000000,255,-4.63843859665104219,-4.63843890851069141,-4.63843808174334349,-4.63843801829624702,-143.22157416798853546,-4.63843814111568165,0.00000000000000000,4
response-cascade-48000-1024-5-1,48000,cascade,21600.00000000000000000,9600.00000000000000000,1024,-4.63843859665104219,-4.63843890851069141,-4.63843808174334349,-4.63843801829624702,-143.22157416798853546,-4.63843814111568165,0.00000000000000000,4
response-cascade-48000-1-5-2,48000,cascade,21600.00000000000000000,21600.00000000000000000,1,-0.25846797881167122,-0.25846833089333704,-0.25846782680410763,-0.25846857728378897,-132.34663599746676255,-0.25846867057575224,0.00000000000000000,4
response-cascade-48000-127-5-2,48000,cascade,21600.00000000000000000,21600.00000000000000000,127,-0.25846797881167122,-0.25846833089333704,-0.25846782680410763,-0.25846857728378897,-132.34663599746676255,-0.25846867057575224,0.00000000000000000,4
response-cascade-48000-128-5-2,48000,cascade,21600.00000000000000000,21600.00000000000000000,128,-0.25846797881167122,-0.25846833089333704,-0.25846782680410763,-0.25846857728378897,-132.34663599746676255,-0.25846867057575224,0.00000000000000000,4
response-cascade-48000-255-5-2,48000,cascade,21600.00000000000000000,21600.00000000000000000,255,-0.25846797881167122,-0.25846833089333704,-0.25846782680410763,-0.25846857728378897,-132.34663599746676255,-0.25846867057575224,0.00000000000000000,4
response-cascade-48000-1024-5-2,48000,cascade,21600.00000000000000000,21600.00000000000000000,1024,-0.25846797881167122,-0.25846833089333704,-0.25846782680410763,-0.25846857728378897,-132.34663599746676255,-0.25846867057575224,0.00000000000000000,4
response-cascade-48000-1-5-3,48000,cascade,21600.00000000000000000,23996.00000000000000000,1,-99.12062058335830272,-99.12061617049931783,-99.13837188547427104,-99.12061269368066974,-137.74384352720556990,-99.12001643958051034,0.00000000000000000,4
response-cascade-48000-127-5-3,48000,cascade,21600.00000000000000000,23996.00000000000000000,127,-99.12062058335830272,-99.12061617049931783,-99.13837188547427104,-99.12061269368066974,-137.74384352720556990,-99.12001643958051034,0.00000000000000000,4
response-cascade-48000-128-5-3,48000,cascade,21600.00000000000000000,23996.00000000000000000,128,-99.12062058335830272,-99.12061617049931783,-99.13837188547427104,-99.12061269368066974,-137.74384352720556990,-99.12001643958051034,0.00000000000000000,4
response-cascade-48000-255-5-3,48000,cascade,21600.00000000000000000,23996.00000000000000000,255,-99.12062058335830272,-99.12061617049931783,-99.13837188547427104,-99.12061269368066974,-137.74384352720556990,-99.12001643958051034,0.00000000000000000,4
response-cascade-48000-1024-5-3,48000,cascade,21600.00000000000000000,23996.00000000000000000,1024,-99.12062058335830272,-99.12061617049931783,-99.13837188547427104,-99.12061269368066974,-137.74384352720556990,-99.12001643958051034,0.00000000000000000,4
response-high_pass-88200-1-0-0,88200,high_pass,10.00000000000000000,4.00000000000000000,1,-16.02738109178012138,-16.02738103490168342,-16.02736701066790204,-16.02737334276454817,-125.93860664790213377,-16.02737334576273653,0.00000000000000000,0
response-high_pass-88200-127-0-0,88200,high_pass,10.00000000000000000,4.00000000000000000,127,-16.02738109178012138,-16.02738103490168342,-16.02736701066790204,-16.02737334276454817,-125.93860664790213377,-16.02737334576273653,0.00000000000000000,0
response-high_pass-88200-128-0-0,88200,high_pass,10.00000000000000000,4.00000000000000000,128,-16.02738109178012138,-16.02738103490168342,-16.02736701066790204,-16.02737334276454817,-125.93860664790213377,-16.02737334576273653,0.00000000000000000,0
response-high_pass-88200-255-0-0,88200,high_pass,10.00000000000000000,4.00000000000000000,255,-16.02738109178012138,-16.02738103490168342,-16.02736701066790204,-16.02737334276454817,-125.93860664790213377,-16.02737334576273653,0.00000000000000000,0
response-high_pass-88200-1024-0-0,88200,high_pass,10.00000000000000000,4.00000000000000000,1024,-16.02738109178012138,-16.02738103490168342,-16.02736701066790204,-16.02737334276454817,-125.93860664790213377,-16.02737334576273653,0.00000000000000000,0
response-high_pass-88200-1-0-1,88200,high_pass,10.00000000000000000,12.00000000000000000,1,-1.70922352825973878,-1.70922379809560576,-1.70922083160531391,-1.70923112650677789,-129.49948143210633589,-1.70923112781643716,0.00000000000000000,0
response-high_pass-88200-127-0-1,88200,high_pass,10.00000000000000000,12.00000000000000000,127,-1.70922352825973878,-1.70922379809560576,-1.70922083160531391,-1.70923112650677789,-129.49948143210633589,-1.70923112781643716,0.00000000000000000,0
response-high_pass-88200-128-0-1,88200,high_pass,10.00000000000000000,12.00000000000000000,128,-1.70922352825973878,-1.70922379809560576,-1.70922083160531391,-1.70923112650677789,-129.49948143210633589,-1.70923112781643716,0.00000000000000000,0
response-high_pass-88200-255-0-1,88200,high_pass,10.00000000000000000,12.00000000000000000,255,-1.70922352825973878,-1.70922379809560576,-1.70922083160531391,-1.70923112650677789,-129.49948143210633589,-1.70923112781643716,0.00000000000000000,0
response-high_pass-88200-1024-0-1,88200,high_pass,10.00000000000000000,12.00000000000000000,1024,-1.70922352825973878,-1.70922379809560576,-1.70922083160531391,-1.70923112650677789,-129.49948143210633589,-1.70923112781643716,0.00000000000000000,0
response-high_pass-88200-1-0-2,88200,high_pass,10.00000000000000000,40.00000000000000000,1,-0.01693153731726398,-0.01693157888310325,-0.01693190029458285,-0.01693168220474942,-142.42972559176985214,-0.01693168391646130,0.00000000000000000,0
response-high_pass-88200-127-0-2,88200,high_pass,10.00000000000000000,40.00000000000000000,127,-0.01693153731726398,-0.01693157888310325,-0.01693190029458285,-0.01693168220474942,-142.42972559176985214,-0.01693168391646130,0.00000000000000000,0
response-high_pass-88200-128-0-2,88200,high_pass,10.00000000000000000,40.00000000000000000,128,-0.01693153731726398,-0.01693157888310325,-0.01693190029458285,-0.01693168220474942,-142.42972559176985214,-0.01693168391646130,0.00000000000000000,0
response-high_pass-88200-255-0-2,88200,high_pass,10.00000000000000000,40.00000000000000000,255,-0.01693153731726398,-0.01693157888310325,-0.01693190029458285,-0.01693168220474942,-142.42972559176985214,-0.01693168391646130,0.00000000000000000,0
response-high_pass-88200-1024-0-2,88200,high_pass,10.00000000000000000,40.00000000000000000,1024,-0.01693153731726398,-0.01693157888310325,-0.01693190029458285,-0.01693168220474942,-142.42972559176985214,-0.01693168391646130,0.00000000000000000,0
response-high_pass-88200-1-0-3,88200,high_pass,10.00000000000000000,17640.00000000000000000,1,-0.00000000000024976,-0.00000000000041370,0.00000002135418504,0.00000030070023636,-153.79469870203183746,0.00000017788045019,0.00000000000000000,0
response-high_pass-88200-127-0-3,88200,high_pass,10.00000000000000000,17640.00000000000000000,127,-0.00000000000024976,-0.00000000000041370,0.00000002135418504,0.00000030070023636,-153.79469870203183746,0.00000017788045019,0.00000000000000000,0
response-high_pass-88200-128-0-3,88200,high_pass,10.00000000000000000,17640.00000000000000000,128,-0.00000000000024976,-0.00000000000041370,0.00000002135418504,0.00000030070023636,-153.79469870203183746,0.00000017788045019,0.00000000000000000,0
response-high_pass-88200-255-0-3,88200,high_pass,10.00000000000000000,17640.00000000000000000,255,-0.00000000000024976,-0.00000000000041370,0.00000002135418504,0.00000030070023636,-153.79469870203183746,0.00000017788045019,0.00000000000000000,0
response-high_pass-88200-1024-0-3,88200,high_pass,10.00000000000000000,17640.00000000000000000,1024,-0.00000000000024976,-0.00000000000041370,0.00000002135418504,0.00000030070023636,-153.79469870203183746,0.00000017788045019,0.00000000000000000,0
response-high_pass-88200-1-0-4,88200,high_pass,10.00000000000000000,39692.00000000000000000,1,0.00000000000000000,-0.00000000000000193,0.00000000070262056,-0.00000002347649145,-150.71209287303500446,-0.00000002657451013,0.00000000000000000,0
response-high_pass-88200-127-0-4,88200,high_pass,10.00000000000000000,39692.00000000000000000,127,0.00000000000000000,-0.00000000000000193,0.00000000070262056,-0.00000002347649145,-150.71209287303500446,-0.00000002657451013,0.00000000000000000,0
response-high_pass-88200-128-0-4,88200,high_pass,10.00000000000000000,39692.00000000000000000,128,0.00000000000000000,-0.00000000000000193,0.00000000070262056,-0.00000002347649145,-150.71209287303500446,-0.00000002657451013,0.00000000000000000,0
response-high_pass-88200-255-0-4,88200,high_pass,10.00000000000000000,39692.00000000000000000,255,0.00000000000000000,-0.00000000000000193,0.00000000070262056,-0.00000002347649145,-150.71209287303500446,-0.00000002657451013,0.00000000000000000,0
response-high_pass-88200-1024-0-4,88200,high_pass,10.00000000000000000,39692.00000000000000000,1024,0.00000000000000000,-0.00000000000000193,0.00000000070262056,-0.00000002347649145,-150.71209287303500446,-0.00000002657451013,0.00000000000000000,0
response-high_pass-88200-1-1-0,88200,high_pass,20.00000000000000000,4.00000000000000000,1,-27.96574615536455255,-27.96574560218441974,-27.96574117235366685,-27.96575637363103795,-131.94570328721280816,-27.96575637649983648,0.00000000000000000,2
response-high_pass-88200-127-1-0,88200,high_pass,20.00000000000000000,4.00000000000000000,127,-27.96574615536455255,-27.96574560218441974,-27.96574117235366685,-27.96575637363103795,-131.94570328721280816,-27.96575637649983648,0.00000000000000000,2
response-high_pass-88200-128-1-0,88200,high_pass,20.00000000000000000,4.00000000000000000,128,-27.96574615536455255,-27.96574560218441974,-27.96574117235366685,-27.96575637363103795,-131.94570328721280816,-27.96575637649983648,0.00000000000000000,2
response-high_pass-88200-255-1-0,88200,high_pass,20.00000000000000000,4.00000000000000000,255,-27.96574615536455255,-27.96574560218441974,-27.96574117235366685,-27.96575637363103795,-131.94570328721280816,-27.96575637649983648,0.00000000000000000,2
response-high_pass-88200-1024-1-0,88200,high_pass,20.00000000000000000,4.00000000000000000,1024,-27.96574615536455255,-27.96574560218441974,-27.96574117235366685,-27.96575637363103795,-131.94570328721280816,-27.96575637649983648,0.00000000000000000,2
response-high_pass-88200-1-1-1,88200,high_pass,20.00000000000000000,20.00000000000000000,1,-3.01029995704353759,-3.01029975066095679,-3.01029608681077576,-3.01030702155941965,-127.91501826255034757,-3.01030702326984967,0.00000000000000000,2
response-high_pass-88200-127-1-1,88200,high_pass,20.00000000000000000,20.00000000000000000,127,-3.01029995704353759,-3.01029975066095679,-3.01029608681077576,-3.01030702155941965,-127.91501826255034757,-3.01030702326984967,0.00000000000000000,2
response-high_pass-88200-128-1-1,88200,high_pass,20.00000000000000000,20.00000000000000000,128,-3.01029995704353759,-3.01029975066095679,-3.01029608681077576,-3.01030702155941965,-127.91501826255034757,-3.01030702326984967,0.00000000000000000,2
response-high_pass-88200-255-1-1,88200,high_pass,20.00000000000000000,20.00000000000000000,255,-3.01029995704353759,-3.01029975066095679,-3.01029608681077576,-3.01030702155941965,-127.91501826255034757,-3.01030702326984967,0.00000000000000000,2
response-high_pass-88200-1024-1-1,88200,high_pass,20.00000000000000000,20.00000000000000000,1024,-3.01029995704353759,-3.01029975066095679,-3.01029608681077576,-3.01030702155941965,-127.91501826255034757,-3.01030702326984967,0.00000000000000000,2
response-high_pass-88200-1-1-2,88200,high_pass,20.00000000000000000,80.00000000000000000,1,-0.01693140866048061,-0.01693141530953234,-0.01693209373567581,-0.01693096119210997,-141.54589711754323389,-0.01693096290393475,0.00000000000000000,2
response-high_pass-88200-127-1-2,88200,high_pass,20.00000000000000000,80.00000000000000000,127,-0.01693140866048061,-0.01693141530953234,-0.01693209373567581,-0.01693096119210997,-141.54589711754323389,-0.01693096290393475,0.00000000000000000,2
response-high_pass-88200-128-1-2,88200,high_pass,20.00000000000000000,80.00000000000000000,128,-0.01693140866048061,-0.01693141530953234,-0.01693209373567581,-0.01693096119210997,-141.54589711754323389,-0.01693096290393475,0.00000000000000000,2
response-high_pass-88200-255-1-2,88200,high_pass,20.00000000000000000,80.00000000000000000,255,-0.01693140866048061,-0.01693141530953234,-0.01693209373567581,-0.01693096119210997,-141.54589711754323389,-0.01693096290393475,0.00000000000000000,2
response-high_pass-88200-1024-1-2,88200,high_pass,20.00000000000000000,80.00000000000000000,1024,-0.01693140866048061,-0.01693141530953234,-0.01693209373567581,-0.01693096119210997,-141.54589711754323389,-0.01693096290393475,0.00000000000000000,2
response-high_pass-88200-1-1-3,88200,high_pass,20.00000000000000000,17640.00000000000000000,1,-0.00000000000401353,-0.00000000000414950,-0.00000010161690999,-0.00000014163892184,-159.45651776969751268,-0.00000026445800260,0.00000000000000000,2
response-high_pass-88200-127-1-3,88200,high_pass,20.00000000000000000,17640.00000000000000000,127,-0.00000000000401353,-0.00000000000414950,-0.00000010161690999,-0.00000014163892184,-159.45651776969751268,-0.00000026445800260,0.00000000000000000,2
response-high_pass-88200-128-1-3,88200,high_pass,20.00000000000000000,17640.00000000000000000,128,-0.00000000000401353,-0.00000000000414950,-0.00000010161690999,-0.00000014163892184,-159.45651776969751268,-0.00000026445800260,0.00000000000000000,2
response-high_pass-88200-255-1-3,88200,high_pass,20.00000000000000000,17640.00000000000000000,255,-0.00000000000401353,-0.00000000000414950,-0.00000010161690999,-0.00000014163892184,-159.45651776969751268,-0.00000026445800260,0.00000000000000000,2
response-high_pass-88200-1024-1-3,88200,high_pass,20.00000000000000000,17640.00000000000000000,1024,-0.00000000000401353,-0.00000000000414950,-0.00000010161690999,-0.00000014163892184,-159.45651776969751268,-0.00000026445800260,0.00000000000000000,2
response-high_pass-88200-1-1-4,88200,high_pass,20.00000000000000000,39692.00000000000000000,1,0.00000000000000000,-0.00000000000000193,-0.00000010153942917,-0.00000010904698764,-150.69109308243702117,-0.00000011214505071,0.00000000000000000,2
response-high_pass-88200-127-1-4,88200,high_pass,20.00000000000000000,39692.00000000000000000,127,0.00000000000000000,-0.00000000000000193,-0.00000010153942917,-0.00000010904698764,-150.69109308243702117,-0.00000011214505071,0.00000000000000000,2
response-high_pass-88200-128-1-4,88200,high_pass,20.00000000000000000,39692.00000000000000000,128,0.00000000000000000,-0.00000000000000193,-0.00000010153942917,-0.00000010904698764,-150.69109308243702117,-0.00000011214505071,0.00000000000000000,2
response-high_pass-88200-255-1-4,88200,high_pass,20.00000000000000000,39692.00000000000000000,255,0.00000000000000000,-0.00000000000000193,-0.00000010153942917,-0.00000010904698764,-150.69109308243702117,-0.00000011214505071,0.00000000000000000,2
response-high_pass-88200-1024-1-4,88200,high_pass,20.00000000000000000,39692.00000000000000000,1024,0.00000000000000000,-0.00000000000000193,-0.00000010153942917,-0.00000010904698764,-150.69109308243702117,-0.00000011214505071,0.00000000000000000,2
response-high_pass-88200-1-2-0,88200,high_pass,100.00000000000000000,24.00000000000000000,1,-24.80600433564950080,-24.80600401001554900,-24.80600792352298711,-24.80600465956154821,-135.26773264155414722,-24.80600466083344458,0.00000000000000000,2
response-high_pass-88200-127-2-0,88200,high_pass,100.00000000000000000,24.00000000000000000,127,-24.80600433564950080,-24.80600401001554900,-24.80600792352298711,-24.80600465956154821,-135.26773264155414722,-24.80600466083344458,0.00000000000000000,2
response-high_pass-88200-128-2-0,88200,high_pass,100.00000000000000000,24.00000000000000000,128,-24.80600433564950080,-24.80600401001554900,-24.80600792352298711,-24.80600465956154821,-135.26773264155414722,-24.80600466083344458,0.00000000000000000,2
response-high_pass-88200-255-2-0,88200,high_pass,100.00000000000000000,24.00000000000000000,255,-24.80600433564950080,-24.80600401001554900,-24.80600792352298711,-24.80600465956154821,-135.26773264155414722,-24.80600466083344458,0.00000000000000000,2
response-high_pass-88200-1024-2-0,88200,high_pass,100.00000000000000000,24.00000000000000000,1024,-24.80600433564950080,-24.80600401001554900,-24.80600792352298711,-24.80600465956154821,-135.26773264155414722,-24.80600466083344458,0.00000000000000000,2
response-high_pass-88200-1-2-1,88200,high_pass,100.00000000000000000,100.00000000000000000,1,-3.01029995665327732,-3.01030015778596782,-3.01030123964104401,-3.01030085216673360,-133.28962564305749083,-3.01030086548860210,0.00000000000000000,2
response-high_pass-88200-127-2-1,88200,high_pass,100.00000000000000000,100.00000000000000000,127,-3.01029995665327732,-3.01030015778596782,-3.01030123964104401,-3.01030085216673360,-133.28962564305749083,-3.01030086548860210,0.00000000000000000,2
response-high_pass-88200-128-2-1,88200,high_pass,100.00000000000000000,100.00000000000000000,128,-3.01029995665327732,-3.01030015778596782,-3.01030123964104401,-3.01030085216673360,-133.28962564305749083,-3.01030086548860210,0.00000000000000000,2
response-high_pass-88200-255-2-1,88200,high_pass,100.00000000000000000,100.00000000000000000,255,-3.01029995665327732,-3.01030015778596782,-3.01030123964104401,-3.01030085216673360,-133.28962564305749083,-3.01030086548860210,0.00000000000000000,2
response-high_pass-88200-1024-2-1,88200,high_pass,100.00000000000000000,100.00000000000000000,1024,-3.01029995665327732,-3.01030015778596782,-3.01030123964104401,-3.01030085216673360,-133.28962564305749083,-3.01030086548860210,0.00000000000000000,2
response-high_pass-88200-1-2-2,88200,high_pass,100.00000000000000000,400.00000000000000000,1,-0.01692729262855744,-0.01692733935013415,-0.01692741097969581,-0.01692744914250054,-142.33342160830312650,-0.01692746246454543,0.00000000000000000,2
response-high_pass-88200-127-2-2,88200,high_pass,100.00000000000000000,400.00000000000000000,127,-0.01692729262855744,-0.01692733935013415,-0.01692741097969581,-0.01692744914250054,-142.33342160830312650,-0.01692746246454543,0.00000000000000000,2
response-high_pass-88200-128-2-2,88200,high_pass,100.00000000000000000,400.00000000000000000,128,-0.01692729262855744,-0.01692733935013415,-0.01692741097969581,-0.01692744914250054,-142.33342160830312650,-0.01692746246454543,0.00000000000000000,2
response-high_pass-88200-255-2-2,88200,high_pass,100.00000000000000000,400.00000000000000000,255,-0.01692729262855744,-0.01692733935013415,-0.01692741097969581,-0.01692744914250054,-142.33342160830312650,-0.01692746246454543,0.00000000000000000,2
response-high_pass-88200-1024-2-2,88200,high_pass,100.00000000000000000,400.00000000000000000,1024,-0.01692729262855744,-0.01692733935013415,-0.01692741097969581,-0.01692744914250054,-142.33342160830312650,-0.01692746246454543,0.00000000000000000,2
response-high_pass-88200-1-2-3,88200,high_pass,100.00000000000000000,17640.00000000000000000,1,-0.00000000250883773,-0.00000000252743479,0.00000003298713339,0.00000013186498347,-155.37810460894911557,0.00000000904507340,0.00000000000000000,2
response-high_pass-88200-127-2-3,88200,high_pass,100.00000000000000000,17640.00000000000000000,127,-0.00000000250883773,-0.00000000252743479,0.00000003298713339,0.00000013186498347,-155.37810460894911557,0.00000000904507340,0.00000000000000000,2
response-high_pass-88200-128-2-3,88200,high_pass,100.00000000000000000,17640.00000000000000000,128,-0.00000000250883773,-0.00000000252743479,0.00000003298713339,0.00000013186498347,-155.37810460894911557,0.00000000904507340,0.00000000000000000,2
response-high_pass-88200-255-2-3,88200,high_pass,100.00000000000000000,17640.00000000000000000,255,-0.00000000250883773,-0.00000000252743479,0.00000003298713339,0.00000013186498347,-155.37810460894911557,0.00000000904507340,0.00000000000000000,2
response-high_pass-88200-1024-2-3,88200,high_pass,100.00000000000000000,17640.00000000000000000,1024,-0.00000000250883773,-0.00000000252743479,0.00000003298713339,0.00000013186498347,-155.37810460894911557,0.00000000904507340,0.00000000000000000,2
response-high_pass-88200-1-2-4,88200,high_pass,100.00000000000000000,39692.00000000000000000,1,-0.00000000000043973,-0.00000000000068564,0.00000003903223803,-0.00000003467161688,-149.30194198290189433,-0.00000003776964424,0.00000000000000000,2
response-high_pass-88200-127-2-4,88200,high_pass,100.00000000000000000,39692.00000000000000000,127,-0.00000000000043973,-0.00000000000068564,0.00000003903223803,-0.00000003467161688,-149.30194198290189433,-0.00000003776964424,0.00000000000000000,2
response-high_pass-88200-128-2-4,88200,high_pass,100.00000000000000000,39692.00000000000000000,128,-0.00000000000043973,-0.00000000000068564,0.00000003903223803,-0.00000003467161688,-149.30194198290189433,-0.00000003776964424,0.00000000000000000,2
response-high_pass-88200-255-2-4,88200,high_pass,100.00000000000000000,39692.00000000000000000,255,-0.00000000000043973,-0.00000000000068564,0.00000003903223803,-0.00000003467161688,-149.30194198290189433,-0.00000003776964424,0.00000000000000000,2
response-high_pass-88200-1024-2-4,88200,high_pass,100.00000000000000000,39692.00000000000000000,1024,-0.00000000000043973,-0.00000000000068564,0.00000003903223803,-0.00000003467161688,-149.30194198290189433,-0.00000003776964424,0.00000000000000000,2
response-high_pass-88200-1-3-0,88200,high_pass,1000.00000000000000000,252.00000000000000000,1,-23.96831178907282478,-23.96831193109875358,-23.96830595288317767,-23.96831340470643568,-144.65108829644478305,-23.96831342526158792,0.00000000000000000,2
response-high_pass-88200-127-3-0,88200,high_pass,1000.00000000000000000,252.00000000000000000,127,-23.96831178907282478,-23.96831193109875358,-23.96830595288317767,-23.96831340470643568,-144.65108829644478305,-23.96831342526158792,0.00000000000000000,2
response-high_pass-88200-128-3-0,88200,high_pass,1000.00000000000000000,252.00000000000000000,128,-23.96831178907282478,-23.96831193109875358,-23.96830595288317767,-23.96831340470643568,-144.65108829644478305,-23.96831342526158792,0.00000000000000000,2
response-high_pass-88200-255-3-0,88200,high_pass,1000.00000000000000000,252.00000000000000000,255,-23.96831178907282478,-23.96831193109875358,-23.96830595288317767,-23.96831340470643568,-144.65108829644478305,-23.96831342526158792,0.00000000000000000,2
response-high_pass-88200-1024-3-0,88200,high_pass,1000.00000000000000000,252.00000000000000000,1024,-23.96831178907282478,-23.96831193109875358,-23.96830595288317767,-23.96831340470643568,-144.65108829644478305,-23.96831342526158792,0.00000000000000000,2
response-high_pass-88200-1-3-1,88200,high_pass,1000.00000000000000000,1000.00000000000000000,1,-3.01029995663977035,-3.01029975955044060,-3.01030007858294990,-3.01029960439497435,-140.95094667104871178,-3.01029961771698007,0.00000000000000000,2
response-high_pass-88200-127-3-1,88200,high_pass,1000.00000000000000000,1000.00000000000000000,127,-3.01029995663977035,-3.01029975955044060,-3.01030007858294990,-3.01029960439497435,-140.95094667104871178,-3.01029961771698007,0.00000000000000000,2
response-high_pass-88200-128-3-1,88200,high_pass,1000.00000000000000000,1000.00000000000000000,128,-3.01029995663977035,-3.01029975955044060,-3.01030007858294990,-3.01029960439497435,-140.95094667104871178,-3.01029961771698007,0.00000000000000000,2
response-high_pass-88200-255-3-1,88200,high_pass,1000.00000000000000000,1000.00000000000000000,255,-3.01029995663977035,-3.01029975955044060,-3.01030007858294990,-3.01029960439497435,-140.95094667104871178,-3.01029961771698007,0.00000000000000000,2
response-high_pass-88200-1024-3-1,88200,high_pass,1000.00000000000000000,1000.00000000000000000,1024,-3.01029995663977035,-3.01029975955044060,-3.01030007858294990,-3.01029960439497435,-140.95094667104871178,-3.01029961771698007,0.00000000000000000,2
response-high_pass-88200-1-3-2,88200,high_pass,1000.00000000000000000,4000.00000000000000000,1,-0.01650604876756803,-0.01650601421274100,-0.01650617358795105,-0.01650594368100450,-147.13033439393612412,-0.01650595700311692,0.00000000000000000,2
response-high_pass-88200-127-3-2,88200,high_pass,1000.00000000000000000,4000.00000000000000000,127,-0.01650604876756803,-0.01650601421274100,-0.01650617358795105,-0.01650594368100450,-147.13033439393612412,-0.01650595700311692,0.00000000000000000,2
response-high_pass-88200-128-3-2,88200,high_pass,1000.00000000000000000,4000.00000000000000000,128,-0.01650604876756803,-0.01650601421274100,-0.01650617358795105,-0.01650594368100450,-147.13033439393612412,-0.01650595700311692,0.00000000000000000,2
response-high_pass-88200-255-3-2,88200,high_pass,1000.00000000000000000,4000.00000000000000000,255,-0.01650604876756803,-0.01650601421274100,-0.01650617358795105,-0.01650594368100450,-147.13033439393612412,-0.01650595700311692,0.00000000000000000,2
response-high_pass-88200-1024-3-2,88200,high_pass,1000.00000000000000000,4000.00000000000000000,1024,-0.01650604876756803,-0.01650601421274100,-0.01650617358795105,-0.01650594368100450,-147.13033439393612412,-0.01650595700311692,0.00000000000000000,2
response-high_pass-88200-1-3-3,88200,high_pass,1000.00000000000000000,17640.00000000000000000,1,-0.00002513037205791,-0.00002512899438581,-0.00002537850648733,-0.00002504717375954,-149.25455963968528295,-0.00002516999313170,0.00000000000000000,2
response-high_pass-88200-127-3-3,88200,high_pass,1000.00000000000000000,17640.00000000000000000,127,-0.00002513037205791,-0.00002512899438581,-0.00002537850648733,-0.00002504717375954,-149.25455963968528295,-0.00002516999313170,0.00000000000000000,2
response-high_pass-88200-128-3-3,88200,high_pass,1000.00000000000000000,17640.00000000000000000,128,-0.00002513037205791,-0.00002512899438581,-0.00002537850648733,-0.00002504717375954,-149.25455963968528295,-0.00002516999313170,0.00000000000000000,2
response-high_pass-88200-255-3-3,88200,high_pass,1000.00000000000000000,17640.00000000000000000,255,-0.00002513037205791,-0.00002512899438581,-0.00002537850648733,-0.00002504717375954,-149.25455963968528295,-0.00002516999313170,0.00000000000000000,2
response-high_pass-88200-1024-3-3,88200,high_pass,1000.00000000000000000,17640.00000000000000000,1024,-0.00002513037205791,-0.00002512899438581,-0.00002537850648733,-0.00002504717375954,-149.25455963968528295,-0.00002516999313170,0.00000000000000000,2
response-high_pass-88200-1-3-4,88200,high_pass,1000.00000000000000000,39692.00000000000000000,1,-0.00000000439838533,-0.00000000438014508,-0.00000014470494225,0.00000000215679167,-148.51315304840258591,-0.00000000094121061,0.00000000000000000,2
response-high_pass-88200-127-3-4,88200,high_pass,1000.00000000000000000,39692.00000000000000000,127,-0.00000000439838533,-0.00000000438014508,-0.00000014470494225,0.00000000215679167,-148.51315304840258591,-0.00000000094121061,0.00000000000000000,2
response-high_pass-88200-128-3-4,88200,high_pass,1000.00000000000000000,39692.00000000000000000,128,-0.00000000439838533,-0.00000000438014508,-0.00000014470494225,0.00000000215679167,-148.51315304840258591,-0.00000000094121061,0.00000000000000000,2
response-high_pass-88200-255-3-4,88200,high_pass,1000.00000000000000000,39692.00000000000000000,255,-0.00000000439838533,-0.00000000438014508,-0.00000014470494225,0.00000000215679167,-148.51315304840258591,-0.00000000094121061,0.00000000000000000,2
response-high_pass-88200-1024-3-4,88200,high_pass,1000.00000000000000000,39692.00000000000000000,1024,-0.00000000439838533,-0.00000000438014508,-0.00000014470494225,0.00000000215679167,-148.51315304840258591,-0.00000000094121061,0.00000000000000000,2
response-high_pass-88200-1-4-0,88200,high_pass,8820.00000000000000000,2204.00000000000000000,1,-24.65448449691627530,-24.65448486037825759,-24.65449094055431445,-24.65448476470268702,-147.40950040600711191,-24.65448476774314912,0.00000000000000000,2
response-high_pass-88200-127-4-0,88200,high_pass,8820.00000000000000000,2204.00000000000000000,127,-24.65448449691627530,-24.65448486037825759,-24.65449094055431445,-24.65448476470268702,-147.40950040600711191,-24.65448476774314912,0.00000000000000000,2
response-high_pass-88200-128-4-0,88200,high_pass,8820.00000000000000000,2204.00000000000000000,128,-24.65448449691627530,-24.65448486037825759,-24.65449094055431445,-24.65448476470268702,-147.40950040600711191,-24.65448476774314912,0.00000000000000000,2
response-high_pass-88200-255-4-0,88200,high_pass,8820.00000000000000000,2204.00000000000000000,255,-24.65448449691627530,-24.65448486037825759,-24.65449094055431445,-24.65448476470268702,-147.40950040600711191,-24.65448476774314912,0.00000000000000000,2
response-high_pass-88200-1024-4-0,88200,high_pass,8820.00000000000000000,2204.00000000000000000,1024,-24.65448449691627530,-24.65448486037825759,-24.65449094055431445,-24.65448476470268702,-147.40950040600711191,-24.65448476774314912,0.00000000000000000,2
response-high_pass-88200-1-4-1,88200,high_pass,8820.00000000000000000,8820.00000000000000000,1,-3.01029995663980987,-3.01030015129960260,-3.01030067762748921,-3.01030069444240267,-149.63761416677706961,-3.01030081726156018,0.00000000000000000,2
response-high_pass-88200-127-4-1,88200,high_pass,8820.00000000000000000,8820.00000000000000000,127,-3.01029995663980987,-3.01030015129960260,-3.01030067762748921,-3.01030069444240267,-149.63761416677706961,-3.01030081726156018,0.00000000000000000,2
response-high_pass-88200-128-4-1,88200,high_pass,8820.00000000000000000,8820.00000000000000000,128,-3.01029995663980987,-3.01030015129960260,-3.01030067762748921,-3.01030069444240267,-149.63761416677706961,-3.01030081726156018,0.00000000000000000,2
response-high_pass-88200-255-4-1,88200,high_pass,8820.00000000000000000,8820.00000000000000000,255,-3.01029995663980987,-3.01030015129960260,-3.01030067762748921,-3.01030069444240267,-149.63761416677706961,-3.01030081726156018,0.00000000000000000,2
response-high_pass-88200-1024-4-1,88200,high_pass,8820.00000000000000000,8820.00000000000000000,1024,-3.01029995663980987,-3.01030015129960260,-3.01030067762748921,-3.01030069444240267,-149.63761416677706961,-3.01030081726156018,0.00000000000000000,2
response-high_pass-88200-1-4-2,88200,high_pass,8820.00000000000000000,17640.00000000000000000,1,-0.17033339298780301,-0.17033341198331903,-0.17033379636428475,-0.17033297750130946,-143.34634814585660934,-0.17033310032101084,0.00000000000000000,2
response-high_pass-88200-127-4-2,88200,high_pass,8820.00000000000000000,17640.00000000000000000,127,-0.17033339298780301,-0.17033341198331903,-0.17033379636428475,-0.17033297750130946,-143.34634814585660934,-0.17033310032101084,0.00000000000000000,2
response-high_pass-88200-128-4-2,88200,high_pass,8820.00000000000000000,17640.00000000000000000,128,-0.17033339298780301,-0.17033341198331903,-0.17033379636428475,-0.17033297750130946,-143.34634814585660934,-0.17033310032101084,0.00000000000000000,2
response-high_pass-88200-255-4-2,88200,high_pass,8820.00000000000000000,17640.00000000000000000,255,-0.17033339298780301,-0.17033341198331903,-0.17033379636428475,-0.17033297750130946,-143.34634814585660934,-0.17033310032101084,0.00000000000000000,2
response-high_pass-88200-1024-4-2,88200,high_pass,8820.00000000000000000,17640.00000000000000000,1024,-0.17033339298780301,-0.17033341198331903,-0.17033379636428475,-0.17033297750130946,-143.34634814585660934,-0.17033310032101084,0.00000000000000000,2
response-high_pass-88200-1-4-3,88200,high_pass,8820.00000000000000000,35280.00000000000000000,1,-0.00053946794723038,-0.00053946828366269,-0.00053930159844355,-0.00053935768779119,-146.53937407216750444,-0.00053948050723972,0.00000000000000000,2
response-high_pass-88200-127-4-3,88200,high_pass,8820.00000000000000000,35280.00000000000000000,127,-0.00053946794723038,-0.00053946828366269,-0.00053930159844355,-0.00053935768779119,-146.53937407216750444,-0.00053948050723972,0.00000000000000000,2
response-high_pass-88200-128-4-3,88200,high_pass,8820.00000000000000000,35280.00000000000000000,128,-0.00053946794723038,-0.00053946828366269,-0.00053930159844355,-0.00053935768779119,-146.53937407216750444,-0.00053948050723972,0.00000000000000000,2
response-high_pass-88200-255-4-3,88200,high_pass,8820.00000000000000000,35280.00000000000000000,255,-0.00053946794723038,-0.00053946828366269,-0.00053930159844355,-0.00053935768779119,-146.53937407216750444,-0.00053948050723972,0.00000000000000000,2
response-high_pass-88200-1024-4-3,88200,high_pass,8820.00000000000000000,35280.00000000000000000,1024,-0.00053946794723038,-0.00053946828366269,-0.00053930159844355,-0.00053935768779119,-146.53937407216750444,-0.00053948050723972,0.00000000000000000,2
response-high_pass-88200-1-4-4,88200,high_pass,8820.00000000000000000,39692.00000000000000000,1,-0.00003040436102783,-0.00003040443273644,-0.00003040487192549,-0.00003040061266035,-145.94637268873589164,-0.00003040371065033,0.00000000000000000,2
response-high_pass-88200-127-4-4,88200,high_pass,8820.00000000000000000,39692.00000000000000000,127,-0.00003040436102783,-0.00003040443273644,-0.00003040487192549,-0.00003040061266035,-145.94637268873589164,-0.00003040371065033,0.00000000000000000,2
response-high_pass-88200-128-4-4,88200,high_pass,8820.00000000000000000,39692.00000000000000000,128,-0.00003040436102783,-0.00003040443273644,-0.00003040487192549,-0.00003040061266035,-145.94637268873589164,-0.00003040371065033,0.00000000000000000,2
response-high_pass-88200-255-4-4,88200,high_pass,8820.00000000000000000,39692.00000000000000000,255,-0.00003040436102783,-0.00003040443273644,-0.00003040487192549,-0.00003040061266035,-145.94637268873589164,-0.00003040371065033,0.00000000000000000,2
response-high_pass-88200-1024-4-4,88200,high_pass,8820.00000000000000000,39692.00000000000000000,1024,-0.00003040436102783,-0.00003040443273644,-0.00003040487192549,-0.00003040061266035,-145.94637268873589164,-0.00003040371065033,0.00000000000000000,2
response-high_pass-88200-1-5-0,88200,high_pass,39690.00000000000000000,9924.00000000000000000,1,-49.33142862338979029,-49.33142804709648033,-49.33143237490764221,-49.33142700217594268,-149.18748091403935518,-49.33142700303761075,0.00000000000000000,2
response-high_pass-88200-127-5-0,88200,high_pass,39690.00000000000000000,9924.00000000000000000,127,-49.33142862338979029,-49.33142804709648033,-49.33143237490764221,-49.33142700217594268,-149.18748091403935518,-49.33142700303761075,0.00000000000000000,2
response-high_pass-88200-128-5-0,88200,high_pass,39690.00000000000000000,9924.00000000000000000,128,-49.33142862338979029,-49.33142804709648033,-49.33143237490764221,-49.33142700217594268,-149.18748091403935518,-49.33142700303761075,0.00000000000000000,2
response-high_pass-88200-255-5-0,88200,high_pass,39690.00000000000000000,9924.00000000000000000,255,-49.33142862338979029,-49.33142804709648033,-49.33143237490764221,-49.33142700217594268,-149.18748091403935518,-49.33142700303761075,0.00000000000000000,2
response-high_pass-88200-1024-5-0,88200,high_pass,39690.00000000000000000,9924.00000000000000000,1024,-49.33142862338979029,-49.33142804709648033,-49.33143237490764221,-49.33142700217594268,-149.18748091403935518,-49.33142700303761075,0.00000000000000000,2
response-high_pass-88200-1-5-1,88200,high_pass,39690.00000000000000000,17640.00000000000000000,1,-37.56181924832650054,-37.56181864332780407,-37.56173859457402386,-37.56181603928494894,-147.13255759802930811,-37.56181616204939644,0.00000000000000000,2
response-high_pass-88200-127-5-1,88200,high_pass,39690.00000000000000000,17640.00000000000000000,127,-37.56181924832650054,-37.56181864332780407,-37.56173859457402386,-37.56181603928494894,-147.13255759802930811,-37.56181616204939644,0.00000000000000000,2
response-high_pass-88200-128-5-1,88200,high_pass,39690.00000000000000000,17640.00000000000000000,128,-37.56181924832650054,-37.56181864332780407,-37.56173859457402386,-37.56181603928494894,-147.13255759802930811,-37.56181616204939644,0.00000000000000000,2
response-high_pass-88200-255-5-1,88200,high_pass,39690.00000000000000000,17640.00000000000000000,255,-37.56181924832650054,-37.56181864332780407,-37.56173859457402386,-37.56181603928494894,-147.13255759802930811,-37.56181616204939644,0.00000000000000000,2
response-high_pass-88200-1024-5-1,88200,high_pass,39690.00000000000000000,17640.00000000000000000,1024,-37.56181924832650054,-37.56181864332780407,-37.56173859457402386,-37.56181603928494894,-147.13255759802930811,-37.56181616204939644,0.00000000000000000,2
response-high_pass-88200-1-5-2,88200,high_pass,39690.00000000000000000,39692.00000000000000000,1,-3.00629619575674534,-3.00629444502627186,-3.00629490614905936,-3.00629446405541634,-128.77030118887228127,-3.00629446715218895,0.00000000000000000,2
response-high_pass-88200-127-5-2,88200,high_pass,39690.00000000000000000,39692.00000000000000000,127,-3.00629619575674534,-3.00629444502627186,-3.00629490614905936,-3.00629446405541634,-128.77030118887228127,-3.00629446715218895,0.00000000000000000,2
response-high_pass-88200-128-5-2,88200,high_pass,39690.00000000000000000,39692.00000000000000000,128,-3.00629619575674534,-3.00629444502627186,-3.00629490614905936,-3.00629446405541634,-128.77030118887228127,-3.00629446715218895,0.00000000000000000,2
response-high_pass-88200-255-5-2,88200,high_pass,39690.00000000000000000,39692.00000000000000000,255,-3.00629619575674534,-3.00629444502627186,-3.00629490614905936,-3.00629446405541634,-128.77030118887228127,-3.00629446715218895,0.00000000000000000,2
response-high_pass-88200-1024-5-2,88200,high_pass,39690.00000000000000000,39692.00000000000000000,1024,-3.00629619575674534,-3.00629444502627186,-3.00629490614905936,-3.00629446405541634,-128.77030118887228127,-3.00629446715218895,0.00000000000000000,2
response-high_pass-88200-1-5-3,88200,high_pass,39690.00000000000000000,44096.00000000000000000,1,-0.00000000000284959,-0.00000000000046770,-0.00000002819676545,0.00000000075848984,-129.46789968692277739,-0.00000000234444594,0.00000000000000000,2
response-high_pass-88200-127-5-3,88200,high_pass,39690.00000000000000000,44096.00000000000000000,127,-0.00000000000284959,-0.00000000000046770,-0.00000002819676545,0.00000000075848984,-129.46789968692277739,-0.00000000234444594,0.00000000000000000,2
response-high_pass-88200-128-5-3,88200,high_pass,39690.00000000000000000,44096.00000000000000000,128,-0.00000000000284959,-0.00000000000046770,-0.00000002819676545,0.00000000075848984,-129.46789968692277739,-0.00000000234444594,0.00000000000000000,2
response-high_pass-88200-255-5-3,88200,high_pass,39690.00000000000000000,44096.00000000000000000,255,-0.00000000000284959,-0.00000000000046770,-0.00000002819676545,0.00000000075848984,-129.46789968692277739,-0.00000000234444594,0.00000000000000000,2
response-high_pass-88200-1024-5-3,88200,high_pass,39690.00000000000000000,44096.00000000000000000,1024,-0.00000000000284959,-0.00000000000046770,-0.00000002819676545,0.00000000075848984,-129.46789968692277739,-0.00000000234444594,0.00000000000000000,2
response-low_pass-88200-1-0-0,88200,low_pass,10.00000000000000000,4.00000000000000000,1,-0.10978010617475512,-0.10978021552484987,-0.10977643990461289,-0.10977576530979331,-124.32546246288673331,-0.10977576835016853,0.00000000000000000,0
response-low_pass-88200-127-0-0,88200,low_pass,10.00000000000000000,4.00000000000000000,127,-0.10978010617475512,-0.10978021552484987,-0.10977643990461289,-0.10977576530979331,-124.32546246288673331,-0.10977576835016853,0.00000000000000000,0
response-low_pass-88200-128-0-0,88200,low_pass,10.00000000000000000,4.00000000000000000,128,-0.10978010617475512,-0.10978021552484987,-0.10977643990461289,-0.10977576530979331,-124.32546246288673331,-0.10977576835016853,0.00000000000000000,0
response-low_pass-88200-255-0-0,88200,low_pass,10.00000000000000000,4.00000000000000000,255,-0.10978010617475512,-0.10978021552484987,-0.10977643990461289,-0.10977576530979331,-124.32546246288673331,-0.10977576835016853,0.00000000000000000,0
response-low_pass-88200-1024-0-0,88200,low_pass,10.00000000000000000,4.00000000000000000,1024,-0.10978010617475512,-0.10978021552484987,-0.10977643990461289,-0.10977576530979331,-124.32546246288673331,-0.10977576835016853,0.00000000000000000,0
response-low_pass-88200-1-0-1,88200,low_pass,10.00000000000000000,12.00000000000000000,1,-4.87647369279977916,-4.87647410786829472,-4.87647103287822770,-4.87648009553308270,-133.88542034986673457,-4.87648009684296291,0.00000000000000000,0
response-low_pass-88200-127-0-1,88200,low_pass,10.00000000000000000,12.00000000000000000,127,-4.87647369279977916,-4.87647410786829472,-4.87647103287822770,-4.87648009553308270,-133.88542034986673457,-4.87648009684296291,0.00000000000000000,0
response-low_pass-88200-128-0-1,88200,low_pass,10.00000000000000000,12.00000000000000000,128,-4.87647369279977916,-4.87647410786829472,-4.87647103287822770,-4.87648009553308270,-133.88542034986673457,-4.87648009684296291,0.00000000000000000,0
response-low_pass-88200-255-0-1,88200,low_pass,10.00000000000000000,12.00000000000000000,255,-4.87647369279977916,-4.87647410786829472,-4.87647103287822770,-4.87648009553308270,-133.88542034986673457,-4.87648009684296291,0.00000000000000000,0
response-low_pass-88200-1024-0-1,88200,low_pass,10.00000000000000000,12.00000000000000000,1024,-4.87647369279977916,-4.87647410786829472,-4.87647103287822770,-4.87648009553308270,-133.88542034986673457,-4.87648009684296291,0.00000000000000000,0
response-low_pass-88200-1-0-2,88200,low_pass,10.00000000000000000,40.00000000000000000,1,-24.09934221030813362,-24.09934239650539922,-24.09934502687773872,-24.09934281267817369,-158.94272837765333861,-24.09934281433056924,0.00000000000000000,0
response-low_pass-88200-127-0-2,88200,low_pass,10.00000000000000000,40.00000000000000000,127,-24.09934221030813362,-24.09934239650539922,-24.09934502687773872,-24.09934281267817369,-158.94272837765333861,-24.09934281433056924,0.00000000000000000,0
response-low_pass-88200-128-0-2,88200,low_pass,10.00000000000000000,40.00000000000000000,128,-24.09934221030813362,-24.09934239650539922,-24.09934502687773872,-24.09934281267817369,-158.94272837765333861,-24.09934281433056924,0.00000000000000000,0
response-low_pass-88200-255-0-2,88200,low_pass,10.00000000000000000,40.00000000000000000,255,-24.09934221030813362,-24.09934239650539922,-24.09934502687773872,-24.09934281267817369,-158.94272837765333861,-24.09934281433056924,0.00000000000000000,0
response-low_pass-88200-1024-0-2,88200,low_pass,10.00000000000000000,40.00000000000000000,1024,-24.09934221030813362,-24.09934239650539922,-24.09934502687773872,-24.09934281267817369,-158.94272837765333861,-24.09934281433056924,0.00000000000000000,0
response-low_pass-88200-1-0-3,88200,low_pass,10.00000000000000000,17640.00000000000000000,1,-132.38318939109430517,-132.38318953582842141,-132.38531775796931811,-132.38317894328392299,-174.69368708255967704,-132.33023131477904144,0.00000000000000000,0
response-low_pass-88200-127-0-3,88200,low_pass,10.00000000000000000,17640.00000000000000000,127,-132.38318939109430517,-132.38318953582842141,-132.38531775796931811,-132.38317894328392299,-174.69368708255967704,-132.33023131477904144,0.00000000000000000,0
response-low_pass-88200-128-0-3,88200,low_pass,10.00000000000000000,17640.00000000000000000,128,-132.38318939109430517,-132.38318953582842141,-132.38531775796931811,-132.38317894328392299,-174.69368708255967704,-132.33023131477904144,0.00000000000000000,0
response-low_pass-88200-255-0-3,88200,low_pass,10.00000000000000000,17640.00000000000000000,255,-132.38318939109430517,-132.38318953582842141,-132.38531775796931811,-132.38317894328392299,-174.69368708255967704,-132.33023131477904144,0.00000000000000000,0
response-low_pass-88200-1024-0-3,88200,low_pass,10.00000000000000000,17640.00000000000000000,1024,-132.38318939109430517,-132.38318953582842141,-132.38531775796931811,-132.38317894328392299,-174.69368708255967704,-132.33023131477904144,0.00000000000000000,0
response-low_pass-88200-1-0-4,88200,low_pass,10.00000000000000000,39692.00000000000000000,1,-169.95225840729534639,-169.95225855202917842,-170.97024429376969579,-169.95226003540835791,-176.20515069114355811,-169.02862723408259171,0.00000000000000000,0
response-low_pass-88200-127-0-4,88200,low_pass,10.00000000000000000,39692.00000000000000000,127,-169.95225840729534639,-169.95225855202917842,-170.97024429376969579,-169.95226003540835791,-176.20515069114355811,-169.02862723408259171,0.00000000000000000,0
response-low_pass-88200-128-0-4,88200,low_pass,10.00000000000000000,39692.00000000000000000,128,-169.95225840729534639,-169.95225855202917842,-170.97024429376969579,-169.95226003540835791,-176.20515069114355811,-169.02862723408259171,0.00000000000000000,0
response-low_pass-88200-255-0-4,88200,low_pass,10.00000000000000000,39692.00000000000000000,255,-169.95225840729534639,-169.95225855202917842,-170.97024429376969579,-169.95226003540835791,-176.20515069114355811,-169.02862723408259171,0.00000000000000000,0
response-low_pass-88200-1024-0-4,88200,low_pass,10.00000000000000000,39692.00000000000000000,1024,-169.95225840729534639,-169.95225855202917842,-170.97024429376969579,-169.95226003540835791,-176.20515069114355811,-169.02862723408259171,0.00000000000000000,0
response-low_pass-88200-1-1-0,88200,low_pass,20.00000000000000000,4.00000000000000000,1,-0.00694315534867251,-0.00694316067355107,-0.00693939358209640,-0.00694299893626012,-128.42453313928896819,-0.00694300197765352,0.00000000000000000,2
response-low_pass-88200-127-1-0,88200,low_pass,20.00000000000000000,4.00000000000000000,127,-0.00694315534867251,-0.00694316067355107,-0.00693939358209640,-0.00694299893626012,-128.42453313928896819,-0.00694300197765352,0.00000000000000000,2
response-low_pass-88200-128-1-0,88200,low_pass,20.00000000000000000,4.00000000000000000,128,-0.00694315534867251,-0.00694316067355107,-0.00693939358209640,-0.00694299893626012,-128.42453313928896819,-0.00694300197765352,0.00000000000000000,2
response-low_pass-88200-255-1-0,88200,low_pass,20.00000000000000000,4.00000000000000000,255,-0.00694315534867251,-0.00694316067355107,-0.00693939358209640,-0.00694299893626012,-128.42453313928896819,-0.00694300197765352,0.00000000000000000,2
response-low_pass-88200-1024-1-0,88200,low_pass,20.00000000000000000,4.00000000000000000,1024,-0.00694315534867251,-0.00694316067355107,-0.00693939358209640,-0.00694299893626012,-128.42453313928896819,-0.00694300197765352,0.00000000000000000,2
response-low_pass-88200-1-1-1,88200,low_pass,20.00000000000000000,20.00000000000000000,1,-3.01029995665768091,-3.01030030368043722,-3.01029508500838139,-3.01030593844856531,-137.19040691425175282,-3.01030594016025210,0.00000000000000000,2
response-low_pass-88200-127-1-1,88200,low_pass,20.00000000000000000,20.00000000000000000,127,-3.01029995665768091,-3.01030030368043722,-3.01029508500838139,-3.01030593844856531,-137.19040691425175282,-3.01030594016025210,0.00000000000000000,2
response-low_pass-88200-128-1-1,88200,low_pass,20.00000000000000000,20.00000000000000000,128,-3.01029995665768091,-3.01030030368043722,-3.01029508500838139,-3.01030593844856531,-137.19040691425175282,-3.01030594016025210,0.00000000000000000,2
response-low_pass-88200-255-1-1,88200,low_pass,20.00000000000000000,20.00000000000000000,255,-3.01029995665768091,-3.01030030368043722,-3.01029508500838139,-3.01030593844856531,-137.19040691425175282,-3.01030594016025210,0.00000000000000000,2
response-low_pass-88200-1024-1-1,88200,low_pass,20.00000000000000000,20.00000000000000000,1024,-3.01029995665768091,-3.01030030368043722,-3.01029508500838139,-3.01030593844856531,-137.19040691425175282,-3.01030594016025210,0.00000000000000000,2
response-low_pass-88200-1-1-2,88200,low_pass,20.00000000000000000,80.00000000000000000,1,-24.09937514139411263,-24.09937570105793725,-24.09938706611521297,-24.09937638162962159,-153.01087589311470083,-24.09937638333635945,0.00000000000000000,2
response-low_pass-88200-127-1-2,88200,low_pass,20.00000000000000000,80.00000000000000000,127,-24.09937514139411263,-24.09937570105793725,-24.09938706611521297,-24.09937638162962159,-153.01087589311470083,-24.09937638333635945,0.00000000000000000,2
response-low_pass-88200-128-1-2,88200,low_pass,20.00000000000000000,80.00000000000000000,128,-24.09937514139411263,-24.09937570105793725,-24.09938706611521297,-24.09937638162962159,-153.01087589311470083,-24.09937638333635945,0.00000000000000000,2
response-low_pass-88200-255-1-2,88200,low_pass,20.00000000000000000,80.00000000000000000,255,-24.09937514139411263,-24.09937570105793725,-24.09938706611521297,-24.09937638162962159,-153.01087589311470083,-24.09937638333635945,0.00000000000000000,2
response-low_pass-88200-1024-1-2,88200,low_pass,20.00000000000000000,80.00000000000000000,1024,-24.09937514139411263,-24.09937570105793725,-24.09938706611521297,-24.09937638162962159,-153.01087589311470083,-24.09937638333635945,0.00000000000000000,2
response-low_pass-88200-1-1-3,88200,low_pass,20.00000000000000000,17640.00000000000000000,1,-120.34198736069720326,-120.34198791369810522,-120.34821320303751691,-120.34198798892361992,-193.77853726497232856,-120.34154434752821317,0.00000000000000000,2
response-low_pass-88200-127-1-3,88200,low_pass,20.00000000000000000,17640.00000000000000000,127,-120.34198736069720326,-120.34198791369810522,-120.34821320303751691,-120.34198798892361992,-193.77853726497232856,-120.34154434752821317,0.00000000000000000,2
response-low_pass-88200-128-1-3,88200,low_pass,20.00000000000000000,17640.00000000000000000,128,-120.34198736069720326,-120.34198791369810522,-120.34821320303751691,-120.34198798892361992,-193.77853726497232856,-120.34154434752821317,0.00000000000000000,2
response-low_pass-88200-255-1-3,88200,low_pass,20.00000000000000000,17640.00000000000000000,255,-120.34198736069720326,-120.34198791369810522,-120.34821320303751691,-120.34198798892361992,-193.77853726497232856,-120.34154434752821317,0.00000000000000000,2
response-low_pass-88200-1024-1-3,88200,low_pass,20.00000000000000000,17640.00000000000000000,1024,-120.34198736069720326,-120.34198791369810522,-120.34821320303751691,-120.34198798892361992,-193.77853726497232856,-120.34154434752821317,0.00000000000000000,2
response-low_pass-88200-1-1-4,88200,low_pass,20.00000000000000000,39692.00000000000000000,1,-157.91105637689446439,-157.91105692989296472,-157.81443691696409815,-157.91105689645851839,-179.61109664469569225,-157.88178016042689933,0.00000000000000000,2
response-low_pass-88200-127-1-4,88200,low_pass,20.00000000000000000,39692.00000000000000000,127,-157.91105637689446439,-157.91105692989296472,-157.81443691696409815,-157.91105689645851839,-179.61109664469569225,-157.88178016042689933,0.00000000000000000,2
response-low_pass-88200-128-1-4,88200,low_pass,20.00000000000000000,39692.00000000000000000,128,-157.91105637689446439,-157.91105692989296472,-157.81443691696409815,-157.91105689645851839,-179.61109664469569225,-157.88178016042689933,0.00000000000000000,2
response-low_pass-88200-255-1-4,88200,low_pass,20.00000000000000000,39692.00000000000000000,255,-157.91105637689446439,-157.91105692989296472,-157.81443691696409815,-157.91105689645851839,-179.61109664469569225,-157.88178016042689933,0.00000000000000000,2
response-low_pass-88200-1024-1-4,88200,low_pass,20.00000000000000000,39692.00000000000000000,1024,-157.91105637689446439,-157.91105692989296472,-157.81443691696409815,-157.91105689645851839,-179.61109664469569225,-157.88178016042689933,0.00000000000000000,2
response-low_pass-88200-1-2-0,88200,low_pass,100.00000000000000000,24.00000000000000000,1,-0.01438476984067463,-0.01438481549686059,-0.01438821766782709,-0.01438545042367782,-131.88407543414729162,-0.01438545173387516,0.00000000000000000,2
response-low_pass-88200-127-2-0,88200,low_pass,100.00000000000000000,24.00000000000000000,127,-0.01438476984067463,-0.01438481549686059,-0.01438821766782709,-0.01438545042367782,-131.88407543414729162,-0.01438545173387516,0.00000000000000000,2
response-low_pass-88200-128-2-0,88200,low_pass,100.00000000000000000,24.00000000000000000,128,-0.01438476984067463,-0.01438481549686059,-0.01438821766782709,-0.01438545042367782,-131.88407543414729162,-0.01438545173387516,0.00000000000000000,2
response-low_pass-88200-255-2-0,88200,low_pass,100.00000000000000000,24.00000000000000000,255,-0.01438476984067463,-0.01438481549686059,-0.01438821766782709,-0.01438545042367782,-131.88407543414729162,-0.01438545173387516,0.00000000000000000,2
response-low_pass-88200-1024-2-0,88200,low_pass,100.00000000000000000,24.00000000000000000,1024,-0.01438476984067463,-0.01438481549686059,-0.01438821766782709,-0.01438545042367782,-131.88407543414729162,-0.01438545173387516,0.00000000000000000,2
response-low_pass-88200-1-2-1,88200,low_pass,100.00000000000000000,100.00000000000000000,1,-3.01029995662254279,-3.01030052925467873,-3.01030122624770913,-3.01030359198543174,-138.19609819824484021,-3.01030360530752938,0.00000000000000000,2
response-low_pass-88200-127-2-1,88200,low_pass,100.00000000000000000,100.00000000000000000,127,-3.01029995662254279,-3.01030052925467873,-3.01030122624770913,-3.01030359198543174,-138.19609819824484021,-3.01030360530752938,0.00000000000000000,2
response-low_pass-88200-128-2-1,88200,low_pass,100.00000000000000000,100.00000000000000000,128,-3.01029995662254279,-3.01030052925467873,-3.01030122624770913,-3.01030359198543174,-138.19609819824484021,-3.01030360530752938,0.00000000000000000,2
response-low_pass-88200-255-2-1,88200,low_pass,100.00000000000000000,100.00000000000000000,255,-3.01029995662254279,-3.01030052925467873,-3.01030122624770913,-3.01030359198543174,-138.19609819824484021,-3.01030360530752938,0.00000000000000000,2
response-low_pass-88200-1024-2-1,88200,low_pass,100.00000000000000000,100.00000000000000000,1024,-3.01029995662254279,-3.01030052925467873,-3.01030122624770913,-3.01030359198543174,-138.19609819824484021,-3.01030360530752938,0.00000000000000000,2
response-low_pass-88200-1-2-2,88200,low_pass,100.00000000000000000,400.00000000000000000,1,-24.10042898923300214,-24.10042940744113338,-24.10043078927596838,-24.10042934452599539,-150.96423734787086346,-24.10042935784705520,0.00000000000000000,2
response-low_pass-88200-127-2-2,88200,low_pass,100.00000000000000000,400.00000000000000000,127,-24.10042898923300214,-24.10042940744113338,-24.10043078927596838,-24.10042934452599539,-150.96423734787086346,-24.10042935784705520,0.00000000000000000,2
response-low_pass-88200-128-2-2,88200,low_pass,100.00000000000000000,400.00000000000000000,128,-24.10042898923300214,-24.10042940744113338,-24.10043078927596838,-24.10042934452599539,-150.96423734787086346,-24.10042935784705520,0.00000000000000000,2
response-low_pass-88200-255-2-2,88200,low_pass,100.00000000000000000,400.00000000000000000,255,-24.10042898923300214,-24.10042940744113338,-24.10043078927596838,-24.10042934452599539,-150.96423734787086346,-24.10042935784705520,0.00000000000000000,2
response-low_pass-88200-1024-2-2,88200,low_pass,100.00000000000000000,400.00000000000000000,1024,-24.10042898923300214,-24.10042940744113338,-24.10043078927596838,-24.10042934452599539,-150.96423734787086346,-24.10042935784705520,0.00000000000000000,2
response-low_pass-88200-1-2-3,88200,low_pass,100.00000000000000000,17640.00000000000000000,1,-92.38311666227333774,-92.38311703377802075,-92.38325383195017082,-92.38311687276642203,-177.96344840039964197,-92.38309983925147151,0.00000000000000000,2
response-low_pass-88200-127-2-3,88200,low_pass,100.00000000000000000,17640.00000000000000000,127,-92.38311666227333774,-92.38311703377802075,-92.38325383195017082,-92.38311687276642203,-177.96344840039964197,-92.38309983925147151,0.00000000000000000,2
response-low_pass-88200-128-2-3,88200,low_pass,100.00000000000000000,17640.00000000000000000,128,-92.38311666227333774,-92.38311703377802075,-92.38325383195017082,-92.38311687276642203,-177.96344840039964197,-92.38309983925147151,0.00000000000000000,2
response-low_pass-88200-255-2-3,88200,low_pass,100.00000000000000000,17640.00000000000000000,255,-92.38311666227333774,-92.38311703377802075,-92.38325383195017082,-92.38311687276642203,-177.96344840039964197,-92.38309983925147151,0.00000000000000000,2
response-low_pass-88200-1024-2-3,88200,low_pass,100.00000000000000000,17640.00000000000000000,1024,-92.38311666227333774,-92.38311703377802075,-92.38325383195017082,-92.38311687276642203,-177.96344840039964197,-92.38309983925147151,0.00000000000000000,2
response-low_pass-88200-1-2-4,88200,low_pass,100.00000000000000000,39692.00000000000000000,1,-129.95218567596623416,-129.95218604745184621,-129.89985233219545080,-129.95218605192775385,-174.68067499578225465,-129.95203975475558877,0.00000000000000000,2
response-low_pass-88200-127-2-4,88200,low_pass,100.00000000000000000,39692.00000000000000000,127,-129.95218567596623416,-129.95218604745184621,-129.89985233219545080,-129.95218605192775385,-174.68067499578225465,-129.95203975475558877,0.00000000000000000,2
response-low_pass-88200-128-2-4,88200,low_pass,100.00000000000000000,39692.00000000000000000,128,-129.95218567596623416,-129.95218604745184621,-129.89985233219545080,-129.95218605192775385,-174.68067499578225465,-129.95203975475558877,0.00000000000000000,2
response-low_pass-88200-255-2-4,88200,low_pass,100.00000000000000000,39692.00000000000000000,255,-129.95218567596623416,-129.95218604745184621,-129.89985233219545080,-129.95218605192775385,-174.68067499578225465,-129.95203975475558877,0.00000000000000000,2
response-low_pass-88200-1024-2-4,88200,low_pass,100.00000000000000000,39692.00000000000000000,1024,-129.95218567596623416,-129.95218604745184621,-129.89985233219545080,-129.95218605192775385,-174.68067499578225465,-129.95203975475558877,0.00000000000000000,2
response-low_pass-88200-1-3-0,88200,low_pass,1000.00000000000000000,252.00000000000000000,1,-0.01745120420466202,-0.01745116726401136,-0.01745118473832084,-0.01745143338368976,-143.83688505166477967,-0.01745145394180392,0.00000000000000000,2
response-low_pass-88200-127-3-0,88200,low_pass,1000.00000000000000000,252.00000000000000000,127,-0.01745120420466202,-0.01745116726401136,-0.01745118473832084,-0.01745143338368976,-143.83688505166477967,-0.01745145394180392,0.00000000000000000,2
response-low_pass-88200-128-3-0,88200,low_pass,1000.00000000000000000,252.00000000000000000,128,-0.01745120420466202,-0.01745116726401136,-0.01745118473832084,-0.01745143338368976,-143.83688505166477967,-0.01745145394180392,0.00000000000000000,2
response-low_pass-88200-255-3-0,88200,low_pass,1000.00000000000000000,252.00000000000000000,255,-0.01745120420466202,-0.01745116726401136,-0.01745118473832084,-0.01745143338368976,-143.83688505166477967,-0.01745145394180392,0.00000000000000000,2
response-low_pass-88200-1024-3-0,88200,low_pass,1000.00000000000000000,252.00000000000000000,1024,-0.01745120420466202,-0.01745116726401136,-0.01745118473832084,-0.01745143338368976,-143.83688505166477967,-0.01745145394180392,0.00000000000000000,2
response-low_pass-88200-1-3-1,88200,low_pass,1000.00000000000000000,1000.00000000000000000,1,-3.01029995663977301,-3.01029958058013758,-3.01029967491535455,-3.01029928243417988,-142.95030605995026463,-3.01029929575640898,0.00000000000000000,2
response-low_pass-88200-127-3-1,88200,low_pass,1000.00000000000000000,1000.00000000000000000,127,-3.01029995663977301,-3.01029958058013758,-3.01029967491535455,-3.01029928243417988,-142.95030605995026463,-3.01029929575640898,0.00000000000000000,2
response-low_pass-88200-128-3-1,88200,low_pass,1000.00000000000000000,1000.00000000000000000,128,-3.01029995663977301,-3.01029958058013758,-3.01029967491535455,-3.01029928243417988,-142.95030605995026463,-3.01029929575640898,0.00000000000000000,2
response-low_pass-88200-255-3-1,88200,low_pass,1000.00000000000000000,1000.00000000000000000,255,-3.01029995663977301,-3.01029958058013758,-3.01029967491535455,-3.01029928243417988,-142.95030605995026463,-3.01029929575640898,0.00000000000000000,2
response-low_pass-88200-1024-3-1,88200,low_pass,1000.00000000000000000,1000.00000000000000000,1024,-3.01029995663977301,-3.01029958058013758,-3.01029967491535455,-3.01029928243417988,-142.95030605995026463,-3.01029929575640898,0.00000000000000000,2
response-low_pass-88200-1-3-2,88200,low_pass,1000.00000000000000000,4000.00000000000000000,1,-24.20966228437060153,-24.20966207084552480,-24.20966053746148106,-24.20966201870991341,-159.94316873852659455,-24.20966203203180811,0.00000000000000000,2
response-low_pass-88200-127-3-2,88200,low_pass,1000.00000000000000000,4000.00000000000000000,127,-24.20966228437060153,-24.20966207084552480,-24.20966053746148106,-24.20966201870991341,-159.94316873852659455,-24.20966203203180811,0.00000000000000000,2
response-low_pass-88200-128-3-2,88200,low_pass,1000.00000000000000000,4000.00000000000000000,128,-24.20966228437060153,-24.20966207084552480,-24.20966053746148106,-24.20966201870991341,-159.94316873852659455,-24.20966203203180811,0.00000000000000000,2
response-low_pass-88200-255-3-2,88200,low_pass,1000.00000000000000000,4000.00000000000000000,255,-24.20966228437060153,-24.20966207084552480,-24.20966053746148106,-24.20966201870991341,-159.94316873852659455,-24.20966203203180811,0.00000000000000000,2
response-low_pass-88200-1024-3-2,88200,low_pass,1000.00000000000000000,4000.00000000000000000,1024,-24.20966228437060153,-24.20966207084552480,-24.20966053746148106,-24.20966201870991341,-159.94316873852659455,-24.20966203203180811,0.00000000000000000,2
response-low_pass-88200-1-3-3,88200,low_pass,1000.00000000000000000,17640.00000000000000000,1,-52.37586649368623881,-52.37586631333834220,-52.37589207939170421,-52.37586652182101687,-156.53286992197936911,-52.37586664445917961,0.00000000000000000,2
response-low_pass-88200-127-3-3,88200,low_pass,1000.00000000000000000,17640.00000000000000000,127,-52.37586649368623881,-52.37586631333834220,-52.37589207939170421,-52.37586652182101687,-156.53286992197936911,-52.37586664445917961,0.00000000000000000,2
response-low_pass-88200-128-3-3,88200,low_pass,1000.00000000000000000,17640.00000000000000000,128,-52.37586649368623881,-52.37586631333834220,-52.37589207939170421,-52.37586652182101687,-156.53286992197936911,-52.37586664445917961,0.00000000000000000,2
response-low_pass-88200-255-3-3,88200,low_pass,1000.00000000000000000,17640.00000000000000000,255,-52.37586649368623881,-52.37586631333834220,-52.37589207939170421,-52.37586652182101687,-156.53286992197936911,-52.37586664445917961,0.00000000000000000,2
response-low_pass-88200-1024-3-3,88200,low_pass,1000.00000000000000000,17640.00000000000000000,1024,-52.37586649368623881,-52.37586631333834220,-52.37589207939170421,-52.37586652182101687,-156.53286992197936911,-52.37586664445917961,0.00000000000000000,2
response-low_pass-88200-1-3-4,88200,low_pass,1000.00000000000000000,39692.00000000000000000,1,-89.94491038391385018,-89.94491020492533551,-89.94386297323528368,-89.94491018533615545,-162.45384110485821338,-89.94490994470348255,0.00000000000000000,2
response-low_pass-88200-127-3-4,88200,low_pass,1000.00000000000000000,39692.00000000000000000,127,-89.94491038391385018,-89.94491020492533551,-89.94386297323528368,-89.94491018533615545,-162.45384110485821338,-89.94490994470348255,0.00000000000000000,2
response-low_pass-88200-128-3-4,88200,low_pass,1000.00000000000000000,39692.00000000000000000,128,-89.94491038391385018,-89.94491020492533551,-89.94386297323528368,-89.94491018533615545,-162.45384110485821338,-89.94490994470348255,0.00000000000000000,2
response-low_pass-88200-255-3-4,88200,low_pass,1000.00000000000000000,39692.00000000000000000,255,-89.94491038391385018,-89.94491020492533551,-89.94386297323528368,-89.94491018533615545,-162.45384110485821338,-89.94490994470348255,0.00000000000000000,2
response-low_pass-88200-1024-3-4,88200,low_pass,1000.00000000000000000,39692.00000000000000000,1024,-89.94491038391385018,-89.94491020492533551,-89.94386297323528368,-89.94491018533615545,-162.45384110485821338,-89.94490994470348255,0.00000000000000000,2
response-low_pass-88200-1-4-0,88200,low_pass,8820.00000000000000000,2204.00000000000000000,1,-0.01489637056077258,-0.01489637084424407,-0.01489691322664880,-0.01489636844320806,-148.28717609012818457,-0.01489637148520837,0.00000000000000000,2
response-low_pass-88200-127-4-0,88200,low_pass,8820.00000000000000000,2204.00000000000000000,127,-0.01489637056077258,-0.01489637084424407,-0.01489691322664880,-0.01489636844320806,-148.28717609012818457,-0.01489637148520837,0.00000000000000000,2
response-low_pass-88200-128-4-0,88200,low_pass,8820.00000000000000000,2204.00000000000000000,128,-0.01489637056077258,-0.01489637084424407,-0.01489691322664880,-0.01489636844320806,-148.28717609012818457,-0.01489637148520837,0.00000000000000000,2
response-low_pass-88200-255-4-0,88200,low_pass,8820.00000000000000000,2204.00000000000000000,255,-0.01489637056077258,-0.01489637084424407,-0.01489691322664880,-0.01489636844320806,-148.28717609012818457,-0.01489637148520837,0.00000000000000000,2
response-low_pass-88200-1024-4-0,88200,low_pass,8820.00000000000000000,2204.00000000000000000,1024,-0.01489637056077258,-0.01489637084424407,-0.01489691322664880,-0.01489636844320806,-148.28717609012818457,-0.01489637148520837,0.00000000000000000,2
response-low_pass-88200-1-4-1,88200,low_pass,8820.00000000000000000,8820.00000000000000000,1,-3.01029995663981653,-3.01029978812098209,-3.01030019354479617,-3.01030040157613676,-150.84077717784180095,-3.01030052439474671,0.00000000000000000,2
response-low_pass-88200-127-4-1,88200,low_pass,8820.00000000000000000,8820.00000000000000000,127,-3.01029995663981653,-3.01029978812098209,-3.01030019354479617,-3.01030040157613676,-150.84077717784180095,-3.01030052439474671,0.00000000000000000,2
response-low_pass-88200-128-4-1,88200,low_pass,8820.00000000000000000,8820.00000000000000000,128,-3.01029995663981653,-3.01029978812098209,-3.01030019354479617,-3.01030040157613676,-150.84077717784180095,-3.01030052439474671,0.00000000000000000,2
response-low_pass-88200-255-4-1,88200,low_pass,8820.00000000000000000,8820.00000000000000000,255,-3.01029995663981653,-3.01029978812098209,-3.01030019354479617,-3.01030040157613676,-150.84077717784180095,-3.01030052439474671,0.00000000000000000,2
response-low_pass-88200-1024-4-1,88200,low_pass,8820.00000000000000000,8820.00000000000000000,1024,-3.01029995663981653,-3.01029978812098209,-3.01030019354479617,-3.01030040157613676,-150.84077717784180095,-3.01030052439474671,0.00000000000000000,2
response-low_pass-88200-1-4-2,88200,low_pass,8820.00000000000000000,17640.00000000000000000,1,-14.14973347970818018,-14.14973313552507328,-14.14973385777217807,-14.14973345725825560,-149.32153803933562131,-14.14973358007753390,0.00000000000000000,2
response-low_pass-88200-127-4-2,88200,low_pass,8820.00000000000000000,17640.00000000000000000,127,-14.14973347970818018,-14.14973313552507328,-14.14973385777217807,-14.14973345725825560,-149.32153803933562131,-14.14973358007753390,0.00000000000000000,2
response-low_pass-88200-128-4-2,88200,low_pass,8820.00000000000000000,17640.00000000000000000,128,-14.14973347970818018,-14.14973313552507328,-14.14973385777217807,-14.14973345725825560,-149.32153803933562131,-14.14973358007753390,0.00000000000000000,2
response-low_pass-88200-255-4-2,88200,low_pass,8820.00000000000000000,17640.00000000000000000,255,-14.14973347970818018,-14.14973313552507328,-14.14973385777217807,-14.14973345725825560,-149.32153803933562131,-14.14973358007753390,0.00000000000000000,2
response-low_pass-88200-1024-4-2,88200,low_pass,8820.00000000000000000,17640.00000000000000000,1024,-14.14973347970818018,-14.14973313552507328,-14.14973385777217807,-14.14973345725825560,-149.32153803933562131,-14.14973358007753390,0.00000000000000000,2
response-low_pass-88200-1-4-3,88200,low_pass,8820.00000000000000000,35280.00000000000000000,1,-39.05845638466504965,-39.05845602182285603,-39.05844130750070065,-39.05845668566618656,-164.40622000808272674,-39.05845680848210577,0.00000000000000000,2
response-low_pass-88200-127-4-3,88200,low_pass,8820.00000000000000000,35280.00000000000000000,127,-39.05845638466504965,-39.05845602182285603,-39.05844130750070065,-39.05845668566618656,-164.40622000808272674,-39.05845680848210577,0.00000000000000000,2
response-low_pass-88200-128-4-3,88200,low_pass,8820.00000000000000000,35280.00000000000000000,128,-39.05845638466504965,-39.05845602182285603,-39.05844130750070065,-39.05845668566618656,-164.40622000808272674,-39.05845680848210577,0.00000000000000000,2
response-low_pass-88200-255-4-3,88200,low_pass,8820.00000000000000000,35280.00000000000000000,255,-39.05845638466504965,-39.05845602182285603,-39.05844130750070065,-39.05845668566618656,-164.40622000808272674,-39.05845680848210577,0.00000000000000000,2
response-low_pass-88200-1024-4-3,88200,low_pass,8820.00000000000000000,35280.00000000000000000,1024,-39.05845638466504965,-39.05845602182285603,-39.05844130750070065,-39.05845668566618656,-164.40622000808272674,-39.05845680848210577,0.00000000000000000,2
response-low_pass-88200-1-4-4,88200,low_pass,8820.00000000000000000,39692.00000000000000000,1,-51.54849950728269903,-51.54849914417580692,-51.54846020462444756,-51.54849914339570915,-152.53607640696696990,-51.54849914614898410,0.00000000000000000,2
response-low_pass-88200-127-4-4,88200,low_pass,8820.00000000000000000,39692.00000000000000000,127,-51.54849950728269903,-51.54849914417580692,-51.54846020462444756,-51.54849914339570915,-152.53607640696696990,-51.54849914614898410,0.00000000000000000,2
response-low_pass-88200-128-4-4,88200,low_pass,8820.00000000000000000,39692.00000000000000000,128,-51.54849950728269903,-51.54849914417580692,-51.54846020462444756,-51.54849914339570915,-152.53607640696696990,-51.54849914614898410,0.00000000000000000,2
response-low_pass-88200-255-4-4,88200,low_pass,8820.00000000000000000,39692.00000000000000000,255,-51.54849950728269903,-51.54849914417580692,-51.54846020462444756,-51.54849914339570915,-152.53607640696696990,-51.54849914614898410,0.00000000000000000,2
response-low_pass-88200-1024-4-4,88200,low_pass,8820.00000000000000000,39692.00000000000000000,1024,-51.54849950728269903,-51.54849914417580692,-51.54846020462444756,-51.54849914339570915,-152.53607640696696990,-51.54849914614898410,0.00000000000000000,2
response-low_pass-88200-1-5-0,88200,low_pass,39690.00000000000000000,9924.00000000000000000,1,-0.00005065752667896,-0.00005064750681841,-0.00005069552994970,-0.00005064512253089,-149.27758831574823262,-0.00005064643301520,0.00000000000000000,2
response-low_pass-88200-127-5-0,88200,low_pass,39690.00000000000000000,9924.00000000000000000,127,-0.00005065752667896,-0.00005064750681841,-0.00005069552994970,-0.00005064512253089,-149.27758831574823262,-0.00005064643301520,0.00000000000000000,2
response-low_pass-88200-128-5-0,88200,low_pass,39690.00000000000000000,9924.00000000000000000,128,-0.00005065752667896,-0.00005064750681841,-0.00005069552994970,-0.00005064512253089,-149.27758831574823262,-0.00005064643301520,0.00000000000000000,2
response-low_pass-88200-255-5-0,88200,low_pass,39690.00000000000000000,9924.00000000000000000,255,-0.00005065752667896,-0.00005064750681841,-0.00005069552994970,-0.00005064512253089,-149.27758831574823262,-0.00005064643301520,0.00000000000000000,2
response-low_pass-88200-1024-5-0,88200,low_pass,39690.00000000000000000,9924.00000000000000000,1024,-0.00005065752667896,-0.00005064750681841,-0.00005069552994970,-0.00005064512253089,-149.27758831574823262,-0.00005064643301520,0.00000000000000000,2
response-low_pass-88200-1-5-1,88200,low_pass,39690.00000000000000000,17640.00000000000000000,1,-0.00076144836472715,-0.00076140959593448,-0.00076116948185555,-0.00076139569379659,-149.14095530574027748,-0.00076151851211535,0.00000000000000000,2
response-low_pass-88200-127-5-1,88200,low_pass,39690.00000000000000000,17640.00000000000000000,127,-0.00076144836472715,-0.00076140959593448,-0.00076116948185555,-0.00076139569379659,-149.14095530574027748,-0.00076151851211535,0.00000000000000000,2
response-low_pass-88200-128-5-1,88200,low_pass,39690.00000000000000000,17640.00000000000000000,128,-0.00076144836472715,-0.00076140959593448,-0.00076116948185555,-0.00076139569379659,-149.14095530574027748,-0.00076151851211535,0.00000000000000000,2
response-low_pass-88200-255-5-1,88200,low_pass,39690.00000000000000000,17640.00000000000000000,255,-0.00076144836472715,-0.00076140959593448,-0.00076116948185555,-0.00076139569379659,-149.14095530574027748,-0.00076151851211535,0.00000000000000000,2
response-low_pass-88200-1024-5-1,88200,low_pass,39690.00000000000000000,17640.00000000000000000,1024,-0.00076144836472715,-0.00076140959593448,-0.00076116948185555,-0.00076139569379659,-149.14095530574027748,-0.00076151851211535,0.00000000000000000,2
response-low_pass-88200-1-5-2,88200,low_pass,39690.00000000000000000,39692.00000000000000000,1,-3.01430741199626384,-3.01430622748076971,-3.01430539207521697,-3.01430624367309274,-131.85542116400992541,-3.01430624677106396,0.00000000000000000,2
response-low_pass-88200-127-5-2,88200,low_pass,39690.00000000000000000,39692.00000000000000000,127,-3.01430741199626384,-3.01430622748076971,-3.01430539207521697,-3.01430624367309274,-131.85542116400992541,-3.01430624677106396,0.00000000000000000,2
response-low_pass-88200-128-5-2,88200,low_pass,39690.00000000000000000,39692.00000000000000000,128,-3.01430741199626384,-3.01430622748076971,-3.01430539207521697,-3.01430624367309274,-131.85542116400992541,-3.01430624677106396,0.00000000000000000,2
response-low_pass-88200-255-5-2,88200,low_pass,39690.00000000000000000,39692.00000000000000000,255,-3.01430741199626384,-3.01430622748076971,-3.01430539207521697,-3.01430624367309274,-131.85542116400992541,-3.01430624677106396,0.00000000000000000,2
response-low_pass-88200-1024-5-2,88200,low_pass,39690.00000000000000000,39692.00000000000000000,1024,-3.01430741199626384,-3.01430622748076971,-3.01430539207521697,-3.01430624367309274,-131.85542116400992541,-3.01430624677106396,0.00000000000000000,2
response-low_pass-88200-1-5-3,88200,low_pass,39690.00000000000000000,44096.00000000000000000,1,-121.83884930150438208,-121.83884986446300047,-121.83385215409815316,-121.83885366299820419,-141.51790542344113533,-121.78949524473993904,0.00000000000000000,2
response-low_pass-88200-127-5-3,88200,low_pass,39690.00000000000000000,44096.00000000000000000,127,-121.83884930150438208,-121.83884986446300047,-121.83385215409815316,-121.83885366299820419,-141.51790542344113533,-121.78949524473993904,0.00000000000000000,2
response-low_pass-88200-128-5-3,88200,low_pass,39690.00000000000000000,44096.00000000000000000,128,-121.83884930150438208,-121.83884986446300047,-121.83385215409815316,-121.83885366299820419,-141.51790542344113533,-121.78949524473993904,0.00000000000000000,2
response-low_pass-88200-255-5-3,88200,low_pass,39690.00000000000000000,44096.00000000000000000,255,-121.83884930150438208,-121.83884986446300047,-121.83385215409815316,-121.83885366299820419,-141.51790542344113533,-121.78949524473993904,0.00000000000000000,2
response-low_pass-88200-1024-5-3,88200,low_pass,39690.00000000000000000,44096.00000000000000000,1024,-121.83884930150438208,-121.83884986446300047,-121.83385215409815316,-121.83885366299820419,-141.51790542344113533,-121.78949524473993904,0.00000000000000000,2
response-cascade-88200-1-0-0,88200,cascade,10.00000000000000000,4.00000000000000000,1,-16.03432424712879367,-16.03432419557523403,-16.03431169355989638,-16.03431580637866816,-129.03710800205124087,-16.03431580939891887,0.00000000000000000,0
response-cascade-88200-127-0-0,88200,cascade,10.00000000000000000,4.00000000000000000,127,-16.03432424712879367,-16.03432419557523403,-16.03431169355989638,-16.03431580637866816,-129.03710800205124087,-16.03431580939891887,0.00000000000000000,0
response-cascade-88200-128-0-0,88200,cascade,10.00000000000000000,4.00000000000000000,128,-16.03432424712879367,-16.03432419557523403,-16.03431169355989638,-16.03431580637866816,-129.03710800205124087,-16.03431580939891887,0.00000000000000000,0
response-cascade-88200-255-0-0,88200,cascade,10.00000000000000000,4.00000000000000000,255,-16.03432424712879367,-16.03432419557523403,-16.03431169355989638,-16.03431580637866816,-129.03710800205124087,-16.03431580939891887,0.00000000000000000,0
response-cascade-88200-1024-0-0,88200,cascade,10.00000000000000000,4.00000000000000000,1024,-16.03432424712879367,-16.03432419557523403,-16.03431169355989638,-16.03431580637866816,-129.03710800205124087,-16.03431580939891887,0.00000000000000000,0
response-cascade-88200-1-0-1,88200,cascade,10.00000000000000000,12.00000000000000000,1,-2.23847015003292915,-2.23847052779964617,-2.23847212302406362,-2.23847628210694749,-132.20874374660209583,-2.23847628341694938,0.00000000000000000,0
response-cascade-88200-127-0-1,88200,cascade,10.00000000000000000,12.00000000000000000,127,-2.23847015003292915,-2.23847052779964617,-2.23847212302406362,-2.23847628210694749,-132.20874374660209583,-2.23847628341694938,0.00000000000000000,0
response-cascade-88200-128-0-1,88200,cascade,10.00000000000000000,12.00000000000000000,128,-2.23847015003292915,-2.23847052779964617,-2.23847212302406362,-2.23847628210694749,-132.20874374660209583,-2.23847628341694938,0.00000000000000000,0
response-cascade-88200-255-0-1,88200,cascade,10.00000000000000000,12.00000000000000000,255,-2.23847015003292915,-2.23847052779964617,-2.23847212302406362,-2.23847628210694749,-132.20874374660209583,-2.23847628341694938,0.00000000000000000,0
response-cascade-88200-1024-0-1,88200,cascade,10.00000000000000000,12.00000000000000000,1024,-2.23847015003292915,-2.23847052779964617,-2.23847212302406362,-2.23847628210694749,-132.20874374660209583,-2.23847628341694938,0.00000000000000000,0
response-cascade-88200-1-0-2,88200,cascade,10.00000000000000000,40.00000000000000000,1,-12.32142904849843923,-12.32142964367302440,-12.32142758351533907,-12.32142763629382642,-146.66079052312201725,-12.32142763800002072,0.00000000000000000,0
response-cascade-88200-127-0-2,88200,cascade,10.00000000000000000,40.00000000000000000,127,-12.32142904849843923,-12.32142964367302440,-12.32142758351533907,-12.32142763629382642,-146.66079052312201725,-12.32142763800002072,0.00000000000000000,0
response-cascade-88200-128-0-2,88200,cascade,10.00000000000000000,40.00000000000000000,128,-12.32142904849843923,-12.32142964367302440,-12.32142758351533907,-12.32142763629382642,-146.66079052312201725,-12.32142763800002072,0.00000000000000000,0
response-cascade-88200-255-0-2,88200,cascade,10.00000000000000000,40.00000000000000000,255,-12.32142904849843923,-12.32142964367302440,-12.32142758351533907,-12.32142763629382642,-146.66079052312201725,-12.32142763800002072,0.00000000000000000,0
response-cascade-88200-1024-0-2,88200,cascade,10.00000000000000000,40.00000000000000000,1024,-12.32142904849843923,-12.32142964367302440,-12.32142758351533907,-12.32142763629382642,-146.66079052312201725,-12.32142763800002072,0.00000000000000000,0
response-cascade-88200-1-0-3,88200,cascade,10.00000000000000000,17640.00000000000000000,1,-120.34198736069745905,-120.34198791369851733,-120.33660564698907081,-120.34197997809128822,-157.55346935598305436,-120.33799394370527125,0.00000000000000000,0
response-cascade-88200-127-0-3,88200,cascade,10.00000000000000000,17640.00000000000000000,127,-120.34198736069745905,-120.34198791369851733,-120.33660564698907081,-120.34197997809128822,-157.55346935598305436,-120.33799394370527125,0.00000000000000000,0
response-cascade-88200-128-0-3,88200,cascade,10.00000000000000000,17640.00000000000000000,128,-120.34198736069745905,-120.34198791369851733,-120.33660564698907081,-120.34197997809128822,-157.55346935598305436,-120.33799394370527125,0.00000000000000000,0
response-cascade-88200-255-0-3,88200,cascade,10.00000000000000000,17640.00000000000000000,255,-120.34198736069745905,-120.34198791369851733,-120.33660564698907081,-120.34197997809128822,-157.55346935598305436,-120.33799394370527125,0.00000000000000000,0
response-cascade-88200-1024-0-3,88200,cascade,10.00000000000000000,17640.00000000000000000,1024,-120.34198736069745905,-120.34198791369851733,-120.33660564698907081,-120.34197997809128822,-157.55346935598305436,-120.33799394370527125,0.00000000000000000,0
response-cascade-88200-1-0-4,88200,cascade,10.00000000000000000,39692.00000000000000000,1,-157.91105637689446439,-157.91105692989296472,-157.91905784270079494,-157.91105696491405297,-180.51877885741606633,-157.88729770801128893,0.00000000000000000,0
response-cascade-88200-127-0-4,88200,cascade,10.00000000000000000,39692.00000000000000000,127,-157.91105637689446439,-157.91105692989296472,-157.91905784270079494,-157.91105696491405297,-180.51877885741606633,-157.88729770801128893,0.00000000000000000,0
response-cascade-88200-128-0-4,88200,cascade,10.00000000000000000,39692.00000000000000000,128,-157.91105637689446439,-157.91105692989296472,-157.91905784270079494,-157.91105696491405297,-180.51877885741606633,-157.88729770801128893,0.00000000000000000,0
response-cascade-88200-255-0-4,88200,cascade,10.00000000000000000,39692.00000000000000000,255,-157.91105637689446439,-157.91105692989296472,-157.91905784270079494,-157.91105696491405297,-180.51877885741606633,-157.88729770801128893,0.00000000000000000,0
response-cascade-88200-1024-0-4,88200,cascade,10.00000000000000000,39692.00000000000000000,1024,-157.91105637689446439,-157.91105692989296472,-157.91905784270079494,-157.91105696491405297,-180.51877885741606633,-157.88729770801128893,0.00000000000000000,0
response-cascade-88200-1-1-0,88200,cascade,20.00000000000000000,4.00000000000000000,1,-16.02781536358594039,-16.02781530479653327,-16.02778531015920294,-16.02780645982916141,-127.91872960595509312,-16.02780646284312382,0.00000000000000000,0
response-cascade-88200-127-1-0,88200,cascade,20.00000000000000000,4.00000000000000000,127,-16.02781536358594039,-16.02781530479653327,-16.02778531015920294,-16.02780645982916141,-127.91872960595509312,-16.02780646284312382,0.00000000000000000,0
response-cascade-88200-128-1-0,88200,cascade,20.00000000000000000,4.00000000000000000,128,-16.02781536358594039,-16.02781530479653327,-16.02778531015920294,-16.02780645982916141,-127.91872960595509312,-16.02780646284312382,0.00000000000000000,0
response-cascade-88200-255-1-0,88200,cascade,20.00000000000000000,4.00000000000000000,255,-16.02781536358594039,-16.02781530479653327,-16.02778531015920294,-16.02780645982916141,-127.91872960595509312,-16.02780646284312382,0.00000000000000000,0
response-cascade-88200-1024-1-0,88200,cascade,20.00000000000000000,4.00000000000000000,1024,-16.02781536358594039,-16.02781530479653327,-16.02778531015920294,-16.02780645982916141,-127.91872960595509312,-16.02780646284312382,0.00000000000000000,0
response-cascade-88200-1-1-1,88200,cascade,20.00000000000000000,20.00000000000000000,1,-0.52657812595997289,-0.52657826599001334,-0.52657729819088273,-0.52657904195467964,-131.88764083813936168,-0.52657904366625818,0.00000000000000000,0
response-cascade-88200-127-1-1,88200,cascade,20.00000000000000000,20.00000000000000000,127,-0.52657812595997289,-0.52657826599001334,-0.52657729819088273,-0.52657904195467964,-131.88764083813936168,-0.52657904366625818,0.00000000000000000,0
response-cascade-88200-128-1-1,88200,cascade,20.00000000000000000,20.00000000000000000,128,-0.52657812595997289,-0.52657826599001334,-0.52657729819088273,-0.52657904195467964,-131.88764083813936168,-0.52657904366625818,0.00000000000000000,0
response-cascade-88200-255-1-1,88200,cascade,20.00000000000000000,20.00000000000000000,255,-0.52657812595997289,-0.52657826599001334,-0.52657729819088273,-0.52657904195467964,-131.88764083813936168,-0.52657904366625818,0.00000000000000000,0
response-cascade-88200-1024-1-1,88200,cascade,20.00000000000000000,20.00000000000000000,1024,-0.52657812595997289,-0.52657826599001334,-0.52657729819088273,-0.52657904195467964,-131.88764083813936168,-0.52657904366625818,0.00000000000000000,0
response-cascade-88200-1-1-2,88200,cascade,20.00000000000000000,80.00000000000000000,1,-12.30558255179355243,-12.30558300896543145,-12.30558810591050722,-12.30558304871710718,-143.22428632800605897,-12.30558305042859146,0.00000000000000000,0
response-cascade-88200-127-1-2,88200,cascade,20.00000000000000000,80.00000000000000000,127,-12.30558255179355243,-12.30558300896543145,-12.30558810591050722,-12.30558304871710718,-143.22428632800605897,-12.30558305042859146,0.00000000000000000,0
response-cascade-88200-128-1-2,88200,cascade,20.00000000000000000,80.00000000000000000,128,-12.30558255179355243,-12.30558300896543145,-12.30558810591050722,-12.30558304871710718,-143.22428632800605897,-12.30558305042859146,0.00000000000000000,0
response-cascade-88200-255-1-2,88200,cascade,20.00000000000000000,80.00000000000000000,255,-12.30558255179355243,-12.30558300896543145,-12.30558810591050722,-12.30558304871710718,-143.22428632800605897,-12.30558305042859146,0.00000000000000000,0
response-cascade-88200-1024-1-2,88200,cascade,20.00000000000000000,80.00000000000000000,1024,-12.30558255179355243,-12.30558300896543145,-12.30558810591050722,-12.30558304871710718,-143.22428632800605897,-12.30558305042859146,0.00000000000000000,0
response-cascade-88200-1-1-3,88200,cascade,20.00000000000000000,17640.00000000000000000,1,-108.30077871835409553,-108.30077923695755260,-108.30025493941616332,-108.30078019863745453,-169.34804680399324184,-108.30037680276612377,0.00000000000000000,0
response-cascade-88200-127-1-3,88200,cascade,20.00000000000000000,17640.00000000000000000,127,-108.30077871835409553,-108.30077923695755260,-108.30025493941616332,-108.30078019863745453,-169.34804680399324184,-108.30037680276612377,0.00000000000000000,0
response-cascade-88200-128-1-3,88200,cascade,20.00000000000000000,17640.00000000000000000,128,-108.30077871835409553,-108.30077923695755260,-108.30025493941616332,-108.30078019863745453,-169.34804680399324184,-108.30037680276612377,0.00000000000000000,0
response-cascade-88200-255-1-3,88200,cascade,20.00000000000000000,17640.00000000000000000,255,-108.30077871835409553,-108.30077923695755260,-108.30025493941616332,-108.30078019863745453,-169.34804680399324184,-108.30037680276612377,0.00000000000000000,0
response-cascade-88200-1024-1-3,88200,cascade,20.00000000000000000,17640.00000000000000000,1024,-108.30077871835409553,-108.30077923695755260,-108.30025493941616332,-108.30078019863745453,-169.34804680399324184,-108.30037680276612377,0.00000000000000000,0
response-cascade-88200-1-1-4,88200,cascade,20.00000000000000000,39692.00000000000000000,1,-145.86984773449091790,-145.86984825309386338,-145.82170536407295458,-145.86984820620224923,-173.08000612466290136,-145.86159734223889473,0.00000000000000000,0
response-cascade-88200-127-1-4,88200,cascade,20.00000000000000000,39692.00000000000000000,127,-145.86984773449091790,-145.86984825309386338,-145.82170536407295458,-145.86984820620224923,-173.08000612466290136,-145.86159734223889473,0.00000000000000000,0
response-cascade-88200-128-1-4,88200,cascade,20.00000000000000000,39692.00000000000000000,128,-145.86984773449091790,-145.86984825309386338,-145.82170536407295458,-145.86984820620224923,-173.08000612466290136,-145.86159734223889473,0.00000000000000000,0
response-cascade-88200-255-1-4,88200,cascade,20.00000000000000000,39692.00000000000000000,255,-145.86984773449091790,-145.86984825309386338,-145.82170536407295458,-145.86984820620224923,-173.08000612466290136,-145.86159734223889473,0.00000000000000000,0
response-cascade-88200-1024-1-4,88200,cascade,20.00000000000000000,39692.00000000000000000,1024,-145.86984773449091790,-145.86984825309386338,-145.82170536407295458,-145.86984820620224923,-173.08000612466290136,-145.86159734223889473,0.00000000000000000,0
response-cascade-88200-1-2-0,88200,cascade,100.00000000000000000,24.00000000000000000,1,-12.97589513025248209,-12.97589547308057867,-12.97589738876377119,-12.97589680993545969,-132.87553753440025162,-12.97589681124140348,0.00000000000000000,4
response-cascade-88200-127-2-0,88200,cascade,100.00000000000000000,24.00000000000000000,127,-12.97589513025248209,-12.97589547308057867,-12.97589738876377119,-12.97589680993545969,-132.87553753440025162,-12.97589681124140348,0.00000000000000000,4
response-cascade-88200-128-2-0,88200,cascade,100.00000000000000000,24.00000000000000000,128,-12.97589513025248209,-12.97589547308057867,-12.97589738876377119,-12.97589680993545969,-132.87553753440025162,-12.97589681124140348,0.00000000000000000,4
response-cascade-88200-255-2-0,88200,cascade,100.00000000000000000,24.00000000000000000,255,-12.97589513025248209,-12.97589547308057867,-12.97589738876377119,-12.97589680993545969,-132.87553753440025162,-12.97589681124140348,0.00000000000000000,4
response-cascade-88200-1024-2-0,88200,cascade,100.00000000000000000,24.00000000000000000,1024,-12.97589513025248209,-12.97589547308057867,-12.97589738876377119,-12.97589680993545969,-132.87553753440025162,-12.97589681124140348,0.00000000000000000,4
response-cascade-88200-1-2-1,88200,cascade,100.00000000000000000,100.00000000000000000,1,-0.52656256889015429,-0.52656218538305866,-0.52656147655184582,-0.52656261970156171,-142.20097362616075998,-0.52656263302367479,0.00000000000000000,4
response-cascade-88200-127-2-1,88200,cascade,100.00000000000000000,100.00000000000000000,127,-0.52656256889015429,-0.52656218538305866,-0.52656147655184582,-0.52656261970156171,-142.20097362616075998,-0.52656263302367479,0.00000000000000000,4
response-cascade-88200-128-2-1,88200,cascade,100.00000000000000000,100.00000000000000000,128,-0.52656256889015429,-0.52656218538305866,-0.52656147655184582,-0.52656261970156171,-142.20097362616075998,-0.52656263302367479,0.00000000000000000,4
response-cascade-88200-255-2-1,88200,cascade,100.00000000000000000,100.00000000000000000,255,-0.52656256889015429,-0.52656218538305866,-0.52656147655184582,-0.52656261970156171,-142.20097362616075998,-0.52656263302367479,0.00000000000000000,4
response-cascade-88200-1024-2-1,88200,cascade,100.00000000000000000,100.00000000000000000,1024,-0.52656256889015429,-0.52656218538305866,-0.52656147655184582,-0.52656261970156171,-142.20097362616075998,-0.52656263302367479,0.00000000000000000,4
response-cascade-88200-1-2-2,88200,cascade,100.00000000000000000,400.00000000000000000,1,-12.30637887749199422,-12.30637822737555709,-12.30637490237982590,-12.30637808767850672,-140.84551519355147775,-12.30637810099965357,0.00000000000000000,4
response-cascade-88200-127-2-2,88200,cascade,100.00000000000000000,400.00000000000000000,127,-12.30637887749199422,-12.30637822737555709,-12.30637490237982590,-12.30637808767850672,-140.84551519355147775,-12.30637810099965357,0.00000000000000000,4
response-cascade-88200-128-2-2,88200,cascade,100.00000000000000000,400.00000000000000000,128,-12.30637887749199422,-12.30637822737555709,-12.30637490237982590,-12.30637808767850672,-140.84551519355147775,-12.30637810099965357,0.00000000000000000,4
response-cascade-88200-255-2-2,88200,cascade,100.00000000000000000,400.00000000000000000,255,-12.30637887749199422,-12.30637822737555709,-12.30637490237982590,-12.30637808767850672,-140.84551519355147775,-12.30637810099965357,0.00000000000000000,4
response-cascade-88200-1024-2-2,88200,cascade,100.00000000000000000,400.00000000000000000,1024,-12.30637887749199422,-12.30637822737555709,-12.30637490237982590,-12.30637808767850672,-140.84551519355147775,-12.30637810099965357,0.00000000000000000,4
response-cascade-88200-1-2-3,88200,cascade,100.00000000000000000,17640.00000000000000000,1,-80.34169647265207459,-80.34169606931405383,-80.34172834040914779,-80.34169588695972664,-158.00039162134856952,-80.34169570331388854,0.00000000000000000,4
response-cascade-88200-127-2-3,88200,cascade,100.00000000000000000,17640.00000000000000000,127,-80.34169647265207459,-80.34169606931405383,-80.34172834040914779,-80.34169588695972664,-158.00039162134856952,-80.34169570331388854,0.00000000000000000,4
response-cascade-88200-128-2-3,88200,cascade,100.00000000000000000,17640.00000000000000000,128,-80.34169647265207459,-80.34169606931405383,-80.34172834040914779,-80.34169588695972664,-158.00039162134856952,-80.34169570331388854,0.00000000000000000,4
response-cascade-88200-255-2-3,88200,cascade,100.00000000000000000,17640.00000000000000000,255,-80.34169647265207459,-80.34169606931405383,-80.34172834040914779,-80.34169588695972664,-158.00039162134856952,-80.34169570331388854,0.00000000000000000,4
response-cascade-88200-1024-2-3,88200,cascade,100.00000000000000000,17640.00000000000000000,1024,-80.34169647265207459,-80.34169606931405383,-80.34172834040914779,-80.34169588695972664,-158.00039162134856952,-80.34169570331388854,0.00000000000000000,4
response-cascade-88200-1-2-4,88200,cascade,100.00000000000000000,39692.00000000000000000,1,-117.91076544856016994,-117.91076504533049274,-117.89079298550862518,-117.91076516746004188,-168.75732373722158286,-117.91072943266559037,0.00000000000000000,4
response-cascade-88200-127-2-4,88200,cascade,100.00000000000000000,39692.00000000000000000,127,-117.91076544856016994,-117.91076504533049274,-117.89079298550862518,-117.91076516746004188,-168.75732373722158286,-117.91072943266559037,0.00000000000000000,4
response-cascade-88200-128-2-4,88200,cascade,100.00000000000000000,39692.00000000000000000,128,-117.91076544856016994,-117.91076504533049274,-117.89079298550862518,-117.91076516746004188,-168.75732373722158286,-117.91072943266559037,0.00000000000000000,4
response-cascade-88200-255-2-4,88200,cascade,100.00000000000000000,39692.00000000000000000,255,-117.91076544856016994,-117.91076504533049274,-117.89079298550862518,-117.91076516746004188,-168.75732373722158286,-117.91072943266559037,0.00000000000000000,4
response-cascade-88200-1024-2-4,88200,cascade,100.00000000000000000,39692.00000000000000000,1024,-117.91076544856016994,-117.91076504533049274,-117.89079298550862518,-117.91076516746004188,-168.75732373722158286,-117.91072943266559037,0.00000000000000000,4
response-cascade-88200-1-3-0,88200,cascade,1000.00000000000000000,252.00000000000000000,1,-12.17670804955184671,-12.17670880861158267,-12.17670884664256192,-12.17670779407657378,-146.63815056105380563,-12.17670781463393759,0.00000000000000000,104
response-cascade-88200-127-3-0,88200,cascade,1000.00000000000000000,252.00000000000000000,127,-12.17670804955184671,-12.17670880861158267,-12.17670884664256192,-12.17670779407657378,-146.63815056105380563,-12.17670781463393759,0.00000000000000000,104
response-cascade-88200-128-3-0,88200,cascade,1000.00000000000000000,252.00000000000000000,128,-12.17670804955184671,-12.17670880861158267,-12.17670884664256192,-12.17670779407657378,-146.63815056105380563,-12.17670781463393759,0.00000000000000000,104
response-cascade-88200-255-3-0,88200,cascade,1000.00000000000000000,252.00000000000000000,255,-12.17670804955184671,-12.17670880861158267,-12.17670884664256192,-12.17670779407657378,-146.63815056105380563,-12.17670781463393759,0.00000000000000000,104
response-cascade-88200-1024-3-0,88200,cascade,1000.00000000000000000,252.00000000000000000,1024,-12.17670804955184671,-12.17670880861158267,-12.17670884664256192,-12.17670779407657378,-146.63815056105380563,-12.17670781463393759,0.00000000000000000,104
response-cascade-88200-1-3-1,88200,cascade,1000.00000000000000000,1000.00000000000000000,1,-0.52495945624579876,-0.52495968581744923,-0.52496063518980818,-0.52495952869671103,-142.54691350885184420,-0.52495954201882211,0.00000000000000000,104
response-cascade-88200-127-3-1,88200,cascade,1000.00000000000000000,1000.00000000000000000,127,-0.52495945624579876,-0.52495968581744923,-0.52496063518980818,-0.52495952869671103,-142.54691350885184420,-0.52495954201882211,0.00000000000000000,104
response-cascade-88200-128-3-1,88200,cascade,1000.00000000000000000,1000.00000000000000000,128,-0.52495945624579876,-0.52495968581744923,-0.52496063518980818,-0.52495952869671103,-142.54691350885184420,-0.52495954201882211,0.00000000000000000,104
response-cascade-88200-255-3-1,88200,cascade,1000.00000000000000000,1000.00000000000000000,255,-0.52495945624579876,-0.52495968581744923,-0.52496063518980818,-0.52495952869671103,-142.54691350885184420,-0.52495954201882211,0.00000000000000000,104
response-cascade-88200-1024-3-1,88200,cascade,1000.00000000000000000,1000.00000000000000000,1024,-0.52495945624579876,-0.52495968581744923,-0.52496063518980818,-0.52495952869671103,-142.54691350885184420,-0.52495954201882211,0.00000000000000000,104
response-cascade-88200-1-3-2,88200,cascade,1000.00000000000000000,4000.00000000000000000,1,-12.38903863696749674,-12.38903911740494657,-12.38903879106908867,-12.38903911996485974,-148.12759063698652540,-12.38903913328687167,0.00000000000000000,104
response-cascade-88200-127-3-2,88200,cascade,1000.00000000000000000,4000.00000000000000000,127,-12.38903863696749674,-12.38903911740494657,-12.38903879106908867,-12.38903911996485974,-148.12759063698652540,-12.38903913328687167,0.00000000000000000,104
response-cascade-88200-128-3-2,88200,cascade,1000.00000000000000000,4000.00000000000000000,128,-12.38903863696749674,-12.38903911740494657,-12.38903879106908867,-12.38903911996485974,-148.12759063698652540,-12.38903913328687167,0.00000000000000000,104
response-cascade-88200-255-3-2,88200,cascade,1000.00000000000000000,4000.00000000000000000,255,-12.38903863696749674,-12.38903911740494657,-12.38903879106908867,-12.38903911996485974,-148.12759063698652540,-12.38903913328687167,0.00000000000000000,104
response-cascade-88200-1024-3-2,88200,cascade,1000.00000000000000000,4000.00000000000000000,1024,-12.38903863696749674,-12.38903911740494657,-12.38903879106908867,-12.38903911996485974,-148.12759063698652540,-12.38903913328687167,0.00000000000000000,104
response-cascade-88200-1-3-3,88200,cascade,1000.00000000000000000,17640.00000000000000000,1,-40.31297479025414532,-40.31297505979060958,-40.31297412269468339,-40.31297530741669277,-174.49722236702211831,-40.31297543023019614,0.00000000000000000,104
response-cascade-88200-127-3-3,88200,cascade,1000.00000000000000000,17640.00000000000000000,127,-40.31297479025414532,-40.31297505979060958,-40.31297412269468339,-40.31297530741669277,-174.49722236702211831,-40.31297543023019614,0.00000000000000000,104
response-cascade-88200-128-3-3,88200,cascade,1000.00000000000000000,17640.00000000000000000,128,-40.31297479025414532,-40.31297505979060958,-40.31297412269468339,-40.31297530741669277,-174.49722236702211831,-40.31297543023019614,0.00000000000000000,104
response-cascade-88200-255-3-3,88200,cascade,1000.00000000000000000,17640.00000000000000000,255,-40.31297479025414532,-40.31297505979060958,-40.31297412269468339,-40.31297530741669277,-174.49722236702211831,-40.31297543023019614,0.00000000000000000,104
response-cascade-88200-1024-3-3,88200,cascade,1000.00000000000000000,17640.00000000000000000,1024,-40.31297479025414532,-40.31297505979060958,-40.31297412269468339,-40.31297530741669277,-174.49722236702211831,-40.31297543023019614,0.00000000000000000,104
response-cascade-88200-1-3-4,88200,cascade,1000.00000000000000000,39692.00000000000000000,1,-77.88163819173304603,-77.88163845167217403,-77.88141537170839968,-77.88163848284730761,-156.66600128109473644,-77.88163842848771878,0.00000000000000000,104
response-cascade-88200-127-3-4,88200,cascade,1000.00000000000000000,39692.00000000000000000,127,-77.88163819173304603,-77.88163845167217403,-77.88141537170839968,-77.88163848284730761,-156.66600128109473644,-77.88163842848771878,0.00000000000000000,104
response-cascade-88200-128-3-4,88200,cascade,1000.00000000000000000,39692.00000000000000000,128,-77.88163819173304603,-77.88163845167217403,-77.88141537170839968,-77.88163848284730761,-156.66600128109473644,-77.88163842848771878,0.00000000000000000,104
response-cascade-88200-255-3-4,88200,cascade,1000.00000000000000000,39692.00000000000000000,255,-77.88163819173304603,-77.88163845167217403,-77.88141537170839968,-77.88163848284730761,-156.66600128109473644,-77.88163842848771878,0.00000000000000000,104
response-cascade-88200-1024-3-4,88200,cascade,1000.00000000000000000,39692.00000000000000000,1024,-77.88163819173304603,-77.88163845167217403,-77.88141537170839968,-77.88163848284730761,-156.66600128109473644,-77.88163842848771878,0.00000000000000000,104
response-cascade-88200-1-4-0,88200,cascade,8820.00000000000000000,2204.00000000000000000,1,-12.41420370602789092,-12.41420399180547740,-12.41420137929497969,-12.41420401748809077,-147.36525435727628519,-12.41420402052998817,0.00000000000000000,6
response-cascade-88200-127-4-0,88200,cascade,8820.00000000000000000,2204.00000000000000000,127,-12.41420370602789092,-12.41420399180547740,-12.41420137929497969,-12.41420401748809077,-147.36525435727628519,-12.41420402052998817,0.00000000000000000,6
response-cascade-88200-128-4-0,88200,cascade,8820.00000000000000000,2204.00000000000000000,128,-12.41420370602789092,-12.41420399180547740,-12.41420137929497969,-12.41420401748809077,-147.36525435727628519,-12.41420402052998817,0.00000000000000000,6
response-cascade-88200-255-4-0,88200,cascade,8820.00000000000000000,2204.00000000000000000,255,-12.41420370602789092,-12.41420399180547740,-12.41420137929497969,-12.41420401748809077,-147.36525435727628519,-12.41420402052998817,0.00000000000000000,6
response-cascade-88200-1024-4-0,88200,cascade,8820.00000000000000000,2204.00000000000000000,1024,-12.41420370602789092,-12.41420399180547740,-12.41420137929497969,-12.41420401748809077,-147.36525435727628519,-12.41420402052998817,0.00000000000000000,6
response-cascade-88200-1-4-1,88200,cascade,8820.00000000000000000,8820.00000000000000000,1,-0.40886666387429438,-0.40886625655662201,-0.40886646706159407,-0.40886598224623710,-150.93762160398813421,-0.40886610506556836,0.00000000000000000,6
response-cascade-88200-127-4-1,88200,cascade,8820.00000000000000000,8820.00000000000000000,127,-0.40886666387429438,-0.40886625655662201,-0.40886646706159407,-0.40886598224623710,-150.93762160398813421,-0.40886610506556836,0.00000000000000000,6
response-cascade-88200-128-4-1,88200,cascade,8820.00000000000000000,8820.00000000000000000,128,-0.40886666387429438,-0.40886625655662201,-0.40886646706159407,-0.40886598224623710,-150.93762160398813421,-0.40886610506556836,0.00000000000000000,6
response-cascade-88200-255-4-1,88200,cascade,8820.00000000000000000,8820.00000000000000000,255,-0.40886666387429438,-0.40886625655662201,-0.40886646706159407,-0.40886598224623710,-150.93762160398813421,-0.40886610506556836,0.00000000000000000,6
response-cascade-88200-1024-4-1,88200,cascade,8820.00000000000000000,8820.00000000000000000,1024,-0.40886666387429438,-0.40886625655662201,-0.40886646706159407,-0.40886598224623710,-150.93762160398813421,-0.40886610506556836,0.00000000000000000,6
response-cascade-88200-1-4-2,88200,cascade,8820.00000000000000000,17640.00000000000000000,1,-3.02009711787597634,-3.02009686839220759,-3.02009685587061716,-3.02009649316800655,-166.52045261430859568,-3.02009661598746870,0.00000000000000000,6
response-cascade-88200-127-4-2,88200,cascade,8820.00000000000000000,17640.00000000000000000,127,-3.02009711787597634,-3.02009686839220759,-3.02009685587061716,-3.02009649316800655,-166.52045261430859568,-3.02009661598746870,0.00000000000000000,6
response-cascade-88200-128-4-2,88200,cascade,8820.00000000000000000,17640.00000000000000000,128,-3.02009711787597634,-3.02009686839220759,-3.02009685587061716,-3.02009649316800655,-166.52045261430859568,-3.02009661598746870,0.00000000000000000,6
response-cascade-88200-255-4-2,88200,cascade,8820.00000000000000000,17640.00000000000000000,255,-3.02009711787597634,-3.02009686839220759,-3.02009685587061716,-3.02009649316800655,-166.52045261430859568,-3.02009661598746870,0.00000000000000000,6
response-cascade-88200-1024-4-2,88200,cascade,8820.00000000000000000,17640.00000000000000000,1024,-3.02009711787597634,-3.02009686839220759,-3.02009685587061716,-3.02009649316800655,-166.52045261430859568,-3.02009661598746870,0.00000000000000000,6
response-cascade-88200-1-4-3,88200,cascade,8820.00000000000000000,35280.00000000000000000,1,-25.09201392652979479,-25.09201414728712365,-25.09201803828074873,-25.09201418741145773,-147.40282922812755828,-25.09201431022836459,0.00000000000000000,6
response-cascade-88200-127-4-3,88200,cascade,8820.00000000000000000,35280.00000000000000000,127,-25.09201392652979479,-25.09201414728712365,-25.09201803828074873,-25.09201418741145773,-147.40282922812755828,-25.09201431022836459,0.00000000000000000,6
response-cascade-88200-128-4-3,88200,cascade,8820.00000000000000000,35280.00000000000000000,128,-25.09201392652979479,-25.09201414728712365,-25.09201803828074873,-25.09201418741145773,-147.40282922812755828,-25.09201431022836459,0.00000000000000000,6
response-cascade-88200-255-4-3,88200,cascade,8820.00000000000000000,35280.00000000000000000,255,-25.09201392652979479,-25.09201414728712365,-25.09201803828074873,-25.09201418741145773,-147.40282922812755828,-25.09201431022836459,0.00000000000000000,6
response-cascade-88200-1024-4-3,88200,cascade,8820.00000000000000000,35280.00000000000000000,1024,-25.09201392652979479,-25.09201414728712365,-25.09201803828074873,-25.09201418741145773,-147.40282922812755828,-25.09201431022836459,0.00000000000000000,6
response-cascade-88200-1-4-4,88200,cascade,8820.00000000000000000,39692.00000000000000000,1,-37.56983077803300830,-37.56983102883807391,-37.56984419803110598,-37.56983102752694492,-146.47290632010654576,-37.56983103057076079,0.00000000000000000,6
response-cascade-88200-127-4-4,88200,cascade,8820.00000000000000000,39692.00000000000000000,127,-37.56983077803300830,-37.56983102883807391,-37.56984419803110598,-37.56983102752694492,-146.47290632010654576,-37.56983103057076079,0.00000000000000000,6
response-cascade-88200-128-4-4,88200,cascade,8820.00000000000000000,39692.00000000000000000,128,-37.56983077803300830,-37.56983102883807391,-37.56984419803110598,-37.56983102752694492,-146.47290632010654576,-37.56983103057076079,0.00000000000000000,6
response-cascade-88200-255-4-4,88200,cascade,8820.00000000000000000,39692.00000000000000000,255,-37.56983077803300830,-37.56983102883807391,-37.56984419803110598,-37.56983102752694492,-146.47290632010654576,-37.56983103057076079,0.00000000000000000,6
response-cascade-88200-1024-4-4,88200,cascade,8820.00000000000000000,39692.00000000000000000,1024,-37.56983077803300830,-37.56983102883807391,-37.56984419803110598,-37.56983102752694492,-146.47290632010654576,-37.56983103057076079,0.00000000000000000,6
response-cascade-88200-1-5-0,88200,cascade,39690.00000000000000000,9924.00000000000000000,1,-14.72854898690846248,-14.72854960897516818,-14.72855029264316151,-14.72854952233510062,-145.54366254395796432,-14.72854952364506786,0.00000000000000000,4
response-cascade-88200-127-5-0,88200,cascade,39690.00000000000000000,9924.00000000000000000,127,-14.72854898690846248,-14.72854960897516818,-14.72855029264316151,-14.72854952233510062,-145.54366254395796432,-14.72854952364506786,0.00000000000000000,4
response-cascade-88200-128-5-0,88200,cascade,39690.00000000000000000,9924.00000000000000000,128,-14.72854898690846248,-14.72854960897516818,-14.72855029264316151,-14.72854952233510062,-145.54366254395796432,-14.72854952364506786,0.00000000000000000,4
response-cascade-88200-255-5-0,88200,cascade,39690.00000000000000000,9924.00000000000000000,255,-14.72854898690846248,-14.72854960897516818,-14.72855029264316151,-14.72854952233510062,-145.54366254395796432,-14.72854952364506786,0.00000000000000000,4
response-cascade-88200-1024-5-0,88200,cascade,39690.00000000000000000,9924.00000000000000000,1024,-14.72854898690846248,-14.72854960897516818,-14.72855029264316151,-14.72854952233510062,-145.54366254395796432,-14.72854952364506786,0.00000000000000000,4
response-cascade-88200-1-5-1,88200,cascade,39690.00000000000000000,17640.00000000000000000,1,-4.63843859665104041,-4.63843890851069141,-4.63843808174334349,-4.63843801829649571,-143.22157369488019185,-4.63843814111591168,0.00000000000000000,4
response-cascade-88200-127-5-1,88200,cascade,39690.00000000000000000,17640.00000000000000000,127,-4.63843859665104041,-4.63843890851069141,-4.63843808174334349,-4.63843801829649571,-143.22157369488019185,-4.63843814111591168,0.00000000000000000,4
response-cascade-88200-128-5-1,88200,cascade,39690.00000000000000000,17640.00000000000000000,128,-4.63843859665104041,-4.63843890851069141,-4.63843808174334349,-4.63843801829649571,-143.22157369488019185,-4.63843814111591168,0.00000000000000000,4
response-cascade-88200-255-5-1,88200,cascade,39690.00000000000000000,17640.00000000000000000,255,-4.63843859665104041,-4.63843890851069141,-4.63843808174334349,-4.63843801829649571,-143.22157369488019185,-4.63843814111591168,0.00000000000000000,4
response-cascade-88200-1024-5-1,88200,cascade,39690.00000000000000000,17640.00000000000000000,1024,-4.63843859665104041,-4.63843890851069141,-4.63843808174334349,-4.63843801829649571,-143.22157369488019185,-4.63843814111591168,0.00000000000000000,4
response-cascade-88200-1-5-2,88200,cascade,39690.00000000000000000,39692.00000000000000000,1,-0.25892604524274743,-0.25892639738927542,-0.25892589627665241,-0.25892638998601913,-130.66995161763964006,-0.25892639308424037,0.00000000000000000,4
response-cascade-88200-127-5-2,88200,cascade,39690.00000000000000000,39692.00000000000000000,127,-0.25892604524274743,-0.25892639738927542,-0.25892589627665241,-0.25892638998601913,-130.66995161763964006,-0.25892639308424037,0.00000000000000000,4
response-cascade-88200-128-5-2,88200,cascade,39690.00000000000000000,39692.00000000000000000,128,-0.25892604524274743,-0.25892639738927542,-0.25892589627665241,-0.25892638998601913,-130.66995161763964006,-0.25892639308424037,0.00000000000000000,4
response-cascade-88200-255-5-2,88200,cascade,39690.00000000000000000,39692.00000000000000000,255,-0.25892604524274743,-0.25892639738927542,-0.25892589627665241,-0.25892638998601913,-130.66995161763964006,-0.25892639308424037,0.00000000000000000,4
response-cascade-88200-1024-5-2,88200,cascade,39690.00000000000000000,39692.00000000000000000,1024,-0.25892604524274743,-0.25892639738927542,-0.25892589627665241,-0.25892638998601913,-130.66995161763964006,-0.25892639308424037,0.00000000000000000,4
response-cascade-88200-1-5-3,88200,cascade,39690.00000000000000000,44096.00000000000000000,1,-109.68971478455515012,-109.68971029198621636,-109.74981030386237535,-109.68968191639453380,-137.45905527230786447,-109.68226169882919407,0.00000000000000000,4
response-cascade-88200-127-5-3,88200,cascade,39690.00000000000000000,44096.00000000000000000,127,-109.68971478455515012,-109.68971029198621636,-109.74981030386237535,-109.68968191639453380,-137.45905527230786447,-109.68226169882919407,0.00000000000000000,4
response-cascade-88200-128-5-3,88200,cascade,39690.00000000000000000,44096.00000000000000000,128,-109.68971478455515012,-109.68971029198621636,-109.74981030386237535,-109.68968191639453380,-137.45905527230786447,-109.68226169882919407,0.00000000000000000,4
response-cascade-88200-255-5-3,88200,cascade,39690.00000000000000000,44096.00000000000000000,255,-109.68971478455515012,-109.68971029198621636,-109.74981030386237535,-109.68968191639453380,-137.45905527230786447,-109.68226169882919407,0.00000000000000000,4
response-cascade-88200-1024-5-3,88200,cascade,39690.00000000000000000,44096.00000000000000000,1024,-109.68971478455515012,-109.68971029198621636,-109.74981030386237535,-109.68968191639453380,-137.45905527230786447,-109.68226169882919407,0.00000000000000000,4
response-high_pass-96000-1-0-0,96000,high_pass,10.00000000000000000,4.00000000000000000,1,-16.02738097676129669,-16.02738107687660829,-16.02735460865620354,-16.02739056499757098,-126.89744335643996465,-16.02739056596789524,0.00000000000000000,0
response-high_pass-96000-127-0-0,96000,high_pass,10.00000000000000000,4.00000000000000000,127,-16.02738097676129669,-16.02738107687660829,-16.02735460865620354,-16.02739056499757098,-126.89744335643996465,-16.02739056596789524,0.00000000000000000,0
response-high_pass-96000-128-0-0,96000,high_pass,10.00000000000000000,4.00000000000000000,128,-16.02738097676129669,-16.02738107687660829,-16.02735460865620354,-16.02739056499757098,-126.89744335643996465,-16.02739056596789524,0.00000000000000000,0
response-high_pass-96000-255-0-0,96000,high_pass,10.00000000000000000,4.00000000000000000,255,-16.02738097676129669,-16.02738107687660829,-16.02735460865620354,-16.02739056499757098,-126.89744335643996465,-16.02739056596789524,0.00000000000000000,0
response-high_pass-96000-1024-0-0,96000,high_pass,10.00000000000000000,4.00000000000000000,1024,-16.02738097676129669,-16.02738107687660829,-16.02735460865620354,-16.02739056499757098,-126.89744335643996465,-16.02739056596789524,0.00000000000000000,0
response-high_pass-96000-1-0-1,96000,high_pass,10.00000000000000000,12.00000000000000000,1,-1.70922354414708955,-1.70922333962619133,-1.70921771921442778,-1.70922826989554388,-129.29955876304981643,-1.70922827261052124,0.00000000000000000,0
response-high_pass-96000-127-0-1,96000,high_pass,10.00000000000000000,12.00000000000000000,127,-1.70922354414708955,-1.70922333962619133,-1.70921771921442778,-1.70922826989554388,-129.29955876304981643,-1.70922827261052124,0.00000000000000000,0
response-high_pass-96000-128-0-1,96000,high_pass,10.00000000000000000,12.00000000000000000,128,-1.70922354414708955,-1.70922333962619133,-1.70921771921442778,-1.70922826989554388,-129.29955876304981643,-1.70922827261052124,0.00000000000000000,0
response-high_pass-96000-255-0-1,96000,high_pass,10.00000000000000000,12.00000000000000000,255,-1.70922354414708955,-1.70922333962619133,-1.70921771921442778,-1.70922826989554388,-129.29955876304981643,-1.70922827261052124,0.00000000000000000,0
response-high_pass-96000-1024-0-1,96000,high_pass,10.00000000000000000,12.00000000000000000,1024,-1.70922354414708955,-1.70922333962619133,-1.70921771921442778,-1.70922826989554388,-129.29955876304981643,-1.70922827261052124,0.00000000000000000,0
response-high_pass-96000-1-0-2,96000,high_pass,10.00000000000000000,40.00000000000000000,1,-0.01693154413408546,-0.01693150912468316,-0.01693051960456427,-0.01693013480792390,-143.97390801760712975,-0.01693012296319289,0.00000000000000000,0
response-high_pass-96000-127-0-2,96000,high_pass,10.00000000000000000,40.00000000000000000,127,-0.01693154413408546,-0.01693150912468316,-0.01693051960456427,-0.01693013480792390,-143.97390801760712975,-0.01693012296319289,0.00000000000000000,0
response-high_pass-96000-128-0-2,96000,high_pass,10.00000000000000000,40.00000000000000000,128,-0.01693154413408546,-0.01693150912468316,-0.01693051960456427,-0.01693013480792390,-143.97390801760712975,-0.01693012296319289,0.00000000000000000,0
response-high_pass-96000-255-0-2,96000,high_pass,10.00000000000000000,40.00000000000000000,255,-0.01693154413408546,-0.01693150912468316,-0.01693051960456427,-0.01693013480792390,-143.97390801760712975,-0.01693012296319289,0.00000000000000000,0
response-high_pass-96000-1024-0-2,96000,high_pass,10.00000000000000000,40.00000000000000000,1024,-0.01693154413408546,-0.01693150912468316,-0.01693051960456427,-0.01693013480792390,-143.97390801760712975,-0.01693012296319289,0.00000000000000000,0
response-high_pass-96000-1-0-3,96000,high_pass,10.00000000000000000,19200.00000000000000000,1,-0.00000000000017840,-0.00000000000006268,-0.00000015177043375,0.00000021651736330,-151.32605516058367812,0.00000009369790574,0.00000000000000000,0
response-high_pass-96000-127-0-3,96000,high_pass,10.00000000000000000,19200.00000000000000000,127,-0.00000000000017840,-0.00000000000006268,-0.00000015177043375,0.00000021651736330,-151.32605516058367812,0.00000009369790574,0.00000000000000000,0
response-high_pass-96000-128-0-3,96000,high_pass,10.00000000000000000,19200.00000000000000000,128,-0.00000000000017840,-0.00000000000006268,-0.00000015177043375,0.00000021651736330,-151.32605516058367812,0.00000009369790574,0.00000000000000000,0
response-high_pass-96000-255-0-3,96000,high_pass,10.00000000000000000,19200.00000000000000000,255,-0.00000000000017840,-0.00000000000006268,-0.00000015177043375,0.00000021651736330,-151.32605516058367812,0.00000009369790574,0.00000000000000000,0
response-high_pass-96000-1024-0-3,96000,high_pass,10.00000000000000000,19200.00000000000000000,1024,-0.00000000000017840,-0.00000000000006268,-0.00000015177043375,0.00000021651736330,-151.32605516058367812,0.00000009369790574,0.00000000000000000,0
response-high_pass-96000-1-0-4,96000,high_pass,10.00000000000000000,43200.00000000000000000,1,0.00000000000000000,0.00000000000000193,-0.00000015768220385,0.00000011662737731,-156.09974025781653495,0.00000002333392618,0.00000000000000000,0
response-high_pass-96000-127-0-4,96000,high_pass,10.00000000000000000,43200.00000000000000000,127,0.00000000000000000,0.00000000000000193,-0.00000015768220385,0.00000011662737731,-156.09974025781653495,0.00000002333392618,0.00000000000000000,0
response-high_pass-96000-128-0-4,96000,high_pass,10.00000000000000000,43200.00000000000000000,128,0.00000000000000000,0.00000000000000193,-0.00000015768220385,0.00000011662737731,-156.09974025781653495,0.00000002333392618,0.00000000000000000,0
response-high_pass-96000-255-0-4,96000,high_pass,10.00000000000000000,43200.00000000000000000,255,0.00000000000000000,0.00000000000000193,-0.00000015768220385,0.00000011662737731,-156.09974025781653495,0.00000002333392618,0.00000000000000000,0
response-high_pass-96000-1024-0-4,96000,high_pass,10.00000000000000000,43200.00000000000000000,1024,0.00000000000000000,0.00000000000000193,-0.00000015768220385,0.00000011662737731,-156.09974025781653495,0.00000002333392618,0.00000000000000000,0
response-high_pass-96000-1-1-0,96000,high_pass,20.00000000000000000,4.00000000000000000,1,-27.96574569814623601,-27.96574588490274849,-27.96574079160899373,-27.96574679840242439,-130.40236448609090303,-27.96574679916045625,0.00000000000000000,2
response-high_pass-96000-127-1-0,96000,high_pass,20.00000000000000000,4.00000000000000000,127,-27.96574569814623601,-27.96574588490274849,-27.96574079160899373,-27.96574679840242439,-130.40236448609090303,-27.96574679916045625,0.00000000000000000,2
response-high_pass-96000-128-1-0,96000,high_pass,20.00000000000000000,4.00000000000000000,128,-27.96574569814623601,-27.96574588490274849,-27.96574079160899373,-27.96574679840242439,-130.40236448609090303,-27.96574679916045625,0.00000000000000000,2
response-high_pass-96000-255-1-0,96000,high_pass,20.00000000000000000,4.00000000000000000,255,-27.96574569814623601,-27.96574588490274849,-27.96574079160899373,-27.96574679840242439,-130.40236448609090303,-27.96574679916045625,0.00000000000000000,2
response-high_pass-96000-1024-1-0,96000,high_pass,20.00000000000000000,4.00000000000000000,1024,-27.96574569814623601,-27.96574588490274849,-27.96574079160899373,-27.96574679840242439,-130.40236448609090303,-27.96574679916045625,0.00000000000000000,2
response-high_pass-96000-1-1-1,96000,high_pass,20.00000000000000000,20.00000000000000000,1,-3.01029995702377384,-3.01029974084570151,-3.01030199336437443,-3.01030543899258829,-133.63128009866744605,-3.01030543262403771,0.00000000000000000,2
response-high_pass-96000-127-1-1,96000,high_pass,20.00000000000000000,20.00000000000000000,127,-3.01029995702377384,-3.01029974084570151,-3.01030199336437443,-3.01030543899258829,-133.63128009866744605,-3.01030543262403771,0.00000000000000000,2
response-high_pass-96000-128-1-1,96000,high_pass,20.00000000000000000,20.00000000000000000,128,-3.01029995702377384,-3.01029974084570151,-3.01030199336437443,-3.01030543899258829,-133.63128009866744605,-3.01030543262403771,0.00000000000000000,2
response-high_pass-96000-255-1-1,96000,high_pass,20.00000000000000000,20.00000000000000000,255,-3.01029995702377384,-3.01029974084570151,-3.01030199336437443,-3.01030543899258829,-133.63128009866744605,-3.01030543262403771,0.00000000000000000,2
response-high_pass-96000-1024-1-1,96000,high_pass,20.00000000000000000,20.00000000000000000,1024,-3.01029995702377384,-3.01029974084570151,-3.01030199336437443,-3.01030543899258829,-133.63128009866744605,-3.01030543262403771,0.00000000000000000,2
response-high_pass-96000-1-1-2,96000,high_pass,20.00000000000000000,80.00000000000000000,1,-0.01693143539996286,-0.01693139682362052,-0.01693129257402478,-0.01693276629684320,-143.38704195886182902,-0.01693274875737488,0.00000000000000000,2
response-high_pass-96000-127-1-2,96000,high_pass,20.00000000000000000,80.00000000000000000,127,-0.01693143539996286,-0.01693139682362052,-0.01693129257402478,-0.01693276629684320,-143.38704195886182902,-0.01693274875737488,0.00000000000000000,2
response-high_pass-96000-128-1-2,96000,high_pass,20.00000000000000000,80.00000000000000000,128,-0.01693143539996286,-0.01693139682362052,-0.01693129257402478,-0.01693276629684320,-143.38704195886182902,-0.01693274875737488,0.00000000000000000,2
response-high_pass-96000-255-1-2,96000,high_pass,20.00000000000000000,80.00000000000000000,255,-0.01693143539996286,-0.01693139682362052,-0.01693129257402478,-0.01693276629684320,-143.38704195886182902,-0.01693274875737488,0.00000000000000000,2
response-high_pass-96000-1024-1-2,96000,high_pass,20.00000000000000000,80.00000000000000000,1024,-0.01693143539996286,-0.01693139682362052,-0.01693129257402478,-0.01693276629684320,-143.38704195886182902,-0.01693274875737488,0.00000000000000000,2
response-high_pass-96000-1-1-3,96000,high_pass,20.00000000000000000,19200.00000000000000000,1,-0.00000000000285923,-0.00000000000234621,-0.00000008668765005,0.00000010328855888,-153.87139719270265914,-0.00000001952996779,0.00000000000000000,2
response-high_pass-96000-127-1-3,96000,high_pass,20.00000000000000000,19200.00000000000000000,127,-0.00000000000285923,-0.00000000000234621,-0.00000008668765005,0.00000010328855888,-153.87139719270265914,-0.00000001952996779,0.00000000000000000,2
response-high_pass-96000-128-1-3,96000,high_pass,20.00000000000000000,19200.00000000000000000,128,-0.00000000000285923,-0.00000000000234621,-0.00000008668765005,0.00000010328855888,-153.87139719270265914,-0.00000001952996779,0.00000000000000000,2
response-high_pass-96000-255-1-3,96000,high_pass,20.00000000000000000,19200.00000000000000000,255,-0.00000000000285923,-0.00000000000234621,-0.00000008668765005,0.00000010328855888,-153.87139719270265914,-0.00000001952996779,0.00000000000000000,2
response-high_pass-96000-1024-1-3,96000,high_pass,20.00000000000000000,19200.00000000000000000,1024,-0.00000000000285923,-0.00000000000234621,-0.00000008668765005,0.00000010328855888,-153.87139719270265914,-0.00000001952996779,0.00000000000000000,2
response-high_pass-96000-1-1-4,96000,high_pass,20.00000000000000000,43200.00000000000000000,1,0.00000000000000000,0.00000000000000579,-0.00000010678584510,0.00000008686513847,-152.52244933977110009,-0.00000000642719821,0.00000000000000000,2
response-high_pass-96000-127-1-4,96000,high_pass,20.00000000000000000,43200.00000000000000000,127,0.00000000000000000,0.00000000000000579,-0.00000010678584510,0.00000008686513847,-152.52244933977110009,-0.00000000642719821,0.00000000000000000,2
response-high_pass-96000-128-1-4,96000,high_pass,20.00000000000000000,43200.00000000000000000,128,0.00000000000000000,0.00000000000000579,-0.00000010678584510,0.00000008686513847,-152.52244933977110009,-0.00000000642719821,0.00000000000000000,2
response-high_pass-96000-255-1-4,96000,high_pass,20.00000000000000000,43200.00000000000000000,255,0.00000000000000000,0.00000000000000579,-0.00000010678584510,0.00000008686513847,-152.52244933977110009,-0.00000000642719821,0.00000000000000000,2
response-high_pass-96000-1024-1-4,96000,high_pass,20.00000000000000000,43200.00000000000000000,1024,0.00000000000000000,0.00000000000000579,-0.00000010678584510,0.00000008686513847,-152.52244933977110009,-0.00000000642719821,0.00000000000000000,2
response-high_pass-96000-1-2-0,96000,high_pass,100.00000000000000000,24.00000000000000000,1,-24.80599357789306936,-24.80599349298747569,-24.80599861755935365,-24.80599271801101224,-134.81140765095040024,-24.80599271429347397,0.00000000000000000,2
response-high_pass-96000-127-2-0,96000,high_pass,100.00000000000000000,24.00000000000000000,127,-24.80599357789306936,-24.80599349298747569,-24.80599861755935365,-24.80599271801101224,-134.81140765095040024,-24.80599271429347397,0.00000000000000000,2
response-high_pass-96000-128-2-0,96000,high_pass,100.00000000000000000,24.00000000000000000,128,-24.80599357789306936,-24.80599349298747569,-24.80599861755935365,-24.80599271801101224,-134.81140765095040024,-24.80599271429347397,0.00000000000000000,2
response-high_pass-96000-255-2-0,96000,high_pass,100.00000000000000000,24.00000000000000000,255,-24.80599357789306936,-24.80599349298747569,-24.80599861755935365,-24.80599271801101224,-134.81140765095040024,-24.80599271429347397,0.00000000000000000,2
response-high_pass-96000-1024-2-0,96000,high_pass,100.00000000000000000,24.00000000000000000,1024,-24.80599357789306936,-24.80599349298747569,-24.80599861755935365,-24.80599271801101224,-134.81140765095040024,-24.80599271429347397,0.00000000000000000,2
response-high_pass-96000-1-2-1,96000,high_pass,100.00000000000000000,100.00000000000000000,1,-3.01029995662316363,-3.01030030164828277,-3.01030433694702770,-3.01030363655085464,-136.68962004171427793,-3.01030361680979386,0.00000000000000000,2
response-high_pass-96000-127-2-1,96000,high_pass,100.00000000000000000,100.00000000000000000,127,-3.01029995662316363,-3.01030030164828277,-3.01030433694702770,-3.01030363655085464,-136.68962004171427793,-3.01030361680979386,0.00000000000000000,2
response-high_pass-96000-128-2-1,96000,high_pass,100.00000000000000000,100.00000000000000000,128,-3.01029995662316363,-3.01030030164828277,-3.01030433694702770,-3.01030363655085464,-136.68962004171427793,-3.01030361680979386,0.00000000000000000,2
response-high_pass-96000-255-2-1,96000,high_pass,100.00000000000000000,100.00000000000000000,255,-3.01029995662316363,-3.01030030164828277,-3.01030433694702770,-3.01030363655085464,-136.68962004171427793,-3.01030361680979386,0.00000000000000000,2
response-high_pass-96000-1024-2-1,96000,high_pass,100.00000000000000000,100.00000000000000000,1024,-3.01029995662316363,-3.01030030164828277,-3.01030433694702770,-3.01030363655085464,-136.68962004171427793,-3.01030361680979386,0.00000000000000000,2
response-high_pass-96000-1-2-2,96000,high_pass,100.00000000000000000,400.00000000000000000,1,-0.01692796101231604,-0.01692801170530679,-0.01692802507110925,-0.01692778843334273,-146.75852021852082885,-0.01692777135303842,0.00000000000000000,2
response-high_pass-96000-127-2-2,96000,high_pass,100.00000000000000000,400.00000000000000000,127,-0.01692796101231604,-0.01692801170530679,-0.01692802507110925,-0.01692778843334273,-146.75852021852082885,-0.01692777135303842,0.00000000000000000,2
response-high_pass-96000-128-2-2,96000,high_pass,100.00000000000000000,400.00000000000000000,128,-0.01692796101231604,-0.01692801170530679,-0.01692802507110925,-0.01692778843334273,-146.75852021852082885,-0.01692777135303842,0.00000000000000000,2
response-high_pass-96000-255-2-2,96000,high_pass,100.00000000000000000,400.00000000000000000,255,-0.01692796101231604,-0.01692801170530679,-0.01692802507110925,-0.01692778843334273,-146.75852021852082885,-0.01692777135303842,0.00000000000000000,2
response-high_pass-96000-1024-2-2,96000,high_pass,100.00000000000000000,400.00000000000000000,1024,-0.01692796101231604,-0.01692801170530679,-0.01692802507110925,-0.01692778843334273,-146.75852021852082885,-0.01692777135303842,0.00000000000000000,2
response-high_pass-96000-1-2-3,96000,high_pass,100.00000000000000000,19200.00000000000000000,1,-0.00000000178756129,-0.00000000180425090,-0.00000021193400307,-0.00000004459235657,-148.05653179158332478,-0.00000016741172814,0.00000000000000000,2
response-high_pass-96000-127-2-3,96000,high_pass,100.00000000000000000,19200.00000000000000000,127,-0.00000000178756129,-0.00000000180425090,-0.00000021193400307,-0.00000004459235657,-148.05653179158332478,-0.00000016741172814,0.00000000000000000,2
response-high_pass-96000-128-2-3,96000,high_pass,100.00000000000000000,19200.00000000000000000,128,-0.00000000178756129,-0.00000000180425090,-0.00000021193400307,-0.00000004459235657,-148.05653179158332478,-0.00000016741172814,0.00000000000000000,2
response-high_pass-96000-255-2-3,96000,high_pass,100.00000000000000000,19200.00000000000000000,255,-0.00000000178756129,-0.00000000180425090,-0.00000021193400307,-0.00000004459235657,-148.05653179158332478,-0.00000016741172814,0.00000000000000000,2
response-high_pass-96000-1024-2-3,96000,high_pass,100.00000000000000000,19200.00000000000000000,1024,-0.00000000178756129,-0.00000000180425090,-0.00000021193400307,-0.00000004459235657,-148.05653179158332478,-0.00000016741172814,0.00000000000000000,2
response-high_pass-96000-1-2-4,96000,high_pass,100.00000000000000000,43200.00000000000000000,1,-0.00000000000031148,-0.00000000000053424,-0.00000014966118339,0.00000018568348701,-152.85797144330376796,0.00000009239071937,0.00000000000000000,2
response-high_pass-96000-127-2-4,96000,high_pass,100.00000000000000000,43200.00000000000000000,127,-0.00000000000031148,-0.00000000000053424,-0.00000014966118339,0.00000018568348701,-152.85797144330376796,0.00000009239071937,0.00000000000000000,2
response-high_pass-96000-128-2-4,96000,high_pass,100.00000000000000000,43200.00000000000000000,128,-0.00000000000031148,-0.00000000000053424,-0.00000014966118339,0.00000018568348701,-152.85797144330376796,0.00000009239071937,0.00000000000000000,2
response-high_pass-96000-255-2-4,96000,high_pass,100.00000000000000000,43200.00000000000000000,255,-0.00000000000031148,-0.00000000000053424,-0.00000014966118339,0.00000018568348701,-152.85797144330376796,0.00000009239071937,0.00000000000000000,2
response-high_pass-96000-1024-2-4,96000,high_pass,100.00000000000000000,43200.00000000000000000,1024,-0.00000000000031148,-0.00000000000053424,-0.00000014966118339,0.00000018568348701,-152.85797144330376796,0.00000009239071937,0.00000000000000000,2
response-high_pass-96000-1-3-0,96000,high_pass,1000.00000000000000000,252.00000000000000000,1,-23.96724288145018278,-23.96724260262188011,-23.96725135228983561,-23.96724266826122118,-143.93920087524296036,-23.96724267097371097,0.00000000000000000,2
response-high_pass-96000-127-3-0,96000,high_pass,1000.00000000000000000,252.00000000000000000,127,-23.96724288145018278,-23.96724260262188011,-23.96725135228983561,-23.96724266826122118,-143.93920087524296036,-23.96724267097371097,0.00000000000000000,2
response-high_pass-96000-128-3-0,96000,high_pass,1000.00000000000000000,252.00000000000000000,128,-23.96724288145018278,-23.96724260262188011,-23.96725135228983561,-23.96724266826122118,-143.93920087524296036,-23.96724267097371097,0.00000000000000000,2
response-high_pass-96000-255-3-0,96000,high_pass,1000.00000000000000000,252.00000000000000000,255,-23.96724288145018278,-23.96724260262188011,-23.96725135228983561,-23.96724266826122118,-143.93920087524296036,-23.96724267097371097,0.00000000000000000,2
response-high_pass-96000-1024-3-0,96000,high_pass,1000.00000000000000000,252.00000000000000000,1024,-23.96724288145018278,-23.96724260262188011,-23.96725135228983561,-23.96724266826122118,-143.93920087524296036,-23.96724267097371097,0.00000000000000000,2
response-high_pass-96000-1-3-1,96000,high_pass,1000.00000000000000000,1000.00000000000000000,1,-3.01029995664019445,-3.01030021073178222,-3.01030074774990775,-3.01030032384671120,-141.57615464431808050,-3.01030027224351748,0.00000000000000000,2
response-high_pass-96000-127-3-1,96000,high_pass,1000.00000000000000000,1000.00000000000000000,127,-3.01029995664019445,-3.01030021073178222,-3.01030074774990775,-3.01030032384671120,-141.57615464431808050,-3.01030027224351748,0.00000000000000000,2
response-high_pass-96000-128-3-1,96000,high_pass,1000.00000000000000000,1000.00000000000000000,128,-3.01029995664019445,-3.01030021073178222,-3.01030074774990775,-3.01030032384671120,-141.57615464431808050,-3.01030027224351748,0.00000000000000000,2
response-high_pass-96000-255-3-1,96000,high_pass,1000.00000000000000000,1000.00000000000000000,255,-3.01029995664019445,-3.01030021073178222,-3.01030074774990775,-3.01030032384671120,-141.57615464431808050,-3.01030027224351748,0.00000000000000000,2
response-high_pass-96000-1024-3-1,96000,high_pass,1000.00000000000000000,1000.00000000000000000,1024,-3.01029995664019445,-3.01030021073178222,-3.01030074774990775,-3.01030032384671120,-141.57615464431808050,-3.01030027224351748,0.00000000000000000,2
response-high_pass-96000-1-3-2,96000,high_pass,1000.00000000000000000,4000.00000000000000000,1,-0.01657196013108499,-0.01657201069699608,-0.01657232329713309,-0.01657222169607206,-147.54366343853416765,-0.01657211890309288,0.00000000000000000,2
response-high_pass-96000-127-3-2,96000,high_pass,1000.00000000000000000,4000.00000000000000000,127,-0.01657196013108499,-0.01657201069699608,-0.01657232329713309,-0.01657222169607206,-147.54366343853416765,-0.01657211890309288,0.00000000000000000,2
response-high_pass-96000-128-3-2,96000,high_pass,1000.00000000000000000,4000.00000000000000000,128,-0.01657196013108499,-0.01657201069699608,-0.01657232329713309,-0.01657222169607206,-147.54366343853416765,-0.01657211890309288,0.00000000000000000,2
response-high_pass-96000-255-3-2,96000,high_pass,1000.00000000000000000,4000.00000000000000000,255,-0.01657196013108499,-0.01657201069699608,-0.01657232329713309,-0.01657222169607206,-147.54366343853416765,-0.01657211890309288,0.00000000000000000,2
response-high_pass-96000-1024-3-2,96000,high_pass,1000.00000000000000000,4000.00000000000000000,1024,-0.01657196013108499,-0.01657201069699608,-0.01657232329713309,-0.01657222169607206,-147.54366343853416765,-0.01657211890309288,0.00000000000000000,2
response-high_pass-96000-1-3-3,96000,high_pass,1000.00000000000000000,19200.00000000000000000,1,-0.00001790086814337,-0.00001790257528520,-0.00001800091329679,-0.00001787429244258,-148.35373687871631887,-0.00001799711130059,0.00000000000000000,2
response-high_pass-96000-127-3-3,96000,high_pass,1000.00000000000000000,19200.00000000000000000,127,-0.00001790086814337,-0.00001790257528520,-0.00001800091329679,-0.00001787429244258,-148.35373687871631887,-0.00001799711130059,0.00000000000000000,2
response-high_pass-96000-128-3-3,96000,high_pass,1000.00000000000000000,19200.00000000000000000,128,-0.00001790086814337,-0.00001790257528520,-0.00001800091329679,-0.00001787429244258,-148.35373687871631887,-0.00001799711130059,0.00000000000000000,2
response-high_pass-96000-255-3-3,96000,high_pass,1000.00000000000000000,19200.00000000000000000,255,-0.00001790086814337,-0.00001790257528520,-0.00001800091329679,-0.00001787429244258,-148.35373687871631887,-0.00001799711130059,0.00000000000000000,2
response-high_pass-96000-1024-3-3,96000,high_pass,1000.00000000000000000,19200.00000000000000000,1024,-0.00001790086814337,-0.00001790257528520,-0.00001800091329679,-0.00001787429244258,-148.35373687871631887,-0.00001799711130059,0.00000000000000000,2
response-high_pass-96000-1-3-4,96000,high_pass,1000.00000000000000000,43200.00000000000000000,1,-0.00000000313884058,-0.00000000316146370,-0.00000003066494618,0.00000016629550818,-153.11808558174169548,0.00000007300273840,0.00000000000000000,2
response-high_pass-96000-127-3-4,96000,high_pass,1000.00000000000000000,43200.00000000000000000,127,-0.00000000313884058,-0.00000000316146370,-0.00000003066494618,0.00000016629550818,-153.11808558174169548,0.00000007300273840,0.00000000000000000,2
response-high_pass-96000-128-3-4,96000,high_pass,1000.00000000000000000,43200.00000000000000000,128,-0.00000000313884058,-0.00000000316146370,-0.00000003066494618,0.00000016629550818,-153.11808558174169548,0.00000007300273840,0.00000000000000000,2
response-high_pass-96000-255-3-4,96000,high_pass,1000.00000000000000000,43200.00000000000000000,255,-0.00000000313884058,-0.00000000316146370,-0.00000003066494618,0.00000016629550818,-153.11808558174169548,0.00000007300273840,0.00000000000000000,2
response-high_pass-96000-1024-3-4,96000,high_pass,1000.00000000000000000,43200.00000000000000000,1024,-0.00000000313884058,-0.00000000316146370,-0.00000003066494618,0.00000016629550818,-153.11808558174169548,0.00000007300273840,0.00000000000000000,2
response-high_pass-96000-1-4-0,96000,high_pass,9600.00000000000000000,2400.00000000000000000,1,-24.64659898597290066,-24.64659934943405872,-24.64660542455718684,-24.64659940347097233,-148.66946685613567070,-24.64659947171776722,0.00000000000000000,2
response-high_pass-96000-127-4-0,96000,high_pass,9600.00000000000000000,2400.00000000000000000,127,-24.64659898597290066,-24.64659934943405872,-24.64660542455718684,-24.64659940347097233,-148.66946685613567070,-24.64659947171776722,0.00000000000000000,2
response-high_pass-96000-128-4-0,96000,high_pass,9600.00000000000000000,2400.00000000000000000,128,-24.64659898597290066,-24.64659934943405872,-24.64660542455718684,-24.64659940347097233,-148.66946685613567070,-24.64659947171776722,0.00000000000000000,2
response-high_pass-96000-255-4-0,96000,high_pass,9600.00000000000000000,2400.00000000000000000,255,-24.64659898597290066,-24.64659934943405872,-24.64660542455718684,-24.64659940347097233,-148.66946685613567070,-24.64659947171776722,0.00000000000000000,2
response-high_pass-96000-1024-4-0,96000,high_pass,9600.00000000000000000,2400.00000000000000000,1024,-24.64659898597290066,-24.64659934943405872,-24.64660542455718684,-24.64659940347097233,-148.66946685613567070,-24.64659947171776722,0.00000000000000000,2
response-high_pass-96000-1-4-1,96000,high_pass,9600.00000000000000000,9600.00000000000000000,1,-3.01029995663980987,-3.01030015129960260,-3.01030067762748921,-3.01030069444219217,-149.63761717762429271,-3.01030081726167742,0.00000000000000000,2
response-high_pass-96000-127-4-1,96000,high_pass,9600.00000000000000000,9600.00000000000000000,127,-3.01029995663980987,-3.01030015129960260,-3.01030067762748921,-3.01030069444219217,-149.63761717762429271,-3.01030081726167742,0.00000000000000000,2
response-high_pass-96000-128-4-1,96000,high_pass,9600.00000000000000000,9600.00000000000000000,128,-3.01029995663980987,-3.01030015129960260,-3.01030067762748921,-3.01030069444219217,-149.63761717762429271,-3.01030081726167742,0.00000000000000000,2
response-high_pass-96000-255-4-1,96000,high_pass,9600.00000000000000000,9600.00000000000000000,255,-3.01029995663980987,-3.01030015129960260,-3.01030067762748921,-3.01030069444219217,-149.63761717762429271,-3.01030081726167742,0.00000000000000000,2
response-high_pass-96000-1024-4-1,96000,high_pass,9600.00000000000000000,9600.00000000000000000,1024,-3.01029995663980987,-3.01030015129960260,-3.01030067762748921,-3.01030069444219217,-149.63761717762429271,-3.01030081726167742,0.00000000000000000,2
response-high_pass-96000-1-4-2,96000,high_pass,9600.00000000000000000,19200.00000000000000000,1,-0.17033339298780301,-0.17033341198331903,-0.17033379636428475,-0.17033297750130846,-143.34634568361306606,-0.17033310032096069,0.00000000000000000,2
response-high_pass-96000-127-4-2,96000,high_pass,9600.00000000000000000,19200.00000000000000000,127,-0.17033339298780301,-0.17033341198331903,-0.17033379636428475,-0.17033297750130846,-143.34634568361306606,-0.17033310032096069,0.00000000000000000,2
response-high_pass-96000-128-4-2,96000,high_pass,9600.00000000000000000,19200.00000000000000000,128,-0.17033339298780301,-0.17033341198331903,-0.17033379636428475,-0.17033297750130846,-143.34634568361306606,-0.17033310032096069,0.00000000000000000,2
response-high_pass-96000-255-4-2,96000,high_pass,9600.00000000000000000,19200.00000000000000000,255,-0.17033339298780301,-0.17033341198331903,-0.17033379636428475,-0.17033297750130846,-143.34634568361306606,-0.17033310032096069,0.00000000000000000,2
response-high_pass-96000-1024-4-2,96000,high_pass,9600.00000000000000000,19200.00000000000000000,1024,-0.17033339298780301,-0.17033341198331903,-0.17033379636428475,-0.17033297750130846,-143.34634568361306606,-0.17033310032096069,0.00000000000000000,2
response-high_pass-96000-1-4-3,96000,high_pass,9600.00000000000000000,38400.00000000000000000,1,-0.00053946794723038,-0.00053946828366269,-0.00053930159844355,-0.00053935768672747,-146.53934953244021244,-0.00053948050714617,0.00000000000000000,2
response-high_pass-96000-127-4-3,96000,high_pass,9600.00000000000000000,38400.00000000000000000,127,-0.00053946794723038,-0.00053946828366269,-0.00053930159844355,-0.00053935768672747,-146.53934953244021244,-0.00053948050714617,0.00000000000000000,2
response-high_pass-96000-128-4-3,96000,high_pass,9600.00000000000000000,38400.00000000000000000,128,-0.00053946794723038,-0.00053946828366269,-0.00053930159844355,-0.00053935768672747,-146.53934953244021244,-0.00053948050714617,0.00000000000000000,2
response-high_pass-96000-255-4-3,96000,high_pass,9600.00000000000000000,38400.00000000000000000,255,-0.00053946794723038,-0.00053946828366269,-0.00053930159844355,-0.00053935768672747,-146.53934953244021244,-0.00053948050714617,0.00000000000000000,2
response-high_pass-96000-1024-4-3,96000,high_pass,9600.00000000000000000,38400.00000000000000000,1024,-0.00053946794723038,-0.00053946828366269,-0.00053930159844355,-0.00053935768672747,-146.53934953244021244,-0.00053948050714617,0.00000000000000000,2
response-high_pass-96000-1-4-4,96000,high_pass,9600.00000000000000000,43200.00000000000000000,1,-0.00003046049801952,-0.00003046056979563,-0.00003046090677333,-0.00003032527621340,-148.14879648900574693,-0.00003041856948715,0.00000000000000000,2
response-high_pass-96000-127-4-4,96000,high_pass,9600.00000000000000000,43200.00000000000000000,127,-0.00003046049801952,-0.00003046056979563,-0.00003046090677333,-0.00003032527621340,-148.14879648900574693,-0.00003041856948715,0.00000000000000000,2
response-high_pass-96000-128-4-4,96000,high_pass,9600.00000000000000000,43200.00000000000000000,128,-0.00003046049801952,-0.00003046056979563,-0.00003046090677333,-0.00003032527621340,-148.14879648900574693,-0.00003041856948715,0.00000000000000000,2
response-high_pass-96000-255-4-4,96000,high_pass,9600.00000000000000000,43200.00000000000000000,255,-0.00003046049801952,-0.00003046056979563,-0.00003046090677333,-0.00003032527621340,-148.14879648900574693,-0.00003041856948715,0.00000000000000000,2
response-high_pass-96000-1024-4-4,96000,high_pass,9600.00000000000000000,43200.00000000000000000,1024,-0.00003046049801952,-0.00003046056979563,-0.00003046090677333,-0.00003032527621340,-148.14879648900574693,-0.00003041856948715,0.00000000000000000,2
response-high_pass-96000-1-5-0,96000,high_pass,43200.00000000000000000,10800.00000000000000000,1,-49.33428667586919403,-49.33428609957914546,-49.33429029671106747,-49.33429230188315273,-148.18241775166168850,-49.33429224987621353,0.00000000000000000,2
response-high_pass-96000-127-5-0,96000,high_pass,43200.00000000000000000,10800.00000000000000000,127,-49.33428667586919403,-49.33428609957914546,-49.33429029671106747,-49.33429230188315273,-148.18241775166168850,-49.33429224987621353,0.00000000000000000,2
response-high_pass-96000-128-5-0,96000,high_pass,43200.00000000000000000,10800.00000000000000000,128,-49.33428667586919403,-49.33428609957914546,-49.33429029671106747,-49.33429230188315273,-148.18241775166168850,-49.33429224987621353,0.00000000000000000,2
response-high_pass-96000-255-5-0,96000,high_pass,43200.00000000000000000,10800.00000000000000000,255,-49.33428667586919403,-49.33428609957914546,-49.33429029671106747,-49.33429230188315273,-148.18241775166168850,-49.33429224987621353,0.00000000000000000,2
response-high_pass-96000-1024-5-0,96000,high_pass,43200.00000000000000000,10800.00000000000000000,1024,-49.33428667586919403,-49.33428609957914546,-49.33429029671106747,-49.33429230188315273,-148.18241775166168850,-49.33429224987621353,0.00000000000000000,2
response-high_pass-96000-1-5-1,96000,high_pass,43200.00000000000000000,19200.00000000000000000,1,-37.56181924832652186,-37.56181864332780407,-37.56173859457402386,-37.56181603928502000,-147.13255767952185238,-37.56181616204938223,0.00000000000000000,2
response-high_pass-96000-127-5-1,96000,high_pass,43200.00000000000000000,19200.00000000000000000,127,-37.56181924832652186,-37.56181864332780407,-37.56173859457402386,-37.56181603928502000,-147.13255767952185238,-37.56181616204938223,0.00000000000000000,2
response-high_pass-96000-128-5-1,96000,high_pass,43200.00000000000000000,19200.00000000000000000,128,-37.56181924832652186,-37.56181864332780407,-37.56173859457402386,-37.56181603928502000,-147.13255767952185238,-37.56181616204938223,0.00000000000000000,2
response-high_pass-96000-255-5-1,96000,high_pass,43200.00000000000000000,19200.00000000000000000,255,-37.56181924832652186,-37.56181864332780407,-37.56173859457402386,-37.56181603928502000,-147.13255767952185238,-37.56181616204938223,0.00000000000000000,2
response-high_pass-96000-1024-5-1,96000,high_pass,43200.00000000000000000,19200.00000000000000000,1024,-37.56181924832652186,-37.56181864332780407,-37.56173859457402386,-37.56181603928502000,-147.13255767952185238,-37.56181616204938223,0.00000000000000000,2
response-high_pass-96000-1-5-2,96000,high_pass,43200.00000000000000000,43200.00000000000000000,1,-3.01029995663980587,-3.01029820564757600,-3.01029866800808454,-3.01029892219023498,-127.64337325629072950,-3.01029901548056689,0.00000000000000000,2
response-high_pass-96000-127-5-2,96000,high_pass,43200.00000000000000000,43200.00000000000000000,127,-3.01029995663980587,-3.01029820564757600,-3.01029866800808454,-3.01029892219023498,-127.64337325629072950,-3.01029901548056689,0.00000000000000000,2
response-high_pass-96000-128-5-2,96000,high_pass,43200.00000000000000000,43200.00000000000000000,128,-3.01029995663980587,-3.01029820564757600,-3.01029866800808454,-3.01029892219023498,-127.64337325629072950,-3.01029901548056689,0.00000000000000000,2
response-high_pass-96000-255-5-2,96000,high_pass,43200.00000000000000000,43200.00000000000000000,255,-3.01029995663980587,-3.01029820564757600,-3.01029866800808454,-3.01029892219023498,-127.64337325629072950,-3.01029901548056689,0.00000000000000000,2
response-high_pass-96000-1024-5-2,96000,high_pass,43200.00000000000000000,43200.00000000000000000,1024,-3.01029995663980587,-3.01029820564757600,-3.01029866800808454,-3.01029892219023498,-127.64337325629072950,-3.01029901548056689,0.00000000000000000,2
response-high_pass-96000-1-5-3,96000,high_pass,43200.00000000000000000,47996.00000000000000000,1,-0.00000000000203666,-0.00000000000002314,-0.00000002819656872,0.00000000135092056,-129.46783527814091030,0.00000000026587087,0.00000000000000000,2
response-high_pass-96000-127-5-3,96000,high_pass,43200.00000000000000000,47996.00000000000000000,127,-0.00000000000203666,-0.00000000000002314,-0.00000002819656872,0.00000000135092056,-129.46783527814091030,0.00000000026587087,0.00000000000000000,2
response-high_pass-96000-128-5-3,96000,high_pass,43200.00000000000000000,47996.00000000000000000,128,-0.00000000000203666,-0.00000000000002314,-0.00000002819656872,0.00000000135092056,-129.46783527814091030,0.00000000026587087,0.00000000000000000,2
response-high_pass-96000-255-5-3,96000,high_pass,43200.00000000000000000,47996.00000000000000000,255,-0.00000000000203666,-0.00000000000002314,-0.00000002819656872,0.00000000135092056,-129.46783527814091030,0.00000000026587087,0.00000000000000000,2
response-high_pass-96000-1024-5-3,96000,high_pass,43200.00000000000000000,47996.00000000000000000,1024,-0.00000000000203666,-0.00000000000002314,-0.00000002819656872,0.00000000135092056,-129.46783527814091030,0.00000000026587087,0.00000000000000000,2
response-low_pass-96000-1-0-0,96000,low_pass,10.00000000000000000,4.00000000000000000,1,-0.10978011102802705,-0.10978001460162422,-0.10977903126886705,-0.10978787057101808,-125.66114865208393780,-0.10978787157522206,0.00000000000000000,0
response-low_pass-96000-127-0-0,96000,low_pass,10.00000000000000000,4.00000000000000000,127,-0.10978011102802705,-0.10978001460162422,-0.10977903126886705,-0.10978787057101808,-125.66114865208393780,-0.10978787157522206,0.00000000000000000,0
response-low_pass-96000-128-0-0,96000,low_pass,10.00000000000000000,4.00000000000000000,128,-0.10978011102802705,-0.10978001460162422,-0.10977903126886705,-0.10978787057101808,-125.66114865208393780,-0.10978787157522206,0.00000000000000000,0
response-low_pass-96000-255-0-0,96000,low_pass,10.00000000000000000,4.00000000000000000,255,-0.10978011102802705,-0.10978001460162422,-0.10977903126886705,-0.10978787057101808,-125.66114865208393780,-0.10978787157522206,0.00000000000000000,0
response-low_pass-96000-1024-0-0,96000,low_pass,10.00000000000000000,4.00000000000000000,1024,-0.10978011102802705,-0.10978001460162422,-0.10977903126886705,-0.10978787057101808,-125.66114865208393780,-0.10978787157522206,0.00000000000000000,0
response-low_pass-96000-1-0-1,96000,low_pass,10.00000000000000000,12.00000000000000000,1,-4.87647365827927182,-4.87647325989971314,-4.87647451386825548,-4.87647764069003475,-131.98358639928008529,-4.87647764340489331,0.00000000000000000,0
response-low_pass-96000-127-0-1,96000,low_pass,10.00000000000000000,12.00000000000000000,127,-4.87647365827927182,-4.87647325989971314,-4.87647451386825548,-4.87647764069003475,-131.98358639928008529,-4.87647764340489331,0.00000000000000000,0
response-low_pass-96000-128-0-1,96000,low_pass,10.00000000000000000,12.00000000000000000,128,-4.87647365827927182,-4.87647325989971314,-4.87647451386825548,-4.87647764069003475,-131.98358639928008529,-4.87647764340489331,0.00000000000000000,0
response-low_pass-96000-255-0-1,96000,low_pass,10.00000000000000000,12.00000000000000000,255,-4.87647365827927182,-4.87647325989971314,-4.87647451386825548,-4.87647764069003475,-131.98358639928008529,-4.87647764340489331,0.00000000000000000,0
response-low_pass-96000-1024-0-1,96000,low_pass,10.00000000000000000,12.00000000000000000,1024,-4.87647365827927182,-4.87647325989971314,-4.87647451386825548,-4.87647764069003475,-131.98358639928008529,-4.87647764340489331,0.00000000000000000,0
response-low_pass-96000-1-0-2,96000,low_pass,10.00000000000000000,40.00000000000000000,1,-24.09934049823884550,-24.09934026965824216,-24.09934019612238743,-24.09933374355712843,-161.37658031115452673,-24.09933373171217497,0.00000000000000000,0
response-low_pass-96000-127-0-2,96000,low_pass,10.00000000000000000,40.00000000000000000,127,-24.09934049823884550,-24.09934026965824216,-24.09934019612238743,-24.09933374355712843,-161.37658031115452673,-24.09933373171217497,0.00000000000000000,0
response-low_pass-96000-128-0-2,96000,low_pass,10.00000000000000000,40.00000000000000000,128,-24.09934049823884550,-24.09934026965824216,-24.09934019612238743,-24.09933374355712843,-161.37658031115452673,-24.09933373171217497,0.00000000000000000,0
response-low_pass-96000-255-0-2,96000,low_pass,10.00000000000000000,40.00000000000000000,255,-24.09934049823884550,-24.09934026965824216,-24.09934019612238743,-24.09933374355712843,-161.37658031115452673,-24.09933373171217497,0.00000000000000000,0
response-low_pass-96000-1024-0-2,96000,low_pass,10.00000000000000000,40.00000000000000000,1024,-24.09934049823884550,-24.09934026965824216,-24.09934019612238743,-24.09933374355712843,-161.37658031115452673,-24.09933373171217497,0.00000000000000000,0
response-low_pass-96000-1-0-3,96000,low_pass,10.00000000000000000,19200.00000000000000000,1,-133.85529542108665169,-133.85529522756516485,-133.84035330203798253,-133.85529136155005858,-184.29538480616375296,-133.70802751250954543,0.00000000000000000,0
response-low_pass-96000-127-0-3,96000,low_pass,10.00000000000000000,19200.00000000000000000,127,-133.85529542108665169,-133.85529522756516485,-133.84035330203798253,-133.85529136155005858,-184.29538480616375296,-133.70802751250954543,0.00000000000000000,0
response-low_pass-96000-128-0-3,96000,low_pass,10.00000000000000000,19200.00000000000000000,128,-133.85529542108665169,-133.85529522756516485,-133.84035330203798253,-133.85529136155005858,-184.29538480616375296,-133.70802751250954543,0.00000000000000000,0
response-low_pass-96000-255-0-3,96000,low_pass,10.00000000000000000,19200.00000000000000000,255,-133.85529542108665169,-133.85529522756516485,-133.84035330203798253,-133.85529136155005858,-184.29538480616375296,-133.70802751250954543,0.00000000000000000,0
response-low_pass-96000-1024-0-3,96000,low_pass,10.00000000000000000,19200.00000000000000000,1024,-133.85529542108665169,-133.85529522756516485,-133.84035330203798253,-133.85529136155005858,-184.29538480616375296,-133.70802751250954543,0.00000000000000000,0
response-low_pass-96000-1-0-4,96000,low_pass,10.00000000000000000,43200.00000000000000000,1,-171.41635322104829697,-171.41635302752655434,-171.06507317258504486,-171.41639028438660830,-176.10053854521476069,-170.01532218523252027,0.00000000000000000,0
response-low_pass-96000-127-0-4,96000,low_pass,10.00000000000000000,43200.00000000000000000,127,-171.41635322104829697,-171.41635302752655434,-171.06507317258504486,-171.41639028438660830,-176.10053854521476069,-170.01532218523252027,0.00000000000000000,0
response-low_pass-96000-128-0-4,96000,low_pass,10.00000000000000000,43200.00000000000000000,128,-171.41635322104829697,-171.41635302752655434,-171.06507317258504486,-171.41639028438660830,-176.10053854521476069,-170.01532218523252027,0.00000000000000000,0
response-low_pass-96000-255-0-4,96000,low_pass,10.00000000000000000,43200.00000000000000000,255,-171.41635322104829697,-171.41635302752655434,-171.06507317258504486,-171.41639028438660830,-176.10053854521476069,-170.01532218523252027,0.00000000000000000,0
response-low_pass-96000-1024-0-4,96000,low_pass,10.00000000000000000,43200.00000000000000000,1024,-171.41635322104829697,-171.41635302752655434,-171.06507317258504486,-171.41639028438660830,-176.10053854521476069,-170.01532218523252027,0.00000000000000000,0
response-low_pass-96000-1-1-0,96000,low_pass,20.00000000000000000,4.00000000000000000,1,-0.00694315427395317,-0.00694312928010806,-0.00694434843068428,-0.00694161095242160,-127.09008391123211368,-0.00694161195704083,0.00000000000000000,2
response-low_pass-96000-127-1-0,96000,low_pass,20.00000000000000000,4.00000000000000000,127,-0.00694315427395317,-0.00694312928010806,-0.00694434843068428,-0.00694161095242160,-127.09008391123211368,-0.00694161195704083,0.00000000000000000,2
response-low_pass-96000-128-1-0,96000,low_pass,20.00000000000000000,4.00000000000000000,128,-0.00694315427395317,-0.00694312928010806,-0.00694434843068428,-0.00694161095242160,-127.09008391123211368,-0.00694161195704083,0.00000000000000000,2
response-low_pass-96000-255-1-0,96000,low_pass,20.00000000000000000,4.00000000000000000,255,-0.00694315427395317,-0.00694312928010806,-0.00694434843068428,-0.00694161095242160,-127.09008391123211368,-0.00694161195704083,0.00000000000000000,2
response-low_pass-96000-1024-1-0,96000,low_pass,20.00000000000000000,4.00000000000000000,1024,-0.00694315427395317,-0.00694312928010806,-0.00694434843068428,-0.00694161095242160,-127.09008391123211368,-0.00694161195704083,0.00000000000000000,2
response-low_pass-96000-1-1-1,96000,low_pass,20.00000000000000000,20.00000000000000000,1,-3.01029995634162839,-3.01029953994993438,-3.01029852610437576,-3.01029409751535137,-136.71074242195078341,-3.01029409114687763,0.00000000000000000,2
response-low_pass-96000-127-1-1,96000,low_pass,20.00000000000000000,20.00000000000000000,127,-3.01029995634162839,-3.01029953994993438,-3.01029852610437576,-3.01029409751535137,-136.71074242195078341,-3.01029409114687763,0.00000000000000000,2
response-low_pass-96000-128-1-1,96000,low_pass,20.00000000000000000,20.00000000000000000,128,-3.01029995634162839,-3.01029953994993438,-3.01029852610437576,-3.01029409751535137,-136.71074242195078341,-3.01029409114687763,0.00000000000000000,2
response-low_pass-96000-255-1-1,96000,low_pass,20.00000000000000000,20.00000000000000000,255,-3.01029995634162839,-3.01029953994993438,-3.01029852610437576,-3.01029409751535137,-136.71074242195078341,-3.01029409114687763,0.00000000000000000,2
response-low_pass-96000-1024-1-1,96000,low_pass,20.00000000000000000,20.00000000000000000,1024,-3.01029995634162839,-3.01029953994993438,-3.01029852610437576,-3.01029409751535137,-136.71074242195078341,-3.01029409114687763,0.00000000000000000,2
response-low_pass-96000-1-1-2,96000,low_pass,20.00000000000000000,80.00000000000000000,1,-24.09936829580900763,-24.09936805670271553,-24.09936732750220756,-24.09937104720676260,-163.25495718696654990,-24.09937102966654265,0.00000000000000000,2
response-low_pass-96000-127-1-2,96000,low_pass,20.00000000000000000,80.00000000000000000,127,-24.09936829580900763,-24.09936805670271553,-24.09936732750220756,-24.09937104720676260,-163.25495718696654990,-24.09937102966654265,0.00000000000000000,2
response-low_pass-96000-128-1-2,96000,low_pass,20.00000000000000000,80.00000000000000000,128,-24.09936829580900763,-24.09936805670271553,-24.09936732750220756,-24.09937104720676260,-163.25495718696654990,-24.09937102966654265,0.00000000000000000,2
response-low_pass-96000-255-1-2,96000,low_pass,20.00000000000000000,80.00000000000000000,255,-24.09936829580900763,-24.09936805670271553,-24.09936732750220756,-24.09937104720676260,-163.25495718696654990,-24.09937102966654265,0.00000000000000000,2
response-low_pass-96000-1024-1-2,96000,low_pass,20.00000000000000000,80.00000000000000000,1024,-24.09936829580900763,-24.09936805670271553,-24.09936732750220756,-24.09937104720676260,-163.25495718696654990,-24.09937102966654265,0.00000000000000000,2
response-low_pass-96000-1-1-3,96000,low_pass,20.00000000000000000,19200.00000000000000000,1,-121.81409373481702119,-121.81409353421970820,-121.81380218607142751,-121.81411434894724266,-155.40881301425577021,-121.81161254038300967,0.00000000000000000,2
response-low_pass-96000-127-1-3,96000,low_pass,20.00000000000000000,19200.00000000000000000,127,-121.81409373481702119,-121.81409353421970820,-121.81380218607142751,-121.81411434894724266,-155.40881301425577021,-121.81161254038300967,0.00000000000000000,2
response-low_pass-96000-128-1-3,96000,low_pass,20.00000000000000000,19200.00000000000000000,128,-121.81409373481702119,-121.81409353421970820,-121.81380218607142751,-121.81411434894724266,-155.40881301425577021,-121.81161254038300967,0.00000000000000000,2
response-low_pass-96000-255-1-3,96000,low_pass,20.00000000000000000,19200.00000000000000000,255,-121.81409373481702119,-121.81409353421970820,-121.81380218607142751,-121.81411434894724266,-155.40881301425577021,-121.81161254038300967,0.00000000000000000,2
response-low_pass-96000-1024-1-3,96000,low_pass,20.00000000000000000,19200.00000000000000000,1024,-121.81409373481702119,-121.81409353421970820,-121.81380218607142751,-121.81411434894724266,-155.40881301425577021,-121.81161254038300967,0.00000000000000000,2
response-low_pass-96000-1-1-4,96000,low_pass,20.00000000000000000,43200.00000000000000000,1,-159.37515153477596641,-159.37515133417906554,-158.68389601564845748,-159.37515997853910221,-179.31848692997590433,-159.33027412326867989,0.00000000000000000,2
response-low_pass-96000-127-1-4,96000,low_pass,20.00000000000000000,43200.00000000000000000,127,-159.37515153477596641,-159.37515133417906554,-158.68389601564845748,-159.37515997853910221,-179.31848692997590433,-159.33027412326867989,0.00000000000000000,2
response-low_pass-96000-128-1-4,96000,low_pass,20.00000000000000000,43200.00000000000000000,128,-159.37515153477596641,-159.37515133417906554,-158.68389601564845748,-159.37515997853910221,-179.31848692997590433,-159.33027412326867989,0.00000000000000000,2
response-low_pass-96000-255-1-4,96000,low_pass,20.00000000000000000,43200.00000000000000000,255,-159.37515153477596641,-159.37515133417906554,-158.68389601564845748,-159.37515997853910221,-179.31848692997590433,-159.33027412326867989,0.00000000000000000,2
response-low_pass-96000-1024-1-4,96000,low_pass,20.00000000000000000,43200.00000000000000000,1024,-159.37515153477596641,-159.37515133417906554,-158.68389601564845748,-159.37515997853910221,-179.31848692997590433,-159.33027412326867989,0.00000000000000000,2
response-low_pass-96000-1-2-0,96000,low_pass,100.00000000000000000,24.00000000000000000,1,-0.01438480556291526,-0.01438485320531730,-0.01438759482011281,-0.01438489498392677,-132.01470469592368318,-0.01438489130864756,0.00000000000000000,2
response-low_pass-96000-127-2-0,96000,low_pass,100.00000000000000000,24.00000000000000000,127,-0.01438480556291526,-0.01438485320531730,-0.01438759482011281,-0.01438489498392677,-132.01470469592368318,-0.01438489130864756,0.00000000000000000,2
response-low_pass-96000-128-2-0,96000,low_pass,100.00000000000000000,24.00000000000000000,128,-0.01438480556291526,-0.01438485320531730,-0.01438759482011281,-0.01438489498392677,-132.01470469592368318,-0.01438489130864756,0.00000000000000000,2
response-low_pass-96000-255-2-0,96000,low_pass,100.00000000000000000,24.00000000000000000,255,-0.01438480556291526,-0.01438485320531730,-0.01438759482011281,-0.01438489498392677,-132.01470469592368318,-0.01438489130864756,0.00000000000000000,2
response-low_pass-96000-1024-2-0,96000,low_pass,100.00000000000000000,24.00000000000000000,1024,-0.01438480556291526,-0.01438485320531730,-0.01438759482011281,-0.01438489498392677,-132.01470469592368318,-0.01438489130864756,0.00000000000000000,2
response-low_pass-96000-1-2-1,96000,low_pass,100.00000000000000000,100.00000000000000000,1,-3.01029995665073757,-3.01030043428205740,-3.01030186299141311,-3.01029924509957958,-138.98880707502175369,-3.01029922535864980,0.00000000000000000,2
response-low_pass-96000-127-2-1,96000,low_pass,100.00000000000000000,100.00000000000000000,127,-3.01029995665073757,-3.01030043428205740,-3.01030186299141311,-3.01029924509957958,-138.98880707502175369,-3.01029922535864980,0.00000000000000000,2
response-low_pass-96000-128-2-1,96000,low_pass,100.00000000000000000,100.00000000000000000,128,-3.01029995665073757,-3.01030043428205740,-3.01030186299141311,-3.01029924509957958,-138.98880707502175369,-3.01029922535864980,0.00000000000000000,2
response-low_pass-96000-255-2-1,96000,low_pass,100.00000000000000000,100.00000000000000000,255,-3.01029995665073757,-3.01030043428205740,-3.01030186299141311,-3.01029924509957958,-138.98880707502175369,-3.01029922535864980,0.00000000000000000,2
response-low_pass-96000-1024-2-1,96000,low_pass,100.00000000000000000,100.00000000000000000,1024,-3.01029995665073757,-3.01030043428205740,-3.01030186299141311,-3.01029924509957958,-138.98880707502175369,-3.01029922535864980,0.00000000000000000,2
response-low_pass-96000-1-2-2,96000,low_pass,100.00000000000000000,400.00000000000000000,1,-24.10025784348575684,-24.10025802680232943,-24.10024865490867896,-24.10025723078129545,-167.57877494693676113,-24.10025721370093876,0.00000000000000000,2
response-low_pass-96000-127-2-2,96000,low_pass,100.00000000000000000,400.00000000000000000,127,-24.10025784348575684,-24.10025802680232943,-24.10024865490867896,-24.10025723078129545,-167.57877494693676113,-24.10025721370093876,0.00000000000000000,2
response-low_pass-96000-128-2-2,96000,low_pass,100.00000000000000000,400.00000000000000000,128,-24.10025784348575684,-24.10025802680232943,-24.10024865490867896,-24.10025723078129545,-167.57877494693676113,-24.10025721370093876,0.00000000000000000,2
response-low_pass-96000-255-2-2,96000,low_pass,100.00000000000000000,400.00000000000000000,255,-24.10025784348575684,-24.10025802680232943,-24.10024865490867896,-24.10025723078129545,-167.57877494693676113,-24.10025721370093876,0.00000000000000000,2
response-low_pass-96000-1024-2-2,96000,low_pass,100.00000000000000000,400.00000000000000000,1024,-24.10025784348575684,-24.10025802680232943,-24.10024865490867896,-24.10025723078129545,-167.57877494693676113,-24.10025721370093876,0.00000000000000000,2
response-low_pass-96000-1-2-3,96000,low_pass,100.00000000000000000,19200.00000000000000000,1,-93.85523403116707186,-93.85523416380664230,-93.85596208842494548,-93.85523389227901703,-154.79011351946999753,-93.85522832047226416,0.00000000000000000,2
response-low_pass-96000-127-2-3,96000,low_pass,100.00000000000000000,19200.00000000000000000,127,-93.85523403116707186,-93.85523416380664230,-93.85596208842494548,-93.85523389227901703,-154.79011351946999753,-93.85522832047226416,0.00000000000000000,2
response-low_pass-96000-128-2-3,96000,low_pass,100.00000000000000000,19200.00000000000000000,128,-93.85523403116707186,-93.85523416380664230,-93.85596208842494548,-93.85523389227901703,-154.79011351946999753,-93.85522832047226416,0.00000000000000000,2
response-low_pass-96000-255-2-3,96000,low_pass,100.00000000000000000,19200.00000000000000000,255,-93.85523403116707186,-93.85523416380664230,-93.85596208842494548,-93.85523389227901703,-154.79011351946999753,-93.85522832047226416,0.00000000000000000,2
response-low_pass-96000-1024-2-3,96000,low_pass,100.00000000000000000,19200.00000000000000000,1024,-93.85523403116707186,-93.85523416380664230,-93.85596208842494548,-93.85523389227901703,-154.79011351946999753,-93.85522832047226416,0.00000000000000000,2
response-low_pass-96000-1-2-4,96000,low_pass,100.00000000000000000,43200.00000000000000000,1,-131.41629182934161690,-131.41629196196467433,-131.41904998292653772,-131.41629236211133502,-181.19195182756524787,-131.41624669751158194,0.00000000000000000,2
response-low_pass-96000-127-2-4,96000,low_pass,100.00000000000000000,43200.00000000000000000,127,-131.41629182934161690,-131.41629196196467433,-131.41904998292653772,-131.41629236211133502,-181.19195182756524787,-131.41624669751158194,0.00000000000000000,2
response-low_pass-96000-128-2-4,96000,low_pass,100.00000000000000000,43200.00000000000000000,128,-131.41629182934161690,-131.41629196196467433,-131.41904998292653772,-131.41629236211133502,-181.19195182756524787,-131.41624669751158194,0.00000000000000000,2
response-low_pass-96000-255-2-4,96000,low_pass,100.00000000000000000,43200.00000000000000000,255,-131.41629182934161690,-131.41629196196467433,-131.41904998292653772,-131.41629236211133502,-181.19195182756524787,-131.41624669751158194,0.00000000000000000,2
response-low_pass-96000-1024-2-4,96000,low_pass,100.00000000000000000,43200.00000000000000000,1024,-131.41629182934161690,-131.41629196196467433,-131.41904998292653772,-131.41629236211133502,-181.19195182756524787,-131.41624669751158194,0.00000000000000000,2
response-low_pass-96000-1-3-0,96000,low_pass,1000.00000000000000000,252.00000000000000000,1,-0.01745550855641198,-0.01745556308472422,-0.01745644360990504,-0.01745550656047948,-140.99595744355912075,-0.01745550927611787,0.00000000000000000,2
response-low_pass-96000-127-3-0,96000,low_pass,1000.00000000000000000,252.00000000000000000,127,-0.01745550855641198,-0.01745556308472422,-0.01745644360990504,-0.01745550656047948,-140.99595744355912075,-0.01745550927611787,0.00000000000000000,2
response-low_pass-96000-128-3-0,96000,low_pass,1000.00000000000000000,252.00000000000000000,128,-0.01745550855641198,-0.01745556308472422,-0.01745644360990504,-0.01745550656047948,-140.99595744355912075,-0.01745550927611787,0.00000000000000000,2
response-low_pass-96000-255-3-0,96000,low_pass,1000.00000000000000000,252.00000000000000000,255,-0.01745550855641198,-0.01745556308472422,-0.01745644360990504,-0.01745550656047948,-140.99595744355912075,-0.01745550927611787,0.00000000000000000,2
response-low_pass-96000-1024-3-0,96000,low_pass,1000.00000000000000000,252.00000000000000000,1024,-0.01745550855641198,-0.01745556308472422,-0.01745644360990504,-0.01745550656047948,-140.99595744355912075,-0.01745550927611787,0.00000000000000000,2
response-low_pass-96000-1-3-1,96000,low_pass,1000.00000000000000000,1000.00000000000000000,1,-3.01029995663972283,-3.01030054408914571,-3.01030033257306506,-3.01029998653082442,-144.84566569207066777,-3.01029993492768666,0.00000000000000000,2
response-low_pass-96000-127-3-1,96000,low_pass,1000.00000000000000000,1000.00000000000000000,127,-3.01029995663972283,-3.01030054408914571,-3.01030033257306506,-3.01029998653082442,-144.84566569207066777,-3.01029993492768666,0.00000000000000000,2
response-low_pass-96000-128-3-1,96000,low_pass,1000.00000000000000000,1000.00000000000000000,128,-3.01029995663972283,-3.01030054408914571,-3.01030033257306506,-3.01029998653082442,-144.84566569207066777,-3.01029993492768666,0.00000000000000000,2
response-low_pass-96000-255-3-1,96000,low_pass,1000.00000000000000000,1000.00000000000000000,255,-3.01029995663972283,-3.01030054408914571,-3.01030033257306506,-3.01029998653082442,-144.84566569207066777,-3.01029993492768666,0.00000000000000000,2
response-low_pass-96000-1024-3-1,96000,low_pass,1000.00000000000000000,1000.00000000000000000,1024,-3.01029995663972283,-3.01030054408914571,-3.01030033257306506,-3.01029998653082442,-144.84566569207066777,-3.01029993492768666,0.00000000000000000,2
response-low_pass-96000-1-3-2,96000,low_pass,1000.00000000000000000,4000.00000000000000000,1,-24.19238766024843201,-24.19238804417179267,-24.19239052631422737,-24.19238810594039890,-157.71465505428409415,-24.19238800314664317,0.00000000000000000,2
response-low_pass-96000-127-3-2,96000,low_pass,1000.00000000000000000,4000.00000000000000000,127,-24.19238766024843201,-24.19238804417179267,-24.19239052631422737,-24.19238810594039890,-157.71465505428409415,-24.19238800314664317,0.00000000000000000,2
response-low_pass-96000-128-3-2,96000,low_pass,1000.00000000000000000,4000.00000000000000000,128,-24.19238766024843201,-24.19238804417179267,-24.19239052631422737,-24.19238810594039890,-157.71465505428409415,-24.19238800314664317,0.00000000000000000,2
response-low_pass-96000-255-3-2,96000,low_pass,1000.00000000000000000,4000.00000000000000000,255,-24.19238766024843201,-24.19238804417179267,-24.19239052631422737,-24.19238810594039890,-157.71465505428409415,-24.19238800314664317,0.00000000000000000,2
response-low_pass-96000-1024-3-2,96000,low_pass,1000.00000000000000000,4000.00000000000000000,1024,-24.19238766024843201,-24.19238804417179267,-24.19239052631422737,-24.19238810594039890,-157.71465505428409415,-24.19238800314664317,0.00000000000000000,2
response-low_pass-96000-1-3-3,96000,low_pass,1000.00000000000000000,19200.00000000000000000,1,-53.84911112747504092,-53.84911146253961789,-53.84913584170934087,-53.84911186577042486,-165.40047899837531986,-53.84911198855952108,0.00000000000000000,2
response-low_pass-96000-127-3-3,96000,low_pass,1000.00000000000000000,19200.00000000000000000,127,-53.84911112747504092,-53.84911146253961789,-53.84913584170934087,-53.84911186577042486,-165.40047899837531986,-53.84911198855952108,0.00000000000000000,2
response-low_pass-96000-128-3-3,96000,low_pass,1000.00000000000000000,19200.00000000000000000,128,-53.84911112747504092,-53.84911146253961789,-53.84913584170934087,-53.84911186577042486,-165.40047899837531986,-53.84911198855952108,0.00000000000000000,2
response-low_pass-96000-255-3-3,96000,low_pass,1000.00000000000000000,19200.00000000000000000,255,-53.84911112747504092,-53.84911146253961789,-53.84913584170934087,-53.84911186577042486,-165.40047899837531986,-53.84911198855952108,0.00000000000000000,2
response-low_pass-96000-1024-3-3,96000,low_pass,1000.00000000000000000,19200.00000000000000000,1024,-53.84911112747504092,-53.84911146253961789,-53.84913584170934087,-53.84911186577042486,-165.40047899837531986,-53.84911198855952108,0.00000000000000000,2
response-low_pass-96000-1-3-4,96000,low_pass,1000.00000000000000000,43200.00000000000000000,1,-91.41015102970754924,-91.41015136308635647,-91.40894573017007474,-91.41015119068705985,-183.59578088798394901,-91.41015128085533092,0.00000000000000000,2
response-low_pass-96000-127-3-4,96000,low_pass,1000.00000000000000000,43200.00000000000000000,127,-91.41015102970754924,-91.41015136308635647,-91.40894573017007474,-91.41015119068705985,-183.59578088798394901,-91.41015128085533092,0.00000000000000000,2
response-low_pass-96000-128-3-4,96000,low_pass,1000.00000000000000000,43200.00000000000000000,128,-91.41015102970754924,-91.41015136308635647,-91.40894573017007474,-91.41015119068705985,-183.59578088798394901,-91.41015128085533092,0.00000000000000000,2
response-low_pass-96000-255-3-4,96000,low_pass,1000.00000000000000000,43200.00000000000000000,255,-91.41015102970754924,-91.41015136308635647,-91.40894573017007474,-91.41015119068705985,-183.59578088798394901,-91.41015128085533092,0.00000000000000000,2
response-low_pass-96000-1024-3-4,96000,low_pass,1000.00000000000000000,43200.00000000000000000,1024,-91.41015102970754924,-91.41015136308635647,-91.40894573017007474,-91.41015119068705985,-183.59578088798394901,-91.41015128085533092,0.00000000000000000,2
response-low_pass-96000-1-4-0,96000,low_pass,9600.00000000000000000,2400.00000000000000000,1,-0.01492348912655373,-0.01492348940914802,-0.01492403177721079,-0.01492332143061042,-149.03164749350349894,-0.01492338967833780,0.00000000000000000,2
response-low_pass-96000-127-4-0,96000,low_pass,9600.00000000000000000,2400.00000000000000000,127,-0.01492348912655373,-0.01492348940914802,-0.01492403177721079,-0.01492332143061042,-149.03164749350349894,-0.01492338967833780,0.00000000000000000,2
response-low_pass-96000-128-4-0,96000,low_pass,9600.00000000000000000,2400.00000000000000000,128,-0.01492348912655373,-0.01492348940914802,-0.01492403177721079,-0.01492332143061042,-149.03164749350349894,-0.01492338967833780,0.00000000000000000,2
response-low_pass-96000-255-4-0,96000,low_pass,9600.00000000000000000,2400.00000000000000000,255,-0.01492348912655373,-0.01492348940914802,-0.01492403177721079,-0.01492332143061042,-149.03164749350349894,-0.01492338967833780,0.00000000000000000,2
response-low_pass-96000-1024-4-0,96000,low_pass,9600.00000000000000000,2400.00000000000000000,1024,-0.01492348912655373,-0.01492348940914802,-0.01492403177721079,-0.01492332143061042,-149.03164749350349894,-0.01492338967833780,0.00000000000000000,2
response-low_pass-96000-1-4-1,96000,low_pass,9600.00000000000000000,9600.00000000000000000,1,-3.01029995663981653,-3.01029978812098209,-3.01030019354479617,-3.01030040157580014,-150.84077528206782404,-3.01030052439461970,0.00000000000000000,2
response-low_pass-96000-127-4-1,96000,low_pass,9600.00000000000000000,9600.00000000000000000,127,-3.01029995663981653,-3.01029978812098209,-3.01030019354479617,-3.01030040157580014,-150.84077528206782404,-3.01030052439461970,0.00000000000000000,2
response-low_pass-96000-128-4-1,96000,low_pass,9600.00000000000000000,9600.00000000000000000,128,-3.01029995663981653,-3.01029978812098209,-3.01030019354479617,-3.01030040157580014,-150.84077528206782404,-3.01030052439461970,0.00000000000000000,2
response-low_pass-96000-255-4-1,96000,low_pass,9600.00000000000000000,9600.00000000000000000,255,-3.01029995663981653,-3.01029978812098209,-3.01030019354479617,-3.01030040157580014,-150.84077528206782404,-3.01030052439461970,0.00000000000000000,2
response-low_pass-96000-1024-4-1,96000,low_pass,9600.00000000000000000,9600.00000000000000000,1024,-3.01029995663981653,-3.01029978812098209,-3.01030019354479617,-3.01030040157580014,-150.84077528206782404,-3.01030052439461970,0.00000000000000000,2
response-low_pass-96000-1-4-2,96000,low_pass,9600.00000000000000000,19200.00000000000000000,1,-14.14973347970818018,-14.14973313552507328,-14.14973385777217807,-14.14973345725818454,-149.32153836935322033,-14.14973358007748416,0.00000000000000000,2
response-low_pass-96000-127-4-2,96000,low_pass,9600.00000000000000000,19200.00000000000000000,127,-14.14973347970818018,-14.14973313552507328,-14.14973385777217807,-14.14973345725818454,-149.32153836935322033,-14.14973358007748416,0.00000000000000000,2
response-low_pass-96000-128-4-2,96000,low_pass,9600.00000000000000000,19200.00000000000000000,128,-14.14973347970818018,-14.14973313552507328,-14.14973385777217807,-14.14973345725818454,-149.32153836935322033,-14.14973358007748416,0.00000000000000000,2
response-low_pass-96000-255-4-2,96000,low_pass,9600.00000000000000000,19200.00000000000000000,255,-14.14973347970818018,-14.14973313552507328,-14.14973385777217807,-14.14973345725818454,-149.32153836935322033,-14.14973358007748416,0.00000000000000000,2
response-low_pass-96000-1024-4-2,96000,low_pass,9600.00000000000000000,19200.00000000000000000,1024,-14.14973347970818018,-14.14973313552507328,-14.14973385777217807,-14.14973345725818454,-149.32153836935322033,-14.14973358007748416,0.00000000000000000,2
response-low_pass-96000-1-4-3,96000,low_pass,9600.00000000000000000,38400.00000000000000000,1,-39.05845638466504965,-39.05845602182285603,-39.05844130750070065,-39.05845668566512074,-164.40621889679360379,-39.05845680848192103,0.00000000000000000,2
response-low_pass-96000-127-4-3,96000,low_pass,9600.00000000000000000,38400.00000000000000000,127,-39.05845638466504965,-39.05845602182285603,-39.05844130750070065,-39.05845668566512074,-164.40621889679360379,-39.05845680848192103,0.00000000000000000,2
response-low_pass-96000-128-4-3,96000,low_pass,9600.00000000000000000,38400.00000000000000000,128,-39.05845638466504965,-39.05845602182285603,-39.05844130750070065,-39.05845668566512074,-164.40621889679360379,-39.05845680848192103,0.00000000000000000,2
response-low_pass-96000-255-4-3,96000,low_pass,9600.00000000000000000,38400.00000000000000000,255,-39.05845638466504965,-39.05845602182285603,-39.05844130750070065,-39.05845668566512074,-164.40621889679360379,-39.05845680848192103,0.00000000000000000,2
response-low_pass-96000-1024-4-3,96000,low_pass,9600.00000000000000000,38400.00000000000000000,1024,-39.05845638466504965,-39.05845602182285603,-39.05844130750070065,-39.05845668566512074,-164.40621889679360379,-39.05845680848192103,0.00000000000000000,2
response-low_pass-96000-1-4-4,96000,low_pass,9600.00000000000000000,43200.00000000000000000,1,-51.54048834718018668,-51.54048798407330878,-51.54044906945764382,-51.54048842469535430,-155.45445137030336014,-51.54048851781232798,0.00000000000000000,2
response-low_pass-96000-127-4-4,96000,low_pass,9600.00000000000000000,43200.00000000000000000,127,-51.54048834718018668,-51.54048798407330878,-51.54044906945764382,-51.54048842469535430,-155.45445137030336014,-51.54048851781232798,0.00000000000000000,2
response-low_pass-96000-128-4-4,96000,low_pass,9600.00000000000000000,43200.00000000000000000,128,-51.54048834718018668,-51.54048798407330878,-51.54044906945764382,-51.54048842469535430,-155.45445137030336014,-51.54048851781232798,0.00000000000000000,2
response-low_pass-96000-255-4-4,96000,low_pass,9600.00000000000000000,43200.00000000000000000,255,-51.54048834718018668,-51.54048798407330878,-51.54044906945764382,-51.54048842469535430,-155.45445137030336014,-51.54048851781232798,0.00000000000000000,2
response-low_pass-96000-1024-4-4,96000,low_pass,9600.00000000000000000,43200.00000000000000000,1024,-51.54048834718018668,-51.54048798407330878,-51.54044906945764382,-51.54048842469535430,-155.45445137030336014,-51.54048851781232798,0.00000000000000000,2
response-low_pass-96000-1-5-0,96000,low_pass,43200.00000000000000000,10800.00000000000000000,1,-0.00005062420019723,-0.00005061418362800,-0.00005066194559552,-0.00005063684725499,-149.79924831486218295,-0.00005058540645526,0.00000000000000000,2
response-low_pass-96000-127-5-0,96000,low_pass,43200.00000000000000000,10800.00000000000000000,127,-0.00005062420019723,-0.00005061418362800,-0.00005066194559552,-0.00005063684725499,-149.79924831486218295,-0.00005058540645526,0.00000000000000000,2
response-low_pass-96000-128-5-0,96000,low_pass,43200.00000000000000000,10800.00000000000000000,128,-0.00005062420019723,-0.00005061418362800,-0.00005066194559552,-0.00005063684725499,-149.79924831486218295,-0.00005058540645526,0.00000000000000000,2
response-low_pass-96000-255-5-0,96000,low_pass,43200.00000000000000000,10800.00000000000000000,255,-0.00005062420019723,-0.00005061418362800,-0.00005066194559552,-0.00005063684725499,-149.79924831486218295,-0.00005058540645526,0.00000000000000000,2
response-low_pass-96000-1024-5-0,96000,low_pass,43200.00000000000000000,10800.00000000000000000,1024,-0.00005062420019723,-0.00005061418362800,-0.00005066194559552,-0.00005063684725499,-149.79924831486218295,-0.00005058540645526,0.00000000000000000,2
response-low_pass-96000-1-5-1,96000,low_pass,43200.00000000000000000,19200.00000000000000000,1,-0.00076144836472715,-0.00076140959593448,-0.00076116948185555,-0.00076139569388338,-149.14094487552884516,-0.00076151851183374,0.00000000000000000,2
response-low_pass-96000-127-5-1,96000,low_pass,43200.00000000000000000,19200.00000000000000000,127,-0.00076144836472715,-0.00076140959593448,-0.00076116948185555,-0.00076139569388338,-149.14094487552884516,-0.00076151851183374,0.00000000000000000,2
response-low_pass-96000-128-5-1,96000,low_pass,43200.00000000000000000,19200.00000000000000000,128,-0.00076144836472715,-0.00076140959593448,-0.00076116948185555,-0.00076139569388338,-149.14094487552884516,-0.00076151851183374,0.00000000000000000,2
response-low_pass-96000-255-5-1,96000,low_pass,43200.00000000000000000,19200.00000000000000000,255,-0.00076144836472715,-0.00076140959593448,-0.00076116948185555,-0.00076139569388338,-149.14094487552884516,-0.00076151851183374,0.00000000000000000,2
response-low_pass-96000-1024-5-1,96000,low_pass,43200.00000000000000000,19200.00000000000000000,1024,-0.00076144836472715,-0.00076140959593448,-0.00076116948185555,-0.00076139569388338,-149.14094487552884516,-0.00076151851183374,0.00000000000000000,2
response-low_pass-96000-1-5-2,96000,low_pass,43200.00000000000000000,43200.00000000000000000,1,-3.01029995663981165,-3.01029877186257666,-3.01029793748254804,-3.01029967155565892,-132.08230835350076404,-3.01029976484765349,0.00000000000000000,2
response-low_pass-96000-127-5-2,96000,low_pass,43200.00000000000000000,43200.00000000000000000,127,-3.01029995663981165,-3.01029877186257666,-3.01029793748254804,-3.01029967155565892,-132.08230835350076404,-3.01029976484765349,0.00000000000000000,2
response-low_pass-96000-128-5-2,96000,low_pass,43200.00000000000000000,43200.00000000000000000,128,-3.01029995663981165,-3.01029877186257666,-3.01029793748254804,-3.01029967155565892,-132.08230835350076404,-3.01029976484765349,0.00000000000000000,2
response-low_pass-96000-255-5-2,96000,low_pass,43200.00000000000000000,43200.00000000000000000,255,-3.01029995663981165,-3.01029877186257666,-3.01029793748254804,-3.01029967155565892,-132.08230835350076404,-3.01029976484765349,0.00000000000000000,2
response-low_pass-96000-1024-5-2,96000,low_pass,43200.00000000000000000,43200.00000000000000000,1024,-3.01029995663981165,-3.01029877186257666,-3.01029793748254804,-3.01029967155565892,-132.08230835350076404,-3.01029976484765349,0.00000000000000000,2
response-low_pass-96000-1-5-3,96000,low_pass,43200.00000000000000000,47996.00000000000000000,1,-123.31095521832588702,-123.31095580010997992,-123.30503551430075504,-123.31096825732112165,-141.13340231768992794,-123.23985015787144448,0.00000000000000000,2
response-low_pass-96000-127-5-3,96000,low_pass,43200.00000000000000000,47996.00000000000000000,127,-123.31095521832588702,-123.31095580010997992,-123.30503551430075504,-123.31096825732112165,-141.13340231768992794,-123.23985015787144448,0.00000000000000000,2
response-low_pass-96000-128-5-3,96000,low_pass,43200.00000000000000000,47996.00000000000000000,128,-123.31095521832588702,-123.31095580010997992,-123.30503551430075504,-123.31096825732112165,-141.13340231768992794,-123.23985015787144448,0.00000000000000000,2
response-low_pass-96000-255-5-3,96000,low_pass,43200.00000000000000000,47996.00000000000000000,255,-123.31095521832588702,-123.31095580010997992,-123.30503551430075504,-123.31096825732112165,-141.13340231768992794,-123.23985015787144448,0.00000000000000000,2
response-low_pass-96000-1024-5-3,96000,low_pass,43200.00000000000000000,47996.00000000000000000,1024,-123.31095521832588702,-123.31095580010997992,-123.30503551430075504,-123.31096825732112165,-141.13340231768992794,-123.23985015787144448,0.00000000000000000,2
response-cascade-96000-1-0-0,96000,cascade,10.00000000000000000,4.00000000000000000,1,-16.03432413103524823,-16.03432420615671461,-16.03431543477517707,-16.03433381675642977,-132.41264055364973729,-16.03433381775180777,0.00000000000000000,0
response-cascade-96000-127-0-0,96000,cascade,10.00000000000000000,4.00000000000000000,127,-16.03432413103524823,-16.03432420615671461,-16.03431543477517707,-16.03433381675642977,-132.41264055364973729,-16.03433381775180777,0.00000000000000000,0
response-cascade-96000-128-0-0,96000,cascade,10.00000000000000000,4.00000000000000000,128,-16.03432413103524823,-16.03432420615671461,-16.03431543477517707,-16.03433381675642977,-132.41264055364973729,-16.03433381775180777,0.00000000000000000,0
response-cascade-96000-255-0-0,96000,cascade,10.00000000000000000,4.00000000000000000,255,-16.03432413103524823,-16.03432420615671461,-16.03431543477517707,-16.03433381675642977,-132.41264055364973729,-16.03433381775180777,0.00000000000000000,0
response-cascade-96000-1024-0-0,96000,cascade,10.00000000000000000,4.00000000000000000,1024,-16.03432413103524823,-16.03432420615671461,-16.03431543477517707,-16.03433381675642977,-132.41264055364973729,-16.03433381775180777,0.00000000000000000,0
response-cascade-96000-1-0-1,96000,cascade,10.00000000000000000,12.00000000000000000,1,-2.23847019895451460,-2.23846976994622748,-2.23846363080578836,-2.23846755552936738,-128.46005953947187095,-2.23846755824411137,0.00000000000000000,0
response-cascade-96000-127-0-1,96000,cascade,10.00000000000000000,12.00000000000000000,127,-2.23847019895451460,-2.23846976994622748,-2.23846363080578836,-2.23846755552936738,-128.46005953947187095,-2.23846755824411137,0.00000000000000000,0
response-cascade-96000-128-0-1,96000,cascade,10.00000000000000000,12.00000000000000000,128,-2.23847019895451460,-2.23846976994622748,-2.23846363080578836,-2.23846755552936738,-128.46005953947187095,-2.23846755824411137,0.00000000000000000,0
response-cascade-96000-255-0-1,96000,cascade,10.00000000000000000,12.00000000000000000,255,-2.23847019895451460,-2.23846976994622748,-2.23846363080578836,-2.23846755552936738,-128.46005953947187095,-2.23846755824411137,0.00000000000000000,0
response-cascade-96000-1024-0-1,96000,cascade,10.00000000000000000,12.00000000000000000,1024,-2.23847019895451460,-2.23846976994622748,-2.23846363080578836,-2.23846755552936738,-128.46005953947187095,-2.23846755824411137,0.00000000000000000,0
response-cascade-96000-1-0-2,96000,cascade,10.00000000000000000,40.00000000000000000,1,-12.32142776139360762,-12.32142738879572974,-12.32142024291805704,-12.32142415355970577,-149.68728573183139474,-12.32142414171472211,0.00000000000000000,0
response-cascade-96000-127-0-2,96000,cascade,10.00000000000000000,40.00000000000000000,127,-12.32142776139360762,-12.32142738879572974,-12.32142024291805704,-12.32142415355970577,-149.68728573183139474,-12.32142414171472211,0.00000000000000000,0
response-cascade-96000-128-0-2,96000,cascade,10.00000000000000000,40.00000000000000000,128,-12.32142776139360762,-12.32142738879572974,-12.32142024291805704,-12.32142415355970577,-149.68728573183139474,-12.32142414171472211,0.00000000000000000,0
response-cascade-96000-255-0-2,96000,cascade,10.00000000000000000,40.00000000000000000,255,-12.32142776139360762,-12.32142738879572974,-12.32142024291805704,-12.32142415355970577,-149.68728573183139474,-12.32142414171472211,0.00000000000000000,0
response-cascade-96000-1024-0-2,96000,cascade,10.00000000000000000,40.00000000000000000,1024,-12.32142776139360762,-12.32142738879572974,-12.32142024291805704,-12.32142415355970577,-149.68728573183139474,-12.32142414171472211,0.00000000000000000,0
response-cascade-96000-1-0-3,96000,cascade,10.00000000000000000,19200.00000000000000000,1,-121.81409373481720593,-121.81409353421976505,-121.82052205593129202,-121.81410129178198076,-164.36578173889782306,-121.80733661000076040,0.00000000000000000,0
response-cascade-96000-127-0-3,96000,cascade,10.00000000000000000,19200.00000000000000000,127,-121.81409373481720593,-121.81409353421976505,-121.82052205593129202,-121.81410129178198076,-164.36578173889782306,-121.80733661000076040,0.00000000000000000,0
response-cascade-96000-128-0-3,96000,cascade,10.00000000000000000,19200.00000000000000000,128,-121.81409373481720593,-121.81409353421976505,-121.82052205593129202,-121.81410129178198076,-164.36578173889782306,-121.80733661000076040,0.00000000000000000,0
response-cascade-96000-255-0-3,96000,cascade,10.00000000000000000,19200.00000000000000000,255,-121.81409373481720593,-121.81409353421976505,-121.82052205593129202,-121.81410129178198076,-164.36578173889782306,-121.80733661000076040,0.00000000000000000,0
response-cascade-96000-1024-0-3,96000,cascade,10.00000000000000000,19200.00000000000000000,1024,-121.81409373481720593,-121.81409353421976505,-121.82052205593129202,-121.81410129178198076,-164.36578173889782306,-121.80733661000076040,0.00000000000000000,0
response-cascade-96000-1-0-4,96000,cascade,10.00000000000000000,43200.00000000000000000,1,-159.37515153477596641,-159.37515133417906554,-159.40572774367171860,-159.37514802976932060,-178.17882641143907563,-159.31829514619045085,0.00000000000000000,0
response-cascade-96000-127-0-4,96000,cascade,10.00000000000000000,43200.00000000000000000,127,-159.37515153477596641,-159.37515133417906554,-159.40572774367171860,-159.37514802976932060,-178.17882641143907563,-159.31829514619045085,0.00000000000000000,0
response-cascade-96000-128-0-4,96000,cascade,10.00000000000000000,43200.00000000000000000,128,-159.37515153477596641,-159.37515133417906554,-159.40572774367171860,-159.37514802976932060,-178.17882641143907563,-159.31829514619045085,0.00000000000000000,0
response-cascade-96000-255-0-4,96000,cascade,10.00000000000000000,43200.00000000000000000,255,-159.37515153477596641,-159.37515133417906554,-159.40572774367171860,-159.37514802976932060,-178.17882641143907563,-159.31829514619045085,0.00000000000000000,0
response-cascade-96000-1024-0-4,96000,cascade,10.00000000000000000,43200.00000000000000000,1024,-159.37515153477596641,-159.37515133417906554,-159.40572774367171860,-159.37514802976932060,-178.17882641143907563,-159.31829514619045085,0.00000000000000000,0
response-cascade-96000-1-1-0,96000,cascade,20.00000000000000000,4.00000000000000000,1,-16.02781524847720007,-16.02781535722797202,-16.02779979015344480,-16.02782458626520423,-129.59530570106784353,-16.02782458725160097,0.00000000000000000,0
response-cascade-96000-127-1-0,96000,cascade,20.00000000000000000,4.00000000000000000,127,-16.02781524847720007,-16.02781535722797202,-16.02779979015344480,-16.02782458626520423,-129.59530570106784353,-16.02782458725160097,0.00000000000000000,0
response-cascade-96000-128-1-0,96000,cascade,20.00000000000000000,4.00000000000000000,128,-16.02781524847720007,-16.02781535722797202,-16.02779979015344480,-16.02782458626520423,-129.59530570106784353,-16.02782458725160097,0.00000000000000000,0
response-cascade-96000-255-1-0,96000,cascade,20.00000000000000000,4.00000000000000000,255,-16.02781524847720007,-16.02781535722797202,-16.02779979015344480,-16.02782458626520423,-129.59530570106784353,-16.02782458725160097,0.00000000000000000,0
response-cascade-96000-1024-1-0,96000,cascade,20.00000000000000000,4.00000000000000000,1024,-16.02781524847720007,-16.02781535722797202,-16.02779979015344480,-16.02782458626520423,-129.59530570106784353,-16.02782458725160097,0.00000000000000000,0
response-cascade-96000-1-1-1,96000,cascade,20.00000000000000000,20.00000000000000000,1,-0.52657822671743126,-0.52657834734350706,-0.52658005326662560,-0.52657735612783896,-130.60248477927223121,-0.52657734975929582,0.00000000000000000,0
response-cascade-96000-127-1-1,96000,cascade,20.00000000000000000,20.00000000000000000,127,-0.52657822671743126,-0.52657834734350706,-0.52658005326662560,-0.52657735612783896,-130.60248477927223121,-0.52657734975929582,0.00000000000000000,0
response-cascade-96000-128-1-1,96000,cascade,20.00000000000000000,20.00000000000000000,128,-0.52657822671743126,-0.52657834734350706,-0.52658005326662560,-0.52657735612783896,-130.60248477927223121,-0.52657734975929582,0.00000000000000000,0
response-cascade-96000-255-1-1,96000,cascade,20.00000000000000000,20.00000000000000000,255,-0.52657822671743126,-0.52657834734350706,-0.52658005326662560,-0.52657735612783896,-130.60248477927223121,-0.52657734975929582,0.00000000000000000,0
response-cascade-96000-1024-1-1,96000,cascade,20.00000000000000000,20.00000000000000000,1024,-0.52657822671743126,-0.52657834734350706,-0.52658005326662560,-0.52657735612783896,-130.60248477927223121,-0.52657734975929582,0.00000000000000000,0
response-cascade-96000-1-1-2,96000,cascade,20.00000000000000000,80.00000000000000000,1,-12.30557737935590978,-12.30557826608762184,-12.30557696842240922,-12.30558299630803809,-148.59357011741911947,-12.30558297876836527,0.00000000000000000,0
response-cascade-96000-127-1-2,96000,cascade,20.00000000000000000,80.00000000000000000,127,-12.30557737935590978,-12.30557826608762184,-12.30557696842240922,-12.30558299630803809,-148.59357011741911947,-12.30558297876836527,0.00000000000000000,0
response-cascade-96000-128-1-2,96000,cascade,20.00000000000000000,80.00000000000000000,128,-12.30557737935590978,-12.30557826608762184,-12.30557696842240922,-12.30558299630803809,-148.59357011741911947,-12.30558297876836527,0.00000000000000000,0
response-cascade-96000-255-1-2,96000,cascade,20.00000000000000000,80.00000000000000000,255,-12.30557737935590978,-12.30557826608762184,-12.30557696842240922,-12.30558299630803809,-148.59357011741911947,-12.30558297876836527,0.00000000000000000,0
response-cascade-96000-1024-1-2,96000,cascade,20.00000000000000000,80.00000000000000000,1024,-12.30557737935590978,-12.30557826608762184,-12.30557696842240922,-12.30558299630803809,-148.59357011741911947,-12.30558297876836527,0.00000000000000000,0
response-cascade-96000-1-1-3,96000,cascade,20.00000000000000000,19200.00000000000000000,1,-109.77288646719547671,-109.77288720645901776,-109.77353875632964275,-109.77288707257146427,-174.75418678146780849,-109.77266554201133886,0.00000000000000000,0
response-cascade-96000-127-1-3,96000,cascade,20.00000000000000000,19200.00000000000000000,127,-109.77288646719547671,-109.77288720645901776,-109.77353875632964275,-109.77288707257146427,-174.75418678146780849,-109.77266554201133886,0.00000000000000000,0
response-cascade-96000-128-1-3,96000,cascade,20.00000000000000000,19200.00000000000000000,128,-109.77288646719547671,-109.77288720645901776,-109.77353875632964275,-109.77288707257146427,-174.75418678146780849,-109.77266554201133886,0.00000000000000000,0
response-cascade-96000-255-1-3,96000,cascade,20.00000000000000000,19200.00000000000000000,255,-109.77288646719547671,-109.77288720645901776,-109.77353875632964275,-109.77288707257146427,-174.75418678146780849,-109.77266554201133886,0.00000000000000000,0
response-cascade-96000-1024-1-3,96000,cascade,20.00000000000000000,19200.00000000000000000,1024,-109.77288646719547671,-109.77288720645901776,-109.77353875632964275,-109.77288707257146427,-174.75418678146780849,-109.77266554201133886,0.00000000000000000,0
response-cascade-96000-1-1-4,96000,cascade,20.00000000000000000,43200.00000000000000000,1,-147.33394426711134884,-147.33394500637044189,-147.41672357744928945,-147.33392963677363241,-162.45169560131989783,-147.19746246574038651,0.00000000000000000,0
response-cascade-96000-127-1-4,96000,cascade,20.00000000000000000,43200.00000000000000000,127,-147.33394426711134884,-147.33394500637044189,-147.41672357744928945,-147.33392963677363241,-162.45169560131989783,-147.19746246574038651,0.00000000000000000,0
response-cascade-96000-128-1-4,96000,cascade,20.00000000000000000,43200.00000000000000000,128,-147.33394426711134884,-147.33394500637044189,-147.41672357744928945,-147.33392963677363241,-162.45169560131989783,-147.19746246574038651,0.00000000000000000,0
response-cascade-96000-255-1-4,96000,cascade,20.00000000000000000,43200.00000000000000000,255,-147.33394426711134884,-147.33394500637044189,-147.41672357744928945,-147.33392963677363241,-162.45169560131989783,-147.19746246574038651,0.00000000000000000,0
response-cascade-96000-1024-1-4,96000,cascade,20.00000000000000000,43200.00000000000000000,1024,-147.33394426711134884,-147.33394500637044189,-147.41672357744928945,-147.33392963677363241,-162.45169560131989783,-147.19746246574038651,0.00000000000000000,0
response-cascade-96000-1-2-0,96000,cascade,100.00000000000000000,24.00000000000000000,1,-12.97589304795805631,-12.97589324087187457,-12.97589129403638708,-12.97588643017414967,-134.66628230366498542,-12.97588642649605006,0.00000000000000000,1148
response-cascade-96000-127-2-0,96000,cascade,100.00000000000000000,24.00000000000000000,127,-12.97589304795805631,-12.97589324087187457,-12.97589129403638708,-12.97588643017414967,-134.66628230366498542,-12.97588642649605006,0.00000000000000000,1148
response-cascade-96000-128-2-0,96000,cascade,100.00000000000000000,24.00000000000000000,128,-12.97589304795805631,-12.97589324087187457,-12.97589129403638708,-12.97588643017414967,-134.66628230366498542,-12.97588642649605006,0.00000000000000000,1148
response-cascade-96000-255-2-0,96000,cascade,100.00000000000000000,24.00000000000000000,255,-12.97589304795805631,-12.97589324087187457,-12.97589129403638708,-12.97588643017414967,-134.66628230366498542,-12.97588642649605006,0.00000000000000000,1148
response-cascade-96000-1024-2-0,96000,cascade,100.00000000000000000,24.00000000000000000,1024,-12.97589304795805631,-12.97589324087187457,-12.97589129403638708,-12.97588643017414967,-134.66628230366498542,-12.97588642649605006,0.00000000000000000,1148
response-cascade-96000-1-2-1,96000,cascade,100.00000000000000000,100.00000000000000000,1,-0.52656509523348571,-0.52656530490108966,-0.52656831413595329,-0.52656551702540977,-137.34457889239078554,-0.52656549728421131,0.00000000000000000,1148
response-cascade-96000-127-2-1,96000,cascade,100.00000000000000000,100.00000000000000000,127,-0.52656509523348571,-0.52656530490108966,-0.52656831413595329,-0.52656551702540977,-137.34457889239078554,-0.52656549728421131,0.00000000000000000,1148
response-cascade-96000-128-2-1,96000,cascade,100.00000000000000000,100.00000000000000000,128,-0.52656509523348571,-0.52656530490108966,-0.52656831413595329,-0.52656551702540977,-137.34457889239078554,-0.52656549728421131,0.00000000000000000,1148
response-cascade-96000-255-2-1,96000,cascade,100.00000000000000000,100.00000000000000000,255,-0.52656509523348571,-0.52656530490108966,-0.52656831413595329,-0.52656551702540977,-137.34457889239078554,-0.52656549728421131,0.00000000000000000,1148
response-cascade-96000-1024-2-1,96000,cascade,100.00000000000000000,100.00000000000000000,1024,-0.52656509523348571,-0.52656530490108966,-0.52656831413595329,-0.52656551702540977,-137.34457889239078554,-0.52656549728421131,0.00000000000000000,1148
response-cascade-96000-1-2-2,96000,cascade,100.00000000000000000,400.00000000000000000,1,-12.30624955201120230,-12.30624996576257679,-12.30625348394839946,-12.30625028664239018,-147.38471419789587458,-12.30625026956177592,0.00000000000000000,1148
response-cascade-96000-127-2-2,96000,cascade,100.00000000000000000,400.00000000000000000,127,-12.30624955201120230,-12.30624996576257679,-12.30625348394839946,-12.30625028664239018,-147.38471419789587458,-12.30625026956177592,0.00000000000000000,1148
response-cascade-96000-128-2-2,96000,cascade,100.00000000000000000,400.00000000000000000,128,-12.30624955201120230,-12.30624996576257679,-12.30625348394839946,-12.30625028664239018,-147.38471419789587458,-12.30625026956177592,0.00000000000000000,1148
response-cascade-96000-255-2-2,96000,cascade,100.00000000000000000,400.00000000000000000,255,-12.30624955201120230,-12.30624996576257679,-12.30625348394839946,-12.30625028664239018,-147.38471419789587458,-12.30625026956177592,0.00000000000000000,1148
response-cascade-96000-1024-2-2,96000,cascade,100.00000000000000000,400.00000000000000000,1024,-12.30624955201120230,-12.30624996576257679,-12.30625348394839946,-12.30625028664239018,-147.38471419789587458,-12.30625026956177592,0.00000000000000000,1148
response-cascade-96000-1-2-3,96000,cascade,100.00000000000000000,19200.00000000000000000,1,-81.81384819122997953,-81.81384845512137360,-81.81366199756431001,-81.81384865895597613,-156.91306386241910786,-81.81384797126267472,0.00000000000000000,1148
response-cascade-96000-127-2-3,96000,cascade,100.00000000000000000,19200.00000000000000000,127,-81.81384819122997953,-81.81384845512137360,-81.81366199756431001,-81.81384865895597613,-156.91306386241910786,-81.81384797126267472,0.00000000000000000,1148
response-cascade-96000-128-2-3,96000,cascade,100.00000000000000000,19200.00000000000000000,128,-81.81384819122997953,-81.81384845512137360,-81.81366199756431001,-81.81384865895597613,-156.91306386241910786,-81.81384797126267472,0.00000000000000000,1148
response-cascade-96000-255-2-3,96000,cascade,100.00000000000000000,19200.00000000000000000,255,-81.81384819122997953,-81.81384845512137360,-81.81366199756431001,-81.81384865895597613,-156.91306386241910786,-81.81384797126267472,0.00000000000000000,1148
response-cascade-96000-1024-2-3,96000,cascade,100.00000000000000000,19200.00000000000000000,1024,-81.81384819122997953,-81.81384845512137360,-81.81366199756431001,-81.81384865895597613,-156.91306386241910786,-81.81384797126267472,0.00000000000000000,1148
response-cascade-96000-1-2-4,96000,cascade,100.00000000000000000,43200.00000000000000000,1,-119.37490596248288455,-119.37490622631800363,-119.36484769301166864,-119.37490667543696077,-193.82115837690562898,-119.37490660940794385,0.00000000000000000,1148
response-cascade-96000-127-2-4,96000,cascade,100.00000000000000000,43200.00000000000000000,127,-119.37490596248288455,-119.37490622631800363,-119.36484769301166864,-119.37490667543696077,-193.82115837690562898,-119.37490660940794385,0.00000000000000000,1148
response-cascade-96000-128-2-4,96000,cascade,100.00000000000000000,43200.00000000000000000,128,-119.37490596248288455,-119.37490622631800363,-119.36484769301166864,-119.37490667543696077,-193.82115837690562898,-119.37490660940794385,0.00000000000000000,1148
response-cascade-96000-255-2-4,96000,cascade,100.00000000000000000,43200.00000000000000000,255,-119.37490596248288455,-119.37490622631800363,-119.36484769301166864,-119.37490667543696077,-193.82115837690562898,-119.37490660940794385,0.00000000000000000,1148
response-cascade-96000-1024-2-4,96000,cascade,100.00000000000000000,43200.00000000000000000,1024,-119.37490596248288455,-119.37490622631800363,-119.36484769301166864,-119.37490667543696077,-193.82115837690562898,-119.37490660940794385,0.00000000000000000,1148
response-cascade-96000-1-3-0,96000,cascade,1000.00000000000000000,252.00000000000000000,1,-12.17650849226674836,-12.17650802546851274,-12.17650242885827083,-12.17650803359302003,-142.76818156879437538,-12.17650803630829515,0.00000000000000000,4
response-cascade-96000-127-3-0,96000,cascade,1000.00000000000000000,252.00000000000000000,127,-12.17650849226674836,-12.17650802546851274,-12.17650242885827083,-12.17650803359302003,-142.76818156879437538,-12.17650803630829515,0.00000000000000000,4
response-cascade-96000-128-3-0,96000,cascade,1000.00000000000000000,252.00000000000000000,128,-12.17650849226674836,-12.17650802546851274,-12.17650242885827083,-12.17650803359302003,-142.76818156879437538,-12.17650803630829515,0.00000000000000000,4
response-cascade-96000-255-3-0,96000,cascade,1000.00000000000000000,252.00000000000000000,255,-12.17650849226674836,-12.17650802546851274,-12.17650242885827083,-12.17650803359302003,-142.76818156879437538,-12.17650803630829515,0.00000000000000000,4
response-cascade-96000-1024-3-0,96000,cascade,1000.00000000000000000,252.00000000000000000,1024,-12.17650849226674836,-12.17650802546851274,-12.17650242885827083,-12.17650803359302003,-142.76818156879437538,-12.17650803630829515,0.00000000000000000,4
response-cascade-96000-1-3-1,96000,cascade,1000.00000000000000000,1000.00000000000000000,1,-0.52521174042051477,-0.52521201867039724,-0.52521060759704163,-0.52521232058793998,-144.02608420714705062,-0.52521226898424045,0.00000000000000000,4
response-cascade-96000-127-3-1,96000,cascade,1000.00000000000000000,1000.00000000000000000,127,-0.52521174042051477,-0.52521201867039724,-0.52521060759704163,-0.52521232058793998,-144.02608420714705062,-0.52521226898424045,0.00000000000000000,4
response-cascade-96000-128-3-1,96000,cascade,1000.00000000000000000,1000.00000000000000000,128,-0.52521174042051477,-0.52521201867039724,-0.52521060759704163,-0.52521232058793998,-144.02608420714705062,-0.52521226898424045,0.00000000000000000,4
response-cascade-96000-255-3-1,96000,cascade,1000.00000000000000000,1000.00000000000000000,255,-0.52521174042051477,-0.52521201867039724,-0.52521060759704163,-0.52521232058793998,-144.02608420714705062,-0.52521226898424045,0.00000000000000000,4
response-cascade-96000-1024-3-1,96000,cascade,1000.00000000000000000,1000.00000000000000000,1024,-0.52521174042051477,-0.52521201867039724,-0.52521060759704163,-0.52521232058793998,-144.02608420714705062,-0.52521226898424045,0.00000000000000000,4
response-cascade-96000-1-3-2,96000,cascade,1000.00000000000000000,4000.00000000000000000,1,-12.37595080276622816,-12.37595141631653739,-12.37595075444059134,-12.37595162453864361,-149.65386440083105413,-12.37595152174568369,0.00000000000000000,4
response-cascade-96000-127-3-2,96000,cascade,1000.00000000000000000,4000.00000000000000000,127,-12.37595080276622816,-12.37595141631653739,-12.37595075444059134,-12.37595162453864361,-149.65386440083105413,-12.37595152174568369,0.00000000000000000,4
response-cascade-96000-128-3-2,96000,cascade,1000.00000000000000000,4000.00000000000000000,128,-12.37595080276622816,-12.37595141631653739,-12.37595075444059134,-12.37595162453864361,-149.65386440083105413,-12.37595152174568369,0.00000000000000000,4
response-cascade-96000-255-3-2,96000,cascade,1000.00000000000000000,4000.00000000000000000,255,-12.37595080276622816,-12.37595141631653739,-12.37595075444059134,-12.37595162453864361,-149.65386440083105413,-12.37595152174568369,0.00000000000000000,4
response-cascade-96000-1024-3-2,96000,cascade,1000.00000000000000000,4000.00000000000000000,1024,-12.37595080276622816,-12.37595141631653739,-12.37595075444059134,-12.37595162453864361,-149.65386440083105413,-12.37595152174568369,0.00000000000000000,4
response-cascade-96000-1-3-3,96000,cascade,1000.00000000000000000,19200.00000000000000000,1,-41.78955508396567353,-41.78955544809277001,-41.78955159577536449,-41.78955549176375683,-165.37769502596174220,-41.78955561455925505,0.00000000000000000,4
response-cascade-96000-127-3-3,96000,cascade,1000.00000000000000000,19200.00000000000000000,127,-41.78955508396567353,-41.78955544809277001,-41.78955159577536449,-41.78955549176375683,-165.37769502596174220,-41.78955561455925505,0.00000000000000000,4
response-cascade-96000-128-3-3,96000,cascade,1000.00000000000000000,19200.00000000000000000,128,-41.78955508396567353,-41.78955544809277001,-41.78955159577536449,-41.78955549176375683,-165.37769502596174220,-41.78955561455925505,0.00000000000000000,4
response-cascade-96000-255-3-3,96000,cascade,1000.00000000000000000,19200.00000000000000000,255,-41.78955508396567353,-41.78955544809277001,-41.78955159577536449,-41.78955549176375683,-165.37769502596174220,-41.78955561455925505,0.00000000000000000,4
response-cascade-96000-1024-3-3,96000,cascade,1000.00000000000000000,19200.00000000000000000,1024,-41.78955508396567353,-41.78955544809277001,-41.78955159577536449,-41.78955549176375683,-165.37769502596174220,-41.78955561455925505,0.00000000000000000,4
response-cascade-96000-1-3-4,96000,cascade,1000.00000000000000000,43200.00000000000000000,1,-79.35032418091527973,-79.35032453544518205,-79.34988104663482034,-79.35032422378492356,-168.18858318597776247,-79.35032431133735997,0.00000000000000000,4
response-cascade-96000-127-3-4,96000,cascade,1000.00000000000000000,43200.00000000000000000,127,-79.35032418091527973,-79.35032453544518205,-79.34988104663482034,-79.35032422378492356,-168.18858318597776247,-79.35032431133735997,0.00000000000000000,4
response-cascade-96000-128-3-4,96000,cascade,1000.00000000000000000,43200.00000000000000000,128,-79.35032418091527973,-79.35032453544518205,-79.34988104663482034,-79.35032422378492356,-168.18858318597776247,-79.35032431133735997,0.00000000000000000,4
response-cascade-96000-255-3-4,96000,cascade,1000.00000000000000000,43200.00000000000000000,255,-79.35032418091527973,-79.35032453544518205,-79.34988104663482034,-79.35032422378492356,-168.18858318597776247,-79.35032431133735997,0.00000000000000000,4
response-cascade-96000-1024-3-4,96000,cascade,1000.00000000000000000,43200.00000000000000000,1024,-79.35032418091527973,-79.35032453544518205,-79.34988104663482034,-79.35032422378492356,-168.18858318597776247,-79.35032431133735997,0.00000000000000000,4
response-cascade-96000-1-4-0,96000,cascade,9600.00000000000000000,2400.00000000000000000,1,-12.40674645478372895,-12.40674674020945289,-12.40674413054476055,-12.40674583444500279,-152.56121463078835632,-12.40674590269262012,0.00000000000000000,6
response-cascade-96000-127-4-0,96000,cascade,9600.00000000000000000,2400.00000000000000000,127,-12.40674645478372895,-12.40674674020945289,-12.40674413054476055,-12.40674583444500279,-152.56121463078835632,-12.40674590269262012,0.00000000000000000,6
response-cascade-96000-128-4-0,96000,cascade,9600.00000000000000000,2400.00000000000000000,128,-12.40674645478372895,-12.40674674020945289,-12.40674413054476055,-12.40674583444500279,-152.56121463078835632,-12.40674590269262012,0.00000000000000000,6
response-cascade-96000-255-4-0,96000,cascade,9600.00000000000000000,2400.00000000000000000,255,-12.40674645478372895,-12.40674674020945289,-12.40674413054476055,-12.40674583444500279,-152.56121463078835632,-12.40674590269262012,0.00000000000000000,6
response-cascade-96000-1024-4-0,96000,cascade,9600.00000000000000000,2400.00000000000000000,1024,-12.40674645478372895,-12.40674674020945289,-12.40674413054476055,-12.40674583444500279,-152.56121463078835632,-12.40674590269262012,0.00000000000000000,6
response-cascade-96000-1-4-1,96000,cascade,9600.00000000000000000,9600.00000000000000000,1,-0.40886666387429438,-0.40886625655662201,-0.40886646706159407,-0.40886598224635745,-150.93762025254682158,-0.40886610506543902,0.00000000000000000,6
response-cascade-96000-127-4-1,96000,cascade,9600.00000000000000000,9600.00000000000000000,127,-0.40886666387429438,-0.40886625655662201,-0.40886646706159407,-0.40886598224635745,-150.93762025254682158,-0.40886610506543902,0.00000000000000000,6
response-cascade-96000-128-4-1,96000,cascade,9600.00000000000000000,9600.00000000000000000,128,-0.40886666387429438,-0.40886625655662201,-0.40886646706159407,-0.40886598224635745,-150.93762025254682158,-0.40886610506543902,0.00000000000000000,6
response-cascade-96000-255-4-1,96000,cascade,9600.00000000000000000,9600.00000000000000000,255,-0.40886666387429438,-0.40886625655662201,-0.40886646706159407,-0.40886598224635745,-150.93762025254682158,-0.40886610506543902,0.00000000000000000,6
response-cascade-96000-1024-4-1,96000,cascade,9600.00000000000000000,9600.00000000000000000,1024,-0.40886666387429438,-0.40886625655662201,-0.40886646706159407,-0.40886598224635745,-150.93762025254682158,-0.40886610506543902,0.00000000000000000,6
response-cascade-96000-1-4-2,96000,cascade,9600.00000000000000000,19200.00000000000000000,1,-3.02009711787597634,-3.02009686839220759,-3.02009685587061716,-3.02009649316791240,-166.52038536773929422,-3.02009661598736479,0.00000000000000000,6
response-cascade-96000-127-4-2,96000,cascade,9600.00000000000000000,19200.00000000000000000,127,-3.02009711787597634,-3.02009686839220759,-3.02009685587061716,-3.02009649316791240,-166.52038536773929422,-3.02009661598736479,0.00000000000000000,6
response-cascade-96000-128-4-2,96000,cascade,9600.00000000000000000,19200.00000000000000000,128,-3.02009711787597634,-3.02009686839220759,-3.02009685587061716,-3.02009649316791240,-166.52038536773929422,-3.02009661598736479,0.00000000000000000,6
response-cascade-96000-255-4-2,96000,cascade,9600.00000000000000000,19200.00000000000000000,255,-3.02009711787597634,-3.02009686839220759,-3.02009685587061716,-3.02009649316791240,-166.52038536773929422,-3.02009661598736479,0.00000000000000000,6
response-cascade-96000-1024-4-2,96000,cascade,9600.00000000000000000,19200.00000000000000000,1024,-3.02009711787597634,-3.02009686839220759,-3.02009685587061716,-3.02009649316791240,-166.52038536773929422,-3.02009661598736479,0.00000000000000000,6
response-cascade-96000-1-4-3,96000,cascade,9600.00000000000000000,38400.00000000000000000,1,-25.09201392652979479,-25.09201414728712365,-25.09201803828074873,-25.09201418741053757,-147.40282881804176895,-25.09201431022845341,0.00000000000000000,6
response-cascade-96000-127-4-3,96000,cascade,9600.00000000000000000,38400.00000000000000000,127,-25.09201392652979479,-25.09201414728712365,-25.09201803828074873,-25.09201418741053757,-147.40282881804176895,-25.09201431022845341,0.00000000000000000,6
response-cascade-96000-128-4-3,96000,cascade,9600.00000000000000000,38400.00000000000000000,128,-25.09201392652979479,-25.09201414728712365,-25.09201803828074873,-25.09201418741053757,-147.40282881804176895,-25.09201431022845341,0.00000000000000000,6
response-cascade-96000-255-4-3,96000,cascade,9600.00000000000000000,38400.00000000000000000,255,-25.09201392652979479,-25.09201414728712365,-25.09201803828074873,-25.09201418741053757,-147.40282881804176895,-25.09201431022845341,0.00000000000000000,6
response-cascade-96000-1024-4-3,96000,cascade,9600.00000000000000000,38400.00000000000000000,1024,-25.09201392652979479,-25.09201414728712365,-25.09201803828074873,-25.09201418741053757,-147.40282881804176895,-25.09201431022845341,0.00000000000000000,6
response-cascade-96000-1-4-4,96000,cascade,9600.00000000000000000,43200.00000000000000000,1,-37.56182096815186355,-37.56182121894840265,-37.56183437727251828,-37.56182133609871698,-145.60432700784267013,-37.56182142932370027,0.00000000000000000,6
response-cascade-96000-127-4-4,96000,cascade,9600.00000000000000000,43200.00000000000000000,127,-37.56182096815186355,-37.56182121894840265,-37.56183437727251828,-37.56182133609871698,-145.60432700784267013,-37.56182142932370027,0.00000000000000000,6
response-cascade-96000-128-4-4,96000,cascade,9600.00000000000000000,43200.00000000000000000,128,-37.56182096815186355,-37.56182121894840265,-37.56183437727251828,-37.56182133609871698,-145.60432700784267013,-37.56182142932370027,0.00000000000000000,6
response-cascade-96000-255-4-4,96000,cascade,9600.00000000000000000,43200.00000000000000000,255,-37.56182096815186355,-37.56182121894840265,-37.56183437727251828,-37.56182133609871698,-145.60432700784267013,-37.56182142932370027,0.00000000000000000,6
response-cascade-96000-1024-4-4,96000,cascade,9600.00000000000000000,43200.00000000000000000,1024,-37.56182096815186355,-37.56182121894840265,-37.56183437727251828,-37.56182133609871698,-145.60432700784267013,-37.56182142932370027,0.00000000000000000,6
response-cascade-96000-1-5-0,96000,cascade,43200.00000000000000000,10800.00000000000000000,1,-14.73131089116686354,-14.73131151326639632,-14.73131219428880812,-14.73131161787982357,-144.80753506302076516,-14.73131156643830764,0.00000000000000000,4
response-cascade-96000-127-5-0,96000,cascade,43200.00000000000000000,10800.00000000000000000,127,-14.73131089116686354,-14.73131151326639632,-14.73131219428880812,-14.73131161787982357,-144.80753506302076516,-14.73131156643830764,0.00000000000000000,4
response-cascade-96000-128-5-0,96000,cascade,43200.00000000000000000,10800.00000000000000000,128,-14.73131089116686354,-14.73131151326639632,-14.73131219428880812,-14.73131161787982357,-144.80753506302076516,-14.73131156643830764,0.00000000000000000,4
response-cascade-96000-255-5-0,96000,cascade,43200.00000000000000000,10800.00000000000000000,255,-14.73131089116686354,-14.73131151326639632,-14.73131219428880812,-14.73131161787982357,-144.80753506302076516,-14.73131156643830764,0.00000000000000000,4
response-cascade-96000-1024-5-0,96000,cascade,43200.00000000000000000,10800.00000000000000000,1024,-14.73131089116686354,-14.73131151326639632,-14.73131219428880812,-14.73131161787982357,-144.80753506302076516,-14.73131156643830764,0.00000000000000000,4
response-cascade-96000-1-5-1,96000,cascade,43200.00000000000000000,19200.00000000000000000,1,-4.63843859665104219,-4.63843890851069141,-4.63843808174334349,-4.63843801829645752,-143.22157312589919798,-4.63843814111593566,0.00000000000000000,4
response-cascade-96000-127-5-1,96000,cascade,43200.00000000000000000,19200.00000000000000000,127,-4.63843859665104219,-4.63843890851069141,-4.63843808174334349,-4.63843801829645752,-143.22157312589919798,-4.63843814111593566,0.00000000000000000,4
response-cascade-96000-128-5-1,96000,cascade,43200.00000000000000000,19200.00000000000000000,128,-4.63843859665104219,-4.63843890851069141,-4.63843808174334349,-4.63843801829645752,-143.22157312589919798,-4.63843814111593566,0.00000000000000000,4
response-cascade-96000-255-5-1,96000,cascade,43200.00000000000000000,19200.00000000000000000,255,-4.63843859665104219,-4.63843890851069141,-4.63843808174334349,-4.63843801829645752,-143.22157312589919798,-4.63843814111593566,0.00000000000000000,4
response-cascade-96000-1024-5-1,96000,cascade,43200.00000000000000000,19200.00000000000000000,1024,-4.63843859665104219,-4.63843890851069141,-4.63843808174334349,-4.63843801829645752,-143.22157312589919798,-4.63843814111593566,0.00000000000000000,4
response-cascade-96000-1-5-2,96000,cascade,43200.00000000000000000,43200.00000000000000000,1,-0.25846797881167122,-0.25846833089333704,-0.25846782680410763,-0.25846857728370748,-132.34663558630887792,-0.25846867057578499,0.00000000000000000,4
response-cascade-96000-127-5-2,96000,cascade,43200.00000000000000000,43200.00000000000000000,127,-0.25846797881167122,-0.25846833089333704,-0.25846782680410763,-0.25846857728370748,-132.34663558630887792,-0.25846867057578499,0.00000000000000000,4
response-cascade-96000-128-5-2,96000,cascade,43200.00000000000000000,43200.00000000000000000,128,-0.25846797881167122,-0.25846833089333704,-0.25846782680410763,-0.25846857728370748,-132.34663558630887792,-0.25846867057578499,0.00000000000000000,4
response-cascade-96000-255-5-2,96000,cascade,43200.00000000000000000,43200.00000000000000000,255,-0.25846797881167122,-0.25846833089333704,-0.25846782680410763,-0.25846857728370748,-132.34663558630887792,-0.25846867057578499,0.00000000000000000,4
response-cascade-96000-1024-5-2,96000,cascade,43200.00000000000000000,43200.00000000000000000,1024,-0.25846797881167122,-0.25846833089333704,-0.25846782680410763,-0.25846857728370748,-132.34663558630887792,-0.25846867057578499,0.00000000000000000,4
response-cascade-96000-1-5-3,96000,cascade,43200.00000000000000000,47996.00000000000000000,1,-111.16182068366532576,-111.16181620898112214,-111.23306208255581851,-111.16183722909509868,-137.65240019963363238,-111.15210435217748852,0.00000000000000000,4
response-cascade-96000-127-5-3,96000,cascade,43200.00000000000000000,47996.00000000000000000,127,-111.16182068366532576,-111.16181620898112214,-111.23306208255581851,-111.16183722909509868,-137.65240019963363238,-111.15210435217748852,0.00000000000000000,4
response-cascade-96000-128-5-3,96000,cascade,43200.00000000000000000,47996.00000000000000000,128,-111.16182068366532576,-111.16181620898112214,-111.23306208255581851,-111.16183722909509868,-137.65240019963363238,-111.15210435217748852,0.00000000000000000,4
response-cascade-96000-255-5-3,96000,cascade,43200.00000000000000000,47996.00000000000000000,255,-111.16182068366532576,-111.16181620898112214,-111.23306208255581851,-111.16183722909509868,-137.65240019963363238,-111.15210435217748852,0.00000000000000000,4
response-cascade-96000-1024-5-3,96000,cascade,43200.00000000000000000,47996.00000000000000000,1024,-111.16182068366532576,-111.16181620898112214,-111.23306208255581851,-111.16183722909509868,-137.65240019963363238,-111.15210435217748852,0.00000000000000000,4
