
protocol_wasm_golden.wasm:	file format wasm 0x1
module name: <protocol_wasm_golden-a09ca4e14a178a05.wasm>

Section Details:

Type[30]:
 - type[0] () -> i32
 - type[1] (i32, i32, i32) -> nil
 - type[2] (i32, i32, i32, i32, i32) -> nil
 - type[3] (i32, i32) -> i32
 - type[4] (i32, i32, i32) -> i32
 - type[5] (i32) -> nil
 - type[6] (i32) -> i32
 - type[7] (i32, i32, i32, i32) -> nil
 - type[8] (i32, i32) -> nil
 - type[9] (i32, i32, i32, i32, i32, i32) -> nil
 - type[10] () -> nil
 - type[11] (i32, i32, i32, i32) -> i32
 - type[12] (i32, i32, i32, i32, i32) -> i32
 - type[13] (i32) -> i64
 - type[14] (i32, i32, i32, i32, i32, i32, i32, i32, i32, i32, i32, i32, i32, i32, i32, i32, i32) -> i32
 - type[15] (i32, i32, i32, i32, i32, i32, i64, i64, i64) -> nil
 - type[16] (i32, i64, i64) -> nil
 - type[17] (i32, f32, i32, i32) -> i32
 - type[18] (i32, f32, i32) -> i32
 - type[19] (i32, i32) -> i64
 - type[20] (i32, i32, i64) -> i32
 - type[21] (i32, i32, i32, i32, i32, i32) -> i32
 - type[22] (i32, i32, i32, i32, i32, i32, i32, i32, i32, i32, i32) -> nil
 - type[23] (i32, i32, i32, i32, i32, i32, i32, i32, i32, i32, i32, i32) -> nil
 - type[24] (i64, i64, i32, i32) -> i64
 - type[25] (i32, i32, i32, i32, i32, i32, i32, i32) -> nil
 - type[26] (i32, i32, i32, i32, i32, i32, i32) -> nil
 - type[27] (i32, f32, i32) -> nil
 - type[28] (i32, f32, i32, i32) -> nil
 - type[29] (i32, i64, i64, i64, i64) -> nil
Function[472]:
 - func[0] sig=5 <_RINvNtCsdkdt1aaAg1T_4core3ptr9drop_glueINtNtCsewWLk9TkM7w_5alloc3vec3VecNtNtCsghdAMdxnB6f_8protocol5model11SessionEditEECsf7JfMwSUWx6_20protocol_wasm_golden>
 - func[1] sig=5 <_RNvMs0_NtCsgis5MWNmFLl_8dlmalloc8dlmallocINtB5_8DlmallocNtNtB7_3sys6SystemE4freeCsdl5sGgnNXvY_3std>
 - func[2] sig=5 <_RINvNtCsdkdt1aaAg1T_4core3ptr9drop_glueNtNtCscFfmoX7dj9V_7session5model6EffectECsf7JfMwSUWx6_20protocol_wasm_golden>
 - func[3] sig=1 <_RNvNtCsdkdt1aaAg1T_4core9panicking5panic>
 - func[4] sig=5 <_RINvNtCsdkdt1aaAg1T_4core3ptr9drop_glueNtNtCsghdAMdxnB6f_8protocol12message_wire10DiagnosticECsf7JfMwSUWx6_20protocol_wasm_golden>
 - func[5] sig=6 <_RINvNtNtCsdl5sGgnNXvY_3std3sys9backtrace28___rust_begin_short_backtraceFENtNtB6_7process8ExitCodeB19_ECsf7JfMwSUWx6_20protocol_wasm_golden>
 - func[6] sig=0 <_RNvCsf7JfMwSUWx6_20protocol_wasm_golden4main>
 - func[7] sig=5 <_RNvNtCsghdAMdxnB6f_8protocol12session_wire27complete_all_opcode_fixture>
 - func[8] sig=6 <_RNvMs0_NtCsgis5MWNmFLl_8dlmalloc8dlmallocINtB5_8DlmallocNtNtB7_3sys6SystemE6mallocCsdl5sGgnNXvY_3std>
 - func[9] sig=2 <_RNvNtCsghdAMdxnB6f_8protocol11conformance12push_command>
 - func[10] sig=2 <_RNvNtCsghdAMdxnB6f_8protocol11conformance12push_success>
 - func[11] sig=2 <_RNvNtCsghdAMdxnB6f_8protocol12message_wire12write_non_ok>
 - func[12] sig=5 <_RNvMs3_NtCsewWLk9TkM7w_5alloc7raw_vecINtB5_6RawVecNtNtCsghdAMdxnB6f_8protocol11conformance16ConformanceFrameE8grow_oneBQ_>
 - func[13] sig=2 <_RNvNtCsghdAMdxnB6f_8protocol11conformance10push_event>
 - func[14] sig=5 <_RINvNtCsdkdt1aaAg1T_4core3ptr9drop_glueNtNtCsghdAMdxnB6f_8protocol12message_wire10DiagnosticEBF_>
 - func[15] sig=5 <_RINvNtCsdkdt1aaAg1T_4core3ptr9drop_glueINtNtCsewWLk9TkM7w_5alloc3vec3VecNtNtCsghdAMdxnB6f_8protocol5model11SessionEditEEB1c_>
 - func[16] sig=2 <_RNvMsb_NtCsghdAMdxnB6f_8protocol4wireNtB5_13ProtocolCodec13decode_header>
 - func[17] sig=1 <_RNvMs_NtCsghdAMdxnB6f_8protocol4btlvNtB4_6Fields11schema_spec>
 - func[18] sig=1 <_RNvNtCsdkdt1aaAg1T_4core9panicking18panic_bounds_check>
 - func[19] sig=7 <_RNvMs_NtCsghdAMdxnB6f_8protocol4btlvNtB4_6Fields3one>
 - func[20] sig=6 <_RNvNtCsghdAMdxnB6f_8protocol12message_wire29check_capabilities_invariants>
 - func[21] sig=2 <_RNvMsd_NtCsghdAMdxnB6f_8protocol12message_wireNtNtB7_4wire13ProtocolCodec25decode_transport_snapshot>
 - func[22] sig=7 <_RNvMs_NtCsghdAMdxnB6f_8protocol4btlvNtB4_6Fields12optional_one>
 - func[23] sig=2 <_RNvMsd_NtCsghdAMdxnB6f_8protocol12message_wireNtNtB7_4wire13ProtocolCodec23decode_counter_snapshot>
 - func[24] sig=2 <_RNvMsd_NtCsghdAMdxnB6f_8protocol12message_wireNtNtB7_4wire13ProtocolCodec30decode_telemetry_configuration>
 - func[25] sig=1 <_RNvMNtCsghdAMdxnB6f_8protocol12session_wireNtNtB4_4wire13ProtocolCodec40decode_session_transaction_frame_limited>
 - func[26] sig=1 <_RNvNtCsghdAMdxnB6f_8protocol12message_wire17decode_diagnostic>
 - func[27] sig=1 <_RNvMs9_NtCsghdAMdxnB6f_8protocol12message_wireNtB5_17DecodedMeterBatch6record>
 - func[28] sig=8 <_RNvXNtNtCsdkdt1aaAg1T_4core4iter8adaptersINtB2_12GenericShuntINtNtB2_3map3MapINtNtNtB4_7sources7from_fn6FromFnNCNvMs_NtCsghdAMdxnB6f_8protocol4btlvNtB1R_6Fields6valuess0_0ENCNvMsd_NtB1T_12message_wireNtNtB1T_4wire13ProtocolCodec23decode_diagnostics_page0EINtNtB6_6result6ResultNtNtB6_7convert10InfallibleNtB3e_11DecodeErrorEENtNtNtB4_6traits8iterator8Iterator4nextB1T_>
 - func[29] sig=7 <_RINvNvMs2_NtCsewWLk9TkM7w_5alloc7raw_vecINtB8_11RawVecInnerpE7reserve21do_reserve_and_handleNtNtBa_5alloc6GlobalECsghdAMdxnB6f_8protocol>
 - func[30] sig=8 <_RNvNtCsewWLk9TkM7w_5alloc7raw_vec12handle_error>
 - func[31] sig=6 <_RNvNtCsghdAMdxnB6f_8protocol12message_wire25validate_diagnostics_page>
 - func[32] sig=5 <_RINvNtCsdkdt1aaAg1T_4core3ptr9drop_glueNtNtCsghdAMdxnB6f_8protocol12message_wire15DiagnosticsPageEBF_>
 - func[33] sig=6 <_RNvNtCsghdAMdxnB6f_8protocol12message_wire21validate_state_record>
 - func[34] sig=5 <_RNvMs3_NtCsewWLk9TkM7w_5alloc7raw_vecINtB5_6RawVecNtNtCsghdAMdxnB6f_8protocol12message_wire20ParameterStateRecordE8grow_oneBQ_>
 - func[35] sig=1 <_RNvCs9wFQrvczXsK_7___rustc14___rust_dealloc>
 - func[36] sig=8 <_RNvXNtNtCsdkdt1aaAg1T_4core4iter8adaptersINtB2_12GenericShuntINtNtB2_3map3MapINtNtNtB4_7sources7from_fn6FromFnNCNvMs_NtCsghdAMdxnB6f_8protocol4btlvNtB1R_6Fields6valuess0_0ENCNvNtB1T_12message_wire20decode_metadata_page0EINtNtB6_6result6ResultNtNtB6_7convert10InfallibleNtNtB1T_4wire11DecodeErrorEENtNtNtB4_6traits8iterator8Iterator4nextB1T_>
 - func[37] sig=5 <_RINvNtCsdkdt1aaAg1T_4core3ptr9drop_glueNtNtCsghdAMdxnB6f_8protocol12message_wire19ParameterDescriptorEBF_>
 - func[38] sig=6 <_RINvYINtNtNtCsdkdt1aaAg1T_4core5slice4iter7WindowsNtNtCsghdAMdxnB6f_8protocol12message_wire19ParameterDescriptorENtNtNtNtBa_4iter6traits8iterator8Iterator8try_folduNCINvNvB1N_3any5checkRSBM_NCNvBO_20decode_metadata_pages_0E0INtNtNtBa_3ops12control_flow11ControlFlowuEEBQ_>
 - func[39] sig=5 <_RINvNtCsdkdt1aaAg1T_4core3ptr9drop_glueNtNtCsghdAMdxnB6f_8protocol12message_wire21ParameterMetadataPageEBF_>
 - func[40] sig=7 <_RNCNvNtCsghdAMdxnB6f_8protocol12message_wire13decode_non_oks_0B5_>
 - func[41] sig=1 <_RNvNtCsghdAMdxnB6f_8protocol12message_wire19decode_nonzero_u32s>
 - func[42] sig=6 <_RNvNtCsghdAMdxnB6f_8protocol12message_wire25validate_counters_request>
 - func[43] sig=8 <_RNvMs_NtCsghdAMdxnB6f_8protocol5queueNtB4_16AutomationRecord9decode_le>
 - func[44] sig=7 <_RNvMs8_NtCsghdAMdxnB6f_8protocol12message_wireNtB5_24DecodedAutomationEnqueue6record>
 - func[45] sig=8 <_RINvNtNtCsdkdt1aaAg1T_4core4iter8adapters11try_processINtNtB2_3map3MapINtNtNtB6_5slice4iter11ChunksExacthENvNtCsghdAMdxnB6f_8protocol4btlv8read_u32EmINtNtB6_6result6ResultNtNtB6_7convert10InfallibleNtNtB1K_4wire11DecodeErrorENCINvXso_B2q_IB2o_INtNtCsewWLk9TkM7w_5alloc3vec3VecmEB3a_EINtNtNtB4_6traits7collect12FromIteratorIB2o_mB3a_EE9from_iterBQ_E0B3T_EB1K_>
 - func[46] sig=3 <_RNvNtCsghdAMdxnB6f_8protocol12message_wire13check_handles>
 - func[47] sig=3 <_RNvXs1i_NtCsdkdt1aaAg1T_4core3fmtReNtB6_7Display3fmtCsf7JfMwSUWx6_20protocol_wasm_golden>
 - func[48] sig=1 <_RNvNtCsdkdt1aaAg1T_4core9panicking9panic_fmt>
 - func[49] sig=5 <_RINvNtCsdkdt1aaAg1T_4core9panicking13assert_failedjjEB4_>
 - func[50] sig=8 <_RNvNtCsewWLk9TkM7w_5alloc5alloc18handle_alloc_error>
 - func[51] sig=2 <_RNvNtCsdkdt1aaAg1T_4core6result13unwrap_failed>
 - func[52] sig=4 <_RNvMsa_NtCsdkdt1aaAg1T_4core3fmtNtB5_9Formatter3pad>
 - func[53] sig=0 <__original_main>
 - func[54] sig=5 <_RINvMs0_NtNtNtNtCsdl5sGgnNXvY_3std3sys4sync4once10no_threadsNtB6_4Once4callNCINvMs0_NtNtBe_4sync4onceNtB1k_4Once9call_onceNCNvNtBe_2rt7cleanup0E0EBe_>
 - func[55] sig=10 <_RNvNvMNtNtCsdl5sGgnNXvY_3std6thread2idNtB4_8ThreadId3new9exhausted>
 - func[56] sig=11 <_RNvCs9wFQrvczXsK_7___rustc14___rust_realloc>
 - func[57] sig=8 <_RNvMs0_NtCsgis5MWNmFLl_8dlmalloc8dlmallocINtB5_8DlmallocNtNtB7_3sys6SystemE12unlink_chunkCsdl5sGgnNXvY_3std>
 - func[58] sig=8 <_RNvMs0_NtCsgis5MWNmFLl_8dlmalloc8dlmallocINtB5_8DlmallocNtNtB7_3sys6SystemE13dispose_chunkCsdl5sGgnNXvY_3std>
 - func[59] sig=10 <_RNvNtCsewWLk9TkM7w_5alloc7raw_vec17capacity_overflow>
 - func[60] sig=1 <_RINvNvMs2_NtCsewWLk9TkM7w_5alloc7raw_vecINtB8_11RawVecInnerpE7reserve21do_reserve_and_handleNtNtBa_5alloc6GlobalEBa_>
 - func[61] sig=7 <_RNvMs4_NtCsewWLk9TkM7w_5alloc7raw_vecNtB5_11RawVecInner11finish_growB7_>
 - func[62] sig=8 <_RNvCs9wFQrvczXsK_7___rustc26___rust_alloc_error_handler>
 - func[63] sig=1 <_RNvNvNtCsewWLk9TkM7w_5alloc3fmt6format12format_inner>
 - func[64] sig=11 <_RNvNtCsdkdt1aaAg1T_4core3fmt5write>
 - func[65] sig=3 <_RNvXsK_NtCsdkdt1aaAg1T_4core3fmtNtB5_5ErrorNtB5_5Debug3fmt>
 - func[66] sig=5 <_RINvNtCsdkdt1aaAg1T_4core3ptr9drop_glueNtNtCsewWLk9TkM7w_5alloc6string6StringEBF_>
 - func[67] sig=4 <_RNvXsZ_NtCsewWLk9TkM7w_5alloc6stringNtB5_6StringNtNtCsdkdt1aaAg1T_4core3fmt5Write9write_str>
 - func[68] sig=3 <_RNvXsZ_NtCsewWLk9TkM7w_5alloc6stringNtB5_6StringNtNtCsdkdt1aaAg1T_4core3fmt5Write10write_char>
 - func[69] sig=4 <_RNvYNtNtCsewWLk9TkM7w_5alloc6string6StringNtNtCsdkdt1aaAg1T_4core3fmt5Write9write_fmtB6_>
 - func[70] sig=8 <_RNvXs4_NtCsewWLk9TkM7w_5alloc6stringNtB5_6StringNtNtCsdkdt1aaAg1T_4core5clone5Clone5clone>
 - func[71] sig=2 <_RNvNtCsdkdt1aaAg1T_4core9panicking19assert_failed_inner>
 - func[72] sig=3 <_RNvXs1g_NtCsdkdt1aaAg1T_4core3fmtRDNtB6_5DebugEL_Bx_3fmtB8_>
 - func[73] sig=3 <_RNvXs1i_NtCsdkdt1aaAg1T_4core3fmtReNtB6_7Display3fmtB8_>
 - func[74] sig=5 <_RNvCs9wFQrvczXsK_7___rustc17rust_begin_unwind>
 - func[75] sig=3 <_RNvNtNtCsdkdt1aaAg1T_4core3str5count14do_count_chars>
 - func[76] sig=3 <_RNvXs1g_NtCsdkdt1aaAg1T_4core3fmtRjNtB6_5Debug3fmtB8_>
 - func[77] sig=3 <_RNvXsi_NtNtNtCsdkdt1aaAg1T_4core3fmt3num3impjNtB9_7Display3fmt>
 - func[78] sig=12 <_RNvMsa_NtCsdkdt1aaAg1T_4core3fmtNtB5_9Formatter12pad_integral>
 - func[79] sig=4 <_RNvXs0_NtNtCsdkdt1aaAg1T_4core3fmt8buildersNtB5_10PadAdapterNtB7_5Write9write_str>
 - func[80] sig=3 <_RNvXs0_NtNtCsdkdt1aaAg1T_4core3fmt8buildersNtB5_10PadAdapterNtB7_5Write10write_char>
 - func[81] sig=4 <_RNvYNtNtNtCsdkdt1aaAg1T_4core3fmt8builders10PadAdapterNtB6_5Write9write_fmtB8_>
 - func[82] sig=12 <_RNvNvMsa_NtCsdkdt1aaAg1T_4core3fmtNtB7_9Formatter12pad_integral12write_prefix>
 - func[83] sig=8 <_RINvNtCsdkdt1aaAg1T_4core9panicking13assert_failedyyEB4_>
 - func[84] sig=3 <_RNvXs1g_NtCsdkdt1aaAg1T_4core3fmtRyNtB6_5Debug3fmtB8_>
 - func[85] sig=1 <_RNvMNtNtCsdkdt1aaAg1T_4core4char7methodsc16escape_debug_ext>
 - func[86] sig=6 <_RNvNtNtNtCsdkdt1aaAg1T_4core7unicode12unicode_data15grapheme_extend11lookup_slow>
 - func[87] sig=7 <_RNvNtNtCsdkdt1aaAg1T_4core5slice5index16slice_index_fail>
 - func[88] sig=5 <_RNvNtCsdkdt1aaAg1T_4core6option13unwrap_failed>
 - func[89] sig=1 <_RNvNtNtCsdkdt1aaAg1T_4core3str8converts9from_utf8>
 - func[90] sig=12 <_RNvMs1_NtNtCsdkdt1aaAg1T_4core3fmt8buildersNtB5_11DebugStruct5field>
 - func[91] sig=4 <_RNvMs2_NtNtNtCsdkdt1aaAg1T_4core3num3imp6bignumNtB5_8Big32x4010mul_digits>
 - func[92] sig=3 <_RNvMs2_NtNtNtCsdkdt1aaAg1T_4core3num3imp6bignumNtB5_8Big32x408mul_pow2>
 - func[93] sig=8 <_RNvMs_NtNtNtNtCsdkdt1aaAg1T_4core3num3imp7dec2flt11decimal_seqNtB4_10DecimalSeq10left_shift>
 - func[94] sig=8 <_RNvMs_NtNtNtNtCsdkdt1aaAg1T_4core3num3imp7dec2flt11decimal_seqNtB4_10DecimalSeq11right_shift>
 - func[95] sig=13 <_RNvMs_NtNtNtNtCsdkdt1aaAg1T_4core3num3imp7dec2flt11decimal_seqNtB4_10DecimalSeq5round>
 - func[96] sig=14 <_RNvMsa_NtCsdkdt1aaAg1T_4core3fmtNtB5_9Formatter26debug_struct_field4_finish>
 - func[97] sig=2 <_RNvNtCsdkdt1aaAg1T_4core3str16slice_error_fail>
 - func[98] sig=2 <_RNvNtCsdkdt1aaAg1T_4core3str19slice_error_fail_rt>
 - func[99] sig=3 <_RNvXs_NtNtCsdkdt1aaAg1T_4core3ops5rangeINtB4_5RangejENtNtB8_3fmt5Debug3fmtB8_>
 - func[100] sig=3 <_RNvXsj_NtCsdkdt1aaAg1T_4core3fmtcNtB5_5Debug3fmt>
 - func[101] sig=10 <_RNvNtCsdkdt1aaAg1T_4core4cell22panic_already_borrowed>
 - func[102] sig=3 <_RNvXsr_NtCsdkdt1aaAg1T_4core4cellNtB5_14BorrowMutErrorNtNtB7_3fmt7Display3fmt>
 - func[103] sig=1 <_RNvNtCsdkdt1aaAg1T_4core6option13expect_failed>
 - func[104] sig=1 <_RNvNtNtCsdkdt1aaAg1T_4core5slice6memchr14memchr_aligned>
 - func[105] sig=5 <_RNvNtNtCsdkdt1aaAg1T_4core9panicking11panic_const23panic_const_div_by_zero>
 - func[106] sig=9 <_RNvNtNtNtCsdkdt1aaAg1T_4core3num3imp7flt2dec17digits_to_dec_str>
 - func[107] sig=10 <_RNvNtNtNtNtCsdkdt1aaAg1T_4core5slice4sort6shared9smallsort22panic_on_ord_violation>
 - func[108] sig=3 <_RNvNtNtNtNtNtCsdkdt1aaAg1T_4core3num3imp7flt2dec8strategy6dragon9mul_pow10>
 - func[109] sig=15 <_RNvNvNtNtNtNtNtCsdkdt1aaAg1T_4core3num3imp7flt2dec8strategy5grisu16format_exact_opt14possibly_round>
 - func[110] sig=3 <_RNvMsa_NtCsdkdt1aaAg1T_4core3fmtNtB5_9Formatter19pad_formatted_parts>
 - func[111] sig=4 <_RNvMsa_NtCsdkdt1aaAg1T_4core3fmtNtB5_9Formatter21write_formatted_parts>
 - func[112] sig=1 <_RNvXs1_NtNtCsdkdt1aaAg1T_4core3num11float_parsefNtNtNtB9_3str6traits7FromStr8from_str>
 - func[113] sig=16 <_RINvNtNtNtNtCsdkdt1aaAg1T_4core3num3imp7dec2flt6lemire13compute_floatfEBa_>
 - func[114] sig=17 <_RINvNtNtCsdkdt1aaAg1T_4core3fmt5float29float_to_decimal_common_exactfEB6_>
 - func[115] sig=18 <_RINvNtNtCsdkdt1aaAg1T_4core3fmt5float32float_to_decimal_common_shortestfEB6_>
 - func[116] sig=3 <_RNvXs3_NtNtCsdkdt1aaAg1T_4core3fmt5floatfNtB7_7Display3fmt>
 - func[117] sig=3 <_RNvXsW_NtNtCsdkdt1aaAg1T_4core3fmt3nummNtB7_5Debug3fmt>
 - func[118] sig=3 <_RNvXsu_NtNtCsdkdt1aaAg1T_4core3fmt3nummNtB7_8LowerHex3fmt>
 - func[119] sig=3 <_RNvXsF_NtNtCsdkdt1aaAg1T_4core3num7nonzeroINtB5_7NonZerojENtNtB9_3fmt5Debug3fmtB9_>
 - func[120] sig=0 <_RINvMs1_NtNtCs9PbRyqlrVmg_9once_cell4race8once_boxINtB6_7OnceBoxINtNtCsewWLk9TkM7w_5alloc5boxed3BoxDNtNtCsbP5xitGlWT4_5ahash12random_state12RandomSourceNtNtCsdkdt1aaAg1T_4core6marker4SyncNtB2s_4SendEL_EE4initNtNvMs1_B6_IBN_pE11get_or_init4VoidNCINvB2_11get_or_initNCNvMs1_B1C_NtB1C_11RandomState7get_src0E0ECsluNdJgSep9q_11json_syntax>
 - func[121] sig=6 <_RNvXs_NtCsbP5xitGlWT4_5ahash12random_stateNtB4_19DefaultRandomSourceNtB4_12RandomSource15get_fixed_seeds>
 - func[122] sig=6 <_RNvXs_NtCsbP5xitGlWT4_5ahash12random_stateNtB4_19DefaultRandomSourceNtB4_12RandomSource15gen_hasher_seed>
 - func[123] sig=8 <_RINvMs5_NtNtCs3sQAo4xyvdx_9hashbrown3raw5innerINtB6_8RawTableNtNtNtCsluNdJgSep9q_11json_syntax6object9index_map7IndexesE14reserve_rehashNCINvBZ_11make_hasherNtNtCsbP5xitGlWT4_5ahash12random_state11RandomStateE0EB13_>
 - func[124] sig=19 <_RINvYNtNtCsbP5xitGlWT4_5ahash12random_state11RandomStateNtNtCsdkdt1aaAg1T_4core4hash11BuildHasher8hash_oneRINtNtCsj2imvPwWU2d_8smallstr6string11SmallStringAhj10_EECsluNdJgSep9q_11json_syntax>
 - func[125] sig=3 <_RNvMNtCsluNdJgSep9q_11json_syntax8code_mapNtB2_7CodeMap7reserve>
 - func[126] sig=5 <_RNvMs3_NtCsewWLk9TkM7w_5alloc7raw_vecINtB5_6RawVecNtNtCsluNdJgSep9q_11json_syntax8code_map5EntryE8grow_oneBQ_>
 - func[127] sig=9 <_RNvMs4_NtCsewWLk9TkM7w_5alloc7raw_vecNtB5_11RawVecInner11finish_growCsluNdJgSep9q_11json_syntax>
 - func[128] sig=5 <_RNvMs3_NtCsewWLk9TkM7w_5alloc7raw_vecINtB5_6RawVecINtNtCsluNdJgSep9q_11json_syntax6object5EntryINtNtCsj2imvPwWU2d_8smallstr6string11SmallStringAhj10_EEE8grow_oneBR_>
 - func[129] sig=5 <_RNvMs3_NtCsewWLk9TkM7w_5alloc7raw_vecINtB5_6RawVecjE8grow_oneCsluNdJgSep9q_11json_syntax>
 - func[130] sig=20 <_RNvMs9_NtNtCs3sQAo4xyvdx_9hashbrown3raw5innerINtB5_13RawTableInnerNtNtNtB5_5alloc5inner6GlobalE16find_insert_slotCsluNdJgSep9q_11json_syntax>
 - func[131] sig=5 <_RNvMs1_NtCsluNdJgSep9q_11json_syntax6objectNtB5_6Object3new>
 - func[132] sig=5 <_RNvMs3_NtCsewWLk9TkM7w_5alloc7raw_vecINtB5_6RawVecNtCsluNdJgSep9q_11json_syntax5ValueE8grow_oneBO_>
 - func[133] sig=5 <_RNvMs3_NtCsewWLk9TkM7w_5alloc7raw_vecINtB5_6RawVecNtNvXs1_NtNtCsluNdJgSep9q_11json_syntax5parse5valueNtBY_5ValueNtBW_5Parse8parse_in9StackItemE8grow_oneBY_>
 - func[134] sig=8 <_RNvXs0_NtCsluNdJgSep9q_11json_syntax5arrayNtB5_10IterMappedNtNtNtNtCsdkdt1aaAg1T_4core4iter6traits8iterator8Iterator4next>
 - func[135] sig=6 <_RNvMs1_NtCsghdAMdxnB6f_8protocol4wireNtB5_9MessageId8from_raw>
 - func[136] sig=8 <_RNvNtCsghdAMdxnB6f_8protocol12session_wire10parse_edit>
 - func[137] sig=5 <_RNvMs3_NtCsewWLk9TkM7w_5alloc7raw_vecINtB5_6RawVecNtNtCsghdAMdxnB6f_8protocol5model11SessionEditE8grow_oneBQ_>
 - func[138] sig=12 <_RNvMs_NtCsghdAMdxnB6f_8protocol4btlvNtB4_6Fields20consume_schema_field>
 - func[139] sig=6 <_RNvNtNtCsghdAMdxnB6f_8protocol6schema7session12payload_spec>
 - func[140] sig=1 <_RNvNtCsghdAMdxnB6f_8protocol12session_wire9stable_id>
 - func[141] sig=8 <_RNvNtCsghdAMdxnB6f_8protocol12session_wire20parse_render_profile>
 - func[142] sig=8 <_RNvNtCsghdAMdxnB6f_8protocol12session_wire20parse_output_profile>
 - func[143] sig=8 <_RNvNtCsghdAMdxnB6f_8protocol12session_wire12parse_source>
 - func[144] sig=1 <_RNvNtCsghdAMdxnB6f_8protocol12session_wire4utf8>
 - func[145] sig=8 <_RNvNtCsghdAMdxnB6f_8protocol12session_wire11parse_track>
 - func[146] sig=8 <_RNvNtCsghdAMdxnB6f_8protocol12session_wire14parse_builtins>
 - func[147] sig=8 <_RNvNtCsghdAMdxnB6f_8protocol12session_wire18parse_rack_message>
 - func[148] sig=8 <_RNvNtCsghdAMdxnB6f_8protocol12session_wire12parse_effect>
 - func[149] sig=7 <_RNvNtCsghdAMdxnB6f_8protocol12session_wire22parse_track_effect_ref>
 - func[150] sig=7 <_RNvMs_NtCsghdAMdxnB6f_8protocol4btlvNtB4_6Fields6values>
 - func[151] sig=8 <_RINvNtNtCsdkdt1aaAg1T_4core4iter8adapters11try_processINtNtB2_3map3MapINtNtNtB4_7sources7from_fn6FromFnNCNvMs_NtCsghdAMdxnB6f_8protocol4btlvNtB1K_6Fields6valuess0_0ENvNtB1M_12session_wire9stable_idENtNtCscFfmoX7dj9V_7session2id8StableIdINtNtB6_6result6ResultNtNtB6_7convert10InfallibleNtNtB1M_4wire11DecodeErrorENCINvXso_B3P_IB3N_INtNtCsewWLk9TkM7w_5alloc3vec3VecB3a_EB4z_EINtNtNtB4_6traits7collect12FromIteratorIB3N_B3a_B4z_EE9from_iterBQ_E0B5i_EB1M_>
 - func[152] sig=8 <_RNvNtCsghdAMdxnB6f_8protocol12session_wire14parse_identity>
 - func[153] sig=8 <_RNvNtCsghdAMdxnB6f_8protocol12session_wire15parse_sidechain>
 - func[154] sig=8 <_RNvNtCsghdAMdxnB6f_8protocol12session_wire11parse_param>
 - func[155] sig=8 <_RNvNtCsghdAMdxnB6f_8protocol12session_wire11parse_fader>
 - func[156] sig=8 <_RNvNtCsghdAMdxnB6f_8protocol12session_wire19parse_matrix_or_pan>
 - func[157] sig=8 <_RNvNtCsghdAMdxnB6f_8protocol12session_wire12parse_submix>
 - func[158] sig=8 <_RNvNtCsghdAMdxnB6f_8protocol12session_wire12parse_output>
 - func[159] sig=8 <_RNvNtCsghdAMdxnB6f_8protocol12session_wire11parse_route>
 - func[160] sig=8 <_RNvNtCsghdAMdxnB6f_8protocol12session_wire18parse_route_source>
 - func[161] sig=8 <_RNvNtCsghdAMdxnB6f_8protocol12session_wire23parse_route_destination>
 - func[162] sig=8 <_RNvNtCsghdAMdxnB6f_8protocol12session_wire20parse_channel_matrix>
 - func[163] sig=8 <_RNvNtCsghdAMdxnB6f_8protocol12session_wire16parse_automation>
 - func[164] sig=8 <_RNvNtCsghdAMdxnB6f_8protocol12session_wire23parse_automation_target>
 - func[165] sig=8 <_RINvNtNtCsdkdt1aaAg1T_4core4iter8adapters11try_processINtNtB2_3map3MapINtNtNtB4_7sources7from_fn6FromFnNCNvMs_NtCsghdAMdxnB6f_8protocol4btlvNtB1K_6Fields6valuess0_0ENCNvNtB1M_12session_wire10parse_edit0ENtNtCscFfmoX7dj9V_7session5model17AutomationSegmentINtNtB6_6result6ResultNtNtB6_7convert10InfallibleNtNtB1M_4wire11DecodeErrorENCINvXso_B47_IB45_INtNtCsewWLk9TkM7w_5alloc3vec3VecB3f_EB4R_EINtNtNtB4_6traits7collect12FromIteratorIB45_B3f_B4R_EE9from_iterBQ_E0B5A_EB1M_>
 - func[166] sig=9 <_RNvMs4_NtCsewWLk9TkM7w_5alloc7raw_vecNtB5_11RawVecInner11finish_growCsghdAMdxnB6f_8protocol>
 - func[167] sig=5 <_RINvNtCsdkdt1aaAg1T_4core3ptr9drop_glueNtNtCscFfmoX7dj9V_7session5model5TrackECsghdAMdxnB6f_8protocol>
 - func[168] sig=5 <_RINvNtCsdkdt1aaAg1T_4core3ptr9drop_glueNtNtCscFfmoX7dj9V_7session5model6EffectECsghdAMdxnB6f_8protocol>
 - func[169] sig=5 <_RINvNtCsdkdt1aaAg1T_4core3ptr9drop_glueNtNtCscFfmoX7dj9V_7session5model4RackECsghdAMdxnB6f_8protocol>
 - func[170] sig=8 <_RNvNtCsghdAMdxnB6f_8protocol12session_wire22parse_channel_builtins>
 - func[171] sig=8 <_RNvXNtNtCsdkdt1aaAg1T_4core4iter8adaptersINtB2_12GenericShuntINtNtB2_3map3MapINtNtNtB4_7sources7from_fn6FromFnNCNvMs_NtCsghdAMdxnB6f_8protocol4btlvNtB1R_6Fields6valuess0_0ENCNvNtB1T_12session_wire18parse_rack_message0EINtNtB6_6result6ResultNtNtB6_7convert10InfallibleNtNtB1T_4wire11DecodeErrorEENtNtNtB4_6traits8iterator8Iterator4nextB1T_>
 - func[172] sig=8 <_RINvNtNtCsdkdt1aaAg1T_4core4iter8adapters11try_processINtNtB2_3map3MapINtNtNtB4_7sources7from_fn6FromFnNCNvMs_NtCsghdAMdxnB6f_8protocol4btlvNtB1K_6Fields6valuess0_0ENCNvNtB1M_12session_wire12parse_effect0ENtNtCscFfmoX7dj9V_7session5model11EffectParamINtNtB6_6result6ResultNtNtB6_7convert10InfallibleNtNtB1M_4wire11DecodeErrorENCINvXso_B43_IB41_INtNtCsewWLk9TkM7w_5alloc3vec3VecB3h_EB4N_EINtNtNtB4_6traits7collect12FromIteratorIB41_B3h_B4N_EE9from_iterBQ_E0B5w_EB1M_>
 - func[173] sig=8 <_RNvXNtNtCsdkdt1aaAg1T_4core4iter8adaptersINtB2_12GenericShuntINtNtB2_3map3MapINtNtNtB4_7sources7from_fn6FromFnNCNvMs_NtCsghdAMdxnB6f_8protocol4btlvNtB1R_6Fields6valuess0_0ENvNtB1T_12session_wire9stable_idEINtNtB6_6result6ResultNtNtB6_7convert10InfallibleNtNtB1T_4wire11DecodeErrorEENtNtNtB4_6traits8iterator8Iterator4nextB1T_>
 - func[174] sig=7 <_RNvMs_NtCsghdAMdxnB6f_8protocol4btlvNtB4_6Fields13tagged_schema>
 - func[175] sig=5 <_RINvNtCsdkdt1aaAg1T_4core3ptr9drop_glueNtNtCscFfmoX7dj9V_7session5model11RouteSourceECsghdAMdxnB6f_8protocol>
 - func[176] sig=5 <_RINvNtCsdkdt1aaAg1T_4core3ptr9drop_glueNtNtCscFfmoX7dj9V_7session5model16AutomationTargetECsghdAMdxnB6f_8protocol>
 - func[177] sig=8 <_RNvXNtNtCsdkdt1aaAg1T_4core4iter8adaptersINtB2_12GenericShuntINtNtB2_3map3MapINtNtNtB4_7sources7from_fn6FromFnNCNvMs_NtCsghdAMdxnB6f_8protocol4btlvNtB1R_6Fields6valuess0_0ENCNvNtB1T_12session_wire10parse_edit0EINtNtB6_6result6ResultNtNtB6_7convert10InfallibleNtNtB1T_4wire11DecodeErrorEENtNtNtB4_6traits8iterator8Iterator4nextB1T_>
 - func[178] sig=8 <_RNvNtCsghdAMdxnB6f_8protocol12session_wire24parse_automation_segment>
 - func[179] sig=8 <_RNvMNtCsghdAMdxnB6f_8protocol4btlvNtB2_6Reader10next_field>
 - func[180] sig=21 <_RNvNtCsghdAMdxnB6f_8protocol4btlv14validate_value>
 - func[181] sig=12 <_RINvNtCsghdAMdxnB6f_8protocol4btlv16validate_messageNCNvB2_14validate_value0EB4_>
 - func[182] sig=8 <_RNvXNtNtCsdkdt1aaAg1T_4core4iter8adaptersINtB2_12GenericShuntINtNtB2_3map3MapINtNtNtB4_7sources7from_fn6FromFnNCNvMs_NtCsghdAMdxnB6f_8protocol4btlvNtB1R_6Fields6valuess0_0ENCNvNtB1T_12session_wire12parse_effect0EINtNtB6_6result6ResultNtNtB6_7convert10InfallibleNtNtB1T_4wire11DecodeErrorEENtNtNtB4_6traits8iterator8Iterator4nextB1T_>
 - func[183] sig=9 <_RNvXs4_NtCsghdAMdxnB6f_8protocol4btlvNtB5_9SliceSinkNtB5_4Sink12nested_field>
 - func[184] sig=8 <_RNvXs4_NtCsghdAMdxnB6f_8protocol4btlvNtB5_9SliceSinkNtB5_4Sink6limits>
 - func[185] sig=6 <_RNvXs4_NtCsghdAMdxnB6f_8protocol4btlvNtB5_9SliceSinkNtB5_4Sink7written>
 - func[186] sig=7 <_RNvXs4_NtCsghdAMdxnB6f_8protocol4btlvNtB5_9SliceSinkNtB5_4Sink3raw>
 - func[187] sig=8 <_RNvXs4_NtCsghdAMdxnB6f_8protocol4btlvNtB5_9SliceSinkNtB5_4Sink14message_fields>
 - func[188] sig=6 <_RNvXs4_NtCsghdAMdxnB6f_8protocol4btlvNtB5_9SliceSinkNtB5_4Sink18message_fields_mut>
 - func[189] sig=1 <_RNvYNtNtCsghdAMdxnB6f_8protocol4btlv9SliceSinkNtB4_4Sink17check_field_countB6_>
 - func[190] sig=8 <_RNvYNtNtCsghdAMdxnB6f_8protocol4btlv9SliceSinkNtB4_4Sink14finish_messageB6_>
 - func[191] sig=8 <_RNvYNtNtCsghdAMdxnB6f_8protocol4btlv9SliceSinkNtB4_4Sink15measure_messageB6_>
 - func[192] sig=1 <_RNvYNtNtCsghdAMdxnB6f_8protocol4btlv9SliceSinkNtB4_4Sink14message_headerB6_>
 - func[193] sig=2 <_RNvYNtNtCsghdAMdxnB6f_8protocol4btlv9SliceSinkNtB4_4Sink10field_specB6_>
 - func[194] sig=9 <_RNvXs4_NtCsghdAMdxnB6f_8protocol4btlvNtB5_9SliceSinkNtB5_4Sink17stream_field_spec>
 - func[195] sig=2 <_RNvYNtNtCsghdAMdxnB6f_8protocol4btlv9SliceSinkNtB4_4Sink11nested_specB6_>
 - func[196] sig=7 <_RNSNvYNCNvNtCsghdAMdxnB6f_8protocol12session_wire31encode_transaction_payload_into0INtNtNtCsdkdt1aaAg1T_4core3ops8function6FnOnceTQDNtNtBa_4btlv4SinkEL_EE9call_once6vtableBa_>
 - func[197] sig=7 <_RNCNvNtCsghdAMdxnB6f_8protocol12session_wire31encode_transaction_payload_into0B5_>
 - func[198] sig=7 <_RNSNvYNCNvNtCsghdAMdxnB6f_8protocol12session_wire15tx_edit_message0INtNtNtCsdkdt1aaAg1T_4core3ops8function6FnOnceTQDNtNtBa_4btlv4SinkEL_EE9call_once6vtableBa_>
 - func[199] sig=7 <_RNCNvNtCsghdAMdxnB6f_8protocol12session_wire15tx_edit_message0B5_>
 - func[200] sig=22 <_RINvNtCsghdAMdxnB6f_8protocol12session_wire22tx_effect_edit_messageNCNvB2_15tx_edit_payloads5_0EB4_>
 - func[201] sig=23 <_RNvNtCsghdAMdxnB6f_8protocol12session_wire21tx_effect_edit_scalar>
 - func[202] sig=22 <_RINvNtCsghdAMdxnB6f_8protocol12session_wire22tx_effect_edit_messageNCNvB2_15tx_edit_payloads6_0EB4_>
 - func[203] sig=22 <_RINvNtCsghdAMdxnB6f_8protocol12session_wire22tx_effect_edit_messageNCNvB2_15tx_edit_payloads7_0EB4_>
 - func[204] sig=22 <_RNvNtCsghdAMdxnB6f_8protocol12session_wire21tx_effect_edit_prefix>
 - func[205] sig=2 <_RNvNtCsghdAMdxnB6f_8protocol12session_wire21tx_automation_segment>
 - func[206] sig=7 <_RNSNvYNCNvNtCsghdAMdxnB6f_8protocol12session_wire15tx_edit_payloadsh_0INtNtNtCsdkdt1aaAg1T_4core3ops8function6FnOnceTQDNtNtBa_4btlv4SinkEL_EE9call_once6vtableBa_>
 - func[207] sig=7 <_RNvNtCsghdAMdxnB6f_8protocol12session_wire20tx_automation_target>
 - func[208] sig=7 <_RNCNvNtCsghdAMdxnB6f_8protocol12session_wire15tx_edit_payloadsh_0B5_>
 - func[209] sig=7 <_RNSNvYNCNvNtCsghdAMdxnB6f_8protocol12session_wire15tx_edit_payloadsg_0INtNtNtCsdkdt1aaAg1T_4core3ops8function6FnOnceTQDNtNtBa_4btlv4SinkEL_EE9call_once6vtableBa_>
 - func[210] sig=7 <_RNCNvNtCsghdAMdxnB6f_8protocol12session_wire15tx_edit_payloadsg_0B5_>
 - func[211] sig=7 <_RNSNvYNCNvNtCsghdAMdxnB6f_8protocol12session_wire13tx_automations_0INtNtNtCsdkdt1aaAg1T_4core3ops8function6FnOnceTQDNtNtBa_4btlv4SinkEL_EE9call_once6vtableBa_>
 - func[212] sig=7 <_RNCNvNtCsghdAMdxnB6f_8protocol12session_wire13tx_automations_0B5_>
 - func[213] sig=7 <_RNSNvYNCNvNtCsghdAMdxnB6f_8protocol12session_wire13tx_automation0INtNtNtCsdkdt1aaAg1T_4core3ops8function6FnOnceTQDNtNtBa_4btlv4SinkEL_EE9call_once6vtableBa_>
 - func[214] sig=7 <_RNCNvNtCsghdAMdxnB6f_8protocol12session_wire13tx_automation0B5_>
 - func[215] sig=7 <_RNSNvYNCNvNtCsghdAMdxnB6f_8protocol12session_wire15tx_edit_payloadsf_0INtNtNtCsdkdt1aaAg1T_4core3ops8function6FnOnceTQDNtNtBa_4btlv4SinkEL_EE9call_once6vtableBa_>
 - func[216] sig=7 <_RNCNvNtCsghdAMdxnB6f_8protocol12session_wire15tx_edit_payloadsf_0B5_>
 - func[217] sig=7 <_RNSNvYNCNvNtCsghdAMdxnB6f_8protocol12session_wire15tx_edit_payloadse_0INtNtNtCsdkdt1aaAg1T_4core3ops8function6FnOnceTQDNtNtBa_4btlv4SinkEL_EE9call_once6vtableBa_>
 - func[218] sig=7 <_RNvNtCsghdAMdxnB6f_8protocol12session_wire20tx_route_destination>
 - func[219] sig=7 <_RNCNvNtCsghdAMdxnB6f_8protocol12session_wire15tx_edit_payloadse_0B5_>
 - func[220] sig=7 <_RNSNvYNCNvNtCsghdAMdxnB6f_8protocol12session_wire15tx_edit_payloadsd_0INtNtNtCsdkdt1aaAg1T_4core3ops8function6FnOnceTQDNtNtBa_4btlv4SinkEL_EE9call_once6vtableBa_>
 - func[221] sig=7 <_RNvNtCsghdAMdxnB6f_8protocol12session_wire15tx_route_source>
 - func[222] sig=7 <_RNCNvNtCsghdAMdxnB6f_8protocol12session_wire15tx_edit_payloadsd_0B5_>
 - func[223] sig=7 <_RNSNvYNCNvNtCsghdAMdxnB6f_8protocol12session_wire15tx_edit_payloadsc_0INtNtNtCsdkdt1aaAg1T_4core3ops8function6FnOnceTQDNtNtBa_4btlv4SinkEL_EE9call_once6vtableBa_>
 - func[224] sig=7 <_RNCNvNtCsghdAMdxnB6f_8protocol12session_wire15tx_edit_payloadsc_0B5_>
 - func[225] sig=7 <_RNSNvYNCNvNtCsghdAMdxnB6f_8protocol12session_wire8tx_routes0_0INtNtNtCsdkdt1aaAg1T_4core3ops8function6FnOnceTQDNtNtBa_4btlv4SinkEL_EE9call_once6vtableBa_>
 - func[226] sig=7 <_RNCNvNtCsghdAMdxnB6f_8protocol12session_wire8tx_routes0_0B5_>
 - func[227] sig=7 <_RNSNvYNCNvNtCsghdAMdxnB6f_8protocol12session_wire8tx_routes_0INtNtNtCsdkdt1aaAg1T_4core3ops8function6FnOnceTQDNtNtBa_4btlv4SinkEL_EE9call_once6vtableBa_>
 - func[228] sig=7 <_RNSNvYNCNvNtCsghdAMdxnB6f_8protocol12session_wire8tx_route0INtNtNtCsdkdt1aaAg1T_4core3ops8function6FnOnceTQDNtNtBa_4btlv4SinkEL_EE9call_once6vtableBa_>
 - func[229] sig=7 <_RNCNvNtCsghdAMdxnB6f_8protocol12session_wire8tx_route0B5_>
 - func[230] sig=7 <_RNSNvYNCNvNtCsghdAMdxnB6f_8protocol12session_wire15tx_edit_payloadsa_0INtNtNtCsdkdt1aaAg1T_4core3ops8function6FnOnceTQDNtNtBa_4btlv4SinkEL_EE9call_once6vtableBa_>
 - func[231] sig=7 <_RNCNvNtCsghdAMdxnB6f_8protocol12session_wire15tx_edit_payloadsa_0B5_>
 - func[232] sig=7 <_RNSNvYNCNvNtCsghdAMdxnB6f_8protocol12session_wire15tx_edit_payloads9_0INtNtNtCsdkdt1aaAg1T_4core3ops8function6FnOnceTQDNtNtBa_4btlv4SinkEL_EE9call_once6vtableBa_>
 - func[233] sig=2 <_RNvNtCsghdAMdxnB6f_8protocol12session_wire16tx_matrix_or_pan>
 - func[234] sig=7 <_RNCNvNtCsghdAMdxnB6f_8protocol12session_wire15tx_edit_payloads9_0B5_>
 - func[235] sig=7 <_RNSNvYNCNvNtCsghdAMdxnB6f_8protocol12session_wire15tx_edit_payloads8_0INtNtNtCsdkdt1aaAg1T_4core3ops8function6FnOnceTQDNtNtBa_4btlv4SinkEL_EE9call_once6vtableBa_>
 - func[236] sig=7 <_RNCNvNtCsghdAMdxnB6f_8protocol12session_wire15tx_edit_payloads8_0B5_>
 - func[237] sig=7 <_RNSNvYNCNvNtCsghdAMdxnB6f_8protocol12session_wire15tx_edit_payloads4_0INtNtNtCsdkdt1aaAg1T_4core3ops8function6FnOnceTQDNtNtBa_4btlv4SinkEL_EE9call_once6vtableBa_>
 - func[238] sig=7 <_RNvNtCsghdAMdxnB6f_8protocol12session_wire9tx_effect>
 - func[239] sig=7 <_RNCNvNtCsghdAMdxnB6f_8protocol12session_wire15tx_edit_payloads4_0B5_>
 - func[240] sig=7 <_RNSNvYNCNvNtCsghdAMdxnB6f_8protocol12session_wire9tx_effects0_0INtNtNtCsdkdt1aaAg1T_4core3ops8function6FnOnceTQDNtNtBa_4btlv4SinkEL_EE9call_once6vtableBa_>
 - func[241] sig=7 <_RNvNtCsghdAMdxnB6f_8protocol12session_wire12tx_sidechain>
 - func[242] sig=7 <_RNCNvNtCsghdAMdxnB6f_8protocol12session_wire9tx_effects0_0B5_>
 - func[243] sig=7 <_RNSNvYNCNvNtCsghdAMdxnB6f_8protocol12session_wire12tx_sidechain0INtNtNtCsdkdt1aaAg1T_4core3ops8function6FnOnceTQDNtNtBa_4btlv4SinkEL_EE9call_once6vtableBa_>
 - func[244] sig=7 <_RNCNvNtCsghdAMdxnB6f_8protocol12session_wire12tx_sidechain0B5_>
 - func[245] sig=7 <_RNSNvYNCNvNtCsghdAMdxnB6f_8protocol12session_wire9tx_effect0INtNtNtCsdkdt1aaAg1T_4core3ops8function6FnOnceTQDNtNtBa_4btlv4SinkEL_EE9call_once6vtableBa_>
 - func[246] sig=7 <_RNvNtCsghdAMdxnB6f_8protocol12session_wire11tx_identity>
 - func[247] sig=7 <_RNSNvYNCNvNtCsghdAMdxnB6f_8protocol12session_wire15tx_edit_payloads3_0INtNtNtCsdkdt1aaAg1T_4core3ops8function6FnOnceTQDNtNtBa_4btlv4SinkEL_EE9call_once6vtableBa_>
 - func[248] sig=7 <_RNCNvNtCsghdAMdxnB6f_8protocol12session_wire15tx_edit_payloads3_0B5_>
 - func[249] sig=7 <_RNSNvYNCNvNtCsghdAMdxnB6f_8protocol12session_wire15tx_edit_payloads2_0INtNtNtCsdkdt1aaAg1T_4core3ops8function6FnOnceTQDNtNtBa_4btlv4SinkEL_EE9call_once6vtableBa_>
 - func[250] sig=7 <_RNCNvNtCsghdAMdxnB6f_8protocol12session_wire15tx_edit_payloads2_0B5_>
 - func[251] sig=7 <_RNSNvYNCNvNtCsghdAMdxnB6f_8protocol12session_wire11tx_builtinss_0INtNtNtCsdkdt1aaAg1T_4core3ops8function6FnOnceTQDNtNtBa_4btlv4SinkEL_EE9call_once6vtableBa_>
 - func[252] sig=2 <_RNvNtCsghdAMdxnB6f_8protocol12session_wire19tx_channel_builtins>
 - func[253] sig=7 <_RNCNvNtCsghdAMdxnB6f_8protocol12session_wire11tx_builtinss_0B5_>
 - func[254] sig=7 <_RNSNvYNCNvNtCsghdAMdxnB6f_8protocol12session_wire11tx_builtins0INtNtNtCsdkdt1aaAg1T_4core3ops8function6FnOnceTQDNtNtBa_4btlv4SinkEL_EE9call_once6vtableBa_>
 - func[255] sig=7 <_RNCNvNtCsghdAMdxnB6f_8protocol12session_wire11tx_builtins0B5_>
 - func[256] sig=7 <_RNSNvYNCNvNtCsghdAMdxnB6f_8protocol12session_wire15tx_edit_payloads1_0INtNtNtCsdkdt1aaAg1T_4core3ops8function6FnOnceTQDNtNtBa_4btlv4SinkEL_EE9call_once6vtableBa_>
 - func[257] sig=7 <_RNCNvNtCsghdAMdxnB6f_8protocol12session_wire15tx_edit_payloads1_0B5_>
 - func[258] sig=7 <_RNSNvYNCNvNtCsghdAMdxnB6f_8protocol12session_wire8tx_tracks3_0INtNtNtCsdkdt1aaAg1T_4core3ops8function6FnOnceTQDNtNtBa_4btlv4SinkEL_EE9call_once6vtableBa_>
 - func[259] sig=7 <_RNSNvYNCNvNtCsghdAMdxnB6f_8protocol12session_wire8tx_tracks2_0INtNtNtCsdkdt1aaAg1T_4core3ops8function6FnOnceTQDNtNtBa_4btlv4SinkEL_EE9call_once6vtableBa_>
 - func[260] sig=7 <_RNCNvNtCsghdAMdxnB6f_8protocol12session_wire8tx_tracks2_0B5_>
 - func[261] sig=7 <_RNSNvYNCNvNtCsghdAMdxnB6f_8protocol12session_wire8tx_tracks1_0INtNtNtCsdkdt1aaAg1T_4core3ops8function6FnOnceTQDNtNtBa_4btlv4SinkEL_EE9call_once6vtableBa_>
 - func[262] sig=7 <_RNCNvNtCsghdAMdxnB6f_8protocol12session_wire8tx_tracks1_0B5_>
 - func[263] sig=7 <_RNSNvYNCNvNtCsghdAMdxnB6f_8protocol12session_wire8tx_tracks0_0INtNtNtCsdkdt1aaAg1T_4core3ops8function6FnOnceTQDNtNtBa_4btlv4SinkEL_EE9call_once6vtableBa_>
 - func[264] sig=7 <_RNCNvNtCsghdAMdxnB6f_8protocol12session_wire8tx_tracks0_0B5_>
 - func[265] sig=7 <_RNSNvYNCNvNtCsghdAMdxnB6f_8protocol12session_wire8tx_tracks_0INtNtNtCsdkdt1aaAg1T_4core3ops8function6FnOnceTQDNtNtBa_4btlv4SinkEL_EE9call_once6vtableBa_>
 - func[266] sig=7 <_RNCNvNtCsghdAMdxnB6f_8protocol12session_wire8tx_tracks_0B5_>
 - func[267] sig=7 <_RNSNvYNCNvNtCsghdAMdxnB6f_8protocol12session_wire8tx_track0INtNtNtCsdkdt1aaAg1T_4core3ops8function6FnOnceTQDNtNtBa_4btlv4SinkEL_EE9call_once6vtableBa_>
 - func[268] sig=7 <_RNCNvNtCsghdAMdxnB6f_8protocol12session_wire8tx_track0B5_>
 - func[269] sig=7 <_RNSNvYNCNvNtCsghdAMdxnB6f_8protocol12session_wire15tx_edit_payloads0_0INtNtNtCsdkdt1aaAg1T_4core3ops8function6FnOnceTQDNtNtBa_4btlv4SinkEL_EE9call_once6vtableBa_>
 - func[270] sig=7 <_RNCNvNtCsghdAMdxnB6f_8protocol12session_wire15tx_edit_payloads0_0B5_>
 - func[271] sig=7 <_RNSNvYNCNvNtCsghdAMdxnB6f_8protocol12session_wire15tx_edit_payloads_0INtNtNtCsdkdt1aaAg1T_4core3ops8function6FnOnceTQDNtNtBa_4btlv4SinkEL_EE9call_once6vtableBa_>
 - func[272] sig=7 <_RNCNvNtCsghdAMdxnB6f_8protocol12session_wire15tx_edit_payloads_0B5_>
 - func[273] sig=7 <_RNSNvYNCNvNtCsghdAMdxnB6f_8protocol12session_wire15tx_edit_payload0INtNtNtCsdkdt1aaAg1T_4core3ops8function6FnOnceTQDNtNtBa_4btlv4SinkEL_EE9call_once6vtableBa_>
 - func[274] sig=7 <_RNCNvNtCsghdAMdxnB6f_8protocol12session_wire15tx_edit_payload0B5_>
 - func[275] sig=7 <_RNSNvYNCNvNtCsghdAMdxnB6f_8protocol12session_wire15tx_edit_payloads7_0INtNtNtCsdkdt1aaAg1T_4core3ops8function6FnOnceTQDNtNtBa_4btlv4SinkEL_EE9call_once6vtableBa_>
 - func[276] sig=7 <_RNCNvNtCsghdAMdxnB6f_8protocol12session_wire15tx_edit_payloads7_0B5_>
 - func[277] sig=7 <_RNSNvYNCNvNtCsghdAMdxnB6f_8protocol12session_wire15tx_edit_payloads6_0INtNtNtCsdkdt1aaAg1T_4core3ops8function6FnOnceTQDNtNtBa_4btlv4SinkEL_EE9call_once6vtableBa_>
 - func[278] sig=7 <_RNCNvNtCsghdAMdxnB6f_8protocol12session_wire15tx_edit_payloads6_0B5_>
 - func[279] sig=7 <_RNSNvYNCNvNtCsghdAMdxnB6f_8protocol12session_wire15tx_edit_payloads5_0INtNtNtCsdkdt1aaAg1T_4core3ops8function6FnOnceTQDNtNtBa_4btlv4SinkEL_EE9call_once6vtableBa_>
 - func[280] sig=7 <_RNCNvNtCsghdAMdxnB6f_8protocol12session_wire15tx_edit_payloads5_0B5_>
 - func[281] sig=8 <_RNvXs2_NtCsghdAMdxnB6f_8protocol4btlvNtB5_9CountSinkNtB5_4Sink6limits>
 - func[282] sig=6 <_RNvXs2_NtCsghdAMdxnB6f_8protocol4btlvNtB5_9CountSinkNtB5_4Sink7written>
 - func[283] sig=7 <_RNvXs2_NtCsghdAMdxnB6f_8protocol4btlvNtB5_9CountSinkNtB5_4Sink3raw>
 - func[284] sig=8 <_RNvXs2_NtCsghdAMdxnB6f_8protocol4btlvNtB5_9CountSinkNtB5_4Sink14message_fields>
 - func[285] sig=6 <_RNvXs2_NtCsghdAMdxnB6f_8protocol4btlvNtB5_9CountSinkNtB5_4Sink18message_fields_mut>
 - func[286] sig=1 <_RNvYNtNtCsghdAMdxnB6f_8protocol4btlv9CountSinkNtB4_4Sink17check_field_countB6_>
 - func[287] sig=8 <_RNvYNtNtCsghdAMdxnB6f_8protocol4btlv9CountSinkNtB4_4Sink14finish_messageB6_>
 - func[288] sig=8 <_RNvYNtNtCsghdAMdxnB6f_8protocol4btlv9CountSinkNtB4_4Sink15measure_messageB6_>
 - func[289] sig=1 <_RNvYNtNtCsghdAMdxnB6f_8protocol4btlv9CountSinkNtB4_4Sink14message_headerB6_>
 - func[290] sig=2 <_RNvYNtNtCsghdAMdxnB6f_8protocol4btlv9CountSinkNtB4_4Sink10field_specB6_>
 - func[291] sig=9 <_RNvXs2_NtCsghdAMdxnB6f_8protocol4btlvNtB5_9CountSinkNtB5_4Sink17stream_field_spec>
 - func[292] sig=2 <_RNvYNtNtCsghdAMdxnB6f_8protocol4btlv9CountSinkNtB4_4Sink11nested_specB6_>
 - func[293] sig=9 <_RNvXs2_NtCsghdAMdxnB6f_8protocol4btlvNtB5_9CountSinkNtB5_4Sink12nested_field>
 - func[294] sig=5 <_RNvMs3_NtCsewWLk9TkM7w_5alloc7raw_vecINtB5_6RawVecNtNtCsghdAMdxnB6f_8protocol12message_wire12CounterValueE8grow_oneBQ_>
 - func[295] sig=8 <_RINvNtNtCsdkdt1aaAg1T_4core4iter8adapters11try_processINtNtB2_3map3MapINtNtNtB4_7sources7from_fn6FromFnNCNvMs_NtCsghdAMdxnB6f_8protocol4btlvNtB1K_6Fields6valuess0_0ENCNvNtB1M_12message_wire17decode_diagnostic0ENtB2H_11PathSegmentINtNtB6_6result6ResultNtNtB6_7convert10InfallibleNtNtB1M_4wire11DecodeErrorENCINvXso_B3I_IB3G_INtNtCsewWLk9TkM7w_5alloc3vec3VecB3m_EB4s_EINtNtNtB4_6traits7collect12FromIteratorIB3G_B3m_B4s_EE9from_iterBQ_E0B5b_EB1M_>
 - func[296] sig=7 <_RNCNvNtCsghdAMdxnB6f_8protocol12message_wire17decode_descriptors0_0B5_>
 - func[297] sig=5 <_RINvNtCsdkdt1aaAg1T_4core3ptr9drop_glueINtNtCsewWLk9TkM7w_5alloc3vec3VecNtNtCsghdAMdxnB6f_8protocol12message_wire11PathSegmentEEB1c_>
 - func[298] sig=8 <_RNvXNtNtCsdkdt1aaAg1T_4core4iter8adaptersINtB2_12GenericShuntINtNtB2_3map3MapINtNtNtB4_7sources7from_fn6FromFnNCNvMs_NtCsghdAMdxnB6f_8protocol4btlvNtB1R_6Fields6valuess0_0ENCNvNtB1T_12message_wire17decode_diagnostic0EINtNtB6_6result6ResultNtNtB6_7convert10InfallibleNtNtB1T_4wire11DecodeErrorEENtNtNtB4_6traits8iterator8Iterator4nextB1T_>
 - func[299] sig=3 <_RNvNtCsghdAMdxnB6f_8protocol12message_wire15valid_stable_id>
 - func[300] sig=1 <_RNvNtCsghdAMdxnB6f_8protocol12message_wire18decode_counter_ids>
 - func[301] sig=6 <_RNvNtCsghdAMdxnB6f_8protocol12message_wire32validate_telemetry_configuration>
 - func[302] sig=5 <_RINvNtCsdkdt1aaAg1T_4core3ptr9drop_glueNtNtCsghdAMdxnB6f_8protocol12message_wire22TelemetryConfigurationEBF_>
 - func[303] sig=8 <_RNvXNtNtCsdkdt1aaAg1T_4core4iter8adaptersINtB2_12GenericShuntINtNtB2_3map3MapINtNtNtB4_7sources7from_fn6FromFnNCNvMs_NtCsghdAMdxnB6f_8protocol4btlvNtB1R_6Fields6valuess0_0ENCNvNtB1T_12message_wire17decode_descriptor0EINtNtB6_6result6ResultNtNtB6_7convert10InfallibleNtNtB1T_4wire11DecodeErrorEENtNtNtB4_6traits8iterator8Iterator4nextB1T_>
 - func[304] sig=3 <_RNvNtCsghdAMdxnB6f_8protocol12message_wire19descriptor_is_valid>
 - func[305] sig=11 <_RINvYINtNtNtCsdkdt1aaAg1T_4core5slice4iter4IterNtNtCsghdAMdxnB6f_8protocol12message_wire10EnumChoiceENtNtNtNtBa_4iter6traits8iterator8Iterator8try_folduNCINvNvXs_NtNtB1H_8adapters9enumerateINtB2A_9EnumeratepEB1B_8try_fold9enumerateRBJ_uINtNtNtBa_3ops12control_flow11ControlFlowuENCINvNvB1B_3all5checkTjB3H_ENCNvBL_19descriptor_is_valids2_0E0E0B3M_EBN_>
 - func[306] sig=3 <_RNvMse_NtCsghdAMdxnB6f_8protocol12message_wireNtB5_8IdSource19is_strict_allocated>
 - func[307] sig=3 <_RNvMse_NtCsghdAMdxnB6f_8protocol12message_wireNtB5_8IdSource8contains>
 - func[308] sig=2 <_RNvNtCsghdAMdxnB6f_8protocol11typed_frame19write_event_payload>
 - func[309] sig=7 <_RNSNvYNCNvNtCsghdAMdxnB6f_8protocol12message_wire22write_diagnostic_field0INtNtNtCsdkdt1aaAg1T_4core3ops8function6FnOnceTQDNtNtBa_4btlv4SinkEL_EE9call_once6vtableBa_>
 - func[310] sig=2 <_RNvNtCsghdAMdxnB6f_8protocol12message_wire24write_diagnostic_message>
 - func[311] sig=7 <_RNCNvNtCsghdAMdxnB6f_8protocol12message_wire22write_diagnostic_field0B5_>
 - func[312] sig=7 <_RNSNvYNCNvNtCsghdAMdxnB6f_8protocol12message_wire24write_path_segment_field0INtNtNtCsdkdt1aaAg1T_4core3ops8function6FnOnceTQDNtNtBa_4btlv4SinkEL_EE9call_once6vtableBa_>
 - func[313] sig=7 <_RNCNvNtCsghdAMdxnB6f_8protocol12message_wire24write_path_segment_field0B5_>
 - func[314] sig=7 <_RNSNvYNCNvNtCsghdAMdxnB6f_8protocol12message_wire22write_counter_snapshots_0INtNtNtCsdkdt1aaAg1T_4core3ops8function6FnOnceTQDNtNtBa_4btlv4SinkEL_EE9call_once6vtableBa_>
 - func[315] sig=7 <_RNCNvNtCsghdAMdxnB6f_8protocol12message_wire22write_counter_snapshots_0B5_>
 - func[316] sig=7 <_RNSNvYNCNvNtCsghdAMdxnB6f_8protocol12message_wire17write_meter_batchs_0INtNtNtCsdkdt1aaAg1T_4core3ops8function6FnOnceTQDNtNtBa_4btlv4SinkEL_EE9call_once6vtableBa_>
 - func[317] sig=7 <_RNCNvNtCsghdAMdxnB6f_8protocol12message_wire17write_meter_batchs_0B5_>
 - func[318] sig=7 <_RNvNtCsghdAMdxnB6f_8protocol11typed_frame21write_command_payload>
 - func[319] sig=7 <_RNvNtCsghdAMdxnB6f_8protocol12message_wire29write_telemetry_configuration>
 - func[320] sig=7 <_RNSNvYNCNvNtCsghdAMdxnB6f_8protocol12message_wire17write_counter_ids0INtNtNtCsdkdt1aaAg1T_4core3ops8function6FnOnceTQDNtNtBa_4btlv4SinkEL_EE9call_once6vtableBa_>
 - func[321] sig=7 <_RNCNvNtCsghdAMdxnB6f_8protocol12message_wire17write_counter_ids0B5_>
 - func[322] sig=7 <_RNSNvYNCNvNtCsghdAMdxnB6f_8protocol12message_wire29write_automation_record_bytes0INtNtNtCsdkdt1aaAg1T_4core3ops8function6FnOnceTQDNtNtBa_4btlv4SinkEL_EE9call_once6vtableBa_>
 - func[323] sig=7 <_RNCNvNtCsghdAMdxnB6f_8protocol12message_wire29write_automation_record_bytes0B5_>
 - func[324] sig=7 <_RNSNvYNCNvNtCsghdAMdxnB6f_8protocol12message_wire10write_u32s0INtNtNtCsdkdt1aaAg1T_4core3ops8function6FnOnceTQDNtNtBa_4btlv4SinkEL_EE9call_once6vtableBa_>
 - func[325] sig=7 <_RNCNvNtCsghdAMdxnB6f_8protocol12message_wire10write_u32s0B5_>
 - func[326] sig=2 <_RNvNtCsghdAMdxnB6f_8protocol11typed_frame21write_success_payload>
 - func[327] sig=7 <_RNSNvYNCNvNtCsghdAMdxnB6f_8protocol12message_wire16write_state_pages_0INtNtNtCsdkdt1aaAg1T_4core3ops8function6FnOnceTQDNtNtBa_4btlv4SinkEL_EE9call_once6vtableBa_>
 - func[328] sig=7 <_RNCNvNtCsghdAMdxnB6f_8protocol12message_wire16write_state_pages_0B5_>
 - func[329] sig=7 <_RNSNvYNCNvNtCsghdAMdxnB6f_8protocol12message_wire16write_descriptor0INtNtNtCsdkdt1aaAg1T_4core3ops8function6FnOnceTQDNtNtBa_4btlv4SinkEL_EE9call_once6vtableBa_>
 - func[330] sig=7 <_RNCNvNtCsghdAMdxnB6f_8protocol12message_wire16write_descriptor0B5_>
 - func[331] sig=2 <_RNvNtCsghdAMdxnB6f_8protocol12message_wire17write_enum_choice>
 - func[332] sig=7 <_RNSNvYNCNvNtCsghdAMdxnB6f_8protocol12message_wire17write_enum_choice0INtNtNtCsdkdt1aaAg1T_4core3ops8function6FnOnceTQDNtNtBa_4btlv4SinkEL_EE9call_once6vtableBa_>
 - func[333] sig=7 <_RNCNvNtCsghdAMdxnB6f_8protocol12message_wire17write_enum_choice0B5_>
 - func[334] sig=7 <_RNSNvYNCNvNtCsghdAMdxnB6f_8protocol12message_wire16write_packed_u160INtNtNtCsdkdt1aaAg1T_4core3ops8function6FnOnceTQDNtNtBa_4btlv4SinkEL_EE9call_once6vtableBa_>
 - func[335] sig=7 <_RNCNvNtCsghdAMdxnB6f_8protocol12message_wire16write_packed_u160B5_>
 - func[336] sig=7 <_RNSNvYNCNvNtCsghdAMdxnB6f_8protocol12message_wire24write_backpressure_field0INtNtNtCsdkdt1aaAg1T_4core3ops8function6FnOnceTQDNtNtBa_4btlv4SinkEL_EE9call_once6vtableBa_>
 - func[337] sig=7 <_RNCNvNtCsghdAMdxnB6f_8protocol12message_wire24write_backpressure_field0B5_>
 - func[338] sig=8 <_RNvXsE_NtCscFfmoX7dj9V_7session5modelNtB5_5TrackNtNtCsdkdt1aaAg1T_4core5clone5Clone5clone>
 - func[339] sig=8 <_RNvXsU_NtCscFfmoX7dj9V_7session5modelNtB5_6EffectNtNtCsdkdt1aaAg1T_4core5clone5Clone5clone>
 - func[340] sig=1 <_RNvMNtCscFfmoX7dj9V_7session14json_preflightNtB2_7Scanner5value>
 - func[341] sig=2 <_RNvMs3_NtCscFfmoX7dj9V_7session10diagnosticNtB5_10SourceSpan10from_range>
 - func[342] sig=8 <_RNvMs0_NtCsluNdJgSep9q_11json_syntax5parseINtB5_6ParserINtNtNtNtCsdkdt1aaAg1T_4core4iter8adapters3map3MapIBS_NtNtNtB10_3str4iter5CharsNcNtINtNtB10_6result6ResultcNtNtB10_7convert10InfallibleE2Ok0ENCINvYNtB7_5ValueNtB5_5Parse10parse_utf8B1F_B2A_E0EB2A_E16skip_whitespacesCscFfmoX7dj9V_7session>
 - func[343] sig=8 <_RINvXNtNtCsluNdJgSep9q_11json_syntax5parse6stringINtNtCsj2imvPwWU2d_8smallstr6string11SmallStringAhj10_ENtB5_5Parse8parse_inINtNtNtNtCsdkdt1aaAg1T_4core4iter8adapters3map3MapIB1Z_NtNtNtB27_3str4iter5CharsNcNtINtNtB27_6result6ResultcNtNtB27_7convert10InfallibleE2Ok0ENCINvYNtB7_5ValueB1E_10parse_utf8B2M_B3I_E0EB3I_ECscFfmoX7dj9V_7session>
 - func[344] sig=5 <_RINvNtCsdkdt1aaAg1T_4core3ptr9drop_glueNtCsluNdJgSep9q_11json_syntax5ValueECscFfmoX7dj9V_7session>
 - func[345] sig=1 <_RINvXs0_NtNtCsluNdJgSep9q_11json_syntax5parse5valueNtB6_8FragmentNtB8_5Parse8parse_inINtNtNtNtCsdkdt1aaAg1T_4core4iter8adapters3map3MapIB1m_NtNtNtB1u_3str4iter5CharsNcNtINtNtB1u_6result6ResultcNtNtB1u_7convert10InfallibleE2Ok0ENCINvYNtBa_5ValueB11_10parse_utf8B29_B35_E0EB35_ECscFfmoX7dj9V_7session>
 - func[346] sig=5 <_RINvNtCsdkdt1aaAg1T_4core3ptr9drop_glueNtNtCsluNdJgSep9q_11json_syntax6object6ObjectECscFfmoX7dj9V_7session>
 - func[347] sig=8 <_RNvMs5_NtCscFfmoX7dj9V_7session10diagnosticNtB5_13DiagnosticSet8from_vec>
 - func[348] sig=1 <_RINvNvMs2_NtCsewWLk9TkM7w_5alloc7raw_vecINtB8_11RawVecInnerpE7reserve21do_reserve_and_handleNtNtBa_5alloc6GlobalECscFfmoX7dj9V_7session>
 - func[349] sig=3 <_RNvXs1i_NtCsdkdt1aaAg1T_4core3fmtRcNtB6_7Display3fmtCscFfmoX7dj9V_7session>
 - func[350] sig=7 <_RNvNtCscFfmoX7dj9V_7session5parse10parse_root>
 - func[351] sig=8 <_RNvNtCscFfmoX7dj9V_7session8validate16validate_session>
 - func[352] sig=12 <_RINvMs3_NtNtCsluNdJgSep9q_11json_syntax6object9index_mapNtB6_8IndexMap3geteECscFfmoX7dj9V_7session>
 - func[353] sig=1 <_RNvXsa_NtCsewWLk9TkM7w_5alloc3vecINtB5_3VecNtNtCscFfmoX7dj9V_7session10diagnostic11PathSegmentENtNtCsdkdt1aaAg1T_4core5clone5Clone5cloneBJ_>
 - func[354] sig=5 <_RINvNtCsdkdt1aaAg1T_4core3ptr9drop_glueNtNtCscFfmoX7dj9V_7session10diagnostic10DiagnosticEBF_>
 - func[355] sig=5 <_RINvNtCsdkdt1aaAg1T_4core3ptr9drop_glueNtNtCscFfmoX7dj9V_7session5model12SessionModelEBF_>
 - func[356] sig=3 <_RNvXs2E_NtCsghdAMdxnB6f_8protocol4wireNtB6_11EncodeErrorNtNtCsdkdt1aaAg1T_4core3fmt5Debug3fmt>
 - func[357] sig=3 <_RNvXs1g_NtCsdkdt1aaAg1T_4core3fmtRjNtB6_5Debug3fmtCsghdAMdxnB6f_8protocol>
 - func[358] sig=5 <_RINvNtCsdkdt1aaAg1T_4core3ptr9drop_glueNtNtCscFfmoX7dj9V_7session10diagnostic13DiagnosticSetECsghdAMdxnB6f_8protocol>
 - func[359] sig=3 <_RNvXsO_NtCscFfmoX7dj9V_7session10diagnosticNtB5_13DiagnosticSetNtNtCsdkdt1aaAg1T_4core3fmt5Debug3fmt>
 - func[360] sig=3 <_RNvXs1g_NtCsdkdt1aaAg1T_4core3fmtRINtNtCsewWLk9TkM7w_5alloc3vec3VecNtNtCscFfmoX7dj9V_7session10diagnostic10DiagnosticENtB6_5Debug3fmtCsghdAMdxnB6f_8protocol>
 - func[361] sig=3 <_RNvXs1g_NtCsdkdt1aaAg1T_4core3fmtRNtNtCsewWLk9TkM7w_5alloc6string6StringNtB6_5Debug3fmtCsghdAMdxnB6f_8protocol>
 - func[362] sig=3 <_RNvXsR_NtCsdkdt1aaAg1T_4core6optionINtB5_6OptionNtNtCscFfmoX7dj9V_7session10diagnostic10SourceSpanENtNtB7_3fmt5Debug3fmtCsghdAMdxnB6f_8protocol>
 - func[363] sig=3 <_RNvXsZ_NtNtCsdkdt1aaAg1T_4core3fmt3numjNtB7_5Debug3fmt.150>
 - func[364] sig=5 <_RINvNtCsdkdt1aaAg1T_4core3ptr9drop_glueNtNtCscFfmoX7dj9V_7session10diagnostic14DiagnosticPathECsghdAMdxnB6f_8protocol>
 - func[365] sig=3 <_RNvXsp_NtCscFfmoX7dj9V_7session10diagnosticNtB5_14DiagnosticPathNtNtCsdkdt1aaAg1T_4core3fmt5Debug3fmt>
 - func[366] sig=3 <_RNvXs1g_NtCsdkdt1aaAg1T_4core3fmtRINtNtCsewWLk9TkM7w_5alloc3vec3VecNtNtCscFfmoX7dj9V_7session10diagnostic11PathSegmentENtB6_5Debug3fmtCsghdAMdxnB6f_8protocol>
 - func[367] sig=3 <_RNvXs1g_NtCsdkdt1aaAg1T_4core3fmtRNtNtCscFfmoX7dj9V_7session10diagnostic11PathSegmentNtB6_5Debug3fmtCsghdAMdxnB6f_8protocol>
 - func[368] sig=3 <_RNvXsb_NtCscFfmoX7dj9V_7session10diagnosticNtB5_14DiagnosticCodeNtNtCsdkdt1aaAg1T_4core3fmt5Debug3fmt>
 - func[369] sig=3 <_RINvMs6_NtCs7EJdUbBHCXe_9hashbrown3rawINtB6_8RawTableTReNtNtCscFfmoX7dj9V_7session8validate11GraphEntityEE14reserve_rehashNCINvNtB8_3map11make_hasherBQ_BS_NtNtNtCsdl5sGgnNXvY_3std4hash6random11RandomStateE0EBW_>
 - func[370] sig=24 <_RINvYNtNtNtCsdl5sGgnNXvY_3std4hash6random11RandomStateNtNtCsdkdt1aaAg1T_4core4hash11BuildHasher8hash_oneRReECscFfmoX7dj9V_7session>
 - func[371] sig=1 <_RNvXs3_NtNtCsdkdt1aaAg1T_4core4hash3sipINtB5_6HasherNtB5_11Sip13RoundsENtB7_6Hasher5writeCscFfmoX7dj9V_7session>
 - func[372] sig=3 <_RINvMs6_NtCs7EJdUbBHCXe_9hashbrown3rawINtB6_8RawTableTReRNtNtCscFfmoX7dj9V_7session5model6SourceEE14reserve_rehashNCINvNtB8_3map11make_hasherBQ_BS_NtNtNtCsdl5sGgnNXvY_3std4hash6random11RandomStateE0EBX_>
 - func[373] sig=3 <_RINvMs6_NtCs7EJdUbBHCXe_9hashbrown3rawINtB6_8RawTableTReuEE14reserve_rehashNCINvNtB8_3map11make_hasherBQ_uNtNtNtCsdl5sGgnNXvY_3std4hash6random11RandomStateE0ECscFfmoX7dj9V_7session>
 - func[374] sig=3 <_RINvMs6_NtCs7EJdUbBHCXe_9hashbrown3rawINtB6_8RawTableTTmhEuEE14reserve_rehashNCINvNtB8_3map11make_hasherBQ_uNtNtNtCsdl5sGgnNXvY_3std4hash6random11RandomStateE0ECscFfmoX7dj9V_7session>
 - func[375] sig=24 <_RINvYNtNtNtCsdl5sGgnNXvY_3std4hash6random11RandomStateNtNtCsdkdt1aaAg1T_4core4hash11BuildHasher8hash_oneRTmhEECscFfmoX7dj9V_7session>
 - func[376] sig=8 <_RINvNtNtNtCsdkdt1aaAg1T_4core5slice4sort6stable14driftsort_mainNtNtCscFfmoX7dj9V_7session10diagnostic10DiagnosticNCINvMNtCsewWLk9TkM7w_5alloc5sliceSBZ_7sort_byNCNvMs5_B11_NtB11_13DiagnosticSet8from_vec0E0INtNtB1V_3vec3VecBZ_EEB13_>
 - func[377] sig=2 <_RINvNtNtNtNtCsdkdt1aaAg1T_4core5slice4sort6stable5drift4sortNtNtCscFfmoX7dj9V_7session10diagnostic10DiagnosticNCINvMNtCsewWLk9TkM7w_5alloc5sliceSBW_7sort_byNCNvMs5_BY_NtBY_13DiagnosticSet8from_vec0E0EB10_>
 - func[378] sig=3 <_RNCINvMNtCsewWLk9TkM7w_5alloc5sliceSNtNtCscFfmoX7dj9V_7session10diagnostic10Diagnostic7sort_byNCNvMs5_BA_NtBA_13DiagnosticSet8from_vec0E0BC_>
 - func[379] sig=9 <_RINvNtNtNtNtCsdkdt1aaAg1T_4core5slice4sort6stable9quicksort9quicksortNtNtCscFfmoX7dj9V_7session10diagnostic10DiagnosticNCINvMNtCsewWLk9TkM7w_5alloc5sliceSB15_7sort_byNCNvMs5_B17_NtB17_13DiagnosticSet8from_vec0E0EB19_>
 - func[380] sig=11 <_RINvNtNtNtNtCsdkdt1aaAg1T_4core5slice4sort6shared5pivot11median3_recNtNtCscFfmoX7dj9V_7session10diagnostic10DiagnosticNCINvMNtCsewWLk9TkM7w_5alloc5sliceSB14_7sort_byNCNvMs5_B16_NtB16_13DiagnosticSet8from_vec0E0EB18_>
 - func[381] sig=5 <_RINvNtCsdkdt1aaAg1T_4core3ptr9drop_glueINtNtCsewWLk9TkM7w_5alloc3vec3VecNtNtCscFfmoX7dj9V_7session5model10AutomationEEB1c_>
 - func[382] sig=5 <_RINvNtCsdkdt1aaAg1T_4core3ptr9drop_glueINtNtCsewWLk9TkM7w_5alloc3vec3VecNtNtCscFfmoX7dj9V_7session5model5RouteEEB1c_>
 - func[383] sig=5 <_RINvNtCsdkdt1aaAg1T_4core3ptr9drop_glueINtNtCsewWLk9TkM7w_5alloc3vec3VecNtNtCscFfmoX7dj9V_7session5model5TrackEEB1c_>
 - func[384] sig=5 <_RINvNtCsdkdt1aaAg1T_4core3ptr9drop_glueNtNtCscFfmoX7dj9V_7session5model4RackEBF_>
 - func[385] sig=5 <_RNvMs3_NtCsewWLk9TkM7w_5alloc7raw_vecINtB5_6RawVecNtNtCscFfmoX7dj9V_7session10diagnostic11PathSegmentE8grow_oneBQ_>
 - func[386] sig=9 <_RNvMs4_NtCsewWLk9TkM7w_5alloc7raw_vecNtB5_11RawVecInner11finish_growCscFfmoX7dj9V_7session>
 - func[387] sig=2 <_RNvMs0_NtCscFfmoX7dj9V_7session10diagnosticNtB5_14DiagnosticPath3key>
 - func[388] sig=5 <_RNvMs3_NtCsewWLk9TkM7w_5alloc7raw_vecINtB5_6RawVecNtNtCscFfmoX7dj9V_7session10diagnostic10DiagnosticE8grow_oneBQ_>
 - func[389] sig=5 <_RNvMs3_NtCsewWLk9TkM7w_5alloc7raw_vecINtB5_6RawVecNtNtCscFfmoX7dj9V_7session10diagnostic3SegE8grow_oneBQ_>
 - func[390] sig=5 <_RNvMs3_NtCsewWLk9TkM7w_5alloc7raw_vecINtB5_6RawVecNtNtCscFfmoX7dj9V_7session5model10AutomationE8grow_oneBQ_>
 - func[391] sig=5 <_RNvMs3_NtCsewWLk9TkM7w_5alloc7raw_vecINtB5_6RawVecNtNtCscFfmoX7dj9V_7session5model11EffectParamE8grow_oneBQ_>
 - func[392] sig=5 <_RNvMs3_NtCsewWLk9TkM7w_5alloc7raw_vecINtB5_6RawVecNtNtCscFfmoX7dj9V_7session5model17AutomationSegmentE8grow_oneBQ_>
 - func[393] sig=5 <_RNvMs3_NtCsewWLk9TkM7w_5alloc7raw_vecINtB5_6RawVecNtNtCscFfmoX7dj9V_7session5model5RouteE8grow_oneBQ_>
 - func[394] sig=5 <_RNvMs3_NtCsewWLk9TkM7w_5alloc7raw_vecINtB5_6RawVecNtNtCscFfmoX7dj9V_7session5model5TrackE8grow_oneBQ_>
 - func[395] sig=5 <_RNvMs3_NtCsewWLk9TkM7w_5alloc7raw_vecINtB5_6RawVecNtNtCscFfmoX7dj9V_7session5model6EffectE8grow_oneBQ_>
 - func[396] sig=5 <_RNvMs3_NtCsewWLk9TkM7w_5alloc7raw_vecINtB5_6RawVecNtNtCscFfmoX7dj9V_7session5model6SourceE8grow_oneBQ_>
 - func[397] sig=1 <_RNvMNtCscFfmoX7dj9V_7session14json_preflightNtB2_7Scanner4open>
 - func[398] sig=8 <_RNvMNtCsj2imvPwWU2d_8smallstr6stringINtB2_11SmallStringAhj10_E4pushCscFfmoX7dj9V_7session>
 - func[399] sig=5 <_RINvNtCsdkdt1aaAg1T_4core3ptr9drop_glueNtNtCscFfmoX7dj9V_7session10diagnostic14DiagnosticPathEBF_>
 - func[400] sig=8 <_RNvMs0_NtCsluNdJgSep9q_11json_syntax5parseINtB5_6ParserINtNtNtNtCsdkdt1aaAg1T_4core4iter8adapters3map3MapIBS_NtNtNtB10_3str4iter5CharsNcNtINtNtB10_6result6ResultcNtNtB10_7convert10InfallibleE2Ok0ENCINvYNtB7_5ValueNtB5_5Parse10parse_utf8B1F_B2A_E0EB2A_E9next_charCscFfmoX7dj9V_7session>
 - func[401] sig=8 <_RNvMs0_NtCsluNdJgSep9q_11json_syntax5parseINtB5_6ParserINtNtNtNtCsdkdt1aaAg1T_4core4iter8adapters3map3MapIBS_NtNtNtB10_3str4iter5CharsNcNtINtNtB10_6result6ResultcNtNtB10_7convert10InfallibleE2Ok0ENCINvYNtB7_5ValueNtB5_5Parse10parse_utf8B1F_B2A_E0EB2A_E12end_fragmentCscFfmoX7dj9V_7session>
 - func[402] sig=3 <_RNvMs5_NtCsluNdJgSep9q_11json_syntax5parseNtB5_7Context7follows.177>
 - func[403] sig=5 <_RNvMsc_Cs2bW5bADgYIX_8smallvecINtB5_8SmallVecAhj10_E21reserve_one_uncheckedCscFfmoX7dj9V_7session>
 - func[404] sig=8 <_RINvNtNtNtNtCsdkdt1aaAg1T_4core5slice4sort6shared9smallsort25insertion_sort_shift_leftNtNtCscFfmoX7dj9V_7session10diagnostic10DiagnosticNCINvMNtCsewWLk9TkM7w_5alloc5sliceSB1m_7sort_byNCNvMs5_B1o_NtB1o_13DiagnosticSet8from_vec0E0EB1q_>
 - func[405] sig=3 <_RNCNvMs5_NtCscFfmoX7dj9V_7session10diagnosticNtB7_13DiagnosticSet8from_vecs_0B9_>
 - func[406] sig=9 <_RNvMs_NtCscFfmoX7dj9V_7session5parseNtB4_6Parser15unsigned_number>
 - func[407] sig=25 <_RNvMs_NtCscFfmoX7dj9V_7session5parseNtB4_6Parser11error_field>
 - func[408] sig=26 <_RNvMs_NtCscFfmoX7dj9V_7session5parseNtB4_6Parser4keys>
 - func[409] sig=9 <_RNvMs_NtCscFfmoX7dj9V_7session5parseNtB4_6Parser2id>
 - func[410] sig=9 <_RNvMs_NtCscFfmoX7dj9V_7session5parseNtB4_6Parser3u64>
 - func[411] sig=9 <_RNvMs_NtCscFfmoX7dj9V_7session5parseNtB4_6Parser5table>
 - func[412] sig=9 <_RNvMs_NtCscFfmoX7dj9V_7session5parseNtB4_6Parser5token>
 - func[413] sig=3 <_RNvXsq_NtCsewWLk9TkM7w_5alloc6stringNtB5_6StringNtNtCsdkdt1aaAg1T_4core3fmt7Display3fmt>
 - func[414] sig=9 <_RNvMs_NtCscFfmoX7dj9V_7session5parseNtB4_6Parser5array>
 - func[415] sig=9 <_RNvMs_NtCscFfmoX7dj9V_7session5parseNtB4_6Parser10string_ref>
 - func[416] sig=26 <_RINvMs_NtCscFfmoX7dj9V_7session5parseNtB5_6Parser8error_atReEB7_>
 - func[417] sig=7 <_RNvNtCscFfmoX7dj9V_7session5parse22parse_channel_builtins>
 - func[418] sig=7 <_RNvNtCscFfmoX7dj9V_7session5parse10parse_rack>
 - func[419] sig=9 <_RNvMs_NtCscFfmoX7dj9V_7session5parseNtB4_6Parser3f32>
 - func[420] sig=12 <_RNvMs_NtCscFfmoX7dj9V_7session5parseNtB4_6Parser4bool>
 - func[421] sig=9 <_RNvMs_NtCscFfmoX7dj9V_7session5parseNtB4_6Parser7bounded>
 - func[422] sig=7 <_RNvNtCscFfmoX7dj9V_7session5parse18parse_route_source>
 - func[423] sig=25 <_RNvMs_NtCscFfmoX7dj9V_7session5parseNtB4_6Parser10reject_key>
 - func[424] sig=4 <_RINvMs_NtCscFfmoX7dj9V_7session5parseNtB5_6Parser12closed_tokenNtNtB7_5model16ParameterChannelEB7_>
 - func[425] sig=4 <_RINvMs_NtCscFfmoX7dj9V_7session5parseNtB5_6Parser12closed_tokenNtNtB7_5model13ParameterUnitEB7_>
 - func[426] sig=8 <_RNvMs1_NtCscFfmoX7dj9V_7session10diagnosticNtB5_7PathRef11materialize>
 - func[427] sig=10 <_RINvMs_NtNtNtCsdl5sGgnNXvY_3std3sys12thread_local10no_threadsINtB5_11LazyStorageINtNtCsdkdt1aaAg1T_4core4cell4CellTyyEEE10initializeNvNvNvMNtNtBb_4hash6randomNtB2d_11RandomState3new4KEYS27___rust_std_internal_init_fnECscFfmoX7dj9V_7session>
 - func[428] sig=12 <_RNvMs1_NtCs7EJdUbBHCXe_9hashbrown3mapINtB5_7HashMapReNtNtCscFfmoX7dj9V_7session8validate11GraphEntityNtNtNtCsdl5sGgnNXvY_3std4hash6random11RandomStateE6insertBT_>
 - func[429] sig=4 <_RNvMs1_NtCs7EJdUbBHCXe_9hashbrown3mapINtB5_7HashMapReuNtNtNtCsdl5sGgnNXvY_3std4hash6random11RandomStateE6insertCscFfmoX7dj9V_7session>
 - func[430] sig=24 <_RINvYNtNtNtCsdl5sGgnNXvY_3std4hash6random11RandomStateNtNtCsdkdt1aaAg1T_4core4hash11BuildHasher8hash_oneReECscFfmoX7dj9V_7session>
 - func[431] sig=27 <_RNvNtCscFfmoX7dj9V_7session8validate21validate_finite_range>
 - func[432] sig=7 <_RNvNtCscFfmoX7dj9V_7session8validate21validate_route_source>
 - func[433] sig=28 <_RNvNtCscFfmoX7dj9V_7session8validate19validate_unit_value>
 - func[434] sig=4 <_RNvXst_NtNtCsdkdt1aaAg1T_4core3str7patternReNtB5_7Pattern15is_contained_in>
 - func[435] sig=26 <_RINvMsx_NtNtCsdkdt1aaAg1T_4core3str7patternNtB6_14TwoWaySearcher4nextNtB6_9MatchOnlyECscFfmoX7dj9V_7session>
 - func[436] sig=3 <_RNvXsK_NtCsdkdt1aaAg1T_4core3fmtNtB5_5ErrorNtB5_5Debug3fmt.172>
 - func[437] sig=5 <_RINvNtCsdkdt1aaAg1T_4core3ptr9drop_glueNtNtCsewWLk9TkM7w_5alloc6string6StringECscFfmoX7dj9V_7session>
 - func[438] sig=4 <_RNvXsZ_NtCsewWLk9TkM7w_5alloc6stringNtB5_6StringNtNtCsdkdt1aaAg1T_4core3fmt5Write9write_str.173>
 - func[439] sig=3 <_RNvXsZ_NtCsewWLk9TkM7w_5alloc6stringNtB5_6StringNtNtCsdkdt1aaAg1T_4core3fmt5Write10write_char.174>
 - func[440] sig=4 <_RNvYNtNtCsewWLk9TkM7w_5alloc6string6StringNtNtCsdkdt1aaAg1T_4core3fmt5Write9write_fmtCscFfmoX7dj9V_7session>
 - func[441] sig=1 <_RNvMsc_Cs2bW5bADgYIX_8smallvecINtB5_8SmallVecAhj10_E8try_growCscFfmoX7dj9V_7session>
 - func[442] sig=3 <_RNvXsU_Cs2bW5bADgYIX_8smallvecNtB5_18CollectionAllocErrNtNtCsdkdt1aaAg1T_4core3fmt5Debug3fmt.175>
 - func[443] sig=3 <_RNvXs1g_NtCsdkdt1aaAg1T_4core3fmtRNtNtNtB8_5alloc6layout6LayoutNtB6_5Debug3fmtCscFfmoX7dj9V_7session>
 - func[444] sig=3 <_RNvXs1g_NtCsdkdt1aaAg1T_4core3fmtRNtNtNtB8_3mem9alignment9AlignmentNtB6_5Debug3fmtCscFfmoX7dj9V_7session>
 - func[445] sig=7 <_RNvNtCsdl5sGgnNXvY_3std9panicking15panic_with_hook>
 - func[446] sig=10 <_RNvCs9wFQrvczXsK_7___rustc10rust_panic>
 - func[447] sig=8 <_RNvYINtNvNtCsdl5sGgnNXvY_3std9panicking11begin_panic7PayloadReENtNtCsdkdt1aaAg1T_4core5panic12PanicPayload6as_strB9_>
 - func[448] sig=8 <_RNvXNtCsdkdt1aaAg1T_4core3anyReNtB2_3Any7type_idCsdl5sGgnNXvY_3std>
 - func[449] sig=8 <_RINvNtNtCsdl5sGgnNXvY_3std3sys9backtrace26___rust_end_short_backtraceNCNvNtB6_5alloc8rust_oom0zEB6_>
 - func[450] sig=5 <_RINvNtNtCsdl5sGgnNXvY_3std3sys9backtrace26___rust_end_short_backtraceNCNvNtB6_9panicking13panic_handler0zEB6_>
 - func[451] sig=5 <_RNCNvNtCsdl5sGgnNXvY_3std9panicking13panic_handler0B5_>
 - func[452] sig=5 <_RINvNtCsdkdt1aaAg1T_4core3ptr9drop_glueNtNvNtCsdl5sGgnNXvY_3std9panicking13panic_handler19FormatStringPayloadEBH_>
 - func[453] sig=3 <_RNvXs0_NvNtCsdl5sGgnNXvY_3std9panicking13panic_handlerNtB5_19FormatStringPayloadNtNtCsdkdt1aaAg1T_4core3fmt7Display3fmt>
 - func[454] sig=8 <_RNvXs_NvNtCsdl5sGgnNXvY_3std9panicking13panic_handlerNtB4_19FormatStringPayloadNtNtCsdkdt1aaAg1T_4core5panic12PanicPayload8take_box>
 - func[455] sig=8 <_RNvXs_NvNtCsdl5sGgnNXvY_3std9panicking13panic_handlerNtB4_19FormatStringPayloadNtNtCsdkdt1aaAg1T_4core5panic12PanicPayload3get>
 - func[456] sig=1 <_RINvNvMs2_NtCsewWLk9TkM7w_5alloc7raw_vecINtB8_11RawVecInnerpE7reserve21do_reserve_and_handleNtNtBa_5alloc6GlobalECsdl5sGgnNXvY_3std>
 - func[457] sig=7 <_RNvMs4_NtCsewWLk9TkM7w_5alloc7raw_vecNtB5_11RawVecInner11finish_growCsdl5sGgnNXvY_3std>
 - func[458] sig=8 <_RNvXNtCsdkdt1aaAg1T_4core3anyNtNtCsewWLk9TkM7w_5alloc6string6StringNtB2_3Any7type_idCsdl5sGgnNXvY_3std>
 - func[459] sig=4 <_RNvXsZ_NtCsewWLk9TkM7w_5alloc6stringNtB5_6StringNtNtCsdkdt1aaAg1T_4core3fmt5Write9write_str.183>
 - func[460] sig=3 <_RNvXsZ_NtCsewWLk9TkM7w_5alloc6stringNtB5_6StringNtNtCsdkdt1aaAg1T_4core3fmt5Write10write_char.184>
 - func[461] sig=4 <_RNvYNtNtCsewWLk9TkM7w_5alloc6string6StringNtNtCsdkdt1aaAg1T_4core3fmt5Write9write_fmtCsdl5sGgnNXvY_3std>
 - func[462] sig=3 <_RNvXs2_NvNtCsdl5sGgnNXvY_3std9panicking13panic_handlerNtB5_16StaticStrPayloadNtNtCsdkdt1aaAg1T_4core3fmt7Display3fmt>
 - func[463] sig=8 <_RNvXs1_NvNtCsdl5sGgnNXvY_3std9panicking13panic_handlerNtB5_16StaticStrPayloadNtNtCsdkdt1aaAg1T_4core5panic12PanicPayload8take_box>
 - func[464] sig=8 <_RNvXs1_NvNtCsdl5sGgnNXvY_3std9panicking13panic_handlerNtB5_16StaticStrPayloadNtNtCsdkdt1aaAg1T_4core5panic12PanicPayload3get>
 - func[465] sig=8 <_RNvXs1_NvNtCsdl5sGgnNXvY_3std9panicking13panic_handlerNtB5_16StaticStrPayloadNtNtCsdkdt1aaAg1T_4core5panic12PanicPayload6as_str>
 - func[466] sig=8 <_RNvMs0_NtCsgis5MWNmFLl_8dlmalloc8dlmallocINtB5_8DlmallocNtNtB7_3sys6SystemE18insert_large_chunkCsdl5sGgnNXvY_3std>
 - func[467] sig=8 <_RNvNtCsdl5sGgnNXvY_3std5alloc8rust_oom>
 - func[468] sig=5 <_RINvMNtNtCsdl5sGgnNXvY_3std4sync9once_lockINtB3_8OnceLockINtNtB5_14reentrant_lock13ReentrantLockINtNtCsdkdt1aaAg1T_4core4cell7RefCellINtNtNtNtB7_2io8buffered10linewriter10LineWriterNtNtB2e_5stdio9StdoutRawEEEE10initializeNCINvB2_11get_or_initNCNvB2V_7cleanup0E0zEB7_>
 - func[469] sig=3 <main>
 - func[470] sig=4 <memcmp>
 - func[471] sig=29 <__multi3>
Table[1]:
 - table[0] type=funcref initial=180 max=180
Memory[1]:
 - memory[0] pages: initial=17
Global[1]:
 - global[0] i32 mutable=1 <__stack_pointer> - init i32=1048576
Export[2]:
 - memory[0] -> "memory"
 - func[469] <main> -> "main"
Elem[1]:
 - segment[0] flags=0 table=0 count=179 - init i32=1
  - elem[1] = ref.func:47 <_RNvXs1i_NtCsdkdt1aaAg1T_4core3fmtReNtB6_7Display3fmtCsf7JfMwSUWx6_20protocol_wasm_golden>
  - elem[2] = ref.func:118 <_RNvXsu_NtNtCsdkdt1aaAg1T_4core3fmt3nummNtB7_8LowerHex3fmt>
  - elem[3] = ref.func:349 <_RNvXs1i_NtCsdkdt1aaAg1T_4core3fmtRcNtB6_7Display3fmtCscFfmoX7dj9V_7session>
  - elem[4] = ref.func:77 <_RNvXsi_NtNtNtCsdkdt1aaAg1T_4core3fmt3num3impjNtB9_7Display3fmt>
  - elem[5] = ref.func:72 <_RNvXs1g_NtCsdkdt1aaAg1T_4core3fmtRDNtB6_5DebugEL_Bx_3fmtB8_>
  - elem[6] = ref.func:73 <_RNvXs1i_NtCsdkdt1aaAg1T_4core3fmtReNtB6_7Display3fmtB8_>
  - elem[7] = ref.func:6 <_RNvCsf7JfMwSUWx6_20protocol_wasm_golden4main>
  - elem[8] = ref.func:99 <_RNvXs_NtNtCsdkdt1aaAg1T_4core3ops5rangeINtB4_5RangejENtNtB8_3fmt5Debug3fmtB8_>
  - elem[9] = ref.func:100 <_RNvXsj_NtCsdkdt1aaAg1T_4core3fmtcNtB5_5Debug3fmt>
  - elem[10] = ref.func:102 <_RNvXsr_NtCsdkdt1aaAg1T_4core4cellNtB5_14BorrowMutErrorNtNtB7_3fmt7Display3fmt>
  - elem[11] = ref.func:413 <_RNvXsq_NtCsewWLk9TkM7w_5alloc6stringNtB5_6StringNtNtCsdkdt1aaAg1T_4core3fmt7Display3fmt>
  - elem[12] = ref.func:357 <_RNvXs1g_NtCsdkdt1aaAg1T_4core3fmtRjNtB6_5Debug3fmtCsghdAMdxnB6f_8protocol>
  - elem[13] = ref.func:116 <_RNvXs3_NtNtCsdkdt1aaAg1T_4core3fmt5floatfNtB7_7Display3fmt>
  - elem[14] = ref.func:443 <_RNvXs1g_NtCsdkdt1aaAg1T_4core3fmtRNtNtNtB8_5alloc6layout6LayoutNtB6_5Debug3fmtCscFfmoX7dj9V_7session>
  - elem[15] = ref.func:363 <_RNvXsZ_NtNtCsdkdt1aaAg1T_4core3fmt3numjNtB7_5Debug3fmt.150>
  - elem[16] = ref.func:444 <_RNvXs1g_NtCsdkdt1aaAg1T_4core3fmtRNtNtNtB8_3mem9alignment9AlignmentNtB6_5Debug3fmtCscFfmoX7dj9V_7session>
  - elem[17] = ref.func:117 <_RNvXsW_NtNtCsdkdt1aaAg1T_4core3fmt3nummNtB7_5Debug3fmt>
  - elem[18] = ref.func:119 <_RNvXsF_NtNtCsdkdt1aaAg1T_4core3num7nonzeroINtB5_7NonZerojENtNtB9_3fmt5Debug3fmtB9_>
  - elem[19] = ref.func:66 <_RINvNtCsdkdt1aaAg1T_4core3ptr9drop_glueNtNtCsewWLk9TkM7w_5alloc6string6StringEBF_>
  - elem[20] = ref.func:67 <_RNvXsZ_NtCsewWLk9TkM7w_5alloc6stringNtB5_6StringNtNtCsdkdt1aaAg1T_4core3fmt5Write9write_str>
  - elem[21] = ref.func:68 <_RNvXsZ_NtCsewWLk9TkM7w_5alloc6stringNtB5_6StringNtNtCsdkdt1aaAg1T_4core3fmt5Write10write_char>
  - elem[22] = ref.func:69 <_RNvYNtNtCsewWLk9TkM7w_5alloc6string6StringNtNtCsdkdt1aaAg1T_4core3fmt5Write9write_fmtB6_>
  - elem[23] = ref.func:65 <_RNvXsK_NtCsdkdt1aaAg1T_4core3fmtNtB5_5ErrorNtB5_5Debug3fmt>
  - elem[24] = ref.func:76 <_RNvXs1g_NtCsdkdt1aaAg1T_4core3fmtRjNtB6_5Debug3fmtB8_>
  - elem[25] = ref.func:84 <_RNvXs1g_NtCsdkdt1aaAg1T_4core3fmtRyNtB6_5Debug3fmtB8_>
  - elem[26] = ref.func:79 <_RNvXs0_NtNtCsdkdt1aaAg1T_4core3fmt8buildersNtB5_10PadAdapterNtB7_5Write9write_str>
  - elem[27] = ref.func:80 <_RNvXs0_NtNtCsdkdt1aaAg1T_4core3fmt8buildersNtB5_10PadAdapterNtB7_5Write10write_char>
  - elem[28] = ref.func:81 <_RNvYNtNtNtCsdkdt1aaAg1T_4core3fmt8builders10PadAdapterNtB6_5Write9write_fmtB8_>
  - elem[29] = ref.func:121 <_RNvXs_NtCsbP5xitGlWT4_5ahash12random_stateNtB4_19DefaultRandomSourceNtB4_12RandomSource15get_fixed_seeds>
  - elem[30] = ref.func:122 <_RNvXs_NtCsbP5xitGlWT4_5ahash12random_stateNtB4_19DefaultRandomSourceNtB4_12RandomSource15gen_hasher_seed>
  - elem[31] = ref.func:281 <_RNvXs2_NtCsghdAMdxnB6f_8protocol4btlvNtB5_9CountSinkNtB5_4Sink6limits>
  - elem[32] = ref.func:282 <_RNvXs2_NtCsghdAMdxnB6f_8protocol4btlvNtB5_9CountSinkNtB5_4Sink7written>
  - elem[33] = ref.func:283 <_RNvXs2_NtCsghdAMdxnB6f_8protocol4btlvNtB5_9CountSinkNtB5_4Sink3raw>
  - elem[34] = ref.func:284 <_RNvXs2_NtCsghdAMdxnB6f_8protocol4btlvNtB5_9CountSinkNtB5_4Sink14message_fields>
  - elem[35] = ref.func:285 <_RNvXs2_NtCsghdAMdxnB6f_8protocol4btlvNtB5_9CountSinkNtB5_4Sink18message_fields_mut>
  - elem[36] = ref.func:286 <_RNvYNtNtCsghdAMdxnB6f_8protocol4btlv9CountSinkNtB4_4Sink17check_field_countB6_>
  - elem[37] = ref.func:287 <_RNvYNtNtCsghdAMdxnB6f_8protocol4btlv9CountSinkNtB4_4Sink14finish_messageB6_>
  - elem[38] = ref.func:288 <_RNvYNtNtCsghdAMdxnB6f_8protocol4btlv9CountSinkNtB4_4Sink15measure_messageB6_>
  - elem[39] = ref.func:289 <_RNvYNtNtCsghdAMdxnB6f_8protocol4btlv9CountSinkNtB4_4Sink14message_headerB6_>
  - elem[40] = ref.func:290 <_RNvYNtNtCsghdAMdxnB6f_8protocol4btlv9CountSinkNtB4_4Sink10field_specB6_>
  - elem[41] = ref.func:291 <_RNvXs2_NtCsghdAMdxnB6f_8protocol4btlvNtB5_9CountSinkNtB5_4Sink17stream_field_spec>
  - elem[42] = ref.func:292 <_RNvYNtNtCsghdAMdxnB6f_8protocol4btlv9CountSinkNtB4_4Sink11nested_specB6_>
  - elem[43] = ref.func:293 <_RNvXs2_NtCsghdAMdxnB6f_8protocol4btlvNtB5_9CountSinkNtB5_4Sink12nested_field>
  - elem[44] = ref.func:184 <_RNvXs4_NtCsghdAMdxnB6f_8protocol4btlvNtB5_9SliceSinkNtB5_4Sink6limits>
  - elem[45] = ref.func:185 <_RNvXs4_NtCsghdAMdxnB6f_8protocol4btlvNtB5_9SliceSinkNtB5_4Sink7written>
  - elem[46] = ref.func:186 <_RNvXs4_NtCsghdAMdxnB6f_8protocol4btlvNtB5_9SliceSinkNtB5_4Sink3raw>
  - elem[47] = ref.func:187 <_RNvXs4_NtCsghdAMdxnB6f_8protocol4btlvNtB5_9SliceSinkNtB5_4Sink14message_fields>
  - elem[48] = ref.func:188 <_RNvXs4_NtCsghdAMdxnB6f_8protocol4btlvNtB5_9SliceSinkNtB5_4Sink18message_fields_mut>
  - elem[49] = ref.func:189 <_RNvYNtNtCsghdAMdxnB6f_8protocol4btlv9SliceSinkNtB4_4Sink17check_field_countB6_>
  - elem[50] = ref.func:190 <_RNvYNtNtCsghdAMdxnB6f_8protocol4btlv9SliceSinkNtB4_4Sink14finish_messageB6_>
  - elem[51] = ref.func:191 <_RNvYNtNtCsghdAMdxnB6f_8protocol4btlv9SliceSinkNtB4_4Sink15measure_messageB6_>
  - elem[52] = ref.func:192 <_RNvYNtNtCsghdAMdxnB6f_8protocol4btlv9SliceSinkNtB4_4Sink14message_headerB6_>
  - elem[53] = ref.func:193 <_RNvYNtNtCsghdAMdxnB6f_8protocol4btlv9SliceSinkNtB4_4Sink10field_specB6_>
  - elem[54] = ref.func:194 <_RNvXs4_NtCsghdAMdxnB6f_8protocol4btlvNtB5_9SliceSinkNtB5_4Sink17stream_field_spec>
  - elem[55] = ref.func:195 <_RNvYNtNtCsghdAMdxnB6f_8protocol4btlv9SliceSinkNtB4_4Sink11nested_specB6_>
  - elem[56] = ref.func:183 <_RNvXs4_NtCsghdAMdxnB6f_8protocol4btlvNtB5_9SliceSinkNtB5_4Sink12nested_field>
  - elem[57] = ref.func:273 <_RNSNvYNCNvNtCsghdAMdxnB6f_8protocol12session_wire15tx_edit_payload0INtNtNtCsdkdt1aaAg1T_4core3ops8function6FnOnceTQDNtNtBa_4btlv4SinkEL_EE9call_once6vtableBa_>
  - elem[58] = ref.func:274 <_RNCNvNtCsghdAMdxnB6f_8protocol12session_wire15tx_edit_payload0B5_>
  - elem[59] = ref.func:269 <_RNSNvYNCNvNtCsghdAMdxnB6f_8protocol12session_wire15tx_edit_payloads0_0INtNtNtCsdkdt1aaAg1T_4core3ops8function6FnOnceTQDNtNtBa_4btlv4SinkEL_EE9call_once6vtableBa_>
  - elem[60] = ref.func:270 <_RNCNvNtCsghdAMdxnB6f_8protocol12session_wire15tx_edit_payloads0_0B5_>
  - elem[61] = ref.func:256 <_RNSNvYNCNvNtCsghdAMdxnB6f_8protocol12session_wire15tx_edit_payloads1_0INtNtNtCsdkdt1aaAg1T_4core3ops8function6FnOnceTQDNtNtBa_4btlv4SinkEL_EE9call_once6vtableBa_>
  - elem[62] = ref.func:257 <_RNCNvNtCsghdAMdxnB6f_8protocol12session_wire15tx_edit_payloads1_0B5_>
  - elem[63] = ref.func:249 <_RNSNvYNCNvNtCsghdAMdxnB6f_8protocol12session_wire15tx_edit_payloads2_0INtNtNtCsdkdt1aaAg1T_4core3ops8function6FnOnceTQDNtNtBa_4btlv4SinkEL_EE9call_once6vtableBa_>
  - elem[64] = ref.func:250 <_RNCNvNtCsghdAMdxnB6f_8protocol12session_wire15tx_edit_payloads2_0B5_>
  - elem[65] = ref.func:247 <_RNSNvYNCNvNtCsghdAMdxnB6f_8protocol12session_wire15tx_edit_payloads3_0INtNtNtCsdkdt1aaAg1T_4core3ops8function6FnOnceTQDNtNtBa_4btlv4SinkEL_EE9call_once6vtableBa_>
  - elem[66] = ref.func:248 <_RNCNvNtCsghdAMdxnB6f_8protocol12session_wire15tx_edit_payloads3_0B5_>
  - elem[67] = ref.func:237 <_RNSNvYNCNvNtCsghdAMdxnB6f_8protocol12session_wire15tx_edit_payloads4_0INtNtNtCsdkdt1aaAg1T_4core3ops8function6FnOnceTQDNtNtBa_4btlv4SinkEL_EE9call_once6vtableBa_>
  - elem[68] = ref.func:239 <_RNCNvNtCsghdAMdxnB6f_8protocol12session_wire15tx_edit_payloads4_0B5_>
  - elem[69] = ref.func:235 <_RNSNvYNCNvNtCsghdAMdxnB6f_8protocol12session_wire15tx_edit_payloads8_0INtNtNtCsdkdt1aaAg1T_4core3ops8function6FnOnceTQDNtNtBa_4btlv4SinkEL_EE9call_once6vtableBa_>
  - elem[70] = ref.func:236 <_RNCNvNtCsghdAMdxnB6f_8protocol12session_wire15tx_edit_payloads8_0B5_>
  - elem[71] = ref.func:232 <_RNSNvYNCNvNtCsghdAMdxnB6f_8protocol12session_wire15tx_edit_payloads9_0INtNtNtCsdkdt1aaAg1T_4core3ops8function6FnOnceTQDNtNtBa_4btlv4SinkEL_EE9call_once6vtableBa_>
  - elem[72] = ref.func:234 <_RNCNvNtCsghdAMdxnB6f_8protocol12session_wire15tx_edit_payloads9_0B5_>
  - elem[73] = ref.func:271 <_RNSNvYNCNvNtCsghdAMdxnB6f_8protocol12session_wire15tx_edit_payloads_0INtNtNtCsdkdt1aaAg1T_4core3ops8function6FnOnceTQDNtNtBa_4btlv4SinkEL_EE9call_once6vtableBa_>
  - elem[74] = ref.func:272 <_RNCNvNtCsghdAMdxnB6f_8protocol12session_wire15tx_edit_payloads_0B5_>
  - elem[75] = ref.func:230 <_RNSNvYNCNvNtCsghdAMdxnB6f_8protocol12session_wire15tx_edit_payloadsa_0INtNtNtCsdkdt1aaAg1T_4core3ops8function6FnOnceTQDNtNtBa_4btlv4SinkEL_EE9call_once6vtableBa_>
  - elem[76] = ref.func:231 <_RNCNvNtCsghdAMdxnB6f_8protocol12session_wire15tx_edit_payloadsa_0B5_>
  - elem[77] = ref.func:223 <_RNSNvYNCNvNtCsghdAMdxnB6f_8protocol12session_wire15tx_edit_payloadsc_0INtNtNtCsdkdt1aaAg1T_4core3ops8function6FnOnceTQDNtNtBa_4btlv4SinkEL_EE9call_once6vtableBa_>
  - elem[78] = ref.func:224 <_RNCNvNtCsghdAMdxnB6f_8protocol12session_wire15tx_edit_payloadsc_0B5_>
  - elem[79] = ref.func:220 <_RNSNvYNCNvNtCsghdAMdxnB6f_8protocol12session_wire15tx_edit_payloadsd_0INtNtNtCsdkdt1aaAg1T_4core3ops8function6FnOnceTQDNtNtBa_4btlv4SinkEL_EE9call_once6vtableBa_>
  - elem[80] = ref.func:222 <_RNCNvNtCsghdAMdxnB6f_8protocol12session_wire15tx_edit_payloadsd_0B5_>
  - elem[81] = ref.func:217 <_RNSNvYNCNvNtCsghdAMdxnB6f_8protocol12session_wire15tx_edit_payloadse_0INtNtNtCsdkdt1aaAg1T_4core3ops8function6FnOnceTQDNtNtBa_4btlv4SinkEL_EE9call_once6vtableBa_>
  - elem[82] = ref.func:219 <_RNCNvNtCsghdAMdxnB6f_8protocol12session_wire15tx_edit_payloadse_0B5_>
  - elem[83] = ref.func:215 <_RNSNvYNCNvNtCsghdAMdxnB6f_8protocol12session_wire15tx_edit_payloadsf_0INtNtNtCsdkdt1aaAg1T_4core3ops8function6FnOnceTQDNtNtBa_4btlv4SinkEL_EE9call_once6vtableBa_>
  - elem[84] = ref.func:216 <_RNCNvNtCsghdAMdxnB6f_8protocol12session_wire15tx_edit_payloadsf_0B5_>
  - elem[85] = ref.func:209 <_RNSNvYNCNvNtCsghdAMdxnB6f_8protocol12session_wire15tx_edit_payloadsg_0INtNtNtCsdkdt1aaAg1T_4core3ops8function6FnOnceTQDNtNtBa_4btlv4SinkEL_EE9call_once6vtableBa_>
  - elem[86] = ref.func:210 <_RNCNvNtCsghdAMdxnB6f_8protocol12session_wire15tx_edit_payloadsg_0B5_>
  - elem[87] = ref.func:206 <_RNSNvYNCNvNtCsghdAMdxnB6f_8protocol12session_wire15tx_edit_payloadsh_0INtNtNtCsdkdt1aaAg1T_4core3ops8function6FnOnceTQDNtNtBa_4btlv4SinkEL_EE9call_once6vtableBa_>
  - elem[88] = ref.func:208 <_RNCNvNtCsghdAMdxnB6f_8protocol12session_wire15tx_edit_payloadsh_0B5_>
  - elem[89] = ref.func:211 <_RNSNvYNCNvNtCsghdAMdxnB6f_8protocol12session_wire13tx_automations_0INtNtNtCsdkdt1aaAg1T_4core3ops8function6FnOnceTQDNtNtBa_4btlv4SinkEL_EE9call_once6vtableBa_>
  - elem[90] = ref.func:212 <_RNCNvNtCsghdAMdxnB6f_8protocol12session_wire13tx_automations_0B5_>
  - elem[91] = ref.func:279 <_RNSNvYNCNvNtCsghdAMdxnB6f_8protocol12session_wire15tx_edit_payloads5_0INtNtNtCsdkdt1aaAg1T_4core3ops8function6FnOnceTQDNtNtBa_4btlv4SinkEL_EE9call_once6vtableBa_>
  - elem[92] = ref.func:280 <_RNCNvNtCsghdAMdxnB6f_8protocol12session_wire15tx_edit_payloads5_0B5_>
  - elem[93] = ref.func:277 <_RNSNvYNCNvNtCsghdAMdxnB6f_8protocol12session_wire15tx_edit_payloads6_0INtNtNtCsdkdt1aaAg1T_4core3ops8function6FnOnceTQDNtNtBa_4btlv4SinkEL_EE9call_once6vtableBa_>
  - elem[94] = ref.func:278 <_RNCNvNtCsghdAMdxnB6f_8protocol12session_wire15tx_edit_payloads6_0B5_>
  - elem[95] = ref.func:275 <_RNSNvYNCNvNtCsghdAMdxnB6f_8protocol12session_wire15tx_edit_payloads7_0INtNtNtCsdkdt1aaAg1T_4core3ops8function6FnOnceTQDNtNtBa_4btlv4SinkEL_EE9call_once6vtableBa_>
  - elem[96] = ref.func:276 <_RNCNvNtCsghdAMdxnB6f_8protocol12session_wire15tx_edit_payloads7_0B5_>
  - elem[97] = ref.func:356 <_RNvXs2E_NtCsghdAMdxnB6f_8protocol4wireNtB6_11EncodeErrorNtNtCsdkdt1aaAg1T_4core3fmt5Debug3fmt>
  - elem[98] = ref.func:324 <_RNSNvYNCNvNtCsghdAMdxnB6f_8protocol12message_wire10write_u32s0INtNtNtCsdkdt1aaAg1T_4core3ops8function6FnOnceTQDNtNtBa_4btlv4SinkEL_EE9call_once6vtableBa_>
  - elem[99] = ref.func:325 <_RNCNvNtCsghdAMdxnB6f_8protocol12message_wire10write_u32s0B5_>
  - elem[100] = ref.func:329 <_RNSNvYNCNvNtCsghdAMdxnB6f_8protocol12message_wire16write_descriptor0INtNtNtCsdkdt1aaAg1T_4core3ops8function6FnOnceTQDNtNtBa_4btlv4SinkEL_EE9call_once6vtableBa_>
  - elem[101] = ref.func:330 <_RNCNvNtCsghdAMdxnB6f_8protocol12message_wire16write_descriptor0B5_>
  - elem[102] = ref.func:334 <_RNSNvYNCNvNtCsghdAMdxnB6f_8protocol12message_wire16write_packed_u160INtNtNtCsdkdt1aaAg1T_4core3ops8function6FnOnceTQDNtNtBa_4btlv4SinkEL_EE9call_once6vtableBa_>
  - elem[103] = ref.func:335 <_RNCNvNtCsghdAMdxnB6f_8protocol12message_wire16write_packed_u160B5_>
  - elem[104] = ref.func:327 <_RNSNvYNCNvNtCsghdAMdxnB6f_8protocol12message_wire16write_state_pages_0INtNtNtCsdkdt1aaAg1T_4core3ops8function6FnOnceTQDNtNtBa_4btlv4SinkEL_EE9call_once6vtableBa_>
  - elem[105] = ref.func:328 <_RNCNvNtCsghdAMdxnB6f_8protocol12message_wire16write_state_pages_0B5_>
  - elem[106] = ref.func:320 <_RNSNvYNCNvNtCsghdAMdxnB6f_8protocol12message_wire17write_counter_ids0INtNtNtCsdkdt1aaAg1T_4core3ops8function6FnOnceTQDNtNtBa_4btlv4SinkEL_EE9call_once6vtableBa_>
  - elem[107] = ref.func:321 <_RNCNvNtCsghdAMdxnB6f_8protocol12message_wire17write_counter_ids0B5_>
  - elem[108] = ref.func:332 <_RNSNvYNCNvNtCsghdAMdxnB6f_8protocol12message_wire17write_enum_choice0INtNtNtCsdkdt1aaAg1T_4core3ops8function6FnOnceTQDNtNtBa_4btlv4SinkEL_EE9call_once6vtableBa_>
  - elem[109] = ref.func:333 <_RNCNvNtCsghdAMdxnB6f_8protocol12message_wire17write_enum_choice0B5_>
  - elem[110] = ref.func:316 <_RNSNvYNCNvNtCsghdAMdxnB6f_8protocol12message_wire17write_meter_batchs_0INtNtNtCsdkdt1aaAg1T_4core3ops8function6FnOnceTQDNtNtBa_4btlv4SinkEL_EE9call_once6vtableBa_>
  - elem[111] = ref.func:317 <_RNCNvNtCsghdAMdxnB6f_8protocol12message_wire17write_meter_batchs_0B5_>
  - elem[112] = ref.func:314 <_RNSNvYNCNvNtCsghdAMdxnB6f_8protocol12message_wire22write_counter_snapshots_0INtNtNtCsdkdt1aaAg1T_4core3ops8function6FnOnceTQDNtNtBa_4btlv4SinkEL_EE9call_once6vtableBa_>
  - elem[113] = ref.func:315 <_RNCNvNtCsghdAMdxnB6f_8protocol12message_wire22write_counter_snapshots_0B5_>
  - elem[114] = ref.func:309 <_RNSNvYNCNvNtCsghdAMdxnB6f_8protocol12message_wire22write_diagnostic_field0INtNtNtCsdkdt1aaAg1T_4core3ops8function6FnOnceTQDNtNtBa_4btlv4SinkEL_EE9call_once6vtableBa_>
  - elem[115] = ref.func:311 <_RNCNvNtCsghdAMdxnB6f_8protocol12message_wire22write_diagnostic_field0B5_>
  - elem[116] = ref.func:336 <_RNSNvYNCNvNtCsghdAMdxnB6f_8protocol12message_wire24write_backpressure_field0INtNtNtCsdkdt1aaAg1T_4core3ops8function6FnOnceTQDNtNtBa_4btlv4SinkEL_EE9call_once6vtableBa_>
  - elem[117] = ref.func:337 <_RNCNvNtCsghdAMdxnB6f_8protocol12message_wire24write_backpressure_field0B5_>
  - elem[118] = ref.func:312 <_RNSNvYNCNvNtCsghdAMdxnB6f_8protocol12message_wire24write_path_segment_field0INtNtNtCsdkdt1aaAg1T_4core3ops8function6FnOnceTQDNtNtBa_4btlv4SinkEL_EE9call_once6vtableBa_>
  - elem[119] = ref.func:313 <_RNCNvNtCsghdAMdxnB6f_8protocol12message_wire24write_path_segment_field0B5_>
  - elem[120] = ref.func:322 <_RNSNvYNCNvNtCsghdAMdxnB6f_8protocol12message_wire29write_automation_record_bytes0INtNtNtCsdkdt1aaAg1T_4core3ops8function6FnOnceTQDNtNtBa_4btlv4SinkEL_EE9call_once6vtableBa_>
  - elem[121] = ref.func:323 <_RNCNvNtCsghdAMdxnB6f_8protocol12message_wire29write_automation_record_bytes0B5_>
  - elem[122] = ref.func:254 <_RNSNvYNCNvNtCsghdAMdxnB6f_8protocol12session_wire11tx_builtins0INtNtNtCsdkdt1aaAg1T_4core3ops8function6FnOnceTQDNtNtBa_4btlv4SinkEL_EE9call_once6vtableBa_>
  - elem[123] = ref.func:255 <_RNCNvNtCsghdAMdxnB6f_8protocol12session_wire11tx_builtins0B5_>
  - elem[124] = ref.func:251 <_RNSNvYNCNvNtCsghdAMdxnB6f_8protocol12session_wire11tx_builtinss_0INtNtNtCsdkdt1aaAg1T_4core3ops8function6FnOnceTQDNtNtBa_4btlv4SinkEL_EE9call_once6vtableBa_>
  - elem[125] = ref.func:253 <_RNCNvNtCsghdAMdxnB6f_8protocol12session_wire11tx_builtinss_0B5_>
  - elem[126] = ref.func:243 <_RNSNvYNCNvNtCsghdAMdxnB6f_8protocol12session_wire12tx_sidechain0INtNtNtCsdkdt1aaAg1T_4core3ops8function6FnOnceTQDNtNtBa_4btlv4SinkEL_EE9call_once6vtableBa_>
  - elem[127] = ref.func:244 <_RNCNvNtCsghdAMdxnB6f_8protocol12session_wire12tx_sidechain0B5_>
  - elem[128] = ref.func:213 <_RNSNvYNCNvNtCsghdAMdxnB6f_8protocol12session_wire13tx_automation0INtNtNtCsdkdt1aaAg1T_4core3ops8function6FnOnceTQDNtNtBa_4btlv4SinkEL_EE9call_once6vtableBa_>
  - elem[129] = ref.func:214 <_RNCNvNtCsghdAMdxnB6f_8protocol12session_wire13tx_automation0B5_>
  - elem[130] = ref.func:198 <_RNSNvYNCNvNtCsghdAMdxnB6f_8protocol12session_wire15tx_edit_message0INtNtNtCsdkdt1aaAg1T_4core3ops8function6FnOnceTQDNtNtBa_4btlv4SinkEL_EE9call_once6vtableBa_>
  - elem[131] = ref.func:199 <_RNCNvNtCsghdAMdxnB6f_8protocol12session_wire15tx_edit_message0B5_>
  - elem[132] = ref.func:358 <_RINvNtCsdkdt1aaAg1T_4core3ptr9drop_glueNtNtCscFfmoX7dj9V_7session10diagnostic13DiagnosticSetECsghdAMdxnB6f_8protocol>
  - elem[133] = ref.func:359 <_RNvXsO_NtCscFfmoX7dj9V_7session10diagnosticNtB5_13DiagnosticSetNtNtCsdkdt1aaAg1T_4core3fmt5Debug3fmt>
  - elem[134] = ref.func:196 <_RNSNvYNCNvNtCsghdAMdxnB6f_8protocol12session_wire31encode_transaction_payload_into0INtNtNtCsdkdt1aaAg1T_4core3ops8function6FnOnceTQDNtNtBa_4btlv4SinkEL_EE9call_once6vtableBa_>
  - elem[135] = ref.func:197 <_RNCNvNtCsghdAMdxnB6f_8protocol12session_wire31encode_transaction_payload_into0B5_>
  - elem[136] = ref.func:228 <_RNSNvYNCNvNtCsghdAMdxnB6f_8protocol12session_wire8tx_route0INtNtNtCsdkdt1aaAg1T_4core3ops8function6FnOnceTQDNtNtBa_4btlv4SinkEL_EE9call_once6vtableBa_>
  - elem[137] = ref.func:229 <_RNCNvNtCsghdAMdxnB6f_8protocol12session_wire8tx_route0B5_>
  - elem[138] = ref.func:227 <_RNSNvYNCNvNtCsghdAMdxnB6f_8protocol12session_wire8tx_routes_0INtNtNtCsdkdt1aaAg1T_4core3ops8function6FnOnceTQDNtNtBa_4btlv4SinkEL_EE9call_once6vtableBa_>
  - elem[139] = ref.func:225 <_RNSNvYNCNvNtCsghdAMdxnB6f_8protocol12session_wire8tx_routes0_0INtNtNtCsdkdt1aaAg1T_4core3ops8function6FnOnceTQDNtNtBa_4btlv4SinkEL_EE9call_once6vtableBa_>
  - elem[140] = ref.func:226 <_RNCNvNtCsghdAMdxnB6f_8protocol12session_wire8tx_routes0_0B5_>
  - elem[141] = ref.func:267 <_RNSNvYNCNvNtCsghdAMdxnB6f_8protocol12session_wire8tx_track0INtNtNtCsdkdt1aaAg1T_4core3ops8function6FnOnceTQDNtNtBa_4btlv4SinkEL_EE9call_once6vtableBa_>
  - elem[142] = ref.func:268 <_RNCNvNtCsghdAMdxnB6f_8protocol12session_wire8tx_track0B5_>
  - elem[143] = ref.func:265 <_RNSNvYNCNvNtCsghdAMdxnB6f_8protocol12session_wire8tx_tracks_0INtNtNtCsdkdt1aaAg1T_4core3ops8function6FnOnceTQDNtNtBa_4btlv4SinkEL_EE9call_once6vtableBa_>
  - elem[144] = ref.func:266 <_RNCNvNtCsghdAMdxnB6f_8protocol12session_wire8tx_tracks_0B5_>
  - elem[145] = ref.func:263 <_RNSNvYNCNvNtCsghdAMdxnB6f_8protocol12session_wire8tx_tracks0_0INtNtNtCsdkdt1aaAg1T_4core3ops8function6FnOnceTQDNtNtBa_4btlv4SinkEL_EE9call_once6vtableBa_>
  - elem[146] = ref.func:264 <_RNCNvNtCsghdAMdxnB6f_8protocol12session_wire8tx_tracks0_0B5_>
  - elem[147] = ref.func:261 <_RNSNvYNCNvNtCsghdAMdxnB6f_8protocol12session_wire8tx_tracks1_0INtNtNtCsdkdt1aaAg1T_4core3ops8function6FnOnceTQDNtNtBa_4btlv4SinkEL_EE9call_once6vtableBa_>
  - elem[148] = ref.func:262 <_RNCNvNtCsghdAMdxnB6f_8protocol12session_wire8tx_tracks1_0B5_>
  - elem[149] = ref.func:259 <_RNSNvYNCNvNtCsghdAMdxnB6f_8protocol12session_wire8tx_tracks2_0INtNtNtCsdkdt1aaAg1T_4core3ops8function6FnOnceTQDNtNtBa_4btlv4SinkEL_EE9call_once6vtableBa_>
  - elem[150] = ref.func:260 <_RNCNvNtCsghdAMdxnB6f_8protocol12session_wire8tx_tracks2_0B5_>
  - elem[151] = ref.func:258 <_RNSNvYNCNvNtCsghdAMdxnB6f_8protocol12session_wire8tx_tracks3_0INtNtNtCsdkdt1aaAg1T_4core3ops8function6FnOnceTQDNtNtBa_4btlv4SinkEL_EE9call_once6vtableBa_>
  - elem[152] = ref.func:245 <_RNSNvYNCNvNtCsghdAMdxnB6f_8protocol12session_wire9tx_effect0INtNtNtCsdkdt1aaAg1T_4core3ops8function6FnOnceTQDNtNtBa_4btlv4SinkEL_EE9call_once6vtableBa_>
  - elem[153] = ref.func:240 <_RNSNvYNCNvNtCsghdAMdxnB6f_8protocol12session_wire9tx_effects0_0INtNtNtCsdkdt1aaAg1T_4core3ops8function6FnOnceTQDNtNtBa_4btlv4SinkEL_EE9call_once6vtableBa_>
  - elem[154] = ref.func:242 <_RNCNvNtCsghdAMdxnB6f_8protocol12session_wire9tx_effects0_0B5_>
  - elem[155] = ref.func:368 <_RNvXsb_NtCscFfmoX7dj9V_7session10diagnosticNtB5_14DiagnosticCodeNtNtCsdkdt1aaAg1T_4core3fmt5Debug3fmt>
  - elem[156] = ref.func:364 <_RINvNtCsdkdt1aaAg1T_4core3ptr9drop_glueNtNtCscFfmoX7dj9V_7session10diagnostic14DiagnosticPathECsghdAMdxnB6f_8protocol>
  - elem[157] = ref.func:365 <_RNvXsp_NtCscFfmoX7dj9V_7session10diagnosticNtB5_14DiagnosticPathNtNtCsdkdt1aaAg1T_4core3fmt5Debug3fmt>
  - elem[158] = ref.func:362 <_RNvXsR_NtCsdkdt1aaAg1T_4core6optionINtB5_6OptionNtNtCscFfmoX7dj9V_7session10diagnostic10SourceSpanENtNtB7_3fmt5Debug3fmtCsghdAMdxnB6f_8protocol>
  - elem[159] = ref.func:361 <_RNvXs1g_NtCsdkdt1aaAg1T_4core3fmtRNtNtCsewWLk9TkM7w_5alloc6string6StringNtB6_5Debug3fmtCsghdAMdxnB6f_8protocol>
  - elem[160] = ref.func:442 <_RNvXsU_Cs2bW5bADgYIX_8smallvecNtB5_18CollectionAllocErrNtNtCsdkdt1aaAg1T_4core3fmt5Debug3fmt.175>
  - elem[161] = ref.func:437 <_RINvNtCsdkdt1aaAg1T_4core3ptr9drop_glueNtNtCsewWLk9TkM7w_5alloc6string6StringECscFfmoX7dj9V_7session>
  - elem[162] = ref.func:438 <_RNvXsZ_NtCsewWLk9TkM7w_5alloc6stringNtB5_6StringNtNtCsdkdt1aaAg1T_4core3fmt5Write9write_str.173>
  - elem[163] = ref.func:439 <_RNvXsZ_NtCsewWLk9TkM7w_5alloc6stringNtB5_6StringNtNtCsdkdt1aaAg1T_4core3fmt5Write10write_char.174>
  - elem[164] = ref.func:440 <_RNvYNtNtCsewWLk9TkM7w_5alloc6string6StringNtNtCsdkdt1aaAg1T_4core3fmt5Write9write_fmtCscFfmoX7dj9V_7session>
  - elem[165] = ref.func:436 <_RNvXsK_NtCsdkdt1aaAg1T_4core3fmtNtB5_5ErrorNtB5_5Debug3fmt.172>
  - elem[166] = ref.func:459 <_RNvXsZ_NtCsewWLk9TkM7w_5alloc6stringNtB5_6StringNtNtCsdkdt1aaAg1T_4core3fmt5Write9write_str.183>
  - elem[167] = ref.func:460 <_RNvXsZ_NtCsewWLk9TkM7w_5alloc6stringNtB5_6StringNtNtCsdkdt1aaAg1T_4core3fmt5Write10write_char.184>
  - elem[168] = ref.func:461 <_RNvYNtNtCsewWLk9TkM7w_5alloc6string6StringNtNtCsdkdt1aaAg1T_4core3fmt5Write9write_fmtCsdl5sGgnNXvY_3std>
  - elem[169] = ref.func:462 <_RNvXs2_NvNtCsdl5sGgnNXvY_3std9panicking13panic_handlerNtB5_16StaticStrPayloadNtNtCsdkdt1aaAg1T_4core3fmt7Display3fmt>
  - elem[170] = ref.func:463 <_RNvXs1_NvNtCsdl5sGgnNXvY_3std9panicking13panic_handlerNtB5_16StaticStrPayloadNtNtCsdkdt1aaAg1T_4core5panic12PanicPayload8take_box>
  - elem[171] = ref.func:464 <_RNvXs1_NvNtCsdl5sGgnNXvY_3std9panicking13panic_handlerNtB5_16StaticStrPayloadNtNtCsdkdt1aaAg1T_4core5panic12PanicPayload3get>
  - elem[172] = ref.func:465 <_RNvXs1_NvNtCsdl5sGgnNXvY_3std9panicking13panic_handlerNtB5_16StaticStrPayloadNtNtCsdkdt1aaAg1T_4core5panic12PanicPayload6as_str>
  - elem[173] = ref.func:452 <_RINvNtCsdkdt1aaAg1T_4core3ptr9drop_glueNtNvNtCsdl5sGgnNXvY_3std9panicking13panic_handler19FormatStringPayloadEBH_>
  - elem[174] = ref.func:453 <_RNvXs0_NvNtCsdl5sGgnNXvY_3std9panicking13panic_handlerNtB5_19FormatStringPayloadNtNtCsdkdt1aaAg1T_4core3fmt7Display3fmt>
  - elem[175] = ref.func:454 <_RNvXs_NvNtCsdl5sGgnNXvY_3std9panicking13panic_handlerNtB4_19FormatStringPayloadNtNtCsdkdt1aaAg1T_4core5panic12PanicPayload8take_box>
  - elem[176] = ref.func:455 <_RNvXs_NvNtCsdl5sGgnNXvY_3std9panicking13panic_handlerNtB4_19FormatStringPayloadNtNtCsdkdt1aaAg1T_4core5panic12PanicPayload3get>
  - elem[177] = ref.func:447 <_RNvYINtNvNtCsdl5sGgnNXvY_3std9panicking11begin_panic7PayloadReENtNtCsdkdt1aaAg1T_4core5panic12PanicPayload6as_strB9_>
  - elem[178] = ref.func:448 <_RNvXNtCsdkdt1aaAg1T_4core3anyReNtB2_3Any7type_idCsdl5sGgnNXvY_3std>
  - elem[179] = ref.func:458 <_RNvXNtCsdkdt1aaAg1T_4core3anyNtNtCsewWLk9TkM7w_5alloc6string6StringNtB2_3Any7type_idCsdl5sGgnNXvY_3std>
Code[472]:
 - func[0] size=9224 <_RINvNtCsdkdt1aaAg1T_4core3ptr9drop_glueINtNtCsewWLk9TkM7w_5alloc3vec3VecNtNtCsghdAMdxnB6f_8protocol5model11SessionEditEECsf7JfMwSUWx6_20protocol_wasm_golden>
 - func[1] size=1193 <_RNvMs0_NtCsgis5MWNmFLl_8dlmalloc8dlmallocINtB5_8DlmallocNtNtB7_3sys6SystemE4freeCsdl5sGgnNXvY_3std>
 - func[2] size=677 <_RINvNtCsdkdt1aaAg1T_4core3ptr9drop_glueNtNtCscFfmoX7dj9V_7session5model6EffectECsf7JfMwSUWx6_20protocol_wasm_golden>
 - func[3] size=21 <_RNvNtCsdkdt1aaAg1T_4core9panicking5panic>
 - func[4] size=589 <_RINvNtCsdkdt1aaAg1T_4core3ptr9drop_glueNtNtCsghdAMdxnB6f_8protocol12message_wire10DiagnosticECsf7JfMwSUWx6_20protocol_wasm_golden>
 - func[5] size=19 <_RINvNtNtCsdl5sGgnNXvY_3std3sys9backtrace28___rust_begin_short_backtraceFENtNtB6_7process8ExitCodeB19_ECsf7JfMwSUWx6_20protocol_wasm_golden>
 - func[6] size=36190 <_RNvCsf7JfMwSUWx6_20protocol_wasm_golden4main>
 - func[7] size=25249 <_RNvNtCsghdAMdxnB6f_8protocol12session_wire27complete_all_opcode_fixture>
 - func[8] size=5112 <_RNvMs0_NtCsgis5MWNmFLl_8dlmalloc8dlmallocINtB5_8DlmallocNtNtB7_3sys6SystemE6mallocCsdl5sGgnNXvY_3std>
 - func[9] size=1700 <_RNvNtCsghdAMdxnB6f_8protocol11conformance12push_command>
 - func[10] size=1531 <_RNvNtCsghdAMdxnB6f_8protocol11conformance12push_success>
 - func[11] size=629 <_RNvNtCsghdAMdxnB6f_8protocol12message_wire12write_non_ok>
 - func[12] size=127 <_RNvMs3_NtCsewWLk9TkM7w_5alloc7raw_vecINtB5_6RawVecNtNtCsghdAMdxnB6f_8protocol11conformance16ConformanceFrameE8grow_oneBQ_>
 - func[13] size=717 <_RNvNtCsghdAMdxnB6f_8protocol11conformance10push_event>
 - func[14] size=589 <_RINvNtCsdkdt1aaAg1T_4core3ptr9drop_glueNtNtCsghdAMdxnB6f_8protocol12message_wire10DiagnosticEBF_>
 - func[15] size=8437 <_RINvNtCsdkdt1aaAg1T_4core3ptr9drop_glueINtNtCsewWLk9TkM7w_5alloc3vec3VecNtNtCsghdAMdxnB6f_8protocol5model11SessionEditEEB1c_>
 - func[16] size=872 <_RNvMsb_NtCsghdAMdxnB6f_8protocol4wireNtB5_13ProtocolCodec13decode_header>
 - func[17] size=890 <_RNvMs_NtCsghdAMdxnB6f_8protocol4btlvNtB4_6Fields11schema_spec>
 - func[18] size=95 <_RNvNtCsdkdt1aaAg1T_4core9panicking18panic_bounds_check>
 - func[19] size=284 <_RNvMs_NtCsghdAMdxnB6f_8protocol4btlvNtB4_6Fields3one>
 - func[20] size=1208 <_RNvNtCsghdAMdxnB6f_8protocol12message_wire29check_capabilities_invariants>
 - func[21] size=1128 <_RNvMsd_NtCsghdAMdxnB6f_8protocol12message_wireNtNtB7_4wire13ProtocolCodec25decode_transport_snapshot>
 - func[22] size=291 <_RNvMs_NtCsghdAMdxnB6f_8protocol4btlvNtB4_6Fields12optional_one>
 - func[23] size=3379 <_RNvMsd_NtCsghdAMdxnB6f_8protocol12message_wireNtNtB7_4wire13ProtocolCodec23decode_counter_snapshot>
 - func[24] size=1981 <_RNvMsd_NtCsghdAMdxnB6f_8protocol12message_wireNtNtB7_4wire13ProtocolCodec30decode_telemetry_configuration>
 - func[25] size=2712 <_RNvMNtCsghdAMdxnB6f_8protocol12session_wireNtNtB4_4wire13ProtocolCodec40decode_session_transaction_frame_limited>
 - func[26] size=2144 <_RNvNtCsghdAMdxnB6f_8protocol12message_wire17decode_diagnostic>
 - func[27] size=251 <_RNvMs9_NtCsghdAMdxnB6f_8protocol12message_wireNtB5_17DecodedMeterBatch6record>
 - func[28] size=982 <_RNvXNtNtCsdkdt1aaAg1T_4core4iter8adaptersINtB2_12GenericShuntINtNtB2_3map3MapINtNtNtB4_7sources7from_fn6FromFnNCNvMs_NtCsghdAMdxnB6f_8protocol4btlvNtB1R_6Fields6valuess0_0ENCNvMsd_NtB1T_12message_wireNtNtB1T_4wire13ProtocolCodec23decode_diagnostics_page0EINtNtB6_6result6ResultNtNtB6_7convert10InfallibleNtB3e_11DecodeErrorEENtNtNtB4_6traits8iterator8Iterator4nextB1T_>
 - func[29] size=142 <_RINvNvMs2_NtCsewWLk9TkM7w_5alloc7raw_vecINtB8_11RawVecInnerpE7reserve21do_reserve_and_handleNtNtBa_5alloc6GlobalECsghdAMdxnB6f_8protocol>
 - func[30] size=28 <_RNvNtCsewWLk9TkM7w_5alloc7raw_vec12handle_error>
 - func[31] size=245 <_RNvNtCsghdAMdxnB6f_8protocol12message_wire25validate_diagnostics_page>
 - func[32] size=183 <_RINvNtCsdkdt1aaAg1T_4core3ptr9drop_glueNtNtCsghdAMdxnB6f_8protocol12message_wire15DiagnosticsPageEBF_>
 - func[33] size=106 <_RNvNtCsghdAMdxnB6f_8protocol12message_wire21validate_state_record>
 - func[34] size=127 <_RNvMs3_NtCsewWLk9TkM7w_5alloc7raw_vecINtB5_6RawVecNtNtCsghdAMdxnB6f_8protocol12message_wire20ParameterStateRecordE8grow_oneBQ_>
 - func[35] size=112 <_RNvCs9wFQrvczXsK_7___rustc14___rust_dealloc>
 - func[36] size=5190 <_RNvXNtNtCsdkdt1aaAg1T_4core4iter8adaptersINtB2_12GenericShuntINtNtB2_3map3MapINtNtNtB4_7sources7from_fn6FromFnNCNvMs_NtCsghdAMdxnB6f_8protocol4btlvNtB1R_6Fields6valuess0_0ENCNvNtB1T_12message_wire20decode_metadata_page0EINtNtB6_6result6ResultNtNtB6_7convert10InfallibleNtNtB1T_4wire11DecodeErrorEENtNtNtB4_6traits8iterator8Iterator4nextB1T_>
 - func[37] size=805 <_RINvNtCsdkdt1aaAg1T_4core3ptr9drop_glueNtNtCsghdAMdxnB6f_8protocol12message_wire19ParameterDescriptorEBF_>
 - func[38] size=161 <_RINvYINtNtNtCsdkdt1aaAg1T_4core5slice4iter7WindowsNtNtCsghdAMdxnB6f_8protocol12message_wire19ParameterDescriptorENtNtNtNtBa_4iter6traits8iterator8Iterator8try_folduNCINvNvB1N_3any5checkRSBM_NCNvBO_20decode_metadata_pages_0E0INtNtNtBa_3ops12control_flow11ControlFlowuEEBQ_>
 - func[39] size=183 <_RINvNtCsdkdt1aaAg1T_4core3ptr9drop_glueNtNtCsghdAMdxnB6f_8protocol12message_wire21ParameterMetadataPageEBF_>
 - func[40] size=2023 <_RNCNvNtCsghdAMdxnB6f_8protocol12message_wire13decode_non_oks_0B5_>
 - func[41] size=760 <_RNvNtCsghdAMdxnB6f_8protocol12message_wire19decode_nonzero_u32s>
 - func[42] size=333 <_RNvNtCsghdAMdxnB6f_8protocol12message_wire25validate_counters_request>
 - func[43] size=389 <_RNvMs_NtCsghdAMdxnB6f_8protocol5queueNtB4_16AutomationRecord9decode_le>
 - func[44] size=187 <_RNvMs8_NtCsghdAMdxnB6f_8protocol12message_wireNtB5_24DecodedAutomationEnqueue6record>
 - func[45] size=342 <_RINvNtNtCsdkdt1aaAg1T_4core4iter8adapters11try_processINtNtB2_3map3MapINtNtNtB6_5slice4iter11ChunksExacthENvNtCsghdAMdxnB6f_8protocol4btlv8read_u32EmINtNtB6_6result6ResultNtNtB6_7convert10InfallibleNtNtB1K_4wire11DecodeErrorENCINvXso_B2q_IB2o_INtNtCsewWLk9TkM7w_5alloc3vec3VecmEB3a_EINtNtNtB4_6traits7collect12FromIteratorIB2o_mB3a_EE9from_iterBQ_E0B3T_EB1K_>
 - func[46] size=302 <_RNvNtCsghdAMdxnB6f_8protocol12message_wire13check_handles>
 - func[47] size=20 <_RNvXs1i_NtCsdkdt1aaAg1T_4core3fmtReNtB6_7Display3fmtCsf7JfMwSUWx6_20protocol_wasm_golden>
 - func[48] size=71 <_RNvNtCsdkdt1aaAg1T_4core9panicking9panic_fmt>
 - func[49] size=74 <_RINvNtCsdkdt1aaAg1T_4core9panicking13assert_failedjjEB4_>
 - func[50] size=13 <_RNvNtCsewWLk9TkM7w_5alloc5alloc18handle_alloc_error>
 - func[51] size=110 <_RNvNtCsdkdt1aaAg1T_4core6result13unwrap_failed>
 - func[52] size=685 <_RNvMsa_NtCsdkdt1aaAg1T_4core3fmtNtB5_9Formatter3pad>
 - func[53] size=195 <__original_main>
 - func[54] size=489 <_RINvMs0_NtNtNtNtCsdl5sGgnNXvY_3std3sys4sync4once10no_threadsNtB6_4Once4callNCINvMs0_NtNtBe_4sync4onceNtB1k_4Once9call_onceNCNvNtBe_2rt7cleanup0E0EBe_>
 - func[55] size=24 <_RNvNvMNtNtCsdl5sGgnNXvY_3std6thread2idNtB4_8ThreadId3new9exhausted>
 - func[56] size=782 <_RNvCs9wFQrvczXsK_7___rustc14___rust_realloc>
 - func[57] size=402 <_RNvMs0_NtCsgis5MWNmFLl_8dlmalloc8dlmallocINtB5_8DlmallocNtNtB7_3sys6SystemE12unlink_chunkCsdl5sGgnNXvY_3std>
 - func[58] size=878 <_RNvMs0_NtCsgis5MWNmFLl_8dlmalloc8dlmallocINtB5_8DlmallocNtNtB7_3sys6SystemE13dispose_chunkCsdl5sGgnNXvY_3std>
 - func[59] size=23 <_RNvNtCsewWLk9TkM7w_5alloc7raw_vec17capacity_overflow>
 - func[60] size=159 <_RINvNvMs2_NtCsewWLk9TkM7w_5alloc7raw_vecINtB8_11RawVecInnerpE7reserve21do_reserve_and_handleNtNtBa_5alloc6GlobalEBa_>
 - func[61] size=129 <_RNvMs4_NtCsewWLk9TkM7w_5alloc7raw_vecNtB5_11RawVecInner11finish_growB7_>
 - func[62] size=13 <_RNvCs9wFQrvczXsK_7___rustc26___rust_alloc_error_handler>
 - func[63] size=415 <_RNvNvNtCsewWLk9TkM7w_5alloc3fmt6format12format_inner>
 - func[64] size=628 <_RNvNtCsdkdt1aaAg1T_4core3fmt5write>
 - func[65] size=34 <_RNvXsK_NtCsdkdt1aaAg1T_4core3fmtNtB5_5ErrorNtB5_5Debug3fmt>
 - func[66] size=130 <_RINvNtCsdkdt1aaAg1T_4core3ptr9drop_glueNtNtCsewWLk9TkM7w_5alloc6string6StringEBF_>
 - func[67] size=90 <_RNvXsZ_NtCsewWLk9TkM7w_5alloc6stringNtB5_6StringNtNtCsdkdt1aaAg1T_4core3fmt5Write9write_str>
 - func[68] size=282 <_RNvXsZ_NtCsewWLk9TkM7w_5alloc6stringNtB5_6StringNtNtCsdkdt1aaAg1T_4core3fmt5Write10write_char>
 - func[69] size=20 <_RNvYNtNtCsewWLk9TkM7w_5alloc6string6StringNtNtCsdkdt1aaAg1T_4core3fmt5Write9write_fmtB6_>
 - func[70] size=96 <_RNvXs4_NtCsewWLk9TkM7w_5alloc6stringNtB5_6StringNtNtCsdkdt1aaAg1T_4core5clone5Clone5clone>
 - func[71] size=146 <_RNvNtCsdkdt1aaAg1T_4core9panicking19assert_failed_inner>
 - func[72] size=28 <_RNvXs1g_NtCsdkdt1aaAg1T_4core3fmtRDNtB6_5DebugEL_Bx_3fmtB8_>
 - func[73] size=20 <_RNvXs1i_NtCsdkdt1aaAg1T_4core3fmtReNtB6_7Display3fmtB8_>
 - func[74] size=56 <_RNvCs9wFQrvczXsK_7___rustc17rust_begin_unwind>
 - func[75] size=1121 <_RNvNtNtCsdkdt1aaAg1T_4core3str5count14do_count_chars>
 - func[76] size=271 <_RNvXs1g_NtCsdkdt1aaAg1T_4core3fmtRjNtB6_5Debug3fmtB8_>
 - func[77] size=317 <_RNvXsi_NtNtNtCsdkdt1aaAg1T_4core3fmt3num3impjNtB9_7Display3fmt>
 - func[78] size=630 <_RNvMsa_NtCsdkdt1aaAg1T_4core3fmtNtB5_9Formatter12pad_integral>
 - func[79] size=607 <_RNvXs0_NtNtCsdkdt1aaAg1T_4core3fmt8buildersNtB5_10PadAdapterNtB7_5Write9write_str>
 - func[80] size=96 <_RNvXs0_NtNtCsdkdt1aaAg1T_4core3fmt8buildersNtB5_10PadAdapterNtB7_5Write10write_char>
 - func[81] size=20 <_RNvYNtNtNtCsdkdt1aaAg1T_4core3fmt8builders10PadAdapterNtB6_5Write9write_fmtB8_>
 - func[82] size=70 <_RNvNvMsa_NtCsdkdt1aaAg1T_4core3fmtNtB7_9Formatter12pad_integral12write_prefix>
 - func[83] size=70 <_RINvNtCsdkdt1aaAg1T_4core9panicking13assert_failedyyEB4_>
 - func[84] size=555 <_RNvXs1g_NtCsdkdt1aaAg1T_4core3fmtRyNtB6_5Debug3fmtB8_>
 - func[85] size=1632 <_RNvMNtNtCsdkdt1aaAg1T_4core4char7methodsc16escape_debug_ext>
 - func[86] size=347 <_RNvNtNtNtCsdkdt1aaAg1T_4core7unicode12unicode_data15grapheme_extend11lookup_slow>
 - func[87] size=333 <_RNvNtNtCsdkdt1aaAg1T_4core5slice5index16slice_index_fail>
 - func[88] size=19 <_RNvNtCsdkdt1aaAg1T_4core6option13unwrap_failed>
 - func[89] size=696 <_RNvNtNtCsdkdt1aaAg1T_4core3str8converts9from_utf8>
 - func[90] size=435 <_RNvMs1_NtNtCsdkdt1aaAg1T_4core3fmt8buildersNtB5_11DebugStruct5field>
 - func[91] size=710 <_RNvMs2_NtNtNtCsdkdt1aaAg1T_4core3num3imp6bignumNtB5_8Big32x4010mul_digits>
 - func[92] size=595 <_RNvMs2_NtNtNtCsdkdt1aaAg1T_4core3num3imp6bignumNtB5_8Big32x408mul_pow2>
 - func[93] size=578 <_RNvMs_NtNtNtNtCsdkdt1aaAg1T_4core3num3imp7dec2flt11decimal_seqNtB4_10DecimalSeq10left_shift>
 - func[94] size=604 <_RNvMs_NtNtNtNtCsdkdt1aaAg1T_4core3num3imp7dec2flt11decimal_seqNtB4_10DecimalSeq11right_shift>
 - func[95] size=338 <_RNvMs_NtNtNtNtCsdkdt1aaAg1T_4core3num3imp7dec2flt11decimal_seqNtB4_10DecimalSeq5round>
 - func[96] size=286 <_RNvMsa_NtCsdkdt1aaAg1T_4core3fmtNtB5_9Formatter26debug_struct_field4_finish>
 - func[97] size=19 <_RNvNtCsdkdt1aaAg1T_4core3str16slice_error_fail>
 - func[98] size=1225 <_RNvNtCsdkdt1aaAg1T_4core3str19slice_error_fail_rt>
 - func[99] size=562 <_RNvXs_NtNtCsdkdt1aaAg1T_4core3ops5rangeINtB4_5RangejENtNtB8_3fmt5Debug3fmtB8_>
 - func[100] size=200 <_RNvXsj_NtCsdkdt1aaAg1T_4core3fmtcNtB5_5Debug3fmt>
 - func[101] size=64 <_RNvNtCsdkdt1aaAg1T_4core4cell22panic_already_borrowed>
 - func[102] size=18 <_RNvXsr_NtCsdkdt1aaAg1T_4core4cellNtB5_14BorrowMutErrorNtNtB7_3fmt7Display3fmt>
 - func[103] size=74 <_RNvNtCsdkdt1aaAg1T_4core6option13expect_failed>
 - func[104] size=277 <_RNvNtNtCsdkdt1aaAg1T_4core5slice6memchr14memchr_aligned>
 - func[105] size=19 <_RNvNtNtCsdkdt1aaAg1T_4core9panicking11panic_const23panic_const_div_by_zero>
 - func[106] size=388 <_RNvNtNtNtCsdkdt1aaAg1T_4core3num3imp7flt2dec17digits_to_dec_str>
 - func[107] size=24 <_RNvNtNtNtNtCsdkdt1aaAg1T_4core5slice4sort6shared9smallsort22panic_on_ord_violation>
 - func[108] size=1309 <_RNvNtNtNtNtNtCsdkdt1aaAg1T_4core3num3imp7flt2dec8strategy6dragon9mul_pow10>
 - func[109] size=381 <_RNvNvNtNtNtNtNtCsdkdt1aaAg1T_4core3num3imp7flt2dec8strategy5grisu16format_exact_opt14possibly_round>
 - func[110] size=668 <_RNvMsa_NtCsdkdt1aaAg1T_4core3fmtNtB5_9Formatter19pad_formatted_parts>
 - func[111] size=559 <_RNvMsa_NtCsdkdt1aaAg1T_4core3fmtNtB5_9Formatter21write_formatted_parts>
 - func[112] size=3959 <_RNvXs1_NtNtCsdkdt1aaAg1T_4core3num11float_parsefNtNtNtB9_3str6traits7FromStr8from_str>
 - func[113] size=457 <_RINvNtNtNtNtCsdkdt1aaAg1T_4core3num3imp7dec2flt6lemire13compute_floatfEBa_>
 - func[114] size=6543 <_RINvNtNtCsdkdt1aaAg1T_4core3fmt5float29float_to_decimal_common_exactfEB6_>
 - func[115] size=7951 <_RINvNtNtCsdkdt1aaAg1T_4core3fmt5float32float_to_decimal_common_shortestfEB6_>
 - func[116] size=78 <_RNvXs3_NtNtCsdkdt1aaAg1T_4core3fmt5floatfNtB7_7Display3fmt>
 - func[117] size=535 <_RNvXsW_NtNtCsdkdt1aaAg1T_4core3fmt3nummNtB7_5Debug3fmt>
 - func[118] size=124 <_RNvXsu_NtNtCsdkdt1aaAg1T_4core3fmt3nummNtB7_8LowerHex3fmt>
 - func[119] size=265 <_RNvXsF_NtNtCsdkdt1aaAg1T_4core3num7nonzeroINtB5_7NonZerojENtNtB9_3fmt5Debug3fmtB9_>
 - func[120] size=384 <_RINvMs1_NtNtCs9PbRyqlrVmg_9once_cell4race8once_boxINtB6_7OnceBoxINtNtCsewWLk9TkM7w_5alloc5boxed3BoxDNtNtCsbP5xitGlWT4_5ahash12random_state12RandomSourceNtNtCsdkdt1aaAg1T_4core6marker4SyncNtB2s_4SendEL_EE4initNtNvMs1_B6_IBN_pE11get_or_init4VoidNCINvB2_11get_or_initNCNvMs1_B1C_NtB1C_11RandomState7get_src0E0ECsluNdJgSep9q_11json_syntax>
 - func[121] size=8 <_RNvXs_NtCsbP5xitGlWT4_5ahash12random_stateNtB4_19DefaultRandomSourceNtB4_12RandomSource15get_fixed_seeds>
 - func[122] size=21 <_RNvXs_NtCsbP5xitGlWT4_5ahash12random_stateNtB4_19DefaultRandomSourceNtB4_12RandomSource15gen_hasher_seed>
 - func[123] size=1748 <_RINvMs5_NtNtCs3sQAo4xyvdx_9hashbrown3raw5innerINtB6_8RawTableNtNtNtCsluNdJgSep9q_11json_syntax6object9index_map7IndexesE14reserve_rehashNCINvBZ_11make_hasherNtNtCsbP5xitGlWT4_5ahash12random_state11RandomStateE0EB13_>
 - func[124] size=697 <_RINvYNtNtCsbP5xitGlWT4_5ahash12random_state11RandomStateNtNtCsdkdt1aaAg1T_4core4hash11BuildHasher8hash_oneRINtNtCsj2imvPwWU2d_8smallstr6string11SmallStringAhj10_EECsluNdJgSep9q_11json_syntax>
 - func[125] size=74 <_RNvMNtCsluNdJgSep9q_11json_syntax8code_mapNtB2_7CodeMap7reserve>
 - func[126] size=127 <_RNvMs3_NtCsewWLk9TkM7w_5alloc7raw_vecINtB5_6RawVecNtNtCsluNdJgSep9q_11json_syntax8code_map5EntryE8grow_oneBQ_>
 - func[127] size=174 <_RNvMs4_NtCsewWLk9TkM7w_5alloc7raw_vecNtB5_11RawVecInner11finish_growCsluNdJgSep9q_11json_syntax>
 - func[128] size=128 <_RNvMs3_NtCsewWLk9TkM7w_5alloc7raw_vecINtB5_6RawVecINtNtCsluNdJgSep9q_11json_syntax6object5EntryINtNtCsj2imvPwWU2d_8smallstr6string11SmallStringAhj10_EEE8grow_oneBR_>
 - func[129] size=127 <_RNvMs3_NtCsewWLk9TkM7w_5alloc7raw_vecINtB5_6RawVecjE8grow_oneCsluNdJgSep9q_11json_syntax>
 - func[130] size=146 <_RNvMs9_NtNtCs3sQAo4xyvdx_9hashbrown3raw5innerINtB5_13RawTableInnerNtNtNtB5_5alloc5inner6GlobalE16find_insert_slotCsluNdJgSep9q_11json_syntax>
 - func[131] size=463 <_RNvMs1_NtCsluNdJgSep9q_11json_syntax6objectNtB5_6Object3new>
 - func[132] size=128 <_RNvMs3_NtCsewWLk9TkM7w_5alloc7raw_vecINtB5_6RawVecNtCsluNdJgSep9q_11json_syntax5ValueE8grow_oneBO_>
 - func[133] size=128 <_RNvMs3_NtCsewWLk9TkM7w_5alloc7raw_vecINtB5_6RawVecNtNvXs1_NtNtCsluNdJgSep9q_11json_syntax5parse5valueNtBY_5ValueNtBW_5Parse8parse_in9StackItemE8grow_oneBY_>
 - func[134] size=115 <_RNvXs0_NtCsluNdJgSep9q_11json_syntax5arrayNtB5_10IterMappedNtNtNtNtCsdkdt1aaAg1T_4core4iter6traits8iterator8Iterator4next>
 - func[135] size=138 <_RNvMs1_NtCsghdAMdxnB6f_8protocol4wireNtB5_9MessageId8from_raw>
 - func[136] size=26675 <_RNvNtCsghdAMdxnB6f_8protocol12session_wire10parse_edit>
 - func[137] size=128 <_RNvMs3_NtCsewWLk9TkM7w_5alloc7raw_vecINtB5_6RawVecNtNtCsghdAMdxnB6f_8protocol5model11SessionEditE8grow_oneBQ_>
 - func[138] size=806 <_RNvMs_NtCsghdAMdxnB6f_8protocol4btlvNtB4_6Fields20consume_schema_field>
 - func[139] size=545 <_RNvNtNtCsghdAMdxnB6f_8protocol6schema7session12payload_spec>
 - func[140] size=485 <_RNvNtCsghdAMdxnB6f_8protocol12session_wire9stable_id>
 - func[141] size=699 <_RNvNtCsghdAMdxnB6f_8protocol12session_wire20parse_render_profile>
 - func[142] size=942 <_RNvNtCsghdAMdxnB6f_8protocol12session_wire20parse_output_profile>
 - func[143] size=1421 <_RNvNtCsghdAMdxnB6f_8protocol12session_wire12parse_source>
 - func[144] size=188 <_RNvNtCsghdAMdxnB6f_8protocol12session_wire4utf8>
 - func[145] size=5559 <_RNvNtCsghdAMdxnB6f_8protocol12session_wire11parse_track>
 - func[146] size=1731 <_RNvNtCsghdAMdxnB6f_8protocol12session_wire14parse_builtins>
 - func[147] size=1051 <_RNvNtCsghdAMdxnB6f_8protocol12session_wire18parse_rack_message>
 - func[148] size=2956 <_RNvNtCsghdAMdxnB6f_8protocol12session_wire12parse_effect>
 - func[149] size=1247 <_RNvNtCsghdAMdxnB6f_8protocol12session_wire22parse_track_effect_ref>
 - func[150] size=344 <_RNvMs_NtCsghdAMdxnB6f_8protocol4btlvNtB4_6Fields6values>
 - func[151] size=713 <_RINvNtNtCsdkdt1aaAg1T_4core4iter8adapters11try_processINtNtB2_3map3MapINtNtNtB4_7sources7from_fn6FromFnNCNvMs_NtCsghdAMdxnB6f_8protocol4btlvNtB1K_6Fields6valuess0_0ENvNtB1M_12session_wire9stable_idENtNtCscFfmoX7dj9V_7session2id8StableIdINtNtB6_6result6ResultNtNtB6_7convert10InfallibleNtNtB1M_4wire11DecodeErrorENCINvXso_B3P_IB3N_INtNtCsewWLk9TkM7w_5alloc3vec3VecB3a_EB4z_EINtNtNtB4_6traits7collect12FromIteratorIB3N_B3a_B4z_EE9from_iterBQ_E0B5i_EB1M_>
 - func[152] size=1046 <_RNvNtCsghdAMdxnB6f_8protocol12session_wire14parse_identity>
 - func[153] size=1324 <_RNvNtCsghdAMdxnB6f_8protocol12session_wire15parse_sidechain>
 - func[154] size=1007 <_RNvNtCsghdAMdxnB6f_8protocol12session_wire11parse_param>
 - func[155] size=1035 <_RNvNtCsghdAMdxnB6f_8protocol12session_wire11parse_fader>
 - func[156] size=1472 <_RNvNtCsghdAMdxnB6f_8protocol12session_wire19parse_matrix_or_pan>
 - func[157] size=427 <_RNvNtCsghdAMdxnB6f_8protocol12session_wire12parse_submix>
 - func[158] size=427 <_RNvNtCsghdAMdxnB6f_8protocol12session_wire12parse_output>
 - func[159] size=2917 <_RNvNtCsghdAMdxnB6f_8protocol12session_wire11parse_route>
 - func[160] size=1132 <_RNvNtCsghdAMdxnB6f_8protocol12session_wire18parse_route_source>
 - func[161] size=989 <_RNvNtCsghdAMdxnB6f_8protocol12session_wire23parse_route_destination>
 - func[162] size=1070 <_RNvNtCsghdAMdxnB6f_8protocol12session_wire20parse_channel_matrix>
 - func[163] size=2161 <_RNvNtCsghdAMdxnB6f_8protocol12session_wire16parse_automation>
 - func[164] size=1363 <_RNvNtCsghdAMdxnB6f_8protocol12session_wire23parse_automation_target>
 - func[165] size=572 <_RINvNtNtCsdkdt1aaAg1T_4core4iter8adapters11try_processINtNtB2_3map3MapINtNtNtB4_7sources7from_fn6FromFnNCNvMs_NtCsghdAMdxnB6f_8protocol4btlvNtB1K_6Fields6valuess0_0ENCNvNtB1M_12session_wire10parse_edit0ENtNtCscFfmoX7dj9V_7session5model17AutomationSegmentINtNtB6_6result6ResultNtNtB6_7convert10InfallibleNtNtB1M_4wire11DecodeErrorENCINvXso_B47_IB45_INtNtCsewWLk9TkM7w_5alloc3vec3VecB3f_EB4R_EINtNtNtB4_6traits7collect12FromIteratorIB45_B3f_B4R_EE9from_iterBQ_E0B5A_EB1M_>
 - func[166] size=174 <_RNvMs4_NtCsewWLk9TkM7w_5alloc7raw_vecNtB5_11RawVecInner11finish_growCsghdAMdxnB6f_8protocol>
 - func[167] size=789 <_RINvNtCsdkdt1aaAg1T_4core3ptr9drop_glueNtNtCscFfmoX7dj9V_7session5model5TrackECsghdAMdxnB6f_8protocol>
 - func[168] size=677 <_RINvNtCsdkdt1aaAg1T_4core3ptr9drop_glueNtNtCscFfmoX7dj9V_7session5model6EffectECsghdAMdxnB6f_8protocol>
 - func[169] size=183 <_RINvNtCsdkdt1aaAg1T_4core3ptr9drop_glueNtNtCscFfmoX7dj9V_7session5model4RackECsghdAMdxnB6f_8protocol>
 - func[170] size=1132 <_RNvNtCsghdAMdxnB6f_8protocol12session_wire22parse_channel_builtins>
 - func[171] size=1012 <_RNvXNtNtCsdkdt1aaAg1T_4core4iter8adaptersINtB2_12GenericShuntINtNtB2_3map3MapINtNtNtB4_7sources7from_fn6FromFnNCNvMs_NtCsghdAMdxnB6f_8protocol4btlvNtB1R_6Fields6valuess0_0ENCNvNtB1T_12session_wire18parse_rack_message0EINtNtB6_6result6ResultNtNtB6_7convert10InfallibleNtNtB1T_4wire11DecodeErrorEENtNtNtB4_6traits8iterator8Iterator4nextB1T_>
 - func[172] size=567 <_RINvNtNtCsdkdt1aaAg1T_4core4iter8adapters11try_processINtNtB2_3map3MapINtNtNtB4_7sources7from_fn6FromFnNCNvMs_NtCsghdAMdxnB6f_8protocol4btlvNtB1K_6Fields6valuess0_0ENCNvNtB1M_12session_wire12parse_effect0ENtNtCscFfmoX7dj9V_7session5model11EffectParamINtNtB6_6result6ResultNtNtB6_7convert10InfallibleNtNtB1M_4wire11DecodeErrorENCINvXso_B43_IB41_INtNtCsewWLk9TkM7w_5alloc3vec3VecB3h_EB4N_EINtNtNtB4_6traits7collect12FromIteratorIB41_B3h_B4N_EE9from_iterBQ_E0B5w_EB1M_>
 - func[173] size=465 <_RNvXNtNtCsdkdt1aaAg1T_4core4iter8adaptersINtB2_12GenericShuntINtNtB2_3map3MapINtNtNtB4_7sources7from_fn6FromFnNCNvMs_NtCsghdAMdxnB6f_8protocol4btlvNtB1R_6Fields6valuess0_0ENvNtB1T_12session_wire9stable_idEINtNtB6_6result6ResultNtNtB6_7convert10InfallibleNtNtB1T_4wire11DecodeErrorEENtNtNtB4_6traits8iterator8Iterator4nextB1T_>
 - func[174] size=1013 <_RNvMs_NtCsghdAMdxnB6f_8protocol4btlvNtB4_6Fields13tagged_schema>
 - func[175] size=162 <_RINvNtCsdkdt1aaAg1T_4core3ptr9drop_glueNtNtCscFfmoX7dj9V_7session5model11RouteSourceECsghdAMdxnB6f_8protocol>
 - func[176] size=255 <_RINvNtCsdkdt1aaAg1T_4core3ptr9drop_glueNtNtCscFfmoX7dj9V_7session5model16AutomationTargetECsghdAMdxnB6f_8protocol>
 - func[177] size=1068 <_RNvXNtNtCsdkdt1aaAg1T_4core4iter8adaptersINtB2_12GenericShuntINtNtB2_3map3MapINtNtNtB4_7sources7from_fn6FromFnNCNvMs_NtCsghdAMdxnB6f_8protocol4btlvNtB1R_6Fields6valuess0_0ENCNvNtB1T_12session_wire10parse_edit0EINtNtB6_6result6ResultNtNtB6_7convert10InfallibleNtNtB1T_4wire11DecodeErrorEENtNtNtB4_6traits8iterator8Iterator4nextB1T_>
 - func[178] size=1190 <_RNvNtCsghdAMdxnB6f_8protocol12session_wire24parse_automation_segment>
 - func[179] size=498 <_RNvMNtCsghdAMdxnB6f_8protocol4btlvNtB2_6Reader10next_field>
 - func[180] size=386 <_RNvNtCsghdAMdxnB6f_8protocol4btlv14validate_value>
 - func[181] size=752 <_RINvNtCsghdAMdxnB6f_8protocol4btlv16validate_messageNCNvB2_14validate_value0EB4_>
 - func[182] size=979 <_RNvXNtNtCsdkdt1aaAg1T_4core4iter8adaptersINtB2_12GenericShuntINtNtB2_3map3MapINtNtNtB4_7sources7from_fn6FromFnNCNvMs_NtCsghdAMdxnB6f_8protocol4btlvNtB1R_6Fields6valuess0_0ENCNvNtB1T_12session_wire12parse_effect0EINtNtB6_6result6ResultNtNtB6_7convert10InfallibleNtNtB1T_4wire11DecodeErrorEENtNtNtB4_6traits8iterator8Iterator4nextB1T_>
 - func[183] size=563 <_RNvXs4_NtCsghdAMdxnB6f_8protocol4btlvNtB5_9SliceSinkNtB5_4Sink12nested_field>
 - func[184] size=14 <_RNvXs4_NtCsghdAMdxnB6f_8protocol4btlvNtB5_9SliceSinkNtB5_4Sink6limits>
 - func[185] size=7 <_RNvXs4_NtCsghdAMdxnB6f_8protocol4btlvNtB5_9SliceSinkNtB5_4Sink7written>
 - func[186] size=101 <_RNvXs4_NtCsghdAMdxnB6f_8protocol4btlvNtB5_9SliceSinkNtB5_4Sink3raw>
 - func[187] size=22 <_RNvXs4_NtCsghdAMdxnB6f_8protocol4btlvNtB5_9SliceSinkNtB5_4Sink14message_fields>
 - func[188] size=4 <_RNvXs4_NtCsghdAMdxnB6f_8protocol4btlvNtB5_9SliceSinkNtB5_4Sink18message_fields_mut>
 - func[189] size=59 <_RNvYNtNtCsghdAMdxnB6f_8protocol4btlv9SliceSinkNtB4_4Sink17check_field_countB6_>
 - func[190] size=34 <_RNvYNtNtCsghdAMdxnB6f_8protocol4btlv9SliceSinkNtB4_4Sink14finish_messageB6_>
 - func[191] size=81 <_RNvYNtNtCsghdAMdxnB6f_8protocol4btlv9SliceSinkNtB4_4Sink15measure_messageB6_>
 - func[192] size=170 <_RNvYNtNtCsghdAMdxnB6f_8protocol4btlv9SliceSinkNtB4_4Sink14message_headerB6_>
 - func[193] size=298 <_RNvYNtNtCsghdAMdxnB6f_8protocol4btlv9SliceSinkNtB4_4Sink10field_specB6_>
 - func[194] size=371 <_RNvXs4_NtCsghdAMdxnB6f_8protocol4btlvNtB5_9SliceSinkNtB5_4Sink17stream_field_spec>
 - func[195] size=117 <_RNvYNtNtCsghdAMdxnB6f_8protocol4btlv9SliceSinkNtB4_4Sink11nested_specB6_>
 - func[196] size=69 <_RNSNvYNCNvNtCsghdAMdxnB6f_8protocol12session_wire31encode_transaction_payload_into0INtNtNtCsdkdt1aaAg1T_4core3ops8function6FnOnceTQDNtNtBa_4btlv4SinkEL_EE9call_once6vtableBa_>
 - func[197] size=319 <_RNCNvNtCsghdAMdxnB6f_8protocol12session_wire31encode_transaction_payload_into0B5_>
 - func[198] size=69 <_RNSNvYNCNvNtCsghdAMdxnB6f_8protocol12session_wire15tx_edit_message0INtNtNtCsdkdt1aaAg1T_4core3ops8function6FnOnceTQDNtNtBa_4btlv4SinkEL_EE9call_once6vtableBa_>
 - func[199] size=9662 <_RNCNvNtCsghdAMdxnB6f_8protocol12session_wire15tx_edit_message0B5_>
 - func[200] size=215 <_RINvNtCsghdAMdxnB6f_8protocol12session_wire22tx_effect_edit_messageNCNvB2_15tx_edit_payloads5_0EB4_>
 - func[201] size=202 <_RNvNtCsghdAMdxnB6f_8protocol12session_wire21tx_effect_edit_scalar>
 - func[202] size=215 <_RINvNtCsghdAMdxnB6f_8protocol12session_wire22tx_effect_edit_messageNCNvB2_15tx_edit_payloads6_0EB4_>
 - func[203] size=215 <_RINvNtCsghdAMdxnB6f_8protocol12session_wire22tx_effect_edit_messageNCNvB2_15tx_edit_payloads7_0EB4_>
 - func[204] size=421 <_RNvNtCsghdAMdxnB6f_8protocol12session_wire21tx_effect_edit_prefix>
 - func[205] size=688 <_RNvNtCsghdAMdxnB6f_8protocol12session_wire21tx_automation_segment>
 - func[206] size=76 <_RNSNvYNCNvNtCsghdAMdxnB6f_8protocol12session_wire15tx_edit_payloadsh_0INtNtNtCsdkdt1aaAg1T_4core3ops8function6FnOnceTQDNtNtBa_4btlv4SinkEL_EE9call_once6vtableBa_>
 - func[207] size=663 <_RNvNtCsghdAMdxnB6f_8protocol12session_wire20tx_automation_target>
 - func[208] size=76 <_RNCNvNtCsghdAMdxnB6f_8protocol12session_wire15tx_edit_payloadsh_0B5_>
 - func[209] size=510 <_RNSNvYNCNvNtCsghdAMdxnB6f_8protocol12session_wire15tx_edit_payloadsg_0INtNtNtCsdkdt1aaAg1T_4core3ops8function6FnOnceTQDNtNtBa_4btlv4SinkEL_EE9call_once6vtableBa_>
 - func[210] size=510 <_RNCNvNtCsghdAMdxnB6f_8protocol12session_wire15tx_edit_payloadsg_0B5_>
 - func[211] size=84 <_RNSNvYNCNvNtCsghdAMdxnB6f_8protocol12session_wire13tx_automations_0INtNtNtCsdkdt1aaAg1T_4core3ops8function6FnOnceTQDNtNtBa_4btlv4SinkEL_EE9call_once6vtableBa_>
 - func[212] size=84 <_RNCNvNtCsghdAMdxnB6f_8protocol12session_wire13tx_automations_0B5_>
 - func[213] size=79 <_RNSNvYNCNvNtCsghdAMdxnB6f_8protocol12session_wire13tx_automation0INtNtNtCsdkdt1aaAg1T_4core3ops8function6FnOnceTQDNtNtBa_4btlv4SinkEL_EE9call_once6vtableBa_>
 - func[214] size=79 <_RNCNvNtCsghdAMdxnB6f_8protocol12session_wire13tx_automation0B5_>
 - func[215] size=498 <_RNSNvYNCNvNtCsghdAMdxnB6f_8protocol12session_wire15tx_edit_payloadsf_0INtNtNtCsdkdt1aaAg1T_4core3ops8function6FnOnceTQDNtNtBa_4btlv4SinkEL_EE9call_once6vtableBa_>
 - func[216] size=498 <_RNCNvNtCsghdAMdxnB6f_8protocol12session_wire15tx_edit_payloadsf_0B5_>
 - func[217] size=76 <_RNSNvYNCNvNtCsghdAMdxnB6f_8protocol12session_wire15tx_edit_payloadse_0INtNtNtCsdkdt1aaAg1T_4core3ops8function6FnOnceTQDNtNtBa_4btlv4SinkEL_EE9call_once6vtableBa_>
 - func[218] size=560 <_RNvNtCsghdAMdxnB6f_8protocol12session_wire20tx_route_destination>
 - func[219] size=76 <_RNCNvNtCsghdAMdxnB6f_8protocol12session_wire15tx_edit_payloadse_0B5_>
 - func[220] size=76 <_RNSNvYNCNvNtCsghdAMdxnB6f_8protocol12session_wire15tx_edit_payloadsd_0INtNtNtCsdkdt1aaAg1T_4core3ops8function6FnOnceTQDNtNtBa_4btlv4SinkEL_EE9call_once6vtableBa_>
 - func[221] size=725 <_RNvNtCsghdAMdxnB6f_8protocol12session_wire15tx_route_source>
 - func[222] size=76 <_RNCNvNtCsghdAMdxnB6f_8protocol12session_wire15tx_edit_payloadsd_0B5_>
 - func[223] size=633 <_RNSNvYNCNvNtCsghdAMdxnB6f_8protocol12session_wire15tx_edit_payloadsc_0INtNtNtCsdkdt1aaAg1T_4core3ops8function6FnOnceTQDNtNtBa_4btlv4SinkEL_EE9call_once6vtableBa_>
 - func[224] size=633 <_RNCNvNtCsghdAMdxnB6f_8protocol12session_wire15tx_edit_payloadsc_0B5_>
 - func[225] size=498 <_RNSNvYNCNvNtCsghdAMdxnB6f_8protocol12session_wire8tx_routes0_0INtNtNtCsdkdt1aaAg1T_4core3ops8function6FnOnceTQDNtNtBa_4btlv4SinkEL_EE9call_once6vtableBa_>
 - func[226] size=498 <_RNCNvNtCsghdAMdxnB6f_8protocol12session_wire8tx_routes0_0B5_>
 - func[227] size=76 <_RNSNvYNCNvNtCsghdAMdxnB6f_8protocol12session_wire8tx_routes_0INtNtNtCsdkdt1aaAg1T_4core3ops8function6FnOnceTQDNtNtBa_4btlv4SinkEL_EE9call_once6vtableBa_>
 - func[228] size=79 <_RNSNvYNCNvNtCsghdAMdxnB6f_8protocol12session_wire8tx_route0INtNtNtCsdkdt1aaAg1T_4core3ops8function6FnOnceTQDNtNtBa_4btlv4SinkEL_EE9call_once6vtableBa_>
 - func[229] size=79 <_RNCNvNtCsghdAMdxnB6f_8protocol12session_wire8tx_route0B5_>
 - func[230] size=233 <_RNSNvYNCNvNtCsghdAMdxnB6f_8protocol12session_wire15tx_edit_payloadsa_0INtNtNtCsdkdt1aaAg1T_4core3ops8function6FnOnceTQDNtNtBa_4btlv4SinkEL_EE9call_once6vtableBa_>
 - func[231] size=239 <_RNCNvNtCsghdAMdxnB6f_8protocol12session_wire15tx_edit_payloadsa_0B5_>
 - func[232] size=84 <_RNSNvYNCNvNtCsghdAMdxnB6f_8protocol12session_wire15tx_edit_payloads9_0INtNtNtCsdkdt1aaAg1T_4core3ops8function6FnOnceTQDNtNtBa_4btlv4SinkEL_EE9call_once6vtableBa_>
 - func[233] size=1124 <_RNvNtCsghdAMdxnB6f_8protocol12session_wire16tx_matrix_or_pan>
 - func[234] size=84 <_RNCNvNtCsghdAMdxnB6f_8protocol12session_wire15tx_edit_payloads9_0B5_>
 - func[235] size=498 <_RNSNvYNCNvNtCsghdAMdxnB6f_8protocol12session_wire15tx_edit_payloads8_0INtNtNtCsdkdt1aaAg1T_4core3ops8function6FnOnceTQDNtNtBa_4btlv4SinkEL_EE9call_once6vtableBa_>
 - func[236] size=498 <_RNCNvNtCsghdAMdxnB6f_8protocol12session_wire15tx_edit_payloads8_0B5_>
 - func[237] size=76 <_RNSNvYNCNvNtCsghdAMdxnB6f_8protocol12session_wire15tx_edit_payloads4_0INtNtNtCsdkdt1aaAg1T_4core3ops8function6FnOnceTQDNtNtBa_4btlv4SinkEL_EE9call_once6vtableBa_>
 - func[238] size=897 <_RNvNtCsghdAMdxnB6f_8protocol12session_wire9tx_effect>
 - func[239] size=76 <_RNCNvNtCsghdAMdxnB6f_8protocol12session_wire15tx_edit_payloads4_0B5_>
 - func[240] size=79 <_RNSNvYNCNvNtCsghdAMdxnB6f_8protocol12session_wire9tx_effects0_0INtNtNtCsdkdt1aaAg1T_4core3ops8function6FnOnceTQDNtNtBa_4btlv4SinkEL_EE9call_once6vtableBa_>
 - func[241] size=577 <_RNvNtCsghdAMdxnB6f_8protocol12session_wire12tx_sidechain>
 - func[242] size=79 <_RNCNvNtCsghdAMdxnB6f_8protocol12session_wire9tx_effects0_0B5_>
 - func[243] size=79 <_RNSNvYNCNvNtCsghdAMdxnB6f_8protocol12session_wire12tx_sidechain0INtNtNtCsdkdt1aaAg1T_4core3ops8function6FnOnceTQDNtNtBa_4btlv4SinkEL_EE9call_once6vtableBa_>
 - func[244] size=79 <_RNCNvNtCsghdAMdxnB6f_8protocol12session_wire12tx_sidechain0B5_>
 - func[245] size=76 <_RNSNvYNCNvNtCsghdAMdxnB6f_8protocol12session_wire9tx_effect0INtNtNtCsdkdt1aaAg1T_4core3ops8function6FnOnceTQDNtNtBa_4btlv4SinkEL_EE9call_once6vtableBa_>
 - func[246] size=560 <_RNvNtCsghdAMdxnB6f_8protocol12session_wire11tx_identity>
 - func[247] size=277 <_RNSNvYNCNvNtCsghdAMdxnB6f_8protocol12session_wire15tx_edit_payloads3_0INtNtNtCsdkdt1aaAg1T_4core3ops8function6FnOnceTQDNtNtBa_4btlv4SinkEL_EE9call_once6vtableBa_>
 - func[248] size=283 <_RNCNvNtCsghdAMdxnB6f_8protocol12session_wire15tx_edit_payloads3_0B5_>
 - func[249] size=289 <_RNSNvYNCNvNtCsghdAMdxnB6f_8protocol12session_wire15tx_edit_payloads2_0INtNtNtCsdkdt1aaAg1T_4core3ops8function6FnOnceTQDNtNtBa_4btlv4SinkEL_EE9call_once6vtableBa_>
 - func[250] size=289 <_RNCNvNtCsghdAMdxnB6f_8protocol12session_wire15tx_edit_payloads2_0B5_>
 - func[251] size=87 <_RNSNvYNCNvNtCsghdAMdxnB6f_8protocol12session_wire11tx_builtinss_0INtNtNtCsdkdt1aaAg1T_4core3ops8function6FnOnceTQDNtNtBa_4btlv4SinkEL_EE9call_once6vtableBa_>
 - func[252] size=576 <_RNvNtCsghdAMdxnB6f_8protocol12session_wire19tx_channel_builtins>
 - func[253] size=87 <_RNCNvNtCsghdAMdxnB6f_8protocol12session_wire11tx_builtinss_0B5_>
 - func[254] size=84 <_RNSNvYNCNvNtCsghdAMdxnB6f_8protocol12session_wire11tx_builtins0INtNtNtCsdkdt1aaAg1T_4core3ops8function6FnOnceTQDNtNtBa_4btlv4SinkEL_EE9call_once6vtableBa_>
 - func[255] size=84 <_RNCNvNtCsghdAMdxnB6f_8protocol12session_wire11tx_builtins0B5_>
 - func[256] size=69 <_RNSNvYNCNvNtCsghdAMdxnB6f_8protocol12session_wire15tx_edit_payloads1_0INtNtNtCsdkdt1aaAg1T_4core3ops8function6FnOnceTQDNtNtBa_4btlv4SinkEL_EE9call_once6vtableBa_>
 - func[257] size=1165 <_RNCNvNtCsghdAMdxnB6f_8protocol12session_wire15tx_edit_payloads1_0B5_>
 - func[258] size=84 <_RNSNvYNCNvNtCsghdAMdxnB6f_8protocol12session_wire8tx_tracks3_0INtNtNtCsdkdt1aaAg1T_4core3ops8function6FnOnceTQDNtNtBa_4btlv4SinkEL_EE9call_once6vtableBa_>
 - func[259] size=498 <_RNSNvYNCNvNtCsghdAMdxnB6f_8protocol12session_wire8tx_tracks2_0INtNtNtCsdkdt1aaAg1T_4core3ops8function6FnOnceTQDNtNtBa_4btlv4SinkEL_EE9call_once6vtableBa_>
 - func[260] size=498 <_RNCNvNtCsghdAMdxnB6f_8protocol12session_wire8tx_tracks2_0B5_>
 - func[261] size=277 <_RNSNvYNCNvNtCsghdAMdxnB6f_8protocol12session_wire8tx_tracks1_0INtNtNtCsdkdt1aaAg1T_4core3ops8function6FnOnceTQDNtNtBa_4btlv4SinkEL_EE9call_once6vtableBa_>
 - func[262] size=285 <_RNCNvNtCsghdAMdxnB6f_8protocol12session_wire8tx_tracks1_0B5_>
 - func[263] size=277 <_RNSNvYNCNvNtCsghdAMdxnB6f_8protocol12session_wire8tx_tracks0_0INtNtNtCsdkdt1aaAg1T_4core3ops8function6FnOnceTQDNtNtBa_4btlv4SinkEL_EE9call_once6vtableBa_>
 - func[264] size=285 <_RNCNvNtCsghdAMdxnB6f_8protocol12session_wire8tx_tracks0_0B5_>
 - func[265] size=277 <_RNSNvYNCNvNtCsghdAMdxnB6f_8protocol12session_wire8tx_tracks_0INtNtNtCsdkdt1aaAg1T_4core3ops8function6FnOnceTQDNtNtBa_4btlv4SinkEL_EE9call_once6vtableBa_>
 - func[266] size=283 <_RNCNvNtCsghdAMdxnB6f_8protocol12session_wire8tx_tracks_0B5_>
 - func[267] size=295 <_RNSNvYNCNvNtCsghdAMdxnB6f_8protocol12session_wire8tx_track0INtNtNtCsdkdt1aaAg1T_4core3ops8function6FnOnceTQDNtNtBa_4btlv4SinkEL_EE9call_once6vtableBa_>
 - func[268] size=295 <_RNCNvNtCsghdAMdxnB6f_8protocol12session_wire8tx_track0B5_>
 - func[269] size=69 <_RNSNvYNCNvNtCsghdAMdxnB6f_8protocol12session_wire15tx_edit_payloads0_0INtNtNtCsdkdt1aaAg1T_4core3ops8function6FnOnceTQDNtNtBa_4btlv4SinkEL_EE9call_once6vtableBa_>
 - func[270] size=669 <_RNCNvNtCsghdAMdxnB6f_8protocol12session_wire15tx_edit_payloads0_0B5_>
 - func[271] size=427 <_RNSNvYNCNvNtCsghdAMdxnB6f_8protocol12session_wire15tx_edit_payloads_0INtNtNtCsdkdt1aaAg1T_4core3ops8function6FnOnceTQDNtNtBa_4btlv4SinkEL_EE9call_once6vtableBa_>
 - func[272] size=427 <_RNCNvNtCsghdAMdxnB6f_8protocol12session_wire15tx_edit_payloads_0B5_>
 - func[273] size=342 <_RNSNvYNCNvNtCsghdAMdxnB6f_8protocol12session_wire15tx_edit_payload0INtNtNtCsdkdt1aaAg1T_4core3ops8function6FnOnceTQDNtNtBa_4btlv4SinkEL_EE9call_once6vtableBa_>
 - func[274] size=342 <_RNCNvNtCsghdAMdxnB6f_8protocol12session_wire15tx_edit_payload0B5_>
 - func[275] size=504 <_RNSNvYNCNvNtCsghdAMdxnB6f_8protocol12session_wire15tx_edit_payloads7_0INtNtNtCsdkdt1aaAg1T_4core3ops8function6FnOnceTQDNtNtBa_4btlv4SinkEL_EE9call_once6vtableBa_>
 - func[276] size=504 <_RNCNvNtCsghdAMdxnB6f_8protocol12session_wire15tx_edit_payloads7_0B5_>
 - func[277] size=76 <_RNSNvYNCNvNtCsghdAMdxnB6f_8protocol12session_wire15tx_edit_payloads6_0INtNtNtCsdkdt1aaAg1T_4core3ops8function6FnOnceTQDNtNtBa_4btlv4SinkEL_EE9call_once6vtableBa_>
 - func[278] size=76 <_RNCNvNtCsghdAMdxnB6f_8protocol12session_wire15tx_edit_payloads6_0B5_>
 - func[279] size=76 <_RNSNvYNCNvNtCsghdAMdxnB6f_8protocol12session_wire15tx_edit_payloads5_0INtNtNtCsdkdt1aaAg1T_4core3ops8function6FnOnceTQDNtNtBa_4btlv4SinkEL_EE9call_once6vtableBa_>
 - func[280] size=76 <_RNCNvNtCsghdAMdxnB6f_8protocol12session_wire15tx_edit_payloads5_0B5_>
 - func[281] size=14 <_RNvXs2_NtCsghdAMdxnB6f_8protocol4btlvNtB5_9CountSinkNtB5_4Sink6limits>
 - func[282] size=7 <_RNvXs2_NtCsghdAMdxnB6f_8protocol4btlvNtB5_9CountSinkNtB5_4Sink7written>
 - func[283] size=46 <_RNvXs2_NtCsghdAMdxnB6f_8protocol4btlvNtB5_9CountSinkNtB5_4Sink3raw>
 - func[284] size=22 <_RNvXs2_NtCsghdAMdxnB6f_8protocol4btlvNtB5_9CountSinkNtB5_4Sink14message_fields>
 - func[285] size=4 <_RNvXs2_NtCsghdAMdxnB6f_8protocol4btlvNtB5_9CountSinkNtB5_4Sink18message_fields_mut>
 - func[286] size=59 <_RNvYNtNtCsghdAMdxnB6f_8protocol4btlv9CountSinkNtB4_4Sink17check_field_countB6_>
 - func[287] size=34 <_RNvYNtNtCsghdAMdxnB6f_8protocol4btlv9CountSinkNtB4_4Sink14finish_messageB6_>
 - func[288] size=81 <_RNvYNtNtCsghdAMdxnB6f_8protocol4btlv9CountSinkNtB4_4Sink15measure_messageB6_>
 - func[289] size=108 <_RNvYNtNtCsghdAMdxnB6f_8protocol4btlv9CountSinkNtB4_4Sink14message_headerB6_>
 - func[290] size=141 <_RNvYNtNtCsghdAMdxnB6f_8protocol4btlv9CountSinkNtB4_4Sink10field_specB6_>
 - func[291] size=234 <_RNvXs2_NtCsghdAMdxnB6f_8protocol4btlvNtB5_9CountSinkNtB5_4Sink17stream_field_spec>
 - func[292] size=409 <_RNvYNtNtCsghdAMdxnB6f_8protocol4btlv9CountSinkNtB4_4Sink11nested_specB6_>
 - func[293] size=391 <_RNvXs2_NtCsghdAMdxnB6f_8protocol4btlvNtB5_9CountSinkNtB5_4Sink12nested_field>
 - func[294] size=127 <_RNvMs3_NtCsewWLk9TkM7w_5alloc7raw_vecINtB5_6RawVecNtNtCsghdAMdxnB6f_8protocol12message_wire12CounterValueE8grow_oneBQ_>
 - func[295] size=727 <_RINvNtNtCsdkdt1aaAg1T_4core4iter8adapters11try_processINtNtB2_3map3MapINtNtNtB4_7sources7from_fn6FromFnNCNvMs_NtCsghdAMdxnB6f_8protocol4btlvNtB1K_6Fields6valuess0_0ENCNvNtB1M_12message_wire17decode_diagnostic0ENtB2H_11PathSegmentINtNtB6_6result6ResultNtNtB6_7convert10InfallibleNtNtB1M_4wire11DecodeErrorENCINvXso_B3I_IB3G_INtNtCsewWLk9TkM7w_5alloc3vec3VecB3m_EB4s_EINtNtNtB4_6traits7collect12FromIteratorIB3G_B3m_B4s_EE9from_iterBQ_E0B5b_EB1M_>
 - func[296] size=206 <_RNCNvNtCsghdAMdxnB6f_8protocol12message_wire17decode_descriptors0_0B5_>
 - func[297] size=337 <_RINvNtCsdkdt1aaAg1T_4core3ptr9drop_glueINtNtCsewWLk9TkM7w_5alloc3vec3VecNtNtCsghdAMdxnB6f_8protocol12message_wire11PathSegmentEEB1c_>
 - func[298] size=2208 <_RNvXNtNtCsdkdt1aaAg1T_4core4iter8adaptersINtB2_12GenericShuntINtNtB2_3map3MapINtNtNtB4_7sources7from_fn6FromFnNCNvMs_NtCsghdAMdxnB6f_8protocol4btlvNtB1R_6Fields6valuess0_0ENCNvNtB1T_12message_wire17decode_diagnostic0EINtNtB6_6result6ResultNtNtB6_7convert10InfallibleNtNtB1T_4wire11DecodeErrorEENtNtNtB4_6traits8iterator8Iterator4nextB1T_>
 - func[299] size=151 <_RNvNtCsghdAMdxnB6f_8protocol12message_wire15valid_stable_id>
 - func[300] size=339 <_RNvNtCsghdAMdxnB6f_8protocol12message_wire18decode_counter_ids>
 - func[301] size=420 <_RNvNtCsghdAMdxnB6f_8protocol12message_wire32validate_telemetry_configuration>
 - func[302] size=265 <_RINvNtCsdkdt1aaAg1T_4core3ptr9drop_glueNtNtCsghdAMdxnB6f_8protocol12message_wire22TelemetryConfigurationEBF_>
 - func[303] size=1510 <_RNvXNtNtCsdkdt1aaAg1T_4core4iter8adaptersINtB2_12GenericShuntINtNtB2_3map3MapINtNtNtB4_7sources7from_fn6FromFnNCNvMs_NtCsghdAMdxnB6f_8protocol4btlvNtB1R_6Fields6valuess0_0ENCNvNtB1T_12message_wire17decode_descriptor0EINtNtB6_6result6ResultNtNtB6_7convert10InfallibleNtNtB1T_4wire11DecodeErrorEENtNtNtB4_6traits8iterator8Iterator4nextB1T_>
 - func[304] size=661 <_RNvNtCsghdAMdxnB6f_8protocol12message_wire19descriptor_is_valid>
 - func[305] size=206 <_RINvYINtNtNtCsdkdt1aaAg1T_4core5slice4iter4IterNtNtCsghdAMdxnB6f_8protocol12message_wire10EnumChoiceENtNtNtNtBa_4iter6traits8iterator8Iterator8try_folduNCINvNvXs_NtNtB1H_8adapters9enumerateINtB2A_9EnumeratepEB1B_8try_fold9enumerateRBJ_uINtNtNtBa_3ops12control_flow11ControlFlowuENCINvNvB1B_3all5checkTjB3H_ENCNvBL_19descriptor_is_valids2_0E0E0B3M_EBN_>
 - func[306] size=823 <_RNvMse_NtCsghdAMdxnB6f_8protocol12message_wireNtB5_8IdSource19is_strict_allocated>
 - func[307] size=190 <_RNvMse_NtCsghdAMdxnB6f_8protocol12message_wireNtB5_8IdSource8contains>
 - func[308] size=3048 <_RNvNtCsghdAMdxnB6f_8protocol11typed_frame19write_event_payload>
 - func[309] size=81 <_RNSNvYNCNvNtCsghdAMdxnB6f_8protocol12message_wire22write_diagnostic_field0INtNtNtCsdkdt1aaAg1T_4core3ops8function6FnOnceTQDNtNtBa_4btlv4SinkEL_EE9call_once6vtableBa_>
 - func[310] size=1654 <_RNvNtCsghdAMdxnB6f_8protocol12message_wire24write_diagnostic_message>
 - func[311] size=81 <_RNCNvNtCsghdAMdxnB6f_8protocol12message_wire22write_diagnostic_field0B5_>
 - func[312] size=69 <_RNSNvYNCNvNtCsghdAMdxnB6f_8protocol12message_wire24write_path_segment_field0INtNtNtCsdkdt1aaAg1T_4core3ops8function6FnOnceTQDNtNtBa_4btlv4SinkEL_EE9call_once6vtableBa_>
 - func[313] size=760 <_RNCNvNtCsghdAMdxnB6f_8protocol12message_wire24write_path_segment_field0B5_>
 - func[314] size=287 <_RNSNvYNCNvNtCsghdAMdxnB6f_8protocol12message_wire22write_counter_snapshots_0INtNtNtCsdkdt1aaAg1T_4core3ops8function6FnOnceTQDNtNtBa_4btlv4SinkEL_EE9call_once6vtableBa_>
 - func[315] size=283 <_RNCNvNtCsghdAMdxnB6f_8protocol12message_wire22write_counter_snapshots_0B5_>
 - func[316] size=205 <_RNSNvYNCNvNtCsghdAMdxnB6f_8protocol12message_wire17write_meter_batchs_0INtNtNtCsdkdt1aaAg1T_4core3ops8function6FnOnceTQDNtNtBa_4btlv4SinkEL_EE9call_once6vtableBa_>
 - func[317] size=205 <_RNCNvNtCsghdAMdxnB6f_8protocol12message_wire17write_meter_batchs_0B5_>
 - func[318] size=3494 <_RNvNtCsghdAMdxnB6f_8protocol11typed_frame21write_command_payload>
 - func[319] size=772 <_RNvNtCsghdAMdxnB6f_8protocol12message_wire29write_telemetry_configuration>
 - func[320] size=169 <_RNSNvYNCNvNtCsghdAMdxnB6f_8protocol12message_wire17write_counter_ids0INtNtNtCsdkdt1aaAg1T_4core3ops8function6FnOnceTQDNtNtBa_4btlv4SinkEL_EE9call_once6vtableBa_>
 - func[321] size=169 <_RNCNvNtCsghdAMdxnB6f_8protocol12message_wire17write_counter_ids0B5_>
 - func[322] size=482 <_RNSNvYNCNvNtCsghdAMdxnB6f_8protocol12message_wire29write_automation_record_bytes0INtNtNtCsdkdt1aaAg1T_4core3ops8function6FnOnceTQDNtNtBa_4btlv4SinkEL_EE9call_once6vtableBa_>
 - func[323] size=482 <_RNCNvNtCsghdAMdxnB6f_8protocol12message_wire29write_automation_record_bytes0B5_>
 - func[324] size=169 <_RNSNvYNCNvNtCsghdAMdxnB6f_8protocol12message_wire10write_u32s0INtNtNtCsdkdt1aaAg1T_4core3ops8function6FnOnceTQDNtNtBa_4btlv4SinkEL_EE9call_once6vtableBa_>
 - func[325] size=169 <_RNCNvNtCsghdAMdxnB6f_8protocol12message_wire10write_u32s0B5_>
 - func[326] size=7710 <_RNvNtCsghdAMdxnB6f_8protocol11typed_frame21write_success_payload>
 - func[327] size=355 <_RNSNvYNCNvNtCsghdAMdxnB6f_8protocol12message_wire16write_state_pages_0INtNtNtCsdkdt1aaAg1T_4core3ops8function6FnOnceTQDNtNtBa_4btlv4SinkEL_EE9call_once6vtableBa_>
 - func[328] size=355 <_RNCNvNtCsghdAMdxnB6f_8protocol12message_wire16write_state_pages_0B5_>
 - func[329] size=73 <_RNSNvYNCNvNtCsghdAMdxnB6f_8protocol12message_wire16write_descriptor0INtNtNtCsdkdt1aaAg1T_4core3ops8function6FnOnceTQDNtNtBa_4btlv4SinkEL_EE9call_once6vtableBa_>
 - func[330] size=2092 <_RNCNvNtCsghdAMdxnB6f_8protocol12message_wire16write_descriptor0B5_>
 - func[331] size=191 <_RNvNtCsghdAMdxnB6f_8protocol12message_wire17write_enum_choice>
 - func[332] size=294 <_RNSNvYNCNvNtCsghdAMdxnB6f_8protocol12message_wire17write_enum_choice0INtNtNtCsdkdt1aaAg1T_4core3ops8function6FnOnceTQDNtNtBa_4btlv4SinkEL_EE9call_once6vtableBa_>
 - func[333] size=290 <_RNCNvNtCsghdAMdxnB6f_8protocol12message_wire17write_enum_choice0B5_>
 - func[334] size=169 <_RNSNvYNCNvNtCsghdAMdxnB6f_8protocol12message_wire16write_packed_u160INtNtNtCsdkdt1aaAg1T_4core3ops8function6FnOnceTQDNtNtBa_4btlv4SinkEL_EE9call_once6vtableBa_>
 - func[335] size=169 <_RNCNvNtCsghdAMdxnB6f_8protocol12message_wire16write_packed_u160B5_>
 - func[336] size=69 <_RNSNvYNCNvNtCsghdAMdxnB6f_8protocol12message_wire24write_backpressure_field0INtNtNtCsdkdt1aaAg1T_4core3ops8function6FnOnceTQDNtNtBa_4btlv4SinkEL_EE9call_once6vtableBa_>
 - func[337] size=1073 <_RNCNvNtCsghdAMdxnB6f_8protocol12message_wire24write_backpressure_field0B5_>
 - func[338] size=783 <_RNvXsE_NtCscFfmoX7dj9V_7session5modelNtB5_5TrackNtNtCsdkdt1aaAg1T_4core5clone5Clone5clone>
 - func[339] size=858 <_RNvXsU_NtCscFfmoX7dj9V_7session5modelNtB5_6EffectNtNtCsdkdt1aaAg1T_4core5clone5Clone5clone>
 - func[340] size=9599 <_RNvMNtCscFfmoX7dj9V_7session14json_preflightNtB2_7Scanner5value>
 - func[341] size=952 <_RNvMs3_NtCscFfmoX7dj9V_7session10diagnosticNtB5_10SourceSpan10from_range>
 - func[342] size=678 <_RNvMs0_NtCsluNdJgSep9q_11json_syntax5parseINtB5_6ParserINtNtNtNtCsdkdt1aaAg1T_4core4iter8adapters3map3MapIBS_NtNtNtB10_3str4iter5CharsNcNtINtNtB10_6result6ResultcNtNtB10_7convert10InfallibleE2Ok0ENCINvYNtB7_5ValueNtB5_5Parse10parse_utf8B1F_B2A_E0EB2A_E16skip_whitespacesCscFfmoX7dj9V_7session>
 - func[343] size=3522 <_RINvXNtNtCsluNdJgSep9q_11json_syntax5parse6stringINtNtCsj2imvPwWU2d_8smallstr6string11SmallStringAhj10_ENtB5_5Parse8parse_inINtNtNtNtCsdkdt1aaAg1T_4core4iter8adapters3map3MapIB1Z_NtNtNtB27_3str4iter5CharsNcNtINtNtB27_6result6ResultcNtNtB27_7convert10InfallibleE2Ok0ENCINvYNtB7_5ValueB1E_10parse_utf8B2M_B3I_E0EB3I_ECscFfmoX7dj9V_7session>
 - func[344] size=1188 <_RINvNtCsdkdt1aaAg1T_4core3ptr9drop_glueNtCsluNdJgSep9q_11json_syntax5ValueECscFfmoX7dj9V_7session>
 - func[345] size=7490 <_RINvXs0_NtNtCsluNdJgSep9q_11json_syntax5parse5valueNtB6_8FragmentNtB8_5Parse8parse_inINtNtNtNtCsdkdt1aaAg1T_4core4iter8adapters3map3MapIB1m_NtNtNtB1u_3str4iter5CharsNcNtINtNtB1u_6result6ResultcNtNtB1u_7convert10InfallibleE2Ok0ENCINvYNtBa_5ValueB11_10parse_utf8B29_B35_E0EB35_ECscFfmoX7dj9V_7session>
 - func[346] size=766 <_RINvNtCsdkdt1aaAg1T_4core3ptr9drop_glueNtNtCsluNdJgSep9q_11json_syntax6object6ObjectECscFfmoX7dj9V_7session>
 - func[347] size=318 <_RNvMs5_NtCscFfmoX7dj9V_7session10diagnosticNtB5_13DiagnosticSet8from_vec>
 - func[348] size=163 <_RINvNvMs2_NtCsewWLk9TkM7w_5alloc7raw_vecINtB8_11RawVecInnerpE7reserve21do_reserve_and_handleNtNtBa_5alloc6GlobalECscFfmoX7dj9V_7session>
 - func[349] size=300 <_RNvXs1i_NtCsdkdt1aaAg1T_4core3fmtRcNtB6_7Display3fmtCscFfmoX7dj9V_7session>
 - func[350] size=18991 <_RNvNtCscFfmoX7dj9V_7session5parse10parse_root>
 - func[351] size=24545 <_RNvNtCscFfmoX7dj9V_7session8validate16validate_session>
 - func[352] size=976 <_RINvMs3_NtNtCsluNdJgSep9q_11json_syntax6object9index_mapNtB6_8IndexMap3geteECscFfmoX7dj9V_7session>
 - func[353] size=371 <_RNvXsa_NtCsewWLk9TkM7w_5alloc3vecINtB5_3VecNtNtCscFfmoX7dj9V_7session10diagnostic11PathSegmentENtNtCsdkdt1aaAg1T_4core5clone5Clone5cloneBJ_>
 - func[354] size=462 <_RINvNtCsdkdt1aaAg1T_4core3ptr9drop_glueNtNtCscFfmoX7dj9V_7session10diagnostic10DiagnosticEBF_>
 - func[355] size=1438 <_RINvNtCsdkdt1aaAg1T_4core3ptr9drop_glueNtNtCscFfmoX7dj9V_7session5model12SessionModelEBF_>
 - func[356] size=349 <_RNvXs2E_NtCsghdAMdxnB6f_8protocol4wireNtB6_11EncodeErrorNtNtCsdkdt1aaAg1T_4core3fmt5Debug3fmt>
 - func[357] size=271 <_RNvXs1g_NtCsdkdt1aaAg1T_4core3fmtRjNtB6_5Debug3fmtCsghdAMdxnB6f_8protocol>
 - func[358] size=634 <_RINvNtCsdkdt1aaAg1T_4core3ptr9drop_glueNtNtCscFfmoX7dj9V_7session10diagnostic13DiagnosticSetECsghdAMdxnB6f_8protocol>
 - func[359] size=320 <_RNvXsO_NtCscFfmoX7dj9V_7session10diagnosticNtB5_13DiagnosticSetNtNtCsdkdt1aaAg1T_4core3fmt5Debug3fmt>
 - func[360] size=935 <_RNvXs1g_NtCsdkdt1aaAg1T_4core3fmtRINtNtCsewWLk9TkM7w_5alloc3vec3VecNtNtCscFfmoX7dj9V_7session10diagnostic10DiagnosticENtB6_5Debug3fmtCsghdAMdxnB6f_8protocol>
 - func[361] size=978 <_RNvXs1g_NtCsdkdt1aaAg1T_4core3fmtRNtNtCsewWLk9TkM7w_5alloc6string6StringNtB6_5Debug3fmtCsghdAMdxnB6f_8protocol>
 - func[362] size=549 <_RNvXsR_NtCsdkdt1aaAg1T_4core6optionINtB5_6OptionNtNtCscFfmoX7dj9V_7session10diagnostic10SourceSpanENtNtB7_3fmt5Debug3fmtCsghdAMdxnB6f_8protocol>
 - func[363] size=264 <_RNvXsZ_NtNtCsdkdt1aaAg1T_4core3fmt3numjNtB7_5Debug3fmt.150>
 - func[364] size=337 <_RINvNtCsdkdt1aaAg1T_4core3ptr9drop_glueNtNtCscFfmoX7dj9V_7session10diagnostic14DiagnosticPathECsghdAMdxnB6f_8protocol>
 - func[365] size=320 <_RNvXsp_NtCscFfmoX7dj9V_7session10diagnosticNtB5_14DiagnosticPathNtNtCsdkdt1aaAg1T_4core3fmt5Debug3fmt>
 - func[366] size=593 <_RNvXs1g_NtCsdkdt1aaAg1T_4core3fmtRINtNtCsewWLk9TkM7w_5alloc3vec3VecNtNtCscFfmoX7dj9V_7session10diagnostic11PathSegmentENtB6_5Debug3fmtCsghdAMdxnB6f_8protocol>
 - func[367] size=907 <_RNvXs1g_NtCsdkdt1aaAg1T_4core3fmtRNtNtCscFfmoX7dj9V_7session10diagnostic11PathSegmentNtB6_5Debug3fmtCsghdAMdxnB6f_8protocol>
 - func[368] size=52 <_RNvXsb_NtCscFfmoX7dj9V_7session10diagnosticNtB5_14DiagnosticCodeNtNtCsdkdt1aaAg1T_4core3fmt5Debug3fmt>
 - func[369] size=1703 <_RINvMs6_NtCs7EJdUbBHCXe_9hashbrown3rawINtB6_8RawTableTReNtNtCscFfmoX7dj9V_7session8validate11GraphEntityEE14reserve_rehashNCINvNtB8_3map11make_hasherBQ_BS_NtNtNtCsdl5sGgnNXvY_3std4hash6random11RandomStateE0EBW_>
 - func[370] size=475 <_RINvYNtNtNtCsdl5sGgnNXvY_3std4hash6random11RandomStateNtNtCsdkdt1aaAg1T_4core4hash11BuildHasher8hash_oneRReECscFfmoX7dj9V_7session>
 - func[371] size=619 <_RNvXs3_NtNtCsdkdt1aaAg1T_4core4hash3sipINtB5_6HasherNtB5_11Sip13RoundsENtB7_6Hasher5writeCscFfmoX7dj9V_7session>
 - func[372] size=1793 <_RINvMs6_NtCs7EJdUbBHCXe_9hashbrown3rawINtB6_8RawTableTReRNtNtCscFfmoX7dj9V_7session5model6SourceEE14reserve_rehashNCINvNtB8_3map11make_hasherBQ_BS_NtNtNtCsdl5sGgnNXvY_3std4hash6random11RandomStateE0EBX_>
 - func[373] size=1695 <_RINvMs6_NtCs7EJdUbBHCXe_9hashbrown3rawINtB6_8RawTableTReuEE14reserve_rehashNCINvNtB8_3map11make_hasherBQ_uNtNtNtCsdl5sGgnNXvY_3std4hash6random11RandomStateE0ECscFfmoX7dj9V_7session>
 - func[374] size=1695 <_RINvMs6_NtCs7EJdUbBHCXe_9hashbrown3rawINtB6_8RawTableTTmhEuEE14reserve_rehashNCINvNtB8_3map11make_hasherBQ_uNtNtNtCsdl5sGgnNXvY_3std4hash6random11RandomStateE0ECscFfmoX7dj9V_7session>
 - func[375] size=485 <_RINvYNtNtNtCsdl5sGgnNXvY_3std4hash6random11RandomStateNtNtCsdkdt1aaAg1T_4core4hash11BuildHasher8hash_oneRTmhEECscFfmoX7dj9V_7session>
 - func[376] size=283 <_RINvNtNtNtCsdkdt1aaAg1T_4core5slice4sort6stable14driftsort_mainNtNtCscFfmoX7dj9V_7session10diagnostic10DiagnosticNCINvMNtCsewWLk9TkM7w_5alloc5sliceSBZ_7sort_byNCNvMs5_B11_NtB11_13DiagnosticSet8from_vec0E0INtNtB1V_3vec3VecBZ_EEB13_>
 - func[377] size=2198 <_RINvNtNtNtNtCsdkdt1aaAg1T_4core5slice4sort6stable5drift4sortNtNtCscFfmoX7dj9V_7session10diagnostic10DiagnosticNCINvMNtCsewWLk9TkM7w_5alloc5sliceSBW_7sort_byNCNvMs5_BY_NtBY_13DiagnosticSet8from_vec0E0EB10_>
 - func[378] size=416 <_RNCINvMNtCsewWLk9TkM7w_5alloc5sliceSNtNtCscFfmoX7dj9V_7session10diagnostic10Diagnostic7sort_byNCNvMs5_BA_NtBA_13DiagnosticSet8from_vec0E0BC_>
 - func[379] size=4501 <_RINvNtNtNtNtCsdkdt1aaAg1T_4core5slice4sort6stable9quicksort9quicksortNtNtCscFfmoX7dj9V_7session10diagnostic10DiagnosticNCINvMNtCsewWLk9TkM7w_5alloc5sliceSB15_7sort_byNCNvMs5_B17_NtB17_13DiagnosticSet8from_vec0E0EB19_>
 - func[380] size=147 <_RINvNtNtNtNtCsdkdt1aaAg1T_4core5slice4sort6shared5pivot11median3_recNtNtCscFfmoX7dj9V_7session10diagnostic10DiagnosticNCINvMNtCsewWLk9TkM7w_5alloc5sliceSB14_7sort_byNCNvMs5_B16_NtB16_13DiagnosticSet8from_vec0E0EB18_>
 - func[381] size=699 <_RINvNtCsdkdt1aaAg1T_4core3ptr9drop_glueINtNtCsewWLk9TkM7w_5alloc3vec3VecNtNtCscFfmoX7dj9V_7session5model10AutomationEEB1c_>
 - func[382] size=602 <_RINvNtCsdkdt1aaAg1T_4core3ptr9drop_glueINtNtCsewWLk9TkM7w_5alloc3vec3VecNtNtCscFfmoX7dj9V_7session5model5RouteEEB1c_>
 - func[383] size=471 <_RINvNtCsdkdt1aaAg1T_4core3ptr9drop_glueINtNtCsewWLk9TkM7w_5alloc3vec3VecNtNtCscFfmoX7dj9V_7session5model5TrackEEB1c_>
 - func[384] size=877 <_RINvNtCsdkdt1aaAg1T_4core3ptr9drop_glueNtNtCscFfmoX7dj9V_7session5model4RackEBF_>
 - func[385] size=127 <_RNvMs3_NtCsewWLk9TkM7w_5alloc7raw_vecINtB5_6RawVecNtNtCscFfmoX7dj9V_7session10diagnostic11PathSegmentE8grow_oneBQ_>
 - func[386] size=174 <_RNvMs4_NtCsewWLk9TkM7w_5alloc7raw_vecNtB5_11RawVecInner11finish_growCscFfmoX7dj9V_7session>
 - func[387] size=211 <_RNvMs0_NtCscFfmoX7dj9V_7session10diagnosticNtB5_14DiagnosticPath3key>
 - func[388] size=127 <_RNvMs3_NtCsewWLk9TkM7w_5alloc7raw_vecINtB5_6RawVecNtNtCscFfmoX7dj9V_7session10diagnostic10DiagnosticE8grow_oneBQ_>
 - func[389] size=127 <_RNvMs3_NtCsewWLk9TkM7w_5alloc7raw_vecINtB5_6RawVecNtNtCscFfmoX7dj9V_7session10diagnostic3SegE8grow_oneBQ_>
 - func[390] size=127 <_RNvMs3_NtCsewWLk9TkM7w_5alloc7raw_vecINtB5_6RawVecNtNtCscFfmoX7dj9V_7session5model10AutomationE8grow_oneBQ_>
 - func[391] size=127 <_RNvMs3_NtCsewWLk9TkM7w_5alloc7raw_vecINtB5_6RawVecNtNtCscFfmoX7dj9V_7session5model11EffectParamE8grow_oneBQ_>
 - func[392] size=127 <_RNvMs3_NtCsewWLk9TkM7w_5alloc7raw_vecINtB5_6RawVecNtNtCscFfmoX7dj9V_7session5model17AutomationSegmentE8grow_oneBQ_>
 - func[393] size=128 <_RNvMs3_NtCsewWLk9TkM7w_5alloc7raw_vecINtB5_6RawVecNtNtCscFfmoX7dj9V_7session5model5RouteE8grow_oneBQ_>
 - func[394] size=128 <_RNvMs3_NtCsewWLk9TkM7w_5alloc7raw_vecINtB5_6RawVecNtNtCscFfmoX7dj9V_7session5model5TrackE8grow_oneBQ_>
 - func[395] size=128 <_RNvMs3_NtCsewWLk9TkM7w_5alloc7raw_vecINtB5_6RawVecNtNtCscFfmoX7dj9V_7session5model6EffectE8grow_oneBQ_>
 - func[396] size=127 <_RNvMs3_NtCsewWLk9TkM7w_5alloc7raw_vecINtB5_6RawVecNtNtCscFfmoX7dj9V_7session5model6SourceE8grow_oneBQ_>
 - func[397] size=834 <_RNvMNtCscFfmoX7dj9V_7session14json_preflightNtB2_7Scanner4open>
 - func[398] size=660 <_RNvMNtCsj2imvPwWU2d_8smallstr6stringINtB2_11SmallStringAhj10_E4pushCscFfmoX7dj9V_7session>
 - func[399] size=337 <_RINvNtCsdkdt1aaAg1T_4core3ptr9drop_glueNtNtCscFfmoX7dj9V_7session10diagnostic14DiagnosticPathEBF_>
 - func[400] size=325 <_RNvMs0_NtCsluNdJgSep9q_11json_syntax5parseINtB5_6ParserINtNtNtNtCsdkdt1aaAg1T_4core4iter8adapters3map3MapIBS_NtNtNtB10_3str4iter5CharsNcNtINtNtB10_6result6ResultcNtNtB10_7convert10InfallibleE2Ok0ENCINvYNtB7_5ValueNtB5_5Parse10parse_utf8B1F_B2A_E0EB2A_E9next_charCscFfmoX7dj9V_7session>
 - func[401] size=78 <_RNvMs0_NtCsluNdJgSep9q_11json_syntax5parseINtB5_6ParserINtNtNtNtCsdkdt1aaAg1T_4core4iter8adapters3map3MapIBS_NtNtNtB10_3str4iter5CharsNcNtINtNtB10_6result6ResultcNtNtB10_7convert10InfallibleE2Ok0ENCINvYNtB7_5ValueNtB5_5Parse10parse_utf8B1F_B2A_E0EB2A_E12end_fragmentCscFfmoX7dj9V_7session>
 - func[402] size=228 <_RNvMs5_NtCsluNdJgSep9q_11json_syntax5parseNtB5_7Context7follows.177>
 - func[403] size=177 <_RNvMsc_Cs2bW5bADgYIX_8smallvecINtB5_8SmallVecAhj10_E21reserve_one_uncheckedCscFfmoX7dj9V_7session>
 - func[404] size=737 <_RINvNtNtNtNtCsdkdt1aaAg1T_4core5slice4sort6shared9smallsort25insertion_sort_shift_leftNtNtCscFfmoX7dj9V_7session10diagnostic10DiagnosticNCINvMNtCsewWLk9TkM7w_5alloc5sliceSB1m_7sort_byNCNvMs5_B1o_NtB1o_13DiagnosticSet8from_vec0E0EB1q_>
 - func[405] size=314 <_RNCNvMs5_NtCscFfmoX7dj9V_7session10diagnosticNtB7_13DiagnosticSet8from_vecs_0B9_>
 - func[406] size=1171 <_RNvMs_NtCscFfmoX7dj9V_7session5parseNtB4_6Parser15unsigned_number>
 - func[407] size=341 <_RNvMs_NtCscFfmoX7dj9V_7session5parseNtB4_6Parser11error_field>
 - func[408] size=365 <_RNvMs_NtCscFfmoX7dj9V_7session5parseNtB4_6Parser4keys>
 - func[409] size=602 <_RNvMs_NtCscFfmoX7dj9V_7session5parseNtB4_6Parser2id>
 - func[410] size=967 <_RNvMs_NtCscFfmoX7dj9V_7session5parseNtB4_6Parser3u64>
 - func[411] size=467 <_RNvMs_NtCscFfmoX7dj9V_7session5parseNtB4_6Parser5table>
 - func[412] size=480 <_RNvMs_NtCscFfmoX7dj9V_7session5parseNtB4_6Parser5token>
 - func[413] size=20 <_RNvXsq_NtCsewWLk9TkM7w_5alloc6stringNtB5_6StringNtNtCsdkdt1aaAg1T_4core3fmt7Display3fmt>
 - func[414] size=452 <_RNvMs_NtCscFfmoX7dj9V_7session5parseNtB4_6Parser5array>
 - func[415] size=480 <_RNvMs_NtCscFfmoX7dj9V_7session5parseNtB4_6Parser10string_ref>
 - func[416] size=287 <_RINvMs_NtCscFfmoX7dj9V_7session5parseNtB5_6Parser8error_atReEB7_>
 - func[417] size=411 <_RNvNtCscFfmoX7dj9V_7session5parse22parse_channel_builtins>
 - func[418] size=7041 <_RNvNtCscFfmoX7dj9V_7session5parse10parse_rack>
 - func[419] size=741 <_RNvMs_NtCscFfmoX7dj9V_7session5parseNtB4_6Parser3f32>
 - func[420] size=437 <_RNvMs_NtCscFfmoX7dj9V_7session5parseNtB4_6Parser4bool>
 - func[421] size=344 <_RNvMs_NtCscFfmoX7dj9V_7session5parseNtB4_6Parser7bounded>
 - func[422] size=1613 <_RNvNtCscFfmoX7dj9V_7session5parse18parse_route_source>
 - func[423] size=238 <_RNvMs_NtCscFfmoX7dj9V_7session5parseNtB4_6Parser10reject_key>
 - func[424] size=899 <_RINvMs_NtCscFfmoX7dj9V_7session5parseNtB5_6Parser12closed_tokenNtNtB7_5model16ParameterChannelEB7_>
 - func[425] size=1531 <_RINvMs_NtCscFfmoX7dj9V_7session5parseNtB5_6Parser12closed_tokenNtNtB7_5model13ParameterUnitEB7_>
 - func[426] size=824 <_RNvMs1_NtCscFfmoX7dj9V_7session10diagnosticNtB5_7PathRef11materialize>
 - func[427] size=206 <_RINvMs_NtNtNtCsdl5sGgnNXvY_3std3sys12thread_local10no_threadsINtB5_11LazyStorageINtNtCsdkdt1aaAg1T_4core4cell4CellTyyEEE10initializeNvNvNvMNtNtBb_4hash6randomNtB2d_11RandomState3new4KEYS27___rust_std_internal_init_fnECscFfmoX7dj9V_7session>
 - func[428] size=536 <_RNvMs1_NtCs7EJdUbBHCXe_9hashbrown3mapINtB5_7HashMapReNtNtCscFfmoX7dj9V_7session8validate11GraphEntityNtNtNtCsdl5sGgnNXvY_3std4hash6random11RandomStateE6insertBT_>
 - func[429] size=492 <_RNvMs1_NtCs7EJdUbBHCXe_9hashbrown3mapINtB5_7HashMapReuNtNtNtCsdl5sGgnNXvY_3std4hash6random11RandomStateE6insertCscFfmoX7dj9V_7session>
 - func[430] size=475 <_RINvYNtNtNtCsdl5sGgnNXvY_3std4hash6random11RandomStateNtNtCsdkdt1aaAg1T_4core4hash11BuildHasher8hash_oneReECscFfmoX7dj9V_7session>
 - func[431] size=572 <_RNvNtCscFfmoX7dj9V_7session8validate21validate_finite_range>
 - func[432] size=916 <_RNvNtCscFfmoX7dj9V_7session8validate21validate_route_source>
 - func[433] size=780 <_RNvNtCscFfmoX7dj9V_7session8validate19validate_unit_value>
 - func[434] size=1494 <_RNvXst_NtNtCsdkdt1aaAg1T_4core3str7patternReNtB5_7Pattern15is_contained_in>
 - func[435] size=485 <_RINvMsx_NtNtCsdkdt1aaAg1T_4core3str7patternNtB6_14TwoWaySearcher4nextNtB6_9MatchOnlyECscFfmoX7dj9V_7session>
 - func[436] size=34 <_RNvXsK_NtCsdkdt1aaAg1T_4core3fmtNtB5_5ErrorNtB5_5Debug3fmt.172>
 - func[437] size=130 <_RINvNtCsdkdt1aaAg1T_4core3ptr9drop_glueNtNtCsewWLk9TkM7w_5alloc6string6StringECscFfmoX7dj9V_7session>
 - func[438] size=90 <_RNvXsZ_NtCsewWLk9TkM7w_5alloc6stringNtB5_6StringNtNtCsdkdt1aaAg1T_4core3fmt5Write9write_str.173>
 - func[439] size=282 <_RNvXsZ_NtCsewWLk9TkM7w_5alloc6stringNtB5_6StringNtNtCsdkdt1aaAg1T_4core3fmt5Write10write_char.174>
 - func[440] size=20 <_RNvYNtNtCsewWLk9TkM7w_5alloc6string6StringNtNtCsdkdt1aaAg1T_4core3fmt5Write9write_fmtCscFfmoX7dj9V_7session>
 - func[441] size=500 <_RNvMsc_Cs2bW5bADgYIX_8smallvecINtB5_8SmallVecAhj10_E8try_growCscFfmoX7dj9V_7session>
 - func[442] size=301 <_RNvXsU_Cs2bW5bADgYIX_8smallvecNtB5_18CollectionAllocErrNtNtCsdkdt1aaAg1T_4core3fmt5Debug3fmt.175>
 - func[443] size=284 <_RNvXs1g_NtCsdkdt1aaAg1T_4core3fmtRNtNtNtB8_5alloc6layout6LayoutNtB6_5Debug3fmtCscFfmoX7dj9V_7session>
 - func[444] size=130 <_RNvXs1g_NtCsdkdt1aaAg1T_4core3fmtRNtNtNtB8_3mem9alignment9AlignmentNtB6_5Debug3fmtCscFfmoX7dj9V_7session>
 - func[445] size=248 <_RNvNtCsdl5sGgnNXvY_3std9panicking15panic_with_hook>
 - func[446] size=3 <_RNvCs9wFQrvczXsK_7___rustc10rust_panic>
 - func[447] size=9 <_RNvYINtNvNtCsdl5sGgnNXvY_3std9panicking11begin_panic7PayloadReENtNtCsdkdt1aaAg1T_4core5panic12PanicPayload6as_strB9_>
 - func[448] size=18 <_RNvXNtCsdkdt1aaAg1T_4core3anyReNtB2_3Any7type_idCsdl5sGgnNXvY_3std>
 - func[449] size=14 <_RINvNtNtCsdl5sGgnNXvY_3std3sys9backtrace26___rust_end_short_backtraceNCNvNtB6_5alloc8rust_oom0zEB6_>
 - func[450] size=11 <_RINvNtNtCsdl5sGgnNXvY_3std3sys9backtrace26___rust_end_short_backtraceNCNvNtB6_9panicking13panic_handler0zEB6_>
 - func[451] size=140 <_RNCNvNtCsdl5sGgnNXvY_3std9panicking13panic_handler0B5_>
 - func[452] size=132 <_RINvNtCsdkdt1aaAg1T_4core3ptr9drop_glueNtNvNtCsdl5sGgnNXvY_3std9panicking13panic_handler19FormatStringPayloadEBH_>
 - func[453] size=84 <_RNvXs0_NvNtCsdl5sGgnNXvY_3std9panicking13panic_handlerNtB5_19FormatStringPayloadNtNtCsdkdt1aaAg1T_4core3fmt7Display3fmt>
 - func[454] size=253 <_RNvXs_NvNtCsdl5sGgnNXvY_3std9panicking13panic_handlerNtB4_19FormatStringPayloadNtNtCsdkdt1aaAg1T_4core5panic12PanicPayload8take_box>
 - func[455] size=161 <_RNvXs_NvNtCsdl5sGgnNXvY_3std9panicking13panic_handlerNtB4_19FormatStringPayloadNtNtCsdkdt1aaAg1T_4core5panic12PanicPayload3get>
 - func[456] size=159 <_RINvNvMs2_NtCsewWLk9TkM7w_5alloc7raw_vecINtB8_11RawVecInnerpE7reserve21do_reserve_and_handleNtNtBa_5alloc6GlobalECsdl5sGgnNXvY_3std>
 - func[457] size=129 <_RNvMs4_NtCsewWLk9TkM7w_5alloc7raw_vecNtB5_11RawVecInner11finish_growCsdl5sGgnNXvY_3std>
 - func[458] size=18 <_RNvXNtCsdkdt1aaAg1T_4core3anyNtNtCsewWLk9TkM7w_5alloc6string6StringNtB2_3Any7type_idCsdl5sGgnNXvY_3std>
 - func[459] size=90 <_RNvXsZ_NtCsewWLk9TkM7w_5alloc6stringNtB5_6StringNtNtCsdkdt1aaAg1T_4core3fmt5Write9write_str.183>
 - func[460] size=282 <_RNvXsZ_NtCsewWLk9TkM7w_5alloc6stringNtB5_6StringNtNtCsdkdt1aaAg1T_4core3fmt5Write10write_char.184>
 - func[461] size=20 <_RNvYNtNtCsewWLk9TkM7w_5alloc6string6StringNtNtCsdkdt1aaAg1T_4core3fmt5Write9write_fmtCsdl5sGgnNXvY_3std>
 - func[462] size=36 <_RNvXs2_NvNtCsdl5sGgnNXvY_3std9panicking13panic_handlerNtB5_16StaticStrPayloadNtNtCsdkdt1aaAg1T_4core3fmt7Display3fmt>
 - func[463] size=76 <_RNvXs1_NvNtCsdl5sGgnNXvY_3std9panicking13panic_handlerNtB5_16StaticStrPayloadNtNtCsdkdt1aaAg1T_4core5panic12PanicPayload8take_box>
 - func[464] size=20 <_RNvXs1_NvNtCsdl5sGgnNXvY_3std9panicking13panic_handlerNtB5_16StaticStrPayloadNtNtCsdkdt1aaAg1T_4core5panic12PanicPayload3get>
 - func[465] size=12 <_RNvXs1_NvNtCsdl5sGgnNXvY_3std9panicking13panic_handlerNtB5_16StaticStrPayloadNtNtCsdkdt1aaAg1T_4core5panic12PanicPayload6as_str>
 - func[466] size=323 <_RNvMs0_NtCsgis5MWNmFLl_8dlmalloc8dlmallocINtB5_8DlmallocNtNtB7_3sys6SystemE18insert_large_chunkCsdl5sGgnNXvY_3std>
 - func[467] size=13 <_RNvNtCsdl5sGgnNXvY_3std5alloc8rust_oom>
 - func[468] size=78 <_RINvMNtNtCsdl5sGgnNXvY_3std4sync9once_lockINtB3_8OnceLockINtNtB5_14reentrant_lock13ReentrantLockINtNtCsdkdt1aaAg1T_4core4cell7RefCellINtNtNtNtB7_2io8buffered10linewriter10LineWriterNtNtB2e_5stdio9StdoutRawEEEE10initializeNCINvB2_11get_or_initNCNvB2V_7cleanup0E0zEB7_>
 - func[469] size=8 <main>
 - func[470] size=74 <memcmp>
 - func[471] size=110 <__multi3>
Data[1]:
 - segment[0] <.rodata> memory=0 size=45080 - init i32=1048576
  - 0100000: 2e00 0000 1b69 6e76 616c 6964 2055 6e69  .....invalid Uni
  - 0100010: 636f 6465 2063 6f64 6520 706f 696e 7420  code code point 
  - 0100020: c000 1673 6c69 6365 2069 6e64 6578 2073  ...slice index s
  - 0100030: 7461 7274 7320 6174 20c0 0d20 6275 7420  tarts at .. but 
  - 0100040: 656e 6473 2061 7420 c000 1562 7974 6520  ends at ...byte 
  - 0100050: 7261 6e67 6520 7374 6172 7473 2061 7420  range starts at 
  - 0100060: c00d 2062 7574 2065 6e64 7320 6174 20c0  .. but ends at .
  - 0100070: 0020 696e 6465 7820 6f75 7420 6f66 2062  . index out of b
  - 0100080: 6f75 6e64 733a 2074 6865 206c 656e 2069  ounds: the len i
  - 0100090: 7320 c012 2062 7574 2074 6865 2069 6e64  s .. but the ind
  - 01000a0: 6578 2069 7320 c000 1173 7461 7274 2062  ex is ...start b
  - 01000b0: 7974 6520 696e 6465 7820 c027 2069 7320  yte index .' is 
  - 01000c0: 6f75 7420 6f66 2062 6f75 6e64 7320 666f  out of bounds fo
  - 01000d0: 7220 7374 7269 6e67 206f 6620 6c65 6e67  r string of leng
  - 01000e0: 7468 20c0 000f 656e 6420 6279 7465 2069  th ...end byte i
  - 01000f0: 6e64 6578 20c0 2720 6973 206f 7574 206f  ndex .' is out o
  - 0100100: 6620 626f 756e 6473 2066 6f72 2073 7472  f bounds for str
  - 0100110: 696e 6720 6f66 206c 656e 6774 6820 c000  ing of length ..
  - 0100120: 1272 616e 6765 2073 7461 7274 2069 6e64  .range start ind
  - 0100130: 6578 20c0 2220 6f75 7420 6f66 2072 616e  ex ." out of ran
  - 0100140: 6765 2066 6f72 2073 6c69 6365 206f 6620  ge for slice of 
  - 0100150: 6c65 6e67 7468 20c0 0010 7261 6e67 6520  length ...range 
  - 0100160: 656e 6420 696e 6465 7820 c022 206f 7574  end index ." out
  - 0100170: 206f 6620 7261 6e67 6520 666f 7220 736c   of range for sl
  - 0100180: 6963 6520 6f66 206c 656e 6774 6820 c000  ice of length ..
  - 0100190: 1061 7373 6572 7469 6f6e 2060 6c65 6674  .assertion `left
  - 01001a0: 20c0 1720 7269 6768 7460 2066 6169 6c65   .. right` faile
  - 01001b0: 640a 2020 6c65 6674 3a20 c009 0a20 7269  d.  left: ... ri
  - 01001c0: 6768 743a 20c0 0011 6578 7065 6374 6564  ght: ...expected
  - 01001d0: 206f 6e65 206f 663a 20c0 00c0 023a 20c0   one of: ....: .
  - 01001e0: 002f 686f 6d65 2f62 6c2f 2e63 6172 676f  ./home/bl/.cargo
  - 01001f0: 2f72 6567 6973 7472 792f 7372 632f 696e  /registry/src/in
  - 0100200: 6465 782e 6372 6174 6573 2e69 6f2d 3139  dex.crates.io-19
  - 0100210: 3439 6366 3863 3662 3562 3535 3766 2f6a  49cf8c6b5b557f/j
  - 0100220: 736f 6e2d 7379 6e74 6178 2d30 2e31 322e  son-syntax-0.12.
  - 0100230: 352f 7372 632f 6172 7261 792e 7273 002f  5/src/array.rs./
  - 0100240: 7275 7374 2f64 6570 732f 6861 7368 6272  rust/deps/hashbr
  - 0100250: 6f77 6e2d 302e 3137 2e31 2f73 7263 2f72  own-0.17.1/src/r
  - 0100260: 6177 2e72 7300 6372 6174 6573 2f70 726f  aw.rs.crates/pro
  - 0100270: 746f 636f 6c2f 7372 632f 6274 6c76 2e72  tocol/src/btlv.r
  - 0100280: 7300 2f72 7573 7463 2f38 6261 6232 3666  s./rustc/8bab26f
  - 0100290: 3466 3638 6530 6532 3666 3062 6237 3936  4f68e0e26f0bb796
  - 01002a0: 3062 6533 3334 6435 6235 3230 6561 3435  0be334d5b520ea45
  - 01002b0: 322f 6c69 6272 6172 792f 636f 7265 2f73  2/library/core/s
  - 01002c0: 7263 2f6e 756d 2f69 6d70 2f66 6c74 3264  rc/num/imp/flt2d
  - 01002d0: 6563 2f73 7472 6174 6567 792f 6772 6973  ec/strategy/gris
  - 01002e0: 752e 7273 002f 7275 7374 632f 3862 6162  u.rs./rustc/8bab
  - 01002f0: 3236 6634 6636 3865 3065 3236 6630 6262  26f4f68e0e26f0bb
  - 0100300: 3739 3630 6265 3333 3464 3562 3532 3065  7960be334d5b520e
  - 0100310: 6134 3532 2f6c 6962 7261 7279 2f63 6f72  a452/library/cor
  - 0100320: 652f 7372 632f 736c 6963 652f 736f 7274  e/src/slice/sort
  - 0100330: 2f73 6861 7265 642f 736d 616c 6c73 6f72  /shared/smallsor
  - 0100340: 742e 7273 002f 7275 7374 632f 3862 6162  t.rs./rustc/8bab
  - 0100350: 3236 6634 6636 3865 3065 3236 6630 6262  26f4f68e0e26f0bb
  - 0100360: 3739 3630 6265 3333 3464 3562 3532 3065  7960be334d5b520e
  - 0100370: 6134 3532 2f6c 6962 7261 7279 2f63 6f72  a452/library/cor
  - 0100380: 652f 7372 632f 736c 6963 652f 736f 7274  e/src/slice/sort
  - 0100390: 2f73 7461 626c 652f 7175 6963 6b73 6f72  /stable/quicksor
  - 01003a0: 742e 7273 002f 7275 7374 632f 3862 6162  t.rs./rustc/8bab
  - 01003b0: 3236 6634 6636 3865 3065 3236 6630 6262  26f4f68e0e26f0bb
  - 01003c0: 3739 3630 6265 3333 3464 3562 3532 3065  7960be334d5b520e
  - 01003d0: 6134 3532 2f6c 6962 7261 7279 2f73 7464  a452/library/std
  - 01003e0: 2f73 7263 2f72 742e 7273 002f 7275 7374  /src/rt.rs./rust
  - 01003f0: 632f 3862 6162 3236 6634 6636 3865 3065  c/8bab26f4f68e0e
  - 0100400: 3236 6630 6262 3739 3630 6265 3333 3464  26f0bb7960be334d
  - 0100410: 3562 3532 3065 6134 3532 2f6c 6962 7261  5b520ea452/libra
  - 0100420: 7279 2f61 6c6c 6f63 2f73 7263 2f66 6d74  ry/alloc/src/fmt
  - 0100430: 2e72 7300 6372 6174 6573 2f73 6573 7369  .rs.crates/sessi
  - 0100440: 6f6e 2f73 7263 2f6a 736f 6e5f 7072 6566  on/src/json_pref
  - 0100450: 6c69 6768 742e 7273 002f 7275 7374 632f  light.rs./rustc/
  - 0100460: 3862 6162 3236 6634 6636 3865 3065 3236  8bab26f4f68e0e26
  - 0100470: 6630 6262 3739 3630 6265 3333 3464 3562  f0bb7960be334d5b
  - 0100480: 3532 3065 6134 3532 2f6c 6962 7261 7279  520ea452/library
  - 0100490: 2f63 6f72 652f 7372 632f 6e75 6d2f 696d  /core/src/num/im
  - 01004a0: 702f 6469 795f 666c 6f61 742e 7273 002f  p/diy_float.rs./
  - 01004b0: 7275 7374 632f 3862 6162 3236 6634 6636  rustc/8bab26f4f6
  - 01004c0: 3865 3065 3236 6630 6262 3739 3630 6265  8e0e26f0bb7960be
  - 01004d0: 3333 3464 3562 3532 3065 6134 3532 2f6c  334d5b520ea452/l
  - 01004e0: 6962 7261 7279 2f73 7464 2f73 7263 2f73  ibrary/std/src/s
  - 01004f0: 7973 2f73 796e 632f 7277 6c6f 636b 2f6e  ys/sync/rwlock/n
  - 0100500: 6f5f 7468 7265 6164 732e 7273 002f 7275  o_threads.rs./ru
  - 0100510: 7374 632f 3862 6162 3236 6634 6636 3865  stc/8bab26f4f68e
  - 0100520: 3065 3236 6630 6262 3739 3630 6265 3333  0e26f0bb7960be33
  - 0100530: 3464 3562 3532 3065 6134 3532 2f6c 6962  4d5b520ea452/lib
  - 0100540: 7261 7279 2f63 6f72 652f 7372 632f 736c  rary/core/src/sl
  - 0100550: 6963 652f 6d65 6d63 6872 2e72 7300 2f72  ice/memchr.rs./r
  - 0100560: 7573 7463 2f38 6261 6232 3666 3466 3638  ustc/8bab26f4f68
  - 0100570: 6530 6532 3666 3062 6237 3936 3062 6533  e0e26f0bb7960be3
  - 0100580: 3334 6435 6235 3230 6561 3435 322f 6c69  34d5b520ea452/li
  - 0100590: 6272 6172 792f 636f 7265 2f73 7263 2f6e  brary/core/src/n
  - 01005a0: 756d 2f69 6d70 2f64 6563 3266 6c74 2f64  um/imp/dec2flt/d
  - 01005b0: 6563 696d 616c 5f73 6571 2e72 7300 2f68  ecimal_seq.rs./h
  - 01005c0: 6f6d 652f 626c 2f2e 6361 7267 6f2f 7265  ome/bl/.cargo/re
  - 01005d0: 6769 7374 7279 2f73 7263 2f69 6e64 6578  gistry/src/index
  - 01005e0: 2e63 7261 7465 732e 696f 2d31 3934 3963  .crates.io-1949c
  - 01005f0: 6638 6336 6235 6235 3537 662f 6a73 6f6e  f8c6b5b557f/json
  - 0100600: 2d73 796e 7461 782d 302e 3132 2e35 2f73  -syntax-0.12.5/s
  - 0100610: 7263 2f6f 626a 6563 742f 696e 6465 785f  rc/object/index_
  - 0100620: 6d61 702e 7273 002f 7275 7374 632f 3862  map.rs./rustc/8b
  - 0100630: 6162 3236 6634 6636 3865 3065 3236 6630  ab26f4f68e0e26f0
  - 0100640: 6262 3739 3630 6265 3333 3464 3562 3532  bb7960be334d5b52
  - 0100650: 3065 6134 3532 2f6c 6962 7261 7279 2f73  0ea452/library/s
  - 0100660: 7464 2f73 7263 2f69 6f2f 7374 6469 6f2e  td/src/io/stdio.
  - 0100670: 7273 002f 7275 7374 632f 3862 6162 3236  rs./rustc/8bab26
  - 0100680: 6634 6636 3865 3065 3236 6630 6262 3739  f4f68e0e26f0bb79
  - 0100690: 3630 6265 3333 3464 3562 3532 3065 6134  60be334d5b520ea4
  - 01006a0: 3532 2f6c 6962 7261 7279 2f63 6f72 652f  52/library/core/
  - 01006b0: 7372 632f 7374 722f 7061 7474 6572 6e2e  src/str/pattern.
  - 01006c0: 7273 002f 7275 7374 632f 3862 6162 3236  rs./rustc/8bab26
  - 01006d0: 6634 6636 3865 3065 3236 6630 6262 3739  f4f68e0e26f0bb79
  - 01006e0: 3630 6265 3333 3464 3562 3532 3065 6134  60be334d5b520ea4
  - 01006f0: 3532 2f6c 6962 7261 7279 2f63 6f72 652f  52/library/core/
  - 0100700: 7372 632f 6e75 6d2f 696d 702f 666c 7432  src/num/imp/flt2
  - 0100710: 6465 632f 7374 7261 7465 6779 2f64 7261  dec/strategy/dra
  - 0100720: 676f 6e2e 7273 0063 7261 7465 732f 7072  gon.rs.crates/pr
  - 0100730: 6f74 6f63 6f6c 2f73 7263 2f62 696e 2f70  otocol/src/bin/p
  - 0100740: 726f 746f 636f 6c5f 7761 736d 5f67 6f6c  rotocol_wasm_gol
  - 0100750: 6465 6e2e 7273 002f 7275 7374 632f 3862  den.rs./rustc/8b
  - 0100760: 6162 3236 6634 6636 3865 3065 3236 6630  ab26f4f68e0e26f0
  - 0100770: 6262 3739 3630 6265 3333 3464 3562 3532  bb7960be334d5b52
  - 0100780: 3065 6134 3532 2f6c 6962 7261 7279 2f63  0ea452/library/c
  - 0100790: 6f72 652f 7372 632f 6e75 6d2f 696d 702f  ore/src/num/imp/
  - 01007a0: 6269 676e 756d 2e72 7300 2f72 7573 7463  bignum.rs./rustc
  - 01007b0: 2f38 6261 6232 3666 3466 3638 6530 6532  /8bab26f4f68e0e2
  - 01007c0: 3666 3062 6237 3936 3062 6533 3334 6435  6f0bb7960be334d5
  - 01007d0: 6235 3230 6561 3435 322f 6c69 6272 6172  b520ea452/librar
  - 01007e0: 792f 616c 6c6f 632f 7372 632f 7374 7269  y/alloc/src/stri
  - 01007f0: 6e67 2e72 7300 6372 6174 6573 2f70 726f  ng.rs.crates/pro
  - 0100800: 746f 636f 6c2f 7372 632f 7175 6575 652e  tocol/src/queue.
  - 0100810: 7273 002f 7275 7374 632f 3862 6162 3236  rs./rustc/8bab26
  - 0100820: 6634 6636 3865 3065 3236 6630 6262 3739  f4f68e0e26f0bb79
  - 0100830: 3630 6265 3333 3464 3562 3532 3065 6134  60be334d5b520ea4
  - 0100840: 3532 2f6c 6962 7261 7279 2f61 6c6c 6f63  52/library/alloc
  - 0100850: 2f73 7263 2f63 6f6c 6c65 6374 696f 6e73  /src/collections
  - 0100860: 2f62 7472 6565 2f6e 6176 6967 6174 652e  /btree/navigate.
  - 0100870: 7273 002f 7275 7374 632f 3862 6162 3236  rs./rustc/8bab26
  - 0100880: 6634 6636 3865 3065 3236 6630 6262 3739  f4f68e0e26f0bb79
  - 0100890: 3630 6265 3333 3464 3562 3532 3065 6134  60be334d5b520ea4
  - 01008a0: 3532 2f6c 6962 7261 7279 2f63 6f72 652f  52/library/core/
  - 01008b0: 7372 632f 6e75 6d2f 696d 702f 6465 6332  src/num/imp/dec2
  - 01008c0: 666c 742f 7061 7273 652e 7273 0063 7261  flt/parse.rs.cra
  - 01008d0: 7465 732f 7365 7373 696f 6e2f 7372 632f  tes/session/src/
  - 01008e0: 7061 7273 652e 7273 0063 7261 7465 732f  parse.rs.crates/
  - 01008f0: 7072 6f74 6f63 6f6c 2f73 7263 2f73 6573  protocol/src/ses
  - 0100900: 7369 6f6e 5f77 6972 652e 7273 0063 7261  sion_wire.rs.cra
  - 0100910: 7465 732f 7072 6f74 6f63 6f6c 2f73 7263  tes/protocol/src
  - 0100920: 2f6d 6573 7361 6765 5f77 6972 652e 7273  /message_wire.rs
  - 0100930: 0063 7261 7465 732f 7072 6f74 6f63 6f6c  .crates/protocol
  - 0100940: 2f73 7263 2f74 7970 6564 5f66 7261 6d65  /src/typed_frame
  - 0100950: 2e72 7300 2f72 7573 7463 2f38 6261 6232  .rs./rustc/8bab2
  - 0100960: 3666 3466 3638 6530 6532 3666 3062 6237  6f4f68e0e26f0bb7
  - 0100970: 3936 3062 6533 3334 6435 6235 3230 6561  960be334d5b520ea
  - 0100980: 3435 322f 6c69 6272 6172 792f 636f 7265  452/library/core
  - 0100990: 2f73 7263 2f75 6e69 636f 6465 2f70 7269  /src/unicode/pri
  - 01009a0: 6e74 6162 6c65 2e72 7300 2f72 7573 7463  ntable.rs./rustc
  - 01009b0: 2f38 6261 6232 3666 3466 3638 6530 6532  /8bab26f4f68e0e2
  - 01009c0: 3666 3062 6237 3936 3062 6533 3334 6435  6f0bb7960be334d5
  - 01009d0: 6235 3230 6561 3435 322f 6c69 6272 6172  b520ea452/librar
  - 01009e0: 792f 616c 6c6f 632f 7372 632f 636f 6c6c  y/alloc/src/coll
  - 01009f0: 6563 7469 6f6e 732f 6274 7265 652f 6e6f  ections/btree/no
  - 0100a00: 6465 2e72 7300 2f72 7573 7463 2f38 6261  de.rs./rustc/8ba
  - 0100a10: 6232 3666 3466 3638 6530 6532 3666 3062  b26f4f68e0e26f0b
  - 0100a20: 6237 3936 3062 6533 3334 6435 6235 3230  b7960be334d5b520
  - 0100a30: 6561 3435 322f 6c69 6272 6172 792f 7374  ea452/library/st
  - 0100a40: 642f 7372 632f 7379 6e63 2f6f 6e63 652e  d/src/sync/once.
  - 0100a50: 7273 0063 7261 7465 732f 7072 6f74 6f63  rs.crates/protoc
  - 0100a60: 6f6c 2f73 7263 2f63 6f6e 666f 726d 616e  ol/src/conforman
  - 0100a70: 6365 2e72 7300 2f68 6f6d 652f 626c 2f2e  ce.rs./home/bl/.
  - 0100a80: 6361 7267 6f2f 7265 6769 7374 7279 2f73  cargo/registry/s
  - 0100a90: 7263 2f69 6e64 6578 2e63 7261 7465 732e  rc/index.crates.
  - 0100aa0: 696f 2d31 3934 3963 6638 6336 6235 6235  io-1949cf8c6b5b5
  - 0100ab0: 3537 662f 6861 7368 6272 6f77 6e2d 302e  57f/hashbrown-0.
  - 0100ac0: 3132 2e33 2f73 7263 2f72 6177 2f6d 6f64  12.3/src/raw/mod
  - 0100ad0: 2e72 7300 2f72 7573 7463 2f38 6261 6232  .rs./rustc/8bab2
  - 0100ae0: 3666 3466 3638 6530 6532 3666 3062 6237  6f4f68e0e26f0bb7
  - 0100af0: 3936 3062 6533 3334 6435 6235 3230 6561  960be334d5b520ea
  - 0100b00: 3435 322f 6c69 6272 6172 792f 636f 7265  452/library/core
  - 0100b10: 2f73 7263 2f66 6d74 2f6d 6f64 2e72 7300  /src/fmt/mod.rs.
  - 0100b20: 2f68 6f6d 652f 626c 2f2e 6361 7267 6f2f  /home/bl/.cargo/
  - 0100b30: 7265 6769 7374 7279 2f73 7263 2f69 6e64  registry/src/ind
  - 0100b40: 6578 2e63 7261 7465 732e 696f 2d31 3934  ex.crates.io-194
  - 0100b50: 3963 6638 6336 6235 6235 3537 662f 6a73  9cf8c6b5b557f/js
  - 0100b60: 6f6e 2d73 796e 7461 782d 302e 3132 2e35  on-syntax-0.12.5
  - 0100b70: 2f73 7263 2f6f 626a 6563 742f 6d6f 642e  /src/object/mod.
  - 0100b80: 7273 002f 686f 6d65 2f62 6c2f 2e63 6172  rs./home/bl/.car
  - 0100b90: 676f 2f72 6567 6973 7472 792f 7372 632f  go/registry/src/
  - 0100ba0: 696e 6465 782e 6372 6174 6573 2e69 6f2d  index.crates.io-
  - 0100bb0: 3139 3439 6366 3863 3662 3562 3535 3766  1949cf8c6b5b557f
  - 0100bc0: 2f6a 736f 6e2d 7379 6e74 6178 2d30 2e31  /json-syntax-0.1
  - 0100bd0: 322e 352f 7372 632f 7061 7273 652f 6d6f  2.5/src/parse/mo
  - 0100be0: 642e 7273 002f 7275 7374 632f 3862 6162  d.rs./rustc/8bab
  - 0100bf0: 3236 6634 6636 3865 3065 3236 6630 6262  26f4f68e0e26f0bb
  - 0100c00: 3739 3630 6265 3333 3464 3562 3532 3065  7960be334d5b520e
  - 0100c10: 6134 3532 2f6c 6962 7261 7279 2f61 6c6c  a452/library/all
  - 0100c20: 6f63 2f73 7263 2f72 6177 5f76 6563 2f6d  oc/src/raw_vec/m
  - 0100c30: 6f64 2e72 7300 2f72 7573 7463 2f38 6261  od.rs./rustc/8ba
  - 0100c40: 6232 3666 3466 3638 6530 6532 3666 3062  b26f4f68e0e26f0b
  - 0100c50: 6237 3936 3062 6533 3334 6435 6235 3230  b7960be334d5b520
  - 0100c60: 6561 3435 322f 6c69 6272 6172 792f 636f  ea452/library/co
  - 0100c70: 7265 2f73 7263 2f6e 756d 2f69 6d70 2f66  re/src/num/imp/f
  - 0100c80: 6c74 3264 6563 2f6d 6f64 2e72 7300 2f72  lt2dec/mod.rs./r
  - 0100c90: 7573 7463 2f38 6261 6232 3666 3466 3638  ustc/8bab26f4f68
  - 0100ca0: 6530 6532 3666 3062 6237 3936 3062 6533  e0e26f0bb7960be3
  - 0100cb0: 3334 6435 6235 3230 6561 3435 322f 6c69  34d5b520ea452/li
  - 0100cc0: 6272 6172 792f 7374 642f 7372 632f 7468  brary/std/src/th
  - 0100cd0: 7265 6164 2f69 642e 7273 002f 7275 7374  read/id.rs./rust
  - 0100ce0: 2f64 6570 732f 646c 6d61 6c6c 6f63 2d30  /deps/dlmalloc-0
  - 0100cf0: 2e32 2e31 332f 7372 632f 646c 6d61 6c6c  .2.13/src/dlmall
  - 0100d00: 6f63 2e72 7300 6372 6174 6573 2f73 6573  oc.rs.crates/ses
  - 0100d10: 7369 6f6e 2f73 7263 2f64 6961 676e 6f73  sion/src/diagnos
  - 0100d20: 7469 632e 7273 002f 686f 6d65 2f62 6c2f  tic.rs./home/bl/
  - 0100d30: 2e63 6172 676f 2f72 6567 6973 7472 792f  .cargo/registry/
  - 0100d40: 7372 632f 696e 6465 782e 6372 6174 6573  src/index.crates
  - 0100d50: 2e69 6f2d 3139 3439 6366 3863 3662 3562  .io-1949cf8c6b5b
  - 0100d60: 3535 3766 2f73 6d61 6c6c 7665 632d 312e  557f/smallvec-1.
  - 0100d70: 3135 2e32 2f73 7263 2f6c 6962 2e72 7300  15.2/src/lib.rs.
  - 0100d80: c00c 206d 7573 7420 6465 636f 6465 0016  .. must decode..
  - 0100d90: 756e 6578 7065 6374 6564 2063 6861 7261  unexpected chara
  - 0100da0: 6374 6572 2060 c001 6000 1276 616c 7565  cter `..`..value
  - 0100db0: 206d 7573 7420 6265 2069 6e20 5bc0 022c   must be in [..,
  - 0100dc0: 20c0 015d 0011 7374 6172 7420 6279 7465   ..]..start byte
  - 0100dd0: 2069 6e64 6578 20c0 2620 6973 206e 6f74   index .& is not
  - 0100de0: 2061 2063 6861 7220 626f 756e 6461 7279   a char boundary
  - 0100df0: 3b20 6974 2069 7320 696e 7369 6465 20c0  ; it is inside .
  - 0100e00: 0820 2862 7974 6573 20c0 0b20 6f66 2073  . (bytes .. of s
  - 0100e10: 7472 696e 6729 000f 656e 6420 6279 7465  tring)..end byte
  - 0100e20: 2069 6e64 6578 20c0 2620 6973 206e 6f74   index .& is not
  - 0100e30: 2061 2063 6861 7220 626f 756e 6461 7279   a char boundary
  - 0100e40: 3b20 6974 2069 7320 696e 7369 6465 20c0  ; it is inside .
  - 0100e50: 0820 2862 7974 6573 20c0 0b20 6f66 2073  . (bytes .. of s
  - 0100e60: 7472 696e 6729 00c0 0720 2831 203c 3c20  tring)... (1 << 
  - 0100e70: c001 2900 2707 1000 2f00 0000 3400 0000  ..).'.../...4...
  - 0100e80: 0900 0000 2707 1000 2f00 0000 2000 0000  ....'.../... ...
  - 0100e90: 0500 0000 e50b 1000 5000 0000 1c00 0000  ........P.......
  - 0100ea0: 0500 0000 1300 0000 0c00 0000 0400 0000  ................
  - 0100eb0: 1400 0000 1500 0000 1600 0000 0000 0000  ................
  - 0100ec0: 0000 0000 0100 0000 1700 0000 6120 666f  ............a fo
  - 0100ed0: 726d 6174 7469 6e67 2074 7261 6974 2069  rmatting trait i
  - 0100ee0: 6d70 6c65 6d65 6e74 6174 696f 6e20 7265  mplementation re
  - 0100ef0: 7475 726e 6564 2061 6e20 6572 726f 7220  turned an error 
  - 0100f00: 7768 656e 2074 6865 2075 6e64 6572 6c79  when the underly
  - 0100f10: 696e 6720 7374 7265 616d 2064 6964 206e  ing stream did n
  - 0100f20: 6f74 0000 eb03 1000 4800 0000 8f02 0000  ot......H.......
  - 0100f30: 0e00 0000 0070 0007 002d 0101 0102 0102  .....p...-......
  - 0100f40: 0101 480b 3015 1001 6507 0206 0202 0104  ..H.0...e.......
  - 0100f50: 2301 1e1b 5b0b 3a09 0901 1804 0109 0103  #...[.:.........
  - 0100f60: 0105 2b03 3b09 2a18 0120 3701 0101 0408  ..+.;.*.. 7.....
  - 0100f70: 0401 0307 0a02 1d01 3a01 0101 0204 0801  ........:.......
  - 0100f80: 0901 0a02 1a01 0202 3901 0402 0402 0203  ........9.......
  - 0100f90: 0301 1e02 0301 0b02 3901 0405 0102 0401  ........9.......
  - 0100fa0: 1402 1606 0101 3a01 0102 0104 0801 0703  ......:.........
  - 0100fb0: 0a02 1e01 3b01 0101 0c01 0901 2801 0301  ....;.......(...
  - 0100fc0: 3701 0103 0503 0104 0702 0b02 1d01 3a01  7.............:.
  - 0100fd0: 0202 0101 0303 0104 0702 0b02 1c02 3902  ..............9.
  - 0100fe0: 0101 0204 0801 0901 0a02 1d01 4801 0401  ............H...
  - 0100ff0: 0203 0101 0801 5101 0207 0c08 6201 0209  ......Q.....b...
  - 0101000: 0b07 4902 1b01 0101 0101 370e 0105 0102  ..I.......7.....
  - 0101010: 050b 0124 0901 6604 0106 0102 0202 1902  ...$..f.........
  - 0101020: 0403 1004 0d01 0202 0601 0f01 0003 0004  ................
  - 0101030: 1c03 1d02 1e02 4002 0107 0801 020b 0901  ......@.........
  - 0101040: 2d03 0101 7502 2201 7603 0402 0901 0603  -...u.".v.......
  - 0101050: db02 0201 3a01 0107 0101 0101 0208 060a  ....:...........
  - 0101060: 0201 302e 020c 1404 300a 0403 2609 0c02  ..0.....0...&...
  - 0101070: 2004 0206 3801 0102 0301 0105 3808 0202   ...8.......8...
  - 0101080: 9803 010d 0107 0401 0601 0302 c640 0001  .............@..
  - 0101090: c321 0003 8d01 6020 0006 6902 0004 010a  .!....` ..i.....
  - 01010a0: 2002 5002 0001 0301 0401 1902 0501 9702   .P.............
  - 01010b0: 1a12 0d01 2608 190b 0101 2c03 3001 0204  ....&.....,.0...
  - 01010c0: 0202 0201 2401 4306 0202 0202 0c01 0801  ....$.C.........
  - 01010d0: 2f01 3301 0103 0202 0502 0101 2a02 0801  /.3.........*...
  - 01010e0: ee01 0201 0401 0001 0010 1010 0002 0001  ................
  - 01010f0: e201 9505 0003 0102 0504 2803 0401 a502  ..........(.....
  - 0101100: 0004 4105 0002 4d06 460b 3104 7b01 360f  ..A...M.F.1.{.6.
  - 0101110: 2901 0202 0a03 3104 0202 0701 3d03 2405  ).....1.....=.$.
  - 0101120: 0108 3e01 0c02 3409 0101 0804 0201 5f03  ..>...4......._.
  - 0101130: 0204 0601 0201 9d01 0308 1502 3902 0101  ............9...
  - 0101140: 0101 0c01 0901 0e07 0305 4301 0206 0101  ..........C.....
  - 0101150: 0201 0103 0403 0101 0e02 5508 0203 0101  ..........U.....
  - 0101160: 1701 5101 0206 0101 0201 0102 0102 eb01  ..Q.............
  - 0101170: 0204 0602 0102 1b02 5508 0201 0102 6a01  ........U.....j.
  - 0101180: 0101 0208 6501 0101 0204 0105 0009 0102  ....e...........
  - 0101190: f501 0a04 0401 9004 0202 0401 200a 2806  ............ .(.
  - 01011a0: 0204 0801 0906 0203 2e0d 0102 c601 0103  ................
  - 01011b0: 0101 c907 0106 0101 5216 0207 0102 0102  ........R.......
  - 01011c0: 7a06 0301 0102 0107 0101 4802 0301 0101  z.........H.....
  - 01011d0: 0002 0b02 3405 0503 1701 0001 060f 000c  ....4...........
  - 01011e0: 0303 0005 3b07 0001 3f04 5101 0b02 0002  ....;...?.Q.....
  - 01011f0: 002e 0217 0005 0306 0808 0207 1e04 9403  ................
  - 0101200: 0037 0432 0801 0e01 1605 010f 0007 0111  .7.2............
  - 0101210: 0207 0102 0105 6401 a007 0001 3d04 0004  ......d.....=...
  - 0101220: fe02 f301 0201 0702 0501 0007 6d07 0060  ............m..`
  - 0101230: 80f0 0000 0000 0000 0100 0000 0000 0000  ................
  - 0101240: 0a00 0000 0000 0000 6400 0000 0000 0000  ........d.......
  - 0101250: e803 0000 0000 0000 1027 0000 0000 0000  .........'......
  - 0101260: a086 0100 0000 0000 4042 0f00 0000 0000  ........@B......
  - 0101270: 8096 9800 0000 0000 00e1 f505 0000 0000  ................
  - 0101280: 00ca 9a3b 0000 0000 00e4 0b54 0200 0000  ...;.......T....
  - 0101290: 00e8 7648 1700 0000 0010 a5d4 e800 0000  ..vH............
  - 01012a0: 00a0 724e 1809 0000 0040 7a10 f35a 0000  ..rN.....@z..Z..
  - 01012b0: 0080 c6a4 7e8d 0300 3031 3233 3435 3637  ....~...01234567
  - 01012c0: 3839 6162 6364 6566 0000 0000 0400 0000  89abcdef........
  - 01012d0: 0400 0000 1800 0000 0000 0000 0400 0000  ................
  - 01012e0: 0400 0000 1900 0000 2d2b 4e61 4e30 302e  ........-+NaN00.
  - 01012f0: 6173 7365 7274 696f 6e20 6661 696c 6564  assertion failed
  - 0101300: 3a20 6275 662e 6c65 6e28 2920 3e3d 206d  : buf.len() >= m
  - 0101310: 6178 6c65 6e00 0000 360c 1000 5700 0000  axlen...6...W...
  - 0101320: 8b02 0000 0d00 0000 0003 0609 0d10 1317  ................
  - 0101330: 1a1d 2124 272b 2e31 3538 3b20 7b20 2c20  ..!$'+.158; { , 
  - 0101340: 3a20 207b 0a2c 0a28 280a 0a7d 295d 0000  :  {.,.((..})]..
  - 0101350: 5904 1000 5500 0000 2e00 0000 0900 0000  Y...U...........
  - 0101360: 6173 7365 7274 696f 6e20 6661 696c 6564  assertion failed
  - 0101370: 3a20 6f74 6865 7220 3e20 3061 7373 6572  : other > 0asser
  - 0101380: 7469 6f6e 2066 6169 6c65 643a 206e 6f62  tion failed: nob
  - 0101390: 6f72 726f 7720 7d00 5707 1000 5200 0000  orrow }.W...R...
  - 01013a0: 8401 0000 0100 0000 6173 7365 7274 696f  ........assertio
  - 01013b0: 6e20 6661 696c 6564 3a20 6469 6769 7473  n failed: digits
  - 01013c0: 203c 2034 3000 0000 0000 0000 0c00 0000   < 40...........
  - 01013d0: 0400 0000 1a00 0000 1b00 0000 1c00 0000  ................
  - 01013e0: 5e05 1000 5f00 0000 5800 0000 2700 0000  ^..._...X...'...
  - 01013f0: 5e05 1000 5f00 0000 8a00 0000 1300 0000  ^..._...........
  - 0101400: 5e05 1000 5f00 0000 b200 0000 2000 0000  ^..._....... ...
  - 0101410: 5e05 1000 5f00 0000 c900 0000 2500 0000  ^..._.......%...
  - 0101420: 3030 3030 3030 3030 3030 3030 3030 3030  0000000000000000
  - 0101430: 3030 3030 3030 3030 3030 3030 3030 3030  0000000000000000
  - 0101440: 3030 3030 3030 3030 3030 3030 3030 3030  0000000000000000
  - 0101450: 3030 3030 3030 3030 3030 3030 3030 3030  0000000000000000
  - 0101460: 7306 1000 4f00 0000 6906 0000 1500 0000  s...O...i.......
  - 0101470: 7306 1000 4f00 0000 9706 0000 1500 0000  s...O...........
  - 0101480: 7306 1000 4f00 0000 9806 0000 1500 0000  s...O...........
  - 0101490: 7306 1000 4f00 0000 7605 0000 2800 0000  s...O...v...(...
  - 01014a0: 7306 1000 4f00 0000 7605 0000 1200 0000  s...O...v.......
  - 01014b0: 6361 6c6c 6564 2060 4f70 7469 6f6e 3a3a  called `Option::
  - 01014c0: 756e 7772 6170 2829 6020 6f6e 2061 2060  unwrap()` on a `
  - 01014d0: 4e6f 6e65 6020 7661 6c75 653d 3d30 3030  None` value==000
  - 01014e0: 3130 3230 3330 3430 3530 3630 3730 3830  1020304050607080
  - 01014f0: 3931 3031 3131 3231 3331 3431 3531 3631  9101112131415161
  - 0101500: 3731 3831 3932 3032 3132 3232 3332 3432  7181920212223242
  - 0101510: 3532 3632 3732 3832 3933 3033 3133 3233  5262728293031323
  - 0101520: 3333 3433 3533 3633 3733 3833 3934 3034  3343536373839404
  - 0101530: 3134 3234 3334 3434 3534 3634 3734 3834  1424344454647484
  - 0101540: 3935 3035 3135 3235 3335 3435 3535 3635  9505152535455565
  - 0101550: 3735 3835 3936 3036 3136 3236 3336 3436  7585960616263646
  - 0101560: 3536 3636 3736 3836 3937 3037 3137 3237  5666768697071727
  - 0101570: 3337 3437 3537 3637 3737 3837 3938 3038  3747576777879808
  - 0101580: 3138 3238 3338 3438 3538 3638 3738 3838  1828384858687888
  - 0101590: 3939 3039 3139 3239 3339 3439 3539 3639  9909192939495969
  - 01015a0: 3739 3839 392e 5b01 0101 0101 0101 0101  79899.[.........
  - 01015b0: 0101 0101 0101 0101 0101 0101 0101 0101  ................
  - 01015c0: 0101 0101 0101 0101 0101 0101 0101 0101  ................
  - 01015d0: 0101 0101 0101 0101 0101 0101 0101 0101  ................
  - 01015e0: 0101 0101 0101 0101 0101 0101 0101 0101  ................
  - 01015f0: 0101 0101 0101 0101 0101 0101 0101 0101  ................
  - 0101600: 0101 0101 0101 0101 0101 0101 0101 0101  ................
  - 0101610: 0101 0101 0101 0101 0101 0101 0101 0101  ................
  - 0101620: 0101 0101 0101 0100 0000 0000 0000 0000  ................
  - 0101630: 0000 0000 0000 0000 0000 0000 0000 0000  ................
  - 0101640: 0000 0000 0000 0000 0000 0000 0000 0000  ................
  - 0101650: 0000 0000 0000 0000 0000 0000 0000 0000  ................
  - 0101660: 0000 0000 0000 0000 0002 0202 0202 0202  ................
  - 0101670: 0202 0202 0202 0202 0202 0202 0202 0202  ................
  - 0101680: 0202 0202 0202 0203 0303 0303 0303 0303  ................
  - 0101690: 0303 0303 0303 0304 0404 0404 0000 0000  ................
  - 01016a0: 0000 0000 0000 0000 0d05 1000 5000 0000  ............P...
  - 01016b0: a000 0000 0900 0000 0d05 1000 5000 0000  ............P...
  - 01016c0: 8400 0000 1e00 0000 0006 0101 0301 0402  ................
  - 01016d0: 0507 0702 0808 0902 0a05 0b02 0e04 1001  ................
  - 01016e0: 1102 1205 131c 1401 1502 1702 190d 1c05  ................
  - 01016f0: 1d08 1f01 2401 6a04 6b02 6e02 af03 b102  ....$.j.k.n.....
  - 0101700: bc02 cf02 d102 d40c d509 d602 d702 da01  ................
  - 0101710: e005 e102 e601 e704 e802 ee20 f004 f802  ........... ....
  - 0101720: fa05 fb01 0c27 3b3e 4e4f 8f9e 9e9f 7b8b  .....';>NO....{.
  - 0101730: 9396 a2b2 ba86 b106 0709 363d 3e56 f3d0  ..........6=>V..
  - 0101740: d104 1418 3637 5657 7faa aeaf bd35 e012  ....67VW.....5..
  - 0101750: 8789 8e9e 040d 0e11 1229 3134 3a45 4649  .........)14:EFI
  - 0101760: 4a4e 4f64 658a 8c8d 8fb6 c1c3 c4c6 cbd6  JNOde...........
  - 0101770: 5cb6 b71b 1c07 080a 0b14 1736 393a a8a9  \..........69:..
  - 0101780: d8d9 0937 9091 a807 0a3b 3e66 698f 9211  ...7.....;>fi...
  - 0101790: 6f5f bfee ef5a 62b9 baf4 fcff 5354 9a9b  o_...Zb.....ST..
  - 01017a0: 2e2f 2728 559d a0a1 a3a4 a7a8 adba bcc4  ./'(U...........
  - 01017b0: 060b 0c15 1d3a 3f45 51a6 a7cc cda0 0719  .....:?EQ.......
  - 01017c0: 1a22 253e 3fdf e7ec efff c5c6 0420 2325  ."%>?........ #%
  - 01017d0: 2628 3338 3a48 4a4c 5053 5556 585a 5c5e  &(38:HJLPSUVXZ\^
  - 01017e0: 6063 6566 6b73 787d 7f8a a4aa afb0 c0d0  `cefksx}........
  - 01017f0: aeaf 6e6f c7dd de93 5e22 7b05 0304 2d03  ..no....^"{...-.
  - 0101800: 6603 012f 2e80 821d 0331 0f1c 0424 091e  f../.....1...$..
  - 0101810: 052b 0544 040e 2a80 aa06 2404 2404 2808  .+.D..*...$.$.(.
  - 0101820: 340b 4e03 340c 8137 0916 0a08 183b 4539  4.N.4..7.....;E9
  - 0101830: 0363 0809 3016 0521 031b 051b 2638 044b  .c..0..!....&8.K
  - 0101840: 052f 040a 0709 0740 2027 040c 0936 033a  ./.....@ '...6.:
  - 0101850: 051a 0704 0c07 5049 3733 0d33 072e 080a  ......PI73.3....
  - 0101860: 0626 031d 0802 80d0 5210 0608 0921 2e08  .&......R....!..
  - 0101870: 2a16 1a26 1c14 1709 4e04 2409 440d 1907  *..&....N.$.D...
  - 0101880: 0a06 4808 2709 750b 423e 2a06 3b05 0a06  ..H.'.u.B>*.;...
  - 0101890: 5106 0105 1003 050b 5908 021d 621e 4808  Q.......Y...b.H.
  - 01018a0: 0a80 a65e 2245 0b0a 060d 133a 060a 0614  ...^"E.....:....
  - 01018b0: 1c2c 0417 80b9 3c64 530c 4809 0a46 451b  .,....<dS.H..FE.
  - 01018c0: 4808 530d 4907 0a56 0858 220e 0a06 460a  H.S.I..V.X"...F.
  - 01018d0: 1d03 4749 3703 0e08 0a06 3907 0a06 2c04  ..GI7.....9...,.
  - 01018e0: 0a80 f619 073b 031d 5501 0f32 0d83 9b66  .....;..U..2...f
  - 01018f0: 750b 80c4 8a4c 630d 8430 1016 0a8f 9b05  u....Lc..0......
  - 0101900: 8247 9ab9 3a86 c682 3907 2a04 5c06 260a  .G..:...9.*.\.&.
  - 0101910: 460a 2805 1381 b03a 80c6 5b05 342c 4b04  F.(....:..[.4,K.
  - 0101920: 3907 1140 050b 0709 9cd6 2920 6173 a1fd  9..@......) as..
  - 0101930: 8133 0f01 1d06 0e04 0881 8c89 046b 050d  .3...........k..
  - 0101940: 0309 0710 8f60 80fd 0381 b406 170f 110f  .....`..........
  - 0101950: 4709 743c 80f6 0a73 0870 1546 7a14 0c14  G.t<...s.p.Fz...
  - 0101960: 0c57 0919 8087 8147 0385 420f 1584 501f  .W.....G..B...P.
  - 0101970: 0606 80d5 2b05 3e21 0170 2d03 1a04 0281  ....+.>!.p-.....
  - 0101980: 401f 113a 0501 81d0 2a80 d62b 0401 80c0  @..:....*..+....
  - 0101990: 3608 0280 e080 f729 4c04 0a04 0283 1144  6......)L......D
  - 01019a0: 4c3d 80c2 3c06 0104 5505 1b34 0281 0e2c  L=..<...U..4...,
  - 01019b0: 0464 0c56 0a80 ae38 1d0d 2c04 0907 020e  .d.V...8..,.....
  - 01019c0: 0680 9a83 d903 1103 0d03 80da 060c 0401  ................
  - 01019d0: 0f0c 0438 080a 0628 082c 0402 0e09 2781  ...8...(.,....'.
  - 01019e0: 5808 1d03 0b03 3b04 1e04 0a07 80fb 8405  X.....;.........
  - 01019f0: 0001 0305 0506 0602 0706 0807 0911 0a1c  ................
  - 0101a00: 0b19 0c19 0d10 0e0c 0f04 1003 1212 1309  ................
  - 0101a10: 1601 1704 1801 1903 1a09 1b01 1c02 1f16  ................
  - 0101a20: 2003 2b02 2d0b 2e01 3004 3102 3201 a902   .+.-...0.1.2...
  - 0101a30: aa04 ab08 fa02 fb05 fe03 ff09 ad78 798b  .............xy.
  - 0101a40: 8da2 3057 588b 8c90 1cdd 0e0f 4b4c fbfc  ..0WX.......KL..
  - 0101a50: 2e2f 3f5c 5d5f e284 8d8e 9192 a9b1 babb  ./?\]_..........
  - 0101a60: c5c6 c9ca dee4 e5ff 0004 1112 2931 3437  ............)147
  - 0101a70: 3a3b 3d49 4a5d 848e 92a9 b1b4 babb c6ca  :;=IJ]..........
  - 0101a80: cecf e4e5 0004 0d0e 1112 2931 343a 3b45  ..........)14:;E
  - 0101a90: 4649 4a5e 6465 8491 9b9d c9ce cf0d 1129  FIJ^de.........)
  - 0101aa0: 3a3b 4549 575b 5e5f 6465 8d91 a9b4 babb  :;EIW[^_de......
  - 0101ab0: c5c9 dfe4 e5f0 0d11 4549 6465 8084 b2bc  ........EIde....
  - 0101ac0: bebf d5d7 f0f1 8385 8ba4 a6be bfc5 c7cf  ................
  - 0101ad0: dadb 4898 bdcd c6ce cf49 4e4f 5759 5e5f  ..H......INOWY^_
  - 0101ae0: 898e 8fb1 b6b7 bfc1 c6c7 d711 1617 5b5c  ..............[\
  - 0101af0: f6f7 feff 806d 71de df0e 1f6e 6f1c 1d5f  .....mq....no.._
  - 0101b00: 7d7e aeaf dedf 4dbb bc16 171e 1f46 474e  }~....M......FGN
  - 0101b10: 4f58 5a5c 5e7e 7fb5 c5d4 d5dc f0f1 f572  OXZ\^~.........r
  - 0101b20: 738f 7475 262e 2fa7 afb7 bfc7 cfd7 df9a  s.tu&./.........
  - 0101b30: 0040 9798 308f 1fce ff4e 4f5a 5b07 080f  .@..0....NOZ[...
  - 0101b40: 1027 2fee ef6e 6f37 3d3f 4245 5367 75c8  .'/..no7=?BESgu.
  - 0101b50: c9d0 d1d8 d9e7 feff 0020 5f22 82df 0482  ......... _"....
  - 0101b60: 4408 1b04 0611 81ac 0e80 ab05 2007 811c  D........... ...
  - 0101b70: 0319 0801 042f 0434 0407 0301 0706 0711  ...../.4........
  - 0101b80: 0a50 0f12 0755 0703 041c 0a09 0308 0307  .P...U..........
  - 0101b90: 0302 0303 030c 0405 030b 0601 0e15 054e  ...............N
  - 0101ba0: 071b 0757 0702 0518 0c50 0443 032d 0301  ...W.....P.C.-..
  - 0101bb0: 0411 060f 0c3a 041d 255f 206d 046a 2580  .....:..%_ m.j%.
  - 0101bc0: c805 82b0 031a 0682 fd03 5907 1609 1809  ..........Y.....
  - 0101bd0: 140c 140c 6a06 0a06 1a06 5907 2b05 460a  ....j.....Y.+.F.
  - 0101be0: 2c04 0c04 0103 310b 2c04 1a06 0b03 80ac  ,.....1.,.......
  - 0101bf0: 060a 064c 1480 f408 3c03 0f03 3e05 3808  ...L....<...>.8.
  - 0101c00: 2b05 82ff 1118 082f 112d 0322 0e21 0f80  +....../.-.".!..
  - 0101c10: 8c04 829a 160b 1588 9405 2f05 3b07 020e  ........../.;...
  - 0101c20: 1809 80be 2274 0c80 d61a 8110 0580 e109  ...."t..........
  - 0101c30: f29e 0337 0981 5c14 80b8 0880 dd14 3c03  ...7..\.......<.
  - 0101c40: 0a06 3808 4608 0c06 740b 1e03 5a04 5909  ..8.F...t...Z.Y.
  - 0101c50: 8083 181c 0a16 094c 0480 8a06 aba4 0c17  .......L........
  - 0101c60: 0431 a104 81da 2607 0c05 0582 b320 2a06  .1....&...... *.
  - 0101c70: 4c04 808d 0480 be03 1b03 0f0d 5409 1000  L...........T...
  - 0101c80: 5500 0000 0a00 0000 2b00 0000 5409 1000  U.......+...T...
  - 0101c90: 5500 0000 1a00 0000 3600 0000 6174 7465  U.......6...atte
  - 0101ca0: 6d70 7420 746f 2064 6976 6964 6520 6279  mpt to divide by
  - 0101cb0: 207a 6572 6f61 7373 6572 7469 6f6e 2066   zeroassertion f
  - 0101cc0: 6169 6c65 643a 2021 6275 662e 6973 5f65  ailed: !buf.is_e
  - 0101cd0: 6d70 7479 2829 0000 360c 1000 5700 0000  mpty()..6...W...
  - 0101ce0: b700 0000 0500 0000 6173 7365 7274 696f  ........assertio
  - 0101cf0: 6e20 6661 696c 6564 3a20 6275 665b 305d  n failed: buf[0]
  - 0101d00: 203e 2062 2730 2700 360c 1000 5700 0000   > b'0'.6...W...
  - 0101d10: b800 0000 0500 0000 0003 0000 8304 2000  .............. .
  - 0101d20: 9105 6000 5d13 a000 1217 201f 0c20 601f  ..`.]..... .. `.
  - 0101d30: ef2c 602b 2a30 e02b 6fa6 a02c 02a8 202d  .,`+*0.+o..,.. -
  - 0101d40: 1efb 202e 00fe 6036 9eff a036 fd01 2137  .. ...`6...6..!7
  - 0101d50: 010a 6137 240d 2138 ab0e a139 2f18 213a  ..a7$.!8...9/.!:
  - 0101d60: f31e 214b 4034 a153 1e61 e154 f06a 6155  ..!K@4.S.a.T.jaU
  - 0101d70: 4f6f e155 9dbc 6156 00cf 6157 65d1 a157  Oo.U..aV..aWe..W
  - 0101d80: 00da 2158 00e0 a159 aee2 215b ece4 e15c  ..!X...Y..![...\
  - 0101d90: d0e8 615d 2000 ee5e f001 7f5f 5e05 1000  ..a] ..^..._^...
  - 0101da0: 5f00 0000 f600 0000 1500 0000 5e05 1000  _...........^...
  - 0101db0: 5f00 0000 0101 0000 1800 0000 0000 0008  _...............
  - 0101dc0: 0108 0308 0610 0910 0d10 1218 1718 1d18  ................
  - 0101dd0: 2420 2b20 3320 3c20 4628 5028 5b28 6730  $ + 3 < F(P([(g0
  - 0101de0: 7330 8030 8e38 9c38 ab38 bb38 cc40 dd40  s0.0.8.8.8.8.@.@
  - 0101df0: ef40 0249 1549 2949 3e51 5351 6951 8051  .@.I.I)I>QSQiQ.Q
  - 0101e00: 9859 b059 c959 e361 fd61 1862 346a 506a  .Y.Y.Y.a.a.b4jPj
  - 0101e10: 6d6a 8b6a aa72 c972 e972 0a7b 2b7b 4d7b  mj.j.r.r.r.{+{M{
  - 0101e20: 7083 9383 b783 dc83 028c 288c 4f8c 7794  p.........(.O.w.
  - 0101e30: 9f94 c894 f29c 1c05 1c05 1c05 1c05 0502  ................
  - 0101e40: 0501 0205 0602 0503 0102 0501 0506 0205  ................
  - 0101e50: 0708 0102 0503 0900 0602 0501 0905 0301  ................
  - 0101e60: 0205 0907 0605 0602 0504 0808 0208 0102  ................
  - 0101e70: 0502 0404 0104 0006 0205 0102 0200 0700  ................
  - 0101e80: 0301 0205 0601 0003 0501 0506 0205 0300  ................
  - 0101e90: 0501 0705 0708 0102 0501 0502 0508 0708  ................
  - 0101ea0: 0900 0602 0507 0602 0903 0904 0503 0102  ................
  - 0101eb0: 0503 0801 0406 0907 0206 0506 0205 0109  ................
  - 0101ec0: 0007 0304 0806 0302 0801 0205 0905 0306  ................
  - 0101ed0: 0704 0301 0604 0006 0205 0407 0608 0307  ................
  - 0101ee0: 0105 0802 0003 0102 0502 0308 0401 0805  ................
  - 0101ef0: 0709 0100 0105 0602 0501 0109 0200 0902  ................
  - 0101f00: 0809 0505 0007 0801 0205 0509 0600 0406  ................
  - 0101f10: 0404 0707 0503 0900 0602 0502 0908 0002  ................
  - 0101f20: 0302 0203 0807 0609 0503 0102 0501 0409  ................
  - 0101f30: 0001 0106 0101 0903 0804 0706 0506 0205  ................
  - 0101f40: 0704 0500 0508 0005 0906 0902 0308 0208  ................
  - 0101f50: 0102 0503 0702 0502 0900 0209 0804 0601  ................
  - 0101f60: 0901 0400 0602 0501 0806 0206 0405 0104  ................
  - 0101f70: 0902 0300 0905 0700 0301 0205 0903 0103  ................
  - 0101f80: 0202 0507 0406 0105 0407 0805 0105 0602  ................
  - 0101f90: 0504 0605 0606 0102 0807 0300 0707 0309  ................
  - 0101fa0: 0205 0708 0102 0502 0302 0803 0006 0403  ................
  - 0101fb0: 0605 0308 0609 0602 0809 0006 0205 0101  ................
  - 0101fc0: 0604 0105 0302 0108 0206 0903 0408 0104  ................
  - 0101fd0: 0405 0301 0205 0508 0200 0706 0600 0901  ................
  - 0101fe0: 0304 0607 0400 0702 0206 0506 0205 0209  ................
  - 0101ff0: 0100 0308 0300 0405 0607 0303 0700 0306  ................
  - 0102000: 0103 0208 0102 0501 0405 0501 0901 0502  ................
  - 0102010: 0208 0306 0608 0501 0800 0606 0400 0602  ................
  - 0102020: 0507 0207 0509 0507 0601 0401 0803 0402  ................
  - 0102030: 0509 0003 0302 0003 0102 0503 0603 0709  ................
  - 0102040: 0708 0800 0700 0901 0701 0209 0501 0606  ................
  - 0102050: 0001 0506 0205 0108 0108 0908 0904 0003  ................
  - 0102060: 0504 0508 0506 0407 0508 0300 0007 0801  ................
  - 0102070: 0205 0900 0904 0904 0700 0107 0702 0902  ................
  - 0102080: 0802 0307 0901 0500 0309 0006 0205 0405  ................
  - 0102090: 0407 0407 0305 0008 0806 0406 0401 0108  ................
  - 01020a0: 0905 0705 0109 0503 0102 0502 0207 0307  ................
  - 01020b0: 0306 0705 0404 0302 0302 0005 0904 0708  ................
  - 01020c0: 0705 0907 0605 0602 0501 0103 0608 0608  ................
  - 01020d0: 0307 0702 0106 0106 0002 0907 0309 0307  ................
  - 01020e0: 0908 0802 0801 0205 0506 0804 0304 0108  ................
  - 01020f0: 0806 0008 0008 0001 0408 0609 0608 0909  ................
  - 0102100: 0401 0400 0602 0502 0804 0201 0700 0904  ................
  - 0102110: 0300 0400 0400 0007 0403 0408 0404 0907  ................
  - 0102120: 0007 0003 0102 0501 0402 0100 0805 0407  ................
  - 0102130: 0105 0200 0200 0003 0701 0704 0202 0408  ................
  - 0102140: 0503 0501 0506 0205 0701 0005 0402 0703  ................
  - 0102150: 0507 0600 0100 0001 0805 0807 0101 0204  ................
  - 0102160: 0206 0705 0708 0102 0503 0505 0207 0103  ................
  - 0102170: 0607 0808 0000 0500 0009 0209 0305 0506  ................
  - 0102180: 0201 0303 0708 0900 0602 0501 0707 0603  ................
  - 0102190: 0506 0803 0904 0000 0205 0004 0604 0607  ................
  - 01021a0: 0708 0100 0606 0809 0405 0301 0205 0808  ................
  - 01021b0: 0801 0708 0401 0907 0000 0102 0502 0302  ................
  - 01021c0: 0303 0809 0005 0303 0404 0702 0605 0602  ................
  - 01021d0: 0504 0404 0008 0902 0009 0805 0000 0602  ................
  - 01021e0: 0601 0601 0609 0405 0206 0607 0203 0603  ................
  - 01021f0: 0208 0102 0502 0202 0004 0406 0004 0902  ................
  - 0102200: 0500 0301 0300 0800 0804 0702 0603 0303  ................
  - 0102210: 0601 0801 0604 0006 0205 0101 0100 0202  ................
  - 0102220: 0300 0204 0602 0501 0506 0504 0004 0203  ................
  - 0102230: 0603 0106 0608 0009 0008 0200 0301 0205  ................
  - 0102240: 0505 0501 0101 0501 0203 0102 0507 0802  ................
  - 0102250: 0700 0201 0108 0105 0803 0400 0405 0401  ................
  - 0102260: 0001 0506 0205 0207 0705 0505 0705 0601  ................
  - 0102270: 0506 0208 0901 0305 0100 0509 0007 0901  ................
  - 0102280: 0700 0202 0700 0500 0708 0102 0501 0308  ................
  - 0102290: 0707 0708 0708 0007 0801 0404 0506 0705  ................
  - 01022a0: 0502 0905 0309 0508 0501 0103 0502 0503  ................
  - 01022b0: 0900 0602 0506 0903 0808 0903 0900 0309  ................
  - 01022c0: 0007 0202 0803 0707 0604 0706 0907 0902  ................
  - 01022d0: 0505 0607 0602 0609 0503 0102 0503 0406  ................
  - 01022e0: 0904 0406 0905 0109 0503 0601 0401 0808  ................
  - 01022f0: 0802 0308 0408 0906 0207 0803 0801 0304  ................
  - 0102300: 0706 0506 0205 0107 0304 0702 0304 0705  ................
  - 0102310: 0907 0608 0007 0009 0404 0101 0902 0404  ................
  - 0102320: 0801 0309 0109 0006 0703 0802 0801 0205  ................
  - 0102330: 0806 0703 0601 0703 0709 0808 0400 0305  ................
  - 0102340: 0407 0200 0509 0602 0204 0006 0905 0905  ................
  - 0102350: 0303 0609 0104 0006 0205 0000 5e05 1000  ............^...
  - 0102360: 5f00 0000 7301 0000 1300 0000 7308 1000  _...s.......s...
  - 0102370: 5900 0000 ae00 0000 1300 0000 0000 0000  Y...............
  - 0102380: 5ad6 3b92 d653 f4ee 3f3b a106 29aa 3f11  Z.;..S..?;..).?.
  - 0102390: f865 651b 66b4 5895 07c5 24a4 59ca c74a  .ee.f.X...$.Y..J
  - 01023a0: 76bf 3ea2 7fe1 aeba 49f6 2d0d f0bc 795d  v.>.....I.-...y]
  - 01023b0: 536f ce8a df99 5ae9 dc73 7910 2c2c d8f4  So....Z..sy.,,..
  - 01023c0: 9405 c1b6 2ba0 d891 69e8 4b8a 9b1b 0779  ....+...i.K....y
  - 01023d0: f946 71a4 36c8 4eb6 84e2 de6c 82e2 4897  .Fq.6.N....l..H.
  - 01023e0: b798 8d4d 447a e2e3 259b 1608 231b 1bfd  ...MDz..%...#...
  - 01023f0: 727f 78b0 6a8c 6d8e f720 0ee5 f5f0 30fe  r.x.j.m.. ....0.
  - 0102400: 4f9f 965c 85ef 08b2 35a9 515e 332d bdbd  O..\....5.Q^3-..
  - 0102410: 2347 bcb3 662b 8bde 8213 e635 8078 2cad  #G..f+.....5.x,.
  - 0102420: 76ac 5530 20fb 168b 31cc af21 50cb 3b4c  v.U0 ...1..!P.;L
  - 0102430: 9317 6b3c e8b9 dcad 3dbf 1b2a 24be 4adf  ..k<....=..*$.J.
  - 0102440: 78dd 854b 62e8 53d9 0daf a234 ad6d 1dd7  x..Kb.S....4.m..
  - 0102450: 6baa 336f 3d71 d487 68ad e540 8c64 7286  k.3o=q..h..@.dr.
  - 0102460: 0695 00cb 8c8d c9a9 c218 1f51 affd 0e68  ...........Q...h
  - 0102470: 48ba c0fd eff0 3bd4 f2de 6625 1bbd 1202  H.....;...f%....
  - 0102480: 6d74 98fe 9576 a584 574b 60f7 30b6 4b01  mt...v..WK`.0.K.
  - 0102490: 8891 3e7e 3bd4 cea5 2d5e 3835 bda3 9e41  ..>~;...-^85...A
  - 01024a0: ea35 ce5d 4a89 42cf b975 8682 ac4c 0652  .5.]J.B..u...L.R
  - 01024b0: b2e1 a07a ce95 8981 9309 94d1 ebef 4373  ...z..........Cs
  - 01024c0: 1f1a 4919 42fb eba1 f80b f9c5 e6eb 1410  ..I.B...........
  - 01024d0: a660 9b9f 12fa 66ca f64e 7777 e026 1ad4  .`....f..Nww.&..
  - 01024e0: d038 8247 97b8 00fd b422 5595 98b0 2089  .8.G....."U... .
  - 01024f0: 8263 b18c 5e73 209e b035 555d 5f6e b455  .c..^s ..5U]_n.U
  - 0102500: 62bc dd2f 3690 a8c5 1d83 aa34 f789 21eb  b../6......4..!.
  - 0102510: 7b2b d5bb 43b4 12f7 e423 d501 75ec e9a5  {+..C....#..u...
  - 0102520: 2d3b 6555 aab0 6b9a 6e36 2521 c933 b247  -;eU..k.n6%!.3.G
  - 0102530: f889 beea d49c 06c1 0a84 6e69 bbc0 9e99  ..........ni....
  - 0102540: 762c 6e25 0a44 48f1 0d25 ca43 ea70 06c0  v,n%.DH..%.C.p..
  - 0102550: cadb 6457 862a cd96 2857 5e6a 9206 0438  ..dW.*..(W^j...8
  - 0102560: bc12 3eed 2775 80bc f2ec f504 3708 05c6  ..>.'u......7...
  - 0102570: 6b97 8de8 7192 a0eb 2e68 33c6 444a 86f7  k...q....h3.DJ..
  - 0102580: a37e 5831 875b 4493 1d21 e0fb 6aee b37a  .~X1.[D..!..j..z
  - 0102590: 4c9e aefd 6872 15b8 6429 d8ba 05ea 6059  L...hr..d)....`Y
  - 01025a0: df45 1a3d 03cf 1ae6 bd33 8e29 8724 b96f  .E.=.....3.).$.o
  - 01025b0: ab6b 3006 62c1 d08f 56e0 f879 d4b6 d3a5  .k0.b...V..y....
  - 01025c0: 9686 bc87 baf1 c4b3 6c18 7798 89a4 488f  ........l.w...H.
  - 01025d0: 3ca8 ab29 292e b6e0 87de 94fe abcd 1a33  <..))..........3
  - 01025e0: 2549 0bba d9dc 718c 140b 1d7f 8bc0 f09f  %I....q.........
  - 01025f0: 6f1b 8e28 1054 8eaf d94d e45e aef0 ec07  o..(.T...M.^....
  - 0102600: 4aa2 b132 14e9 71db 5061 9df6 d92c e8c9  J..2..q.Pa...,..
  - 0102610: 6e05 af9f ac31 2789 d25c 223a 081c 31be  n....1'..\":..1.
  - 0102620: cac6 9ac7 17fe 70ab 06f4 aa48 0a63 bd6d  ......p....H.c.m
  - 0102630: 7d78 81b9 9d3d 4dd6 08b1 d5da ccbb 2c09  }x...=M.......,.
  - 0102640: 4eeb f093 8246 f085 a58e c508 60f5 bb25  N....F......`..%
  - 0102650: 2126 ed38 2358 6ca7 4ef2 f60a b8f2 2aaf  !&.8#Xl.N.....*.
  - 0102660: aa6f 2807 2c6e 47d1 e1ae b40d 66af f51a  .o(.,nG.....f...
  - 0102670: ca45 7984 dba4 cc82 4ded 90c8 9f8d d950  .Ey.....M......P
  - 0102680: 3c97 9765 12ce 7fa3 a028 b5ba 07f1 0fe5  <..e.....(......
  - 0102690: 0c7d fdfe 96c1 5fcc c872 62a9 49ed 531e  .}...._..rb.I.S.
  - 01026a0: 4fdc bcbe fcb1 77ff 7a0f bb13 9ce8 e825  O.....w.z......%
  - 01026b0: b109 36f7 3dcf aa9f ace9 548c 6191 b177  ..6.=.....T.a..w
  - 01026c0: 1d8c 0375 0d83 95c7 1724 6aef b9f5 9dd5  ...u.....$j.....
  - 01026d0: 256f 44d2 d0e3 7af9 1dad 446b 2873 054b  %oD...z...Dk(s.K
  - 01026e0: 77c5 6a83 62ce ec9b 32ec 0a43 f967 e34e  w.j.b...2..C.g.N
  - 01026f0: d576 4524 fb01 e8c2 3fa7 cd93 f741 9c22  .vE$....?....A."
  - 0102700: 8ad4 56ed 7902 a2f3 0f11 c178 7552 436b  ..V.y......xuRCk
  - 0102710: d644 5634 8c41 4598 a9aa 786b 8913 0a83  .DV4.AE...xk....
  - 0102720: 0cd6 6b41 ef91 56be 53d5 56c6 6b98 cc23  ..kA..V.S.V.k..#
  - 0102730: 8fcb c611 6b36 eced a88a ecb7 86be bf2c  ....k6.........,
  - 0102740: 393f 1ceb 02a2 b394 a9d6 f332 14d7 f77b  9?.........2...{
  - 0102750: 074f e3a5 838a e0b9 53cc b03f d9cc f5da  .O......S..?....
  - 0102760: c922 5c8f 24ad 58e8 68ff 9c8f 0f40 b3d1  ."\.$.X.h....@..
  - 0102770: be95 99d9 366c 3791 a11f c2b9 0908 1023  ....6l7........#
  - 0102780: 2dfb ff8f 4447 85b5 8aa7 3228 0c0a d4ab  -...DG....2(....
  - 0102790: f9f9 ffb3 1599 e6e2 6c51 3f32 8f0c c916  ........lQ?2....
  - 01027a0: 3bfc 7f90 ad1f d08d e392 677f d9a7 3dae  ;.........g...=.
  - 01027b0: 4afb 9ff4 9827 44b1 9c77 41df cf11 cd99  J....'D..wA.....
  - 01027c0: 1dfa c731 7f31 95dd 83d5 11d7 4356 4040  ...1.1......CV@@
  - 01027d0: 52fc 1c7f ef3e 7d8a 7225 6b66 ea35 2848  R....>}.r%kf.5(H
  - 01027e0: 663b e45e ab8e 1cad cfee 0500 6543 32da  f;.^........eC2.
  - 01027f0: 404a 9d36 56b2 63d8 826a 0740 3ed4 be90  @J.6V.c..j.@>...
  - 0102800: 684e 22e2 754f 3e87 91a2 04e8 a644 775a  hN".uO>......DwZ
  - 0102810: 02e2 aa5a 53e3 0da9 36cb 05a2 d015 1571  ...ZS...6......q
  - 0102820: 839a 5531 285c 51d3 033e 87ca 445b 5a0d  ..U1(\Q..>..D[Z.
  - 0102830: 9180 d51e 99d9 1284 c286 94fe 0a79 58e8  .............yX.
  - 0102840: b6e0 8a66 ff8f 17a5 72a8 39be 4d97 6e62  ...f....r.9.M.nb
  - 0102850: e398 2d40 ff73 5dce 8f12 c82d 213d 0afb  ..-@.s]....-!=..
  - 0102860: 8e7f 1c88 7f68 fa80 990b 9dbc 3466 e67c  .....h......4f.|
  - 0102870: 729f 236a 9f02 39a1 804e c4eb c1ff 1f1c  r.#j..9..N......
  - 0102880: 4e87 ac44 4743 87c9 2062 b566 b2ff 27a3  N..DGC.. b.f..'.
  - 0102890: 22a9 d715 1914 e9fb a8ba 6200 9fff f14b  ".........b....K
  - 01028a0: b5c9 a6ad 8fac 719d a9b4 3d60 c33f 776f  ......q...=`.?wo
  - 01028b0: 227c 1099 b317 cec4 d321 4d38 b40f 55cb  "|.......!M8..U.
  - 01028c0: 2b9b 547f a09d 01f6 486a 6046 a153 2a7e  +.T.....Hj`F.S*~
  - 01028d0: fbe0 944f 8402 c199 6d42 fccb 4474 da2e  ...O....mB..Dt..
  - 01028e0: 3919 7a63 2543 31c0 0853 fbfe 5511 91fa  9.zc%C1..S..U...
  - 01028f0: 889f 58bc ee93 3df0 ca27 ba7e ab55 3579  ..X...=..'.~.U5y
  - 0102900: b563 b735 757c 2696 de58 342f 8b55 c14b  .c.5u|&..X4/.U.K
  - 0102910: a23c 2583 921b b0bb 166f 01fb edaa b19e  .<%......o......
  - 0102920: cb8b ee23 7722 9cea dcca c179 a915 5e46  ...#w".....y..^F
  - 0102930: 5f17 7576 8a95 a192 c91e 19ec 89cd fa0b  _.uv............
  - 0102940: 365d 1214 edfa 49b7 7b66 1f67 ec80 f9ce  6]....I.{f.g....
  - 0102950: 84f4 1659 a879 1ce5 1a40 e780 27e1 b782  ...Y.y...@..'...
  - 0102960: d258 ae37 09cc 318f 1088 90b0 b8ec b2d1  .X.7..1.........
  - 0102970: 07ef 9985 0b3f feb2 15aa b4dc e6a7 1f86  .....?..........
  - 0102980: c96a 0067 cece bddf 9ad4 e193 e091 a767  .j.g...........g
  - 0102990: bd42 6000 41a1 d68b e024 6d5c 2cbb c8e0  .B`.A....$m\,...
  - 01029a0: 6d53 7840 9149 ccae 186e 8873 f7e9 fa58  mSx@.I...n.s...X
  - 01029b0: 4868 9690 f55b 7fda 9e89 6a50 75a4 39af  Hh...[....jPu.9.
  - 01029c0: 2d01 5e7a 7999 8f88 0396 4252 c906 846d  -.^zy.....BR...m
  - 01029d0: 7881 f5d8 d77f b3aa 833b d3a6 7b08 e5c8  x........;..{...
  - 01029e0: d6e1 32cf cd5f 60d5 640a 8890 9a4a 1efb  ..2.._`.d....J..
  - 01029f0: 26cd 7fa1 e03b 5c85 7f06 559a a0ee f25c  &....;\...U....\
  - 0102a00: 6fc0 dfc9 d84a b3a6 1e48 eac0 48aa 2ff4  o....J...H..H./.
  - 0102a10: 8bb0 57fc 8e1d 60d0 26da 24f1 da94 3bf1  ..W...`.&.$...;.
  - 0102a20: 57ce b65d 7912 3c82 5808 b7d6 083d c576  W..]y.<.X....=.v
  - 0102a30: ed81 24b5 1717 cba2 6eca 640c 4b8c 7654  ..$.....n.d.K.vT
  - 0102a40: 68a2 6da2 dddc 7dcb 09fd 7dcf 5d2f 94a9  h.m...}...}.]/..
  - 0102a50: 020b 090b 1554 5dfe 4c7c 5d43 353b f9d3  .....T].L|]C5;..
  - 0102a60: e1a6 e526 8d54 fa9e af6d 1a4a 01c5 7bc4  ...&.T...m.J..{.
  - 0102a70: 9a10 9f70 b0e9 b8c6 1b09 a19c 41b6 9a35  ...p........A..5
  - 0102a80: c0d4 c68c 1c24 67f8 624b c903 d263 01c3  .....$g.bK...c..
  - 0102a90: f844 fcd7 9176 409b 1dcf 5d42 63de e079  .D...v@...]Bc..y
  - 0102aa0: 3656 fb4d 3694 10c2 e442 f512 fc15 5998  6V.M6....B....Y.
  - 0102ab0: c42b 7ae1 43b9 94f2 9d93 b217 7b5b 6f3e  .+z.C.......{[o>
  - 0102ac0: 5a5b ec6c caf3 9c97 429c cfee 2c99 05a7  Z[.l....B...,...
  - 0102ad0: 3172 2708 bd30 84bd 5383 832a 78ff c650  1r'..0..S..*x..P
  - 0102ae0: bd4e 314a ec3c e5ec 2864 2435 56bf f8a4  .N1J.<..(d$5V...
  - 0102af0: 36d1 5eae 1346 0f94 99be 36e1 9577 1b87  6.^..F....6..w..
  - 0102b00: 8485 f699 9817 13b9 3f6e 8459 7b55 e228  ........?n.Y{U.(
  - 0102b10: e526 74c0 7edd 57e7 cf89 e52f daea 1a33  .&t.~.W..../...3
  - 0102b20: 4f98 4838 6fea 9690 2176 ef5d c8d2 f03f  O.H8o...!v.]...?
  - 0102b30: 63be 5a06 0ba5 bcb4 a953 6b75 7a07 ed0f  c.Z......Skuz...
  - 0102b40: fb6d f1c7 4dce ebe1 9428 c612 5949 e8d3  .m..M....(..YI..
  - 0102b50: bde4 f69c f060 338d 5cd9 bbab d72d 7164  .....`3.\....-qd
  - 0102b60: ec9d 34c4 2c39 80b0 b3cf aa96 4d79 8dbd  ..4.,9......My..
  - 0102b70: 67c5 41f5 7747 a0dc a083 55fc a0d7 f0ec  g.A.wG....U.....
  - 0102b80: 601b 49f9 aa2c e489 4472 b59d c486 16f4  `.I..,..Dr......
  - 0102b90: 3962 9bb7 d537 5dac d5ce 22c5 7528 1c31  9b...7]...".u(.1
  - 0102ba0: c73a 8225 cb85 74d7 8b82 6b36 9332 637d  .:.%..t...k6.2c}
  - 0102bb0: bc64 71f7 9ed3 a886 9731 0302 9cff 5dae  .dq......1....].
  - 0102bc0: ebbd 4db5 8608 53a8 fcfd 8302 837f f5d9  ..M...S.........
  - 0102bd0: 662d a162 a8ca 67d2 7bfd 24c3 63df 72d0  f-.b..g.{.$.c.r.
  - 0102be0: 60bc a43d a9de 8083 6d1e f759 9ecb 4742  `..=....m..Y..GB
  - 0102bf0: 78eb 0d8d 5316 61a4 08e6 74f0 85be d952  x...S.a...t....R
  - 0102c00: 5666 5170 e85b 79cd 8b1f 926c 272e 9067  VfQp.[y....l'..g
  - 0102c10: f6df 3246 71d9 6b80 b653 dba3 d81c ba00  ..2Fq.k..S......
  - 0102c20: f397 bf97 cdcf 86a0 a428 d2cc 0ea4 e880  .........(......
  - 0102c30: f07d affd c083 a8c8 cdb2 0680 12cd 2261  .}............"a
  - 0102c40: 6c5d 1b3d b1a4 d2fa 815f 0820 5780 6b79  l].=....._. W.ky
  - 0102c50: 631a 31c6 eea6 c39c b03b 0574 3630 e3cb  c.1......;.t60..
  - 0102c60: fc60 bd77 aa90 f4c3 9c8a 0611 44fc dbbe  .`.w........D...
  - 0102c70: 3bb9 ac15 d5b4 f1f4 442d 4815 55fb 92ee  ;.......D-H.U...
  - 0102c80: c5f3 8b2d 0511 1799 4a1c 4d2d 15dd 1b75  ...-....J.M-...u
  - 0102c90: b6f0 ee78 46d5 5cbf 5d63 a078 5ad4 62d2  ...xF.\.]c.xZ.b.
  - 0102ca0: e4ac 2a17 980a 34ef 347c c816 7189 fb86  ..*...4.4|..q...
  - 0102cb0: 0eac 7a0e 9f86 8095 a04d 3dae e635 5dd4  ..z......M=..5].
  - 0102cc0: 1257 19d2 46a8 e0ba 09a1 cc59 6083 7489  .W..F......Y`.t.
  - 0102cd0: d7ac 9f86 58d2 98e9 4bc9 3f70 38a4 d12b  ....X...K.?p8..+
  - 0102ce0: 06cc 2354 7783 ff91 cfdd 2746 a306 637b  ..#Tw.....'F..c{
  - 0102cf0: 08bf 2c29 5564 7fb6 42d5 b117 4cc8 3b1a  ..,)Ud..B...L.;.
  - 0102d00: caee 7773 6a3d 1fe4 934a 9e1d 5fba ca20  ..wsj=...J.._.. 
  - 0102d10: 3ef5 2a88 6286 938e 9cee 8272 7bb4 7e54  >.*.b......r{.~T
  - 0102d20: 8db2 352a fb67 38b2 43aa 234f 9a61 9ee9  ..5*.g8.C.#O.a..
  - 0102d30: 311f c3f4 f981 c6de d494 ece2 00fa 0564  1..............d
  - 0102d40: 7ef3 f938 3c11 3c8b 04dd d38d 40bc 83de  ~..8<.<.....@...
  - 0102d50: 5e70 3847 8b15 0bae 45d4 48b1 50ab 2496  ^p8G....E.H.P.$.
  - 0102d60: 768c 0619 eeda 8dd9 5709 9bdd 24d6 ad3b  v.......W...$..;
  - 0102d70: c917 a4cf d4a8 f887 d6e5 800a d7a5 4ce5  ..............L.
  - 0102d80: bc1d 8d03 0ad3 f6a9 4c1f 21cd 4ccf 9f5e  ........L.!.L..^
  - 0102d90: 2b65 7084 cc87 74d4 1f67 6900 20c3 4776  +ep...t..gi. .Gv
  - 0102da0: 3b3f c6d2 dfd4 c884 73e0 4100 f4d9 ec29  ;?......s.A....)
  - 0102db0: 09cf 77c7 170a fba5 9058 5200 7110 68f4  ..w......XR.q.h.
  - 0102dc0: ccc2 55b9 9dcc 79cf b4ee 6640 8d14 8271  ..U...y...f@...q
  - 0102dd0: bf99 d593 e21f ac81 3055 4048 d84c f1c6  ........0U@H.L..
  - 0102de0: 2f00 cb38 db27 17a2 7c6a 505a 0ea0 adb8  /..8.'..|jPZ....
  - 0102df0: 3bc0 fd06 d2f1 9cca 1c85 e4f0 1108 d9a6  ;...............
  - 0102e00: 4a30 bd88 462e 44fd 63a6 1d6d 164a 8f90  J0..F.D.c..m.J..
  - 0102e10: 2e3e 7615 ec9c 4a9e fe87 3204 4e8e 599a  .>v...J...2.N.Y.
  - 0102e20: bacd d31a 2744 ddc5 fd29 3f85 e1f1 ef40  ....'D...)?....@
  - 0102e30: 28c1 88e1 3095 54f7 7cf4 8ee6 59ee 2bd1  (...0.T.|...Y.+.
  - 0102e40: b978 f58c 3edd 949a ce58 1930 f874 bb82  .x..>....X.0.t..
  - 0102e50: e7d6 3230 8e14 3ac1 01af 1f3c 3652 6ae3  ..20..:....<6Rj.
  - 0102e60: a18c 3fbc b199 88f1 c19a 27cb c3e6 44dc  ..?.......'...D.
  - 0102e70: e5b7 a715 0f60 f596 b9c0 f85e 3a10 ab29  .....`.....^:..)
  - 0102e80: dea5 11db 12b8 b2bc e7f0 b6f6 48d4 1574  ............H..t
  - 0102e90: 560f d691 1766 dfeb 21ad 6434 5b49 1b11  V....f..!.d4[I..
  - 0102ea0: 95c9 25bb ce9f 6b93 34ec be00 d90d b1ca  ..%...k.4.......
  - 0102eb0: fb3b ef69 c287 46b8 42a7 ee40 4f51 5d3d  .;.i..F.B..@OQ]=
  - 0102ec0: fa0a 6b04 b329 58e6 1251 2a11 a3a5 b40c  ..k..)X..Q*.....
  - 0102ed0: dce6 c2e2 0f1a f78f ab72 baea 85e7 f047  .........r.....G
  - 0102ee0: 93a0 73db 93e0 f4b3 560f 6965 6721 ed59  ..s.....V.ieg!.Y
  - 0102ef0: b888 50d2 b818 f2e0 2c53 c33e c169 6830  ..P.....,S.>.ih0
  - 0102f00: 7355 7283 734f 978c fb13 3ac7 1842 411e  sUr.sO....:..BA.
  - 0102f10: cfea 4e64 5023 bdaf fa98 08f9 9e92 d1e5  ..NdP#..........
  - 0102f20: 83a5 627d 246c acdb 39bf 4ab7 46f7 45df  ..b}$l..9.J.F.E.
  - 0102f30: 72a7 5dce 96c3 4b89 83b7 8e32 8cba 8b6b  r.]...K....2...k
  - 0102f40: 4f11 f581 7cb4 9eab 6465 323f 2fa9 6e06  O...|...de2?/.n.
  - 0102f50: a255 72a2 9b61 86d6 bdfe fe0e 7b53 0ac8  .Ur..a......{S..
  - 0102f60: 8575 8745 01fd 1386 365f 5fe9 2c74 06bd  .u.E....6__.,t..
  - 0102f70: e752 e996 41fc 98a7 0437 b723 3811 482c  .R..A....7.#8.H,
  - 0102f80: a0a7 a3fc 513b 7fd1 c504 a52c 8615 5af7  ....Q;.....,..Z.
  - 0102f90: c448 e63d 1385 ef82 fb22 e7db 734d 989a  .H.=....."..sM..
  - 0102fa0: f5da 5f0d 5866 aba3 baeb e0d2 d060 3ec1  .._.Xf.......`>.
  - 0102fb0: b3d1 b710 ee3f 96cc a826 9907 05f9 8d31  .....?...&.....1
  - 0102fc0: 1fc6 e594 e9cf bbff 5270 7f49 4677 f1fd  ........Rp.IFw..
  - 0102fd0: d39b 0ffd f161 d59f 33a6 efed 8bea b6fe  .....a..3.......
  - 0102fe0: c882 537c 6eba cac7 c08f 6be9 2ea5 64fe  ..S|n.....k...d.
  - 0102ff0: 7b63 681b 0a69 bdf9 b073 c6a3 7ace fd3d  {ch..i...s..z..=
  - 0103000: 2d3e 2151 a661 169c 4e08 5ca6 0ca1 be06  ->!Q.a..N.\.....
  - 0103010: b88d 69e5 0ffa 1bc3 620a f3cf 4f49 6e48  ..i.....b...OInH
  - 0103020: 26f1 c3de 93f8 e2f3 facc efc3 a3db 895a  &..............Z
  - 0103030: b776 3a6b 5cdb 6d98 1ce0 755a 4629 96f8  .v:k\.m...uZF)..
  - 0103040: 6514 0986 3352 89be 2358 13f1 97b3 bbf6  e...3R..#X......
  - 0103050: 7f59 8b67 c0a6 2bee 2c2e 58ed 7da0 6a74  .Y.g..+.,.X.}.jt
  - 0103060: ef17 b740 3848 db94 dc1c 57b4 4ea4 c2a8  ...@8H....W.N...
  - 0103070: ebdd e450 461a 12ba 13e4 6c61 624d f392  ...PF.....labM..
  - 0103080: 6615 1ee5 d7a0 96e8 171d c8f9 ba20 b077  f............ .w
  - 0103090: 60cd 32ef 8624 5e91 2e12 1ddc 7414 ce0a  `.2..$^.....t...
  - 01030a0: b880 ffaa a8ad b5b5 ba56 2413 9299 810d  .........V$.....
  - 01030b0: e660 bfd5 1219 23e3 696c ed97 f6ff e110  .`....#.il......
  - 01030c0: 8f9c 97c5 abef f58d c163 f41e fa3f 8dca  .........c...?..
  - 01030d0: b383 fdb6 966b 73b1 b27c b1a6 f88f 30bd  .....ks..|....0.
  - 01030e0: a0e4 bc64 7c46 d0dd dedb 5dd0 f6b3 7cac  ...d|F....]...|.
  - 01030f0: e40e f6be 0d2c a28a 6ba9 3a42 7af0 cd6b  .....,..k.:Bz..k
  - 0103100: 9d92 b32e 11b7 4aad c653 c9d2 986c c186  ......J..S...l..
  - 0103110: 4477 607a d564 9dd8 b7a8 7b07 bfc7 71e8  Dw`z.d....{...q.
  - 0103120: 8b4a 7c6c 055f 6287 7249 ad64 d71c 4711  .J|l._b.rI.d..G.
  - 0103130: 2d5d 9bc7 c6f6 3aa9 cf9b d83d 0de4 98d5  -]....:....=....
  - 0103140: 7934 8279 78b4 89d3 c3c2 4e8d 101d ff4a  y4.yx.....N....J
  - 0103150: cb60 f14b cb10 3684 ba39 5158 2a72 dfce  .`.K..6..9QX*r..
  - 0103160: feb8 ed1e fe94 43a5 2888 65ee b44e 97c2  ......C.(.e..N..
  - 0103170: 3e27 a9a6 3d7a 94ce 32ea fe29 6222 3d73  >'..=z..2..)b"=s
  - 0103180: 87b8 2988 66cc 1c81 5f52 3f5a 7d35 0608  ..).f..._R?Z}5..
  - 0103190: a826 342a 80ff 63a1 f726 cfb0 dcc2 07ca  .&4*..c..&......
  - 01031a0: 5230 c134 60ff bcc9 b5f0 02dd 93b3 89fc  R0.4`...........
  - 01031b0: 677c f141 383f 2cfc e2ac 43d4 7820 acbb  g|.A8?,...C.x ..
  - 01031c0: c0ed 3629 83a7 9b9d 0d4c aa84 4b94 4bd5  ..6).....L..K.K.
  - 01031d0: 31a9 84f3 6391 02c5 11df d465 5e79 9e0a  1...c......e^y..
  - 01031e0: 7dd3 65f0 bc35 43f6 d516 4aff b517 464d  }.e..5C...J...FM
  - 01031f0: 2ea4 3f16 9601 ea99 454e 8ebf d1ce 4b50  ..?.....EN....KP
  - 0103200: 398d cf9b fb81 64c0 d6e1 712f 86c2 5ee4  9.....d...q/..^.
  - 0103210: 8870 c382 7aa2 7df0 4c5a 4ebb 2773 765d  .p..z.}.LZN.'sv]
  - 0103220: 5526 ba91 8c85 4e96 6ff8 10d5 f807 6a3a  U&....N.o.....j:
  - 0103230: eaaf 28b6 ef26 e2bb 8b36 550a f789 0489  ..(..&...6U.....
  - 0103240: e5db b2a3 abb0 daea 2e84 eacc 74ac 452b  ............t.E+
  - 0103250: 6fc9 4f46 6bae c892 9d92 1200 c98b 0b3b  o.OFk..........;
  - 0103260: cbbb e317 06da 7ab7 4437 1740 bb6e ce09  ......z.D7.@.n..
  - 0103270: bdaa dc9d 8790 59e5 1505 1d10 6a0a 42cc  ......Y.....j.B.
  - 0103280: b6ea a9c2 54fa 578f 2d23 124a 8246 a99f  ....T.W.-#.J.F..
  - 0103290: 6465 54f3 e9f8 2db3 f9ab 96dc 2298 9347  deT...-....."..G
  - 01032a0: bd7e 2970 2477 f9df f756 bc93 2b7e 7859  .~)p$w...V..+~xY
  - 01032b0: 36ef 19c6 76ea fb8b 5ab6 553c db4e eb57  6...v...Z.U<.N.W
  - 01032c0: 036b a077 14e5 faae f123 6b0b 9222 e6ed  .k.w.....#k.."..
  - 01032d0: c485 8895 599e b9da edec 458e 36ab 5fe9  ....Y.....E.6._.
  - 01032e0: 9b53 75fd f702 b488 14b4 eb18 02cb db11  .Su.............
  - 01032f0: 81a8 d2fc b503 e1aa 19a1 269f c2bd 52d6  ..........&...R.
  - 0103300: a252 077c a344 99d5 5f49 f046 336d e74b  .R.|.D.._I.F3m.K
  - 0103310: a593 842d e6ca 7f85 db2d 560c 40a4 706f  ...-.....-V.@.po
  - 0103320: 8eb8 e5b8 9fbd dfa6 52b9 6b0f 50cd 4ccb  ........R.k.P.L.
  - 0103330: b226 1fa7 07ad 97d0 a7a7 4613 a400 207e  .&........F... ~
  - 0103340: 2f78 73c8 24cc 5e82 c828 0c8c 6600 d48e  /xs.$.^..(..f...
  - 0103350: 3b56 90fa 2d7f f6a2 fa32 0f2f 8000 8972  ;V..-....2./...r
  - 0103360: ca6b 3479 f91e b4cb b9ff d23a a040 2b4f  .k4y.......:.@+O
  - 0103370: bc86 81d7 b726 a1fe a8bf 8749 c810 f6e2  .....&.....I....
  - 0103380: 36f4 b0e6 32b8 249f c9d7 f42d 7dca d90d  6...2.$....-}...
  - 0103390: 4331 5da0 3fe6 edc6 bb0d 7279 1c3d 5091  C1].?.....ry.=P.
  - 01033a0: 947d 7488 cf5f a9f8 2a91 ce97 634c a475  .}t.._..*...cL.u
  - 01033b0: 7cce 48b5 e1db 699b ba1a e13e beaf 86c9  |.H...i....>....
  - 01033c0: 1b02 9b22 da52 44c2 6861 99ce ad5b e8fb  ...".RD.ha...[..
  - 01033d0: a2c2 41ab 9067 d5f2 c3b9 3f42 9972 e2fa  ..A..g....?B.r..
  - 01033e0: a519 096b ba60 c597 1ad4 67c9 9f87 cddc  ...k.`....g.....
  - 01033f0: 0f60 cb05 e9b8 b6bd 20c9 c1bb 87e9 0054  .`...... ......T
  - 0103400: 1338 3e47 2367 24ed 683b b2aa e923 0129  .8>G#g$.h;...#.)
  - 0103410: 0be3 860c 76c0 3694 2165 af0a 72b6 a0f9  ....v.6.!e..r...
  - 0103420: ce9b a88f 9370 44b9 693e 5b8d 0ee4 08f8  .....pD.i>[.....
  - 0103430: c2c2 9273 b88c 95e7 040e b230 121d 0bb6  ...s.......0....
  - 0103440: b9b9 3b48 f377 bd90 c248 6f5e 2bf2 c6b1  ..;H.w...Ho^+...
  - 0103450: 28a8 4a1a f0d5 ecb4 f31a 0b36 b6ae 381e  (.J........6..8.
  - 0103460: 3252 dd20 6c0b 28e2 b0e1 8dc3 63da c625  2R. l.(.....c..%
  - 0103470: 5f53 8a94 2307 598d 0ead 385a 7e48 9c57  _S..#.Y...8Z~H.W
  - 0103480: 37e8 ac79 ec48 afb0 51d8 c6f0 9d5a 832d  7..y.H..Q....Z.-
  - 0103490: 4422 1898 271b dbdc 658e f86c 4531 e4f8  D"..'...e..lE1..
  - 01034a0: 6b15 0fbf f8f0 088a ff58 1b64 cb9e 8e1b  k........X.d....
  - 01034b0: c5da d2ee 362d 8bac 3f2f 223d 7e46 72e2  ....6-..?/"=~Fr.
  - 01034c0: 7791 87aa 84f8 add7 0fbb 6acc 1dd8 0e5b  w.........j....[
  - 01034d0: eaba 94ea 52bb cc86 e9b4 c29f 1247 e998  ....R........G..
  - 01034e0: a5e9 39a5 27ea 7fa8 2462 b347 d798 233f  ..9.'...$b.G..#?
  - 01034f0: 0e64 888e b1e4 9fd2 ad3a a019 0d7f ec8e  .d.......:......
  - 0103500: 893e 15f9 eeee a383 ac24 0430 68cf 5319  .>.......$.0h.S.
  - 0103510: 2b8e 5ab7 aaea 8ca4 d72d 053c 42c3 a85f  +.Z......-.<B.._
  - 0103520: b631 3165 5525 b0cd 4d79 06cb 12f4 9237  .11eU%..My.....7
  - 0103530: 11bf 3e5f 5517 8e80 d00b e4be 8bd8 bbe2  ..>_U...........
  - 0103540: d66e 0eb7 2a9d b1a0 c40e 9dae aece 6a5b  .n..*.........j[
  - 0103550: 8b0a d264 7504 dec8 7552 445a 5a82 45f2  ...du...uRDZZ.E.
  - 0103560: 2e8d 06be 9285 15fb 1267 d5f0 f0e2 d6ee  .........g......
  - 0103570: 3d18 c4b6 7b73 ed9c 6b60 8596 d64d 4655  =...{s..k`...MFU
  - 0103580: 4c1e 75a4 5ad0 28c4 86b8 263c 4ce1 97aa  L.u.Z.(...&<L...
  - 0103590: df65 924d 7104 33f5 a866 304b 9fd9 3dd5  .e.Mq.3..f0K..=.
  - 01035a0: ab7f 7bd0 c6e2 3f99 2940 fe8e 03a8 46e5  ..{...?.)@....F.
  - 01035b0: 965f 9a84 78db 8fbf 33d0 bd72 0452 98de  ._..x...3..r.R..
  - 01035c0: 7cf7 c0a5 56d2 73ef 4044 6d8f 8566 3e96  |...V.s.@Dm..f>.
  - 01035d0: ad9a 9827 7663 a895 a84a a479 1300 e7dd  ...'vc...J.y....
  - 01035e0: 59c1 7eb1 537c 12bb 525d 0d58 18c0 6055  Y.~.S|..R].X..`U
  - 01035f0: af71 de9d 681b d7e9 a6b4 106e 1ef0 b8aa  .q..h......n....
  - 0103600: 0d07 ab62 2171 2692 e870 ca04 1396 b3ca  ...b!q&..p......
  - 0103610: d1c8 55bb 690d b0b6 220d fdc5 977b 603d  ..U.i..."....{`=
  - 0103620: 053b 2b2a c410 5ce4 6a50 7cb7 7d9a b88c  .;+*..\.jP|.}...
  - 0103630: e304 5b9a 7a8a b98e 42b2 ad92 8e60 f377  ..[.z...B....`.w
  - 0103640: 1cc6 f140 19ed 67b2 d31e 5937 b238 f055  ...@..g...Y7.8.U
  - 0103650: a337 2e91 5fe8 01df 8866 2fc5 de46 6c6b  .7.._....f/..Flk
  - 0103660: c6e2 bcba 3b31 618b 15a0 3d3b 4bac 2323  ....;1a...=;K.##
  - 0103670: 771b 6ca9 8a7d 39ae 1a08 0d0a 5e97 ecab  w.l..}9.....^...
  - 0103680: 5522 c753 eddc c7d9 214a 908c 35bd e796  U".S....!J..5...
  - 0103690: 7575 5c54 14ea 1c88 542e da77 41d6 507e  uu\T....T..wA.P~
  - 01036a0: d292 7369 9924 24aa e9b9 d0d5 d10b e5dd  ..si.$$.........
  - 01036b0: 8777 d0c3 bf2d add4 64e8 444b c64e 5e95  .w...-..d.DK.N^.
  - 01036c0: b44a 62da 973c ec84 3e11 0bef 3bf1 5abd  .Jb..<..>...;.Z.
  - 01036d0: 61dd fad0 bd4b 27a6 8ed5 cdea 8aad b1ec  a....K'.........
  - 01036e0: ba94 3945 ad1e b1cf f24a 81a5 ed18 de67  ..9E.....J.....g
  - 01036f0: f4fc 434b 2cb3 ce81 d7ce 7087 94cf ea80  ..CK,.....p.....
  - 0103700: 31fc 145e f75f 42a2 8d02 4da9 7983 25a1  1..^._B...M.y.%.
  - 0103710: 3e3b 9a35 f5f7 d2ca 3043 a013 58e4 6e09  >;.5....0C..X.n.
  - 0103720: 0dca 0083 f2b5 87fd fc53 8818 6e9d ca8b  .........S..n...
  - 0103730: 487e e091 b7d1 749e 7e34 55cf 64a2 5e77  H~....t.~4U.d.^w
  - 0103740: da9d 5876 2506 12c6 9e81 2a03 fe4a 3695  ..Xv%.....*..J6.
  - 0103750: 51c5 eed3 ae87 96f7 0522 f583 bddd 833a  Q........".....:
  - 0103760: 523b 7544 cd14 be9a 4335 7972 966a 92c4  R;uD....C5yr.j..
  - 0103770: 278a 9295 009a 6dc1 9482 170f 3c05 b775  '.....m.....<..u
  - 0103780: b12c f7ba 8000 c9f1 3963 dd12 8bc6 2453  .,......9c....$S
  - 0103790: ee7b da74 50a0 1d97 045e caeb 16fc f6d3  .{.tP....^......
  - 01037a0: ea1a 1192 6408 e5bc 85f5 bca6 1cbb f488  ....d...........
  - 01037b0: a561 95b6 7d4a 1eec e632 6cd0 e3e9 312b  .a..}J...2l...1+
  - 01037c0: 075d 1d92 8eee 9293 d09f 4362 2e32 ff3a  .]........Cb.2.:
  - 01037d0: 49b4 a436 32aa 77b8 c387 d4fa b9fe be09  I..62.w.........
  - 01037e0: 5be1 4dc4 be94 95e6 b4a9 8979 68be 2e4c  [.M........yh..L
  - 01037f0: d9ac b03a f77c 1d90 110a f64b 0137 9d0f  ...:.|.....K.7..
  - 0103800: 0fd8 5c09 35dc 24b4 958c f39e c184 8453  ..\.5.$........S
  - 0103810: 130e b44b 4213 2ee1 ba6f b006 f2a5 6528  ...KB....o....e(
  - 0103820: cb88 506f 09cc bc8c d445 2e44 b787 3ff9  ..Po.....E.D..?.
  - 0103830: feaa 24cb 0bff ebaf 49d7 3915 a569 8ff7  ..$.....I.9..i..
  - 0103840: bed5 edbd cefe e6db 1c4d 885a 0e44 73b5  .........M.Z.Ds.
  - 0103850: 97a5 b436 415f 7089 3130 95f8 880a 6831  ...6A_p.10....h1
  - 0103860: fcce 6184 1177 ccab 3e7c ba36 2b0d c2fd  ..a..w..>|.6+...
  - 0103870: bc42 7ae5 d594 bfd6 4d1b 6904 7690 323d  .Bz.....M.i.v.2=
  - 0103880: b569 6caf 05bd 3786 10b1 c1c2 499a 3fa6  .il...7.....I.?.
  - 0103890: 2384 471b 47ac c5a7 541d 7233 dc80 cf0f  #.G.G...T.r3....
  - 01038a0: 2b65 19e2 5817 b7d1 a9a4 4e40 1361 c3d3  +e..X.....N@.a..
  - 01038b0: 3bdf 4f8d 976e 1283 ea26 3108 ac1c 5a64  ;.O..n...&1...Zd
  - 01038c0: 0ad7 a370 3d0a d7a3 a470 3d0a d7a3 703d  ...p=....p=...p=
  - 01038d0: cccc cccc cccc cccc cdcc cccc cccc cccc  ................
  - 01038e0: 0000 0000 0000 0080 0000 0000 0000 0000  ................
  - 01038f0: 0000 0000 0000 00a0 0000 0000 0000 0000  ................
  - 0103900: 0000 0000 0000 00c8 0000 0000 0000 0000  ................
  - 0103910: 0000 0000 0000 00fa 0000 0000 0000 0000  ................
  - 0103920: 0000 0000 0000 409c 0000 0000 0000 0000  ......@.........
  - 0103930: 0000 0000 0000 50c3 0000 0000 0000 0000  ......P.........
  - 0103940: 0000 0000 0000 24f4 0000 0000 0000 0000  ......$.........
  - 0103950: 0000 0000 0080 9698 0000 0000 0000 0000  ................
  - 0103960: 0000 0000 0020 bcbe 0000 0000 0000 0000  ..... ..........
  - 0103970: 0000 0000 0028 6bee 0000 0000 0000 0000  .....(k.........
  - 0103980: 0000 0000 00f9 0295 0000 0000 0000 0000  ................
  - 0103990: 0000 0000 40b7 43ba 0000 0000 0000 0000  ....@.C.........
  - 01039a0: 0000 0000 10a5 d4e8 0000 0000 0000 0000  ................
  - 01039b0: 0000 0000 2ae7 8491 0000 0000 0000 0000  ....*...........
  - 01039c0: 0000 0080 f420 e6b5 0000 0000 0000 0000  ..... ..........
  - 01039d0: 0000 00a0 31a9 5fe3 0000 0000 0000 0000  ....1._.........
  - 01039e0: 0000 0004 bfc9 1b8e 0000 0000 0000 0000  ................
  - 01039f0: 0000 00c5 2ebc a2b1 0000 0000 0000 0000  ................
  - 0103a00: 0000 4076 3a6b 0bde 0000 0000 0000 0000  ..@v:k..........
  - 0103a10: 0000 e889 0423 c78a 0000 0000 0000 0000  .....#..........
  - 0103a20: 0000 62ac c5eb 78ad 0000 0000 0000 0000  ..b...x.........
  - 0103a30: 0080 7a17 b726 d7d8 0000 0000 0000 0000  ..z..&..........
  - 0103a40: 0090 ac6e 3278 8687 0000 0000 0000 0000  ...n2x..........
  - 0103a50: 00b4 570a 3f16 68a9 0000 0000 0000 0000  ..W.?.h.........
  - 0103a60: 00a1 edcc ce1b c2d3 0000 0000 0000 0000  ................
  - 0103a70: a084 1440 6151 5984 0000 0000 0000 0000  ...@aQY.........
  - 0103a80: c8a5 1990 b9a5 6fa5 0000 0000 0000 0000  ......o.........
  - 0103a90: 3a0f 20f4 278f cbce 0000 0000 0000 0000  :. .'...........
  - 0103aa0: 8409 94f8 7839 3f81 0000 0000 0000 0040  ....x9?........@
  - 0103ab0: e50b b936 d707 8fa1 0000 0000 0000 0050  ...6...........P
  - 0103ac0: de4e 6704 cdc9 f2c9 0000 0000 0000 00a4  .Ng.............
  - 0103ad0: 9622 8145 407c 6ffc 0000 0000 0000 004d  .".E@|o........M
  - 0103ae0: 9db5 702b a8ad c59d 0000 0000 0000 20f0  ..p+.......... .
  - 0103af0: 05e3 4c36 1219 37c5 0000 0000 0000 286c  ..L6..7.......(l
  - 0103b00: c61b e0c3 56df 84f6 0000 0000 0000 32c7  ....V.........2.
  - 0103b10: 5c11 6c3a 960b 139a 0000 0000 0040 7f3c  \.l:.........@.<
  - 0103b20: b315 07c9 7bce 97c0 0000 0000 0010 9f4b  ....{..........K
  - 0103b30: 20db 48bb 1ac2 bdf0 0000 0000 00d4 861e   .H.............
  - 0103b40: f488 0db5 5099 7696 0000 0000 8044 1413  ....P.v......D..
  - 0103b50: 31eb 50e2 a43f 14bc 0000 0000 a055 d917  1.P..?.......U..
  - 0103b60: fd25 e51a 8e4f 19eb 0000 0000 08ab cf5d  .%...O.........]
  - 0103b70: be37 cfd0 b8d1 ef92 0000 0000 e5ca a15a  .7.............Z
  - 0103b80: ad05 0305 27c6 abb7 0000 0040 9e3d 4af1  ....'......@.=J.
  - 0103b90: 19c7 43c6 b0b7 96e5 0000 00d0 05cd 9c6d  ..C............m
  - 0103ba0: 6f5c ea7b ce32 7e8f 0000 00a2 2300 82e4  o\.{.2~.....#...
  - 0103bb0: 8bf3 e41a 82bf 5db3 0000 808a 2c80 a2dd  ......].....,...
  - 0103bc0: 6e30 9ea1 622f 35e0 0000 20ad 3720 0bd5  n0..b/5... .7 ..
  - 0103bd0: 45de 02a5 9d3d 218c 0000 34cc 22f4 2645  E....=!...4.".&E
  - 0103be0: d695 430e 058d 29af 0000 417f 2bb1 7096  ..C...)...A.+.p.
  - 0103bf0: 4c7b d451 46f0 f3da 0040 115f 76dd 0c3c  L{.QF....@._v..<
  - 0103c00: 0fcd 24f3 2b76 d888 00c8 6afb 690a 88a5  ..$.+v....j.i...
  - 0103c10: 5300 eeef b693 0eab 007a 457a 040d ea8e  S........zEz....
  - 0103c20: 6880 e9ab a438 d2d5 80d8 d698 4590 a472  h....8......E..r
  - 0103c30: 41f0 71eb 6663 a385 5047 867f 2bda a647  A.q.fc..PG..+..G
  - 0103c40: 516c 4ea6 403c 0ca7 24d9 675f b690 9099  QlN.@<..$.g_....
  - 0103c50: 6507 e2cf 504b cfd0 6dcf 41f7 e3b4 f4ff  e...PK..m.A.....
  - 0103c60: 9f44 ed81 128f 8182 a421 897a 0ef1 f8bf  .D.......!.z....
  - 0103c70: c795 6822 d7f2 21a3 0d6a 2b19 522d f7af  ..h"..!..j+.R-..
  - 0103c80: 39bb 02eb 8c6f eacb 9044 769f a6f8 f49b  9....o...Dv.....
  - 0103c90: 086a c325 700b e5fe b4d5 5347 d036 f202  .j.%p.....SG.6..
  - 0103ca0: 4522 9a17 2627 4f9f 9065 942c 4262 d701  E"..&'O..e.,Bb..
  - 0103cb0: d6aa 809d eff0 22c7 f57e b9b7 d23a 4d42  ......"..~...:MB
  - 0103cc0: 8bd5 e084 2bad ebf8 b2de a765 8789 e0d2  ....+......e....
  - 0103cd0: 7785 0c33 3b4c 939b 2feb 889f f455 cc63  w..3;L../....U.c
  - 0103ce0: d5a6 cfff 491f 78c2 fb25 6bc7 716b bf3c  ....I.x..%k.qk.<
  - 0103cf0: 8a90 c37f 1c27 16f3 7aef 4539 4e46 ef8b  .....'..z.E9NF..
  - 0103d00: 563a dacf 71d8 ed97 acb5 cbe3 f08b 7597  V:..q.........u.
  - 0103d10: ecc8 d043 8e4e e9bd 17a3 be1c edee 523d  ...C.N........R=
  - 0103d20: 27fb c4d4 31a2 63ed dd4b ee63 a8aa a74c  '...1.c..K.c...L
  - 0103d30: f81c fb24 5f45 5e94 6aef 743e a9ca e88f  ...$_E^.j.t>....
  - 0103d40: 36e4 39ee b6d6 75b9 442b 128e 53fd e2b3  6.9...u.D+..S...
  - 0103d50: 445d c8a9 644c d3e7 16b6 9671 a8bc db60  D]..dL.....q...`
  - 0103d60: 4a3a 1dea be0f e490 cd31 fe46 e955 89bc  J:.......1.F.U..
  - 0103d70: dd88 a4a4 ae13 1db5 41be bd98 63ab ab6b  ........A...c..k
  - 0103d80: 14ab cd4d 9a58 64e2 d12d ed7e 3c96 96c6  ...M.Xd..-.~<...
  - 0103d90: ec8a a070 60b7 7e8d a23c 54cf e51d 1efc  ...p`.~..<T.....
  - 0103da0: a8ad c88c 3865 deb0 cb4b 2943 5fa5 253b  ....8e...K)C_.%;
  - 0103db0: 12d9 faaf 86fe 15dd be9e f313 b70e ef49  ...............I
  - 0103dc0: abc7 fc2d 14bf 2d8a 3743 786c 3269 356e  ...-..-.7Cxl2i5n
  - 0103dd0: 96f9 7b39 d92e b9ac 0454 9607 7fc3 c249  ..{9.....T.....I
  - 0103de0: fbf7 da87 8f7a e7d7 06e9 7bc9 5e74 33dc  .....z....{.^t3.
  - 0103df0: fdda e8b4 99ac f086 a371 ed3d bb28 a069  .........q.=.(.i
  - 0103e00: bc11 2322 c0d7 aca8 0cce 680d ea32 08c4  ..#"......h..2..
  - 0103e10: 2bd6 ab2a b00d d8d2 9001 c390 a43f 0af5  +..*.........?..
  - 0103e20: db65 ab1a 8e08 c783 fae0 79da c667 2679  .e........y..g&y
  - 0103e30: 523f 56a1 b1ca b8a4 3859 1891 b801 7057  R?V.....8Y....pW
  - 0103e40: 26cf ab09 5efd e6cd 866f 5eb5 2602 4ced  &...^....o^.&.L.
  - 0103e50: 7861 0bc6 5a5e b080 b405 5b31 5881 4f54  xa..Z^....[1X.OT
  - 0103e60: d639 8e77 f175 dca0 21c7 b13d ae61 6369  .9.w.u..!..=.aci
  - 0103e70: 4cc8 71d5 6d93 13c9 e938 1ecd 193a bc03  L.q.m....8...:..
  - 0103e80: 5f3a ce4a 4978 58fb 23c7 6540 a048 ab04  _:.JIxX.#.e@.H..
  - 0103e90: 7be4 c0ce 2d4b 179d 769c 3f28 640d eb62  {...-K..v.?(d..b
  - 0103ea0: 9a1d 7142 f91d 5dc4 9483 4f32 bdd0 a53b  ..qB..]...O2...;
  - 0103eb0: 0065 0d93 7765 74f5 7964 e37e ec44 8fca  .e..wet.yd.~.D..
  - 0103ec0: 205f e8bb 6abf 6899 cb1e 4ecf 138b 997e   _..j.h...N....~
  - 0103ed0: e876 e26a 45ef c2bf 7ea6 21c3 d8ed 3f9e  .v.jE...~.!...?.
  - 0103ee0: a214 9bc5 16ab b3ef 1e10 eaf3 4ee9 cfc5  ............N...
  - 0103ef0: e5ec 803b ee4a d095 124a 7258 d1f1 a1bb  ...;.J...JrX....
  - 0103f00: 1f28 61ca a95d 44bb 97dc 8eae 456e 8a2a  .(a..]D.....En.*
  - 0103f10: 2672 f93c 1475 15ea bd93 321a d709 2df5  &r.<.u....2...-.
  - 0103f20: 58e7 1ba6 2c69 4d92 569c 5f70 2626 3c59  X...,iM.V._p&&<Y
  - 0103f30: 2ee1 a2cf 77c3 e0b6 6c83 770c b02f 8b6f  ....w...l.w../.o
  - 0103f40: 7a99 8bc3 55f4 98e4 4764 950f 9cfb 6d0b  z...U...Gd....m.
  - 0103f50: ec3f 379a b598 df8e ac5e bd89 41bd 2447  .?7......^..A.$G
  - 0103f60: e70f c500 e37e 97b2 57b6 2cec 91ec ed58  .....~..W.,....X
  - 0103f70: e153 f6c0 9b5e 3ddf ede3 3767 b667 292f  .S...^=...7g.g)/
  - 0103f80: 6cf4 9958 215b 868b 74ee 8200 d2e0 79bd  l..X![..t.....y.
  - 0103f90: 8771 c0ae e9f1 67ae 11aa a380 0659 d8ec  .q....g......Y..
  - 0103fa0: e98d 701a 64ee 01da 9594 cc20 486f 0ee8  ..p.d...... Ho..
  - 0103fb0: b258 8690 fe34 4188 dddc 7f14 8d05 0931  .X...4A........1
  - 0103fc0: deee a734 3e82 51aa 15d4 9f59 f046 4bbd  ...4>.Q....Y.FK.
  - 0103fd0: 96ea d1c1 cde2 e5d4 1ac9 0770 ac18 9e6c  ...........p...l
  - 0103fe0: 9e32 2399 c0ad 0f85 b0dd 04c6 6bcf e203  .2#.........k...
  - 0103ff0: 45ff 6bbf 3099 53a6 1c15 86b7 4683 db84  E.k.0.S.....F...
  - 0104000: 16ff 46ef 7c7f e8cf 639a 6765 1864 12e6  ..F.|...c.ge.d..
  - 0104010: 6e5f 8c15 ae4f f181 7ec0 603f 8f7e cb4f  n_...O..~.`?.~.O
  - 0104020: 4977 ef9a 99a3 6da2 9df0 380f 335e bee3  Iw....m...8.3^..
  - 0104030: 1c55 ab01 800c 09cb c52c 07d3 bff5 ad5c  .U.......,.....\
  - 0104040: 632a 1602 a04f cbfd f6f7 c8c7 2f73 d973  c*...O....../s.s
  - 0104050: 7eda 4d01 c411 9f9e fa9a dddc fde7 6728  ~.M...........g(
  - 0104060: 1d51 a101 35d6 46c6 b801 1554 fde1 81b2  .Q..5.F....T....
  - 0104070: 65a5 0942 c28b d8f7 2642 1aa9 7c5a 221f  e..B....&B..|Z".
  - 0104080: 5f07 4669 5957 e79a 5869 b0e9 8d78 7533  _.FiYW..Xi...xu3
  - 0104090: 3789 97c3 2f2d a1c1 ae83 1c64 b1d6 5200  7.../-.....d..R.
  - 01040a0: 846b 7db4 7b78 09f2 9aa4 23bd 5d8c 67c0  .k}.{x....#.].g.
  - 01040b0: 3263 ce50 4deb 4597 e046 3696 bab7 40f8  2c.PM.E..F6...@.
  - 01040c0: fffb 01a5 2066 17bd 98d8 c33b a9e5 50b6  .... f.....;..P.
  - 01040d0: ff7a 42ce a83f 5dec bece b48a 131f e5a3  .zB..?].........
  - 01040e0: df8c e980 c947 ba93 3701 b136 6c33 6fc6  .....G..7..6l3o.
  - 01040f0: 17f0 23e1 bbd9 a8b8 8441 5d44 4700 0bb8  ..#......A]DG...
  - 0104100: 1dec 6cd9 2a10 d3e6 e591 7415 59c0 0da6  ..l.*.....t.Y...
  - 0104110: 9213 e4c7 1aea 4390 2fdb 68ad 3798 c887  ......C./.h.7...
  - 0104120: 7718 dd79 a1e4 54b4 fb11 c398 45be ba29  w..y..T.....E..)
  - 0104130: 945e 54d8 c91d 6ae1 7ad6 f3fe d66d 29f4  .^T...j.z....m).
  - 0104140: 1dbb 3427 9e52 e28c 0c66 585f a6e4 9918  ..4'.R...fX_....
  - 0104150: e4e9 01b1 45e7 1ab0 8f7f 2ef7 cf5d c05e  ....E........].^
  - 0104160: 5d64 421d 17a1 21dc 731f faf4 4375 7076  ]dB...!.s...Cupv
  - 0104170: ba7e 4972 ae04 9589 a853 1c79 4a49 066a  .~Ir.....S.yJI.j
  - 0104180: 69de db0e da45 faab 9268 6317 9ddb 8704  i....E...hc.....
  - 0104190: 03d6 9292 50d7 f8d6 b642 3c5d 84d2 a945  ....P....B<]...E
  - 01041a0: c2c5 9b5b 9286 5b86 b2a9 45ba 9223 8a0b  ...[..[...E..#..
  - 01041b0: 32b7 82f2 3668 f2a7 1e14 d768 77ac 6c8e  2...6h.....hw.l.
  - 01041c0: ff64 23af 4402 efd1 26d9 0c43 95d7 0732  .d#.D...&..C...2
  - 01041d0: 1f1f 76ed 6a61 3583 b807 e849 bde6 447f  ..v.ja5....I..D.
  - 01041e0: e7a6 d3a8 c5b9 02a4 a609 629c 6c20 165f  ..........b.l ._
  - 01041f0: a190 0813 3768 03cd 0f8c 7ac3 87a8 db36  ....7h....z....6
  - 0104200: 645a e56b 2221 2280 8997 2cda 5449 49c2  dZ.k"!"...,.TII.
  - 0104210: fdb0 de06 6ba9 2aa0 6cbd b710 aa9b dbf2  ....k.*.l.......
  - 0104220: 3d5d 96c8 c553 35c8 c7ac e594 9482 926f  =]...S5........o
  - 0104230: 8cf4 bb3a b7a8 42fa f917 1fba 3923 77cb  ...:..B.....9#w.
  - 0104240: d778 b584 72a9 699c fb6e 5314 0476 2aff  .x..r.i..nS..v*.
  - 0104250: 0dd7 e225 cf13 84c3 ba4a 6819 8513 f5fe  ...%.....Jh.....
  - 0104260: d18c 5bef c218 65f4 695d c25f 6658 b27e  ..[...e.i]._fX.~
  - 0104270: 0238 99d5 792f bf98 617a d9fb 3f77 2fef  .8..y/..az..?w/.
  - 0104280: 0386 ff4a 58fb eebe fad8 cffa 0f55 fbaa  ...JX........U..
  - 0104290: 8467 bf5d 2eba aaee 38cf 83f9 532a ba95  .g.]....8...S*..
  - 01042a0: b2a0 97fa 5cb4 2a95 8361 f27b 745a 94dd  ....\.*..a.{tZ..
  - 01042b0: df88 3d39 7461 75ba e4f9 ee9a 1171 f994  ..=9tau......q..
  - 01042c0: 17eb 8c47 d1b9 12e9 5db8 aa01 56cd 377a  ...G....]...V.7z
  - 01042d0: ee12 b8cc 22b4 ab91 3ab3 0ac1 55e0 62ac  ...."...:...U.b.
  - 01042e0: aa17 e67f 2ba1 16b6 0960 4d31 6b98 7b57  ....+....`M1k.{W
  - 01042f0: 949d df5f 7649 9ce3 0bb8 a0fd 857e 5aed  ..._vI.......~Z.
  - 0104300: 7dc2 ebfb e9ad 418e 0773 84be 138f 5814  }.....A..s....X.
  - 0104310: 1cb3 e67a 6419 d2b1 c88f 25ae d8b2 6e59  ...zd.....%...nY
  - 0104320: e35f a099 bd9f 46de bbf3 aed9 8e5f ca6f  ._....F......_.o
  - 0104330: ee3b 0480 d623 ec8a 5458 0d48 b97b de25  .;...#..TX.H.{.%
  - 0104340: e94a 0520 cc2c a7ad 6aae 109a a71a 56af  .J. .,..j.....V.
  - 0104350: a49d 0628 fff7 10d9 04da 9480 51a1 2b1b  ...(........Q.+.
  - 0104360: 8622 0479 ff9a aa87 4208 5df0 d244 fb90  .".y....B.]..D..
  - 0104370: 282b 4557 bf41 95a9 534a 74ac 0716 3a35  (+EW.A..SJt...:5
  - 0104380: f275 162d 2f92 fad3 e85c 9197 899b 8842  .u.-/....\.....B
  - 0104390: b709 2e7c 5d9b 7c84 11da bafe 3561 9569  ...|].|.....5a.i
  - 01043a0: 258c 39db 34c2 9ba5 9590 697e 83b9 fa43  %.9.4.....i~...C
  - 01043b0: 2eef 0712 c2b2 02cf bbf4 035e e467 f994  ...........^.g..
  - 01043c0: 7df5 444b b9af 6181 f578 c2ba eee0 1b1d  }.DK..a..x......
  - 01043d0: dc32 169e a71b baa1 3217 7369 2ad9 6264  .2......2.si*.bd
  - 01043e0: 93bf 9b85 91a2 28ca fedc cf03 758f 7b7d  ......(.....u.{}
  - 01043f0: 78af 02e7 35cb b2fc 3ed4 c344 5273 da5c  x...5...>..DRs.\
  - 0104400: abad 61b0 01bf ef9d a764 fa6a 1388 083a  ..a......d.j...:
  - 0104410: 1619 7a1c c2ae 6bc5 d0fd b845 18aa 8a08  ..z...k....E....
  - 0104420: 5b9f 98a3 729a c6f6 453d 2757 9e54 ad8a  [...r...E='W.T..
  - 0104430: 9963 3fa6 8720 3c9a 4b86 78f6 e254 ac36  .c?.. <.K.x..T.6
  - 0104440: 7f3c cf8f a928 cbc0 dda7 16b4 1b6a 5784  .<...(.......jW.
  - 0104450: 9f0b c3f3 d3f2 fdf0 d551 1ca1 a244 6d65  .........Q...Dme
  - 0104460: 43e7 5978 c4b7 9e96 25b3 b1a4 e54a 649f  C.Yx....%....Jd.
  - 0104470: 1461 7096 b565 46bc ee1f de0d 9f5d 3d87  .ap..eF......]=.
  - 0104480: 5979 0cfc 22ff 57eb eaa7 55d1 06b5 0ca9  Yy..".W...U.....
  - 0104490: d8cb 87dd 75ff 1693 f288 d542 24f1 a709  ....u......B$...
  - 01044a0: cebe e954 53bf dcb7 2feb 8a53 6ded 110c  ...TS.../..Sm...
  - 01044b0: 812e 242a 28ef d3e5 faa5 6da8 c868 168f  ..$*(.....m..h..
  - 01044c0: 109d 561a 7975 a48f bc87 4469 7d01 6ef9  ..V.yu....Di}.n.
  - 01044d0: 5544 ec60 d792 8db3 aca9 95c3 dc81 c937  UD.`...........7
  - 01044e0: 6a55 2739 8df7 70e0 1714 7bf4 53e2 bb85  jU'9..p...{.S...
  - 01044f0: 6295 b843 b89a 468c 8eec cc78 746d 9593  b..C..F....xtm..
  - 0104500: bbba a654 6641 58af b227 0097 d1c8 7a38  ...TfAX..'....z8
  - 0104510: 6a69 d0e9 bf51 2edb 9e31 c0fc 057b 9906  ji...Q...1...{..
  - 0104520: e241 22f2 17f3 fc88 031f f8bd e3ec 1f44  .A"............D
  - 0104530: 5ad2 aaee dd2f 3cab c326 76ad 1ce8 27d5  Z..../<..&v...'.
  - 0104540: f186 556a d53b 0bd6 74b0 d3d8 23e2 718a  ..Uj.;..t...#.q.
  - 0104550: 5674 7562 6505 c785 494e 8467 562d 87f6  Vtube...IN.gV-..
  - 0104560: 6cd1 12bb bec6 38a7 db61 6501 acf8 28b4  l.....8..ae...(.
  - 0104570: c785 d769 6ef8 06d1 52ba be01 d736 33e1  ...in...R....63.
  - 0104580: 9cb3 2602 455b a482 7334 1761 4602 c0ec  ..&.E[..s4.aF...
  - 0104590: 8460 b042 1672 4da3 9001 5df9 d702 f027  .`.B.rM...]....'
  - 01045a0: a578 5cd3 9bce 20cc f441 b4f7 8d03 ec31  .x\... ..A.....1
  - 01045b0: ce96 33c8 4202 29ff 7152 a175 7104 677e  ..3.B.).qR.uq.g~
  - 01045c0: 413e 20bd 69a1 799f 86d3 84e9 c662 000f  A> .i.y......b..
  - 01045d0: d14d 682c c409 58c7 6808 e6a3 787b c052  .Mh,..X.h...x{.R
  - 01045e0: 4561 8237 350c 2ef9 828a dfcc 569a 70a7  Ea.75.......V.p.
  - 01045f0: cb7c b142 a1c7 bc9b 91b6 0b40 7660 a688  .|.B.......@v`..
  - 0104600: fedb 5d93 89f9 abc2 35a4 0ed0 93f8 cf6a  ..].....5......j
  - 0104610: fe52 35f8 ebf7 56f3 434d 12c4 b8f6 8305  .R5...V.CM......
  - 0104620: de53 217b f35a 1698 4a70 8b7a 337a 72c3  .S!{.Z..Jp.z3zr.
  - 0104630: d6a8 e959 b0f1 1bbe 5c4c 2e59 c018 4f74  ...Y....\L.Y..Ot
  - 0104640: 0c13 6470 1cee a2ed 73df 796f f0de 6211  ..dp....s.yo..b.
  - 0104650: e78b 3ec6 d1d4 8594 a82b ac45 56cb dd8a  ..>......+.EV...
  - 0104660: e12e ce37 064a a7b9 9236 17d7 2b3e 956d  ...7.J...6..+>.m
  - 0104670: 99ba c1c5 871c 11e8 3704 ddcc b68d fac8  ........7.......
  - 0104680: a014 99db d4b1 0a91 a222 0a40 9298 9c1d  .........".@....
  - 0104690: c859 7f12 4a5e 4db5 4bab 0cd0 b6be 0325  .Y..J^M.K......%
  - 01046a0: 3a30 1f97 dcb5 a0e2 1dd6 0f84 64ae 442e  :0..........d.D.
  - 01046b0: 247e 73de a971 a48d d2e5 89d2 feec ea5c  $~s..q.........\
  - 01046c0: ad5d 1056 148e 0db1 475f 2c87 3ea8 2574  .].V....G_,.>.%t
  - 01046d0: 1875 946b 99f1 50dd 1977 f728 4e12 2fd1  .u.k..P..w.(N./.
  - 01046e0: 2fc9 3ce3 ff96 528a 6faa 9ad9 706b bd82  /.<...R.o...pk..
  - 01046f0: 7bfb 0bdc bf3c e7ac 0b55 0110 4dc6 6c63  {....<...U..M.lc
  - 0104700: 5afa 0ed3 ef0b 21d8 4eaa 0154 e0f7 473c  Z.....!.N..T..G<
  - 0104710: 785c e9e3 75a7 1487 710a 8134 ecfa ac65  x\..u...q..4...e
  - 0104720: 96b3 e35c 53d1 d9a8 0d4d a141 a739 187f  ...\S....M.A.9..
  - 0104730: 7ca0 1c34 a845 10d3 50a0 0912 1148 de1e  |..4.E..P....H..
  - 0104740: 4de4 9120 892b ea83 3204 46ab 0aed 4a93  M.. .+..2.F...J.
  - 0104750: 605d b668 6bb6 e4a4 3f85 1756 4da8 1df8  `].hk...?..VM...
  - 0104760: b9f4 e342 06e4 1dce 8e66 9dab 6012 2536  ...B.....f..`.%6
  - 0104770: f378 cee9 83ae d280 1960 426b 7c2b d7c1  .x.......`Bk|+..
  - 0104780: 3017 42e4 245a 07a1 1ff8 1286 5bf6 4cb2  0.B.$Z......[.L.
  - 0104790: fc9c 521d ae30 49c9 27b6 9767 f233 e0de  ..R..0I.'..g.3..
  - 01047a0: 3c44 a7a4 d97c 9bfb b1a3 7d01 ef40 9816  <D...|....}..@..
  - 01047b0: a58a e806 082e 419d 4e86 ee60 9528 1f8e  ......A.N..`.(..
  - 01047c0: 4ead a208 8a79 91c4 e227 2ab9 baf2 a6f1  N....y...'*.....
  - 01047d0: a258 cb8a ecd7 b5f5 dbb1 7467 69af 10ae  .X........tgi...
  - 01047e0: 6517 bfd6 f3a6 9199 29ef a8e0 a16d caac  e.......)....m..
  - 01047f0: 3fdd 6ecc b010 f6bf f32a d358 0a09 fd17  ?.n......*.X....
  - 0104800: 8e94 8aff dc94 f3ef b0f5 07ef 4c4b fcdd  ............LK..
  - 0104810: d99c b61f 0a3d f895 8ef9 6415 10af bd4a  .....=....d....J
  - 0104820: 0f44 a4a7 4c4c 76bb f137 be1a d41a 6d9d  .D..LLv..7....m.
  - 0104830: 1355 8dd1 5fdf 53ea edc5 6d21 8961 c884  .U.._.S...m!.a..
  - 0104840: 2c55 f8e2 9b6b 7492 b49b e4b4 f53c fd32  ,U...kt......<.2
  - 0104850: 776a b6db 8286 11b7 a1c2 1d22 338c bc3f  wj........."3..?
  - 0104860: 1505 a492 23e8 d5e4 4a33 a5ea 3faf ab0f  ....#...J3..?...
  - 0104870: 2d83 a63b 16b1 058f 0e40 a7f2 874d cb29  -..;.....@...M.)
  - 0104880: f823 90ca 5b1d c7b2 1210 51ef e920 3e74  .#..[.....Q.. >t
  - 0104890: f62c 34bd b2e4 78df 1654 256b 24a9 4d91  .,4...x..T%k$.M.
  - 01048a0: 1a9c 40b6 ef8e ab8b 8e54 f7c2 b689 d01a  ..@......T......
  - 01048b0: 20c3 d0a3 ab72 96ae b129 b573 24ac 84a1   ....r...).s$...
  - 01048c0: e8f3 c48c 560f 3cda 1e74 a290 2dd7 e5c9  ....V.<..t..-...
  - 01048d0: 7118 fb17 9689 6588 9288 657a 7ca6 2f7e  q.....e...ez|./~
  - 01048e0: 8dde f99d fbeb 7eaa b7ea fe98 1b90 bbdd  ......~.........
  - 01048f0: 3156 7885 faa6 1ed5 65a5 3e7f 2274 2a55  1Vx.....e.>."t*U
  - 0104900: de35 6b93 5c28 3385 5f27 878f 9588 3ad5  .5k.\(3._'....:.
  - 0104910: 5603 46b8 73f2 7fa6 37f1 68f3 ba2a 898a  V.F.s...7.h..*..
  - 0104920: 2c84 57a6 10ef 1fd0 852d 43b0 6975 2b2d  ,.W......-C.iu+-
  - 0104930: 9bb2 f667 6af5 1382 73fc 290e 6229 3b9c  ...gj...s.).b);.
  - 0104940: 425f f401 c5f2 98a2 8f7b b491 baf3 4983  B_.......{....I.
  - 0104950: 1377 7142 762f 3fcb 739a 2136 a970 1c24  .wqBv/?.s.!6.p.$
  - 0104960: d7d4 0dd3 53fb 0efe 1001 aa83 d38c 23ed  ....S.........#.
  - 0104970: 06a5 e863 145d c99e aa40 4a32 0438 36f4  ...c.]...@J2.86.
  - 0104980: 48ce e27c 59b4 7bc6 d5d0 dc3e 05c6 43b1  H..|Y.{....>..C.
  - 0104990: da81 1bdc 6fa1 1af8 0a05 948e 86b7 94dd  ....o...........
  - 01049a0: 2831 91e9 e5a4 109b 2683 1c19 b4f2 7cca  (1......&.....|.
  - 01049b0: 727d f563 1fce d4c1 f0a3 631f 612f 1cfd  r}.c......c.a/..
  - 01049c0: cfdc f23c a701 4af2 ec8c 3c67 393b 63bc  ...<..J...<g9;c.
  - 01049d0: 01ca 1786 0841 6e97 13d8 85e0 0305 bed5  .....An.........
  - 01049e0: 82bc 9da7 4ad1 49bd 184e a7d8 4486 2d4b  ....J.I..N..D.-K
  - 01049f0: a22b 8551 9d45 9cec 9e21 d10e d6e7 f8dd  .+.Q.E...!......
  - 0104a00: 453b f352 82ab e193 03b5 42c9 e590 bbca  E;.R......B.....
  - 0104a10: 170a b0e7 6216 dab8 4362 933b 1f75 6a3d  ....b...Cb.;.uj=
  - 0104a20: 9d0c 9ca1 fb9b 10e7 d43a 780a 6712 c50c  .........:x.g...
  - 0104a30: e287 0145 7d61 6a90 c524 8b66 802b fb27  ...E}aj..$.f.+.'
  - 0104a40: dae9 4196 dcf9 84b4 f6ed 2d80 60f6 f9b1  ..A.......-.`...
  - 0104a50: 5164 d2bb 5338 a6e1 7369 39a0 f873 785e  Qd..S8..si9..sx^
  - 0104a60: b27e 6355 34e3 078d e8e1 2364 7b48 0bdb  .~cU4.....#d{H..
  - 0104a70: 5f5e bc6a 01dc 49b0 62da 2c3d 9a1a ce91  _^.j..I.b.,=....
  - 0104a80: f775 6bc5 0153 5cdc fb10 78cc 40a1 4176  .uk..S\...x.@.Av
  - 0104a90: ba29 631b e1b3 b989 9d0a cb7f c804 e9a9  .)c.............
  - 0104aa0: 29f4 3b62 d920 28ac 44cd bd9f fa45 6354  ).;b. (.D....EcT
  - 0104ab0: 33f1 caba 0f29 32d7 9540 ad47 7917 7ca9  3....)2..@.Gy.|.
  - 0104ac0: c0d6 bed4 a959 7f86 5d48 cccc ab8e ed49  .....Y..]H.....I
  - 0104ad0: 708c ee49 1430 1fa8 745a ffbf 56f2 685c  p..I.0..tZ..V.h\
  - 0104ae0: 8c2f 6a5c 19fc 26d2 1131 ff6f ec2e 8373  ./j\..&..1.o...s
  - 0104af0: b75d c2d9 8f5d 5883 ab7e ffc5 53fd 31c8  .]...]X..~..S.1.
  - 0104b00: 25f5 32d0 f374 2ea4 555e 7fb7 a87c 3eba  %.2..t..U^...|>.
  - 0104b10: 6fb2 3fc4 3012 3acd eb35 5fe5 d21b ce28  o.?.0.:..5_....(
  - 0104b20: 85cf a77a 5e4b 4480 b381 5bcf 63d1 8079  ...z^KD...[.c..y
  - 0104b30: 66c3 5119 365e 55a0 1f62 32c3 bc05 e1d7  f.Q.6^U..b2.....
  - 0104b40: 4034 a69f c3b5 6ac8 a7fa fef3 2b47 d98d  @4....j.....+G..
  - 0104b50: 50c1 8f87 3463 85fa 51b9 fef0 f698 4fb1  P...4c..Q.....O.
  - 0104b60: d2d8 b9d4 005e 939c d333 9f56 9abf d16e  .....^...3.V...n
  - 0104b70: 074f e809 8135 b8c3 c800 47ec 802f 860a  .O...5....G../..
  - 0104b80: c862 624c e142 a6f4 fac0 5827 61bb 27cd  .bbL.B....X'a.'.
  - 0104b90: bd7d bdcf cce9 e798 9c78 97b8 1cd5 3880  .}.......x....8.
  - 0104ba0: 2cdd ac03 40e4 21bf c356 bde6 630a 47e0  ,...@.!..V..c.G.
  - 0104bb0: 7814 9804 505d eaee 74ac 6ce0 fccc 5818  x...P]..t.l...X.
  - 0104bc0: cb0c df02 527a 5295 c8eb 430c 1e80 370f  ....RzR...C...7.
  - 0104bd0: fdcf 9683 e618 a7ba bae6 548f 2560 05d3  ..........T.%`..
  - 0104be0: fd83 7c24 20df 50e9 6920 2af3 2eb8 c647  ..|$ .P.i *....G
  - 0104bf0: 7ed2 cd16 748b d291 4154 fa57 1d33 dc4c  ~...t...AT.W.3.L
  - 0104c00: 1d47 811c 512e 47b6 52e9 f8ad e43f 13e0  .G..Q.G.R....?..
  - 0104c10: e598 a163 e5f9 d8e3 a623 77d9 dd0f 1858  ...c.....#w....X
  - 0104c20: 8fff 445e 2f9c 678e 4876 eaa7 ea09 0f57  ..D^/.g.Hv.....W
  - 0104c30: 7573 6572 2d70 726f 7669 6465 6420 636f  user-provided co
  - 0104c40: 6d70 6172 6973 6f6e 2066 756e 6374 696f  mparison functio
  - 0104c50: 6e20 646f 6573 206e 6f74 2063 6f72 7265  n does not corre
  - 0104c60: 6374 6c79 2069 6d70 6c65 6d65 6e74 2061  ctly implement a
  - 0104c70: 2074 6f74 616c 206f 7264 6572 e502 1000   total order....
  - 0104c80: 5f00 0000 5603 0000 0500 0000 0000 0000  _...V...........
  - 0104c90: df45 1a3d 03cf 1ae6 c1fb ccfe 0000 0000  .E.=............
  - 0104ca0: cac6 9ac7 17fe 70ab dcfb d4fe 0000 0000  ......p.........
  - 0104cb0: 4fdc bcbe fcb1 77ff f6fb dcfe 0000 0000  O.....w.........
  - 0104cc0: 0cd6 6b41 ef91 56be 11fc e4fe 0000 0000  ..kA..V.........
  - 0104cd0: 3cfc 7f90 ad1f d08d 2cfc ecfe 0000 0000  <.......,.......
  - 0104ce0: 839a 5531 285c 51d3 46fc f4fe 0000 0000  ..U1(\Q.F.......
  - 0104cf0: b5c9 a6ad 8fac 719d 61fc fcfe 0000 0000  ......q.a.......
  - 0104d00: cb8b ee23 7722 9cea 7bfc 04ff 0000 0000  ...#w"..{.......
  - 0104d10: 6d53 7840 9149 ccae 96fc 0cff 0000 0000  mSx@.I..........
  - 0104d20: 57ce b65d 7912 3c82 b1fc 14ff 0000 0000  W..]y.<.........
  - 0104d30: 3756 fb4d 3694 10c2 cbfc 1cff 0000 0000  7V.M6...........
  - 0104d40: 4f98 4838 6fea 9690 e6fc 24ff 0000 0000  O.H8o.....$.....
  - 0104d50: c73a 8225 cb85 74d7 00fd 2cff 0000 0000  .:.%..t...,.....
  - 0104d60: f497 bf97 cdcf 86a0 1bfd 34ff 0000 0000  ..........4.....
  - 0104d70: e5ac 2a17 980a 34ef 35fd 3cff 0000 0000  ..*...4.5.<.....
  - 0104d80: 8eb2 352a fb67 38b2 50fd 44ff 0000 0000  ..5*.g8.P.D.....
  - 0104d90: 3b3f c6d2 dfd4 c884 6bfd 4cff 0000 0000  ;?......k.L.....
  - 0104da0: bacd d31a 2744 ddc5 85fd 54ff 0000 0000  ....'D....T.....
  - 0104db0: 96c9 25bb ce9f 6b93 a0fd 5cff 0000 0000  ..%...k...\.....
  - 0104dc0: 84a5 627d 246c acdb bafd 64ff 0000 0000  ..b}$l....d.....
  - 0104dd0: f6da 5f0d 5866 aba3 d5fd 6cff 0000 0000  .._.Xf....l.....
  - 0104de0: 26f1 c3de 93f8 e2f3 effd 74ff 0000 0000  &.........t.....
  - 0104df0: b880 ffaa a8ad b5b5 0afe 7cff 0000 0000  ..........|.....
  - 0104e00: 8b4a 7c6c 055f 6287 25fe 84ff 0000 0000  .J|l._b.%.......
  - 0104e10: 5330 c134 60ff bcc9 3ffe 8cff 0000 0000  S0.4`...?.......
  - 0104e20: 5526 ba91 8c85 4e96 5afe 94ff 0000 0000  U&....N.Z.......
  - 0104e30: bd7e 2970 2477 f9df 74fe 9cff 0000 0000  .~)p$w..t.......
  - 0104e40: 8fb8 e5b8 9fbd dfa6 8ffe a4ff 0000 0000  ................
  - 0104e50: 947d 7488 cf5f a9f8 a9fe acff 0000 0000  .}t.._..........
  - 0104e60: cf9b a88f 9370 44b9 c4fe b4ff 0000 0000  .....pD.........
  - 0104e70: 6b15 0fbf f8f0 088a dffe bcff 0000 0000  k...............
  - 0104e80: b631 3165 5525 b0cd f9fe c4ff 0000 0000  .11eU%..........
  - 0104e90: ac7f 7bd0 c6e2 3f99 14ff ccff 0000 0000  ..{...?.........
  - 0104ea0: 063b 2b2a c410 5ce4 2eff d4ff 0000 0000  .;+*..\.........
  - 0104eb0: d392 7369 9924 24aa 49ff dcff 0000 0000  ..si.$$.I.......
  - 0104ec0: 0eca 0083 f2b5 87fd 63ff e4ff 0000 0000  ........c.......
  - 0104ed0: eb1a 1192 6408 e5bc 7eff ecff 0000 0000  ....d...~.......
  - 0104ee0: cc88 506f 09cc bc8c 99ff f4ff 0000 0000  ..Po............
  - 0104ef0: 2c65 19e2 5817 b7d1 b3ff fcff 0000 0000  ,e..X...........
  - 0104f00: 0000 0000 0000 409c ceff 0400 0000 0000  ......@.........
  - 0104f10: 0000 0000 10a5 d4e8 e8ff 0c00 0000 0000  ................
  - 0104f20: 0000 62ac c5eb 78ad 0300 1400 0000 0000  ..b...x.........
  - 0104f30: 8409 94f8 7839 3f81 1e00 1c00 0000 0000  ....x9?.........
  - 0104f40: b315 07c9 7bce 97c0 3800 2400 0000 0000  ....{...8.$.....
  - 0104f50: 705c ea7b ce32 7e8f 5300 2c00 0000 0000  p\.{.2~.S.,.....
  - 0104f60: 6880 e9ab a438 d2d5 6d00 3400 0000 0000  h....8..m.4.....
  - 0104f70: 4522 9a17 2627 4f9f 8800 3c00 0000 0000  E"..&'O...<.....
  - 0104f80: 27fb c4d4 31a2 63ed a200 4400 0000 0000  '...1.c...D.....
  - 0104f90: a8ad c88c 3865 deb0 bd00 4c00 0000 0000  ....8e....L.....
  - 0104fa0: db65 ab1a 8e08 c783 d800 5400 0000 0000  .e........T.....
  - 0104fb0: 9a1d 7142 f91d 5dc4 f200 5c00 0000 0000  ..qB..]...\.....
  - 0104fc0: 58e7 1ba6 2c69 4d92 0d01 6400 0000 0000  X...,iM...d.....
  - 0104fd0: ea8d 701a 64ee 01da 2701 6c00 0000 0000  ..p.d...'.l.....
  - 0104fe0: 4a77 ef9a 99a3 6da2 4201 7400 0000 0000  Jw....m.B.t.....
  - 0104ff0: 856b 7db4 7b78 09f2 5c01 7c00 0000 0000  .k}.{x..\.|.....
  - 0105000: 7718 dd79 a1e4 54b4 7701 8400 0000 0000  w..y..T.w.......
  - 0105010: c2c5 9b5b 9286 5b86 9201 8c00 0000 0000  ...[..[.........
  - 0105020: 3d5d 96c8 c553 35c8 ac01 9400 0000 0000  =]...S5.........
  - 0105030: b3a0 97fa 5cb4 2a95 c701 9c00 0000 0000  ....\.*.........
  - 0105040: e35f a099 bd9f 46de e101 a400 0000 0000  ._....F.........
  - 0105050: 258c 39db 34c2 9ba5 fc01 ac00 0000 0000  %.9.4...........
  - 0105060: 5c9f 98a3 729a c6f6 1602 b400 0000 0000  \...r...........
  - 0105070: cebe e954 53bf dcb7 3102 bc00 0000 0000  ...TS...1.......
  - 0105080: e241 22f2 17f3 fc88 4c02 c400 0000 0000  .A".....L.......
  - 0105090: a578 5cd3 9bce 20cc 6602 cc00 0000 0000  .x\... .f.......
  - 01050a0: df53 217b f35a 1698 8102 d400 0000 0000  .S!{.Z..........
  - 01050b0: 3a30 1f97 dcb5 a0e2 9b02 dc00 0000 0000  :0..............
  - 01050c0: 96b3 e35c 53d1 d9a8 b602 e400 0000 0000  ...\S...........
  - 01050d0: 3c44 a7a4 d97c 9bfb d002 ec00 0000 0000  <D...|..........
  - 01050e0: 1044 a4a7 4c4c 76bb eb02 f400 0000 0000  .D..LLv.........
  - 01050f0: 1a9c 40b6 ef8e ab8b 0603 fc00 0000 0000  ..@.............
  - 0105100: 2c84 57a6 10ef 1fd0 2003 0401 0000 0000  ,.W..... .......
  - 0105110: 2931 91e9 e5a4 109b 3b03 0c01 0000 0000  )1......;.......
  - 0105120: 9d0c 9ca1 fb9b 10e7 5503 1401 0000 0000  ........U.......
  - 0105130: 29f4 3b62 d920 28ac 7003 1c01 0000 0000  ).;b. (.p.......
  - 0105140: 85cf a77a 5e4b 4480 8b03 2401 0000 0000  ...z^KD...$.....
  - 0105150: 2ddd ac03 40e4 21bf a503 2c01 0000 0000  -...@.!...,.....
  - 0105160: 8fff 445e 2f9c 678e c003 3401 0000 0000  ..D^/.g...4.....
  - 0105170: 41b8 8c9c 9d17 33d4 da03 3c01 0000 0000  A.....3...<.....
  - 0105180: a91b e3b4 92db 199e f503 4401 0000 0000  ..........D.....
  - 0105190: d977 dfba 6ebf 96eb 0f04 4c01 0000 0000  .w..n.....L.....
  - 01051a0: 6173 7365 7274 696f 6e20 6661 696c 6564  assertion failed
  - 01051b0: 3a20 642e 6d61 6e74 203e 2030 8202 1000  : d.mant > 0....
  - 01051c0: 6200 0000 de01 0000 0500 0000 8202 1000  b...............
  - 01051d0: 6200 0000 7f00 0000 1500 0000 8202 1000  b...............
  - 01051e0: 6200 0000 3502 0000 1100 0000 8202 1000  b...5...........
  - 01051f0: 6200 0000 6e02 0000 0900 0000 8202 1000  b...n...........
  - 0105200: 6200 0000 ab00 0000 0500 0000 8202 1000  b...............
  - 0105210: 6200 0000 0c01 0000 1100 0000 8202 1000  b...............
  - 0105220: 6200 0000 4201 0000 0900 0000 c306 1000  b...B...........
  - 0105230: 6300 0000 7401 0000 2400 0000 c306 1000  c...t...$.......
  - 0105240: 6300 0000 7901 0000 2f00 0000 c306 1000  c...y.../.......
  - 0105250: 6300 0000 8601 0000 1200 0000 c306 1000  c...............
  - 0105260: 6300 0000 6801 0000 0d00 0000 c306 1000  c...h...........
  - 0105270: 6300 0000 4e01 0000 2200 0000 c306 1000  c...N...".......
  - 0105280: 6300 0000 c400 0000 0900 0000 c306 1000  c...............
  - 0105290: 6300 0000 fd00 0000 0d00 0000 c306 1000  c...............
  - 01052a0: 6300 0000 0401 0000 1200 0000 0100 0000  c...............
  - 01052b0: 0a00 0000 6400 0000 e803 0000 1027 0000  ....d........'..
  - 01052c0: a086 0100 4042 0f00 8096 9800 00e1 f505  ....@B..........
  - 01052d0: 00ca 9a3b c16f f286 2300 0000 81ef ac85  ...;.o..#.......
  - 01052e0: 5b41 6d2d ee04 0000 011f 6abf 64ed 386e  [Am-......j.d.8n
  - 01052f0: ed97 a7da f4f9 3fe9 034f 1800 013e 952e  ......?..O...>..
  - 0105300: 0999 df03 fd38 150f 2fe4 7423 ecf5 cfd3  .....8../.t#....
  - 0105310: 08dc 04c4 dab0 cdbc 197f 33a6 0326 1fe9  ..........3..&..
  - 0105320: 4e02 0000 017c 2e98 5b87 d3be 729f d9d8  N....|..[...r...
  - 0105330: 872f 1512 c650 de6b 706e 4acf 0fd8 95d5  ./...P.kpnJ.....
  - 0105340: 6e71 b226 b066 c6ad 2436 151d 5ad3 423c  nq.&.f..$6..Z.B<
  - 0105350: 0e54 ff63 c073 55cc 17ef f965 f228 bc55  .T.c.sU....e.(.U
  - 0105360: f7c7 dc80 dced 6ef4 ceef dc5f f753 0500  ......n...._.S..
  - 0105370: 8202 1000 6200 0000 f102 0000 2600 0000  ....b.......&...
  - 0105380: 8202 1000 6200 0000 e502 0000 2600 0000  ....b.......&...
  - 0105390: 8202 1000 6200 0000 ce02 0000 2600 0000  ....b.......&...
  - 01053a0: 2e2e 2020 2020 3078 3031 3233 3435 3637  ..    0x01234567
  - 01053b0: 3839 4142 4344 4546 0000 803f 0000 2041  89ABCDEF...?.. A
  - 01053c0: 0000 c842 0000 7a44 0040 1c46 0050 c347  ...B..zD.@.F.P.G
  - 01053d0: 0024 7449 8096 184b 20bc be4c 286b 6e4e  .$tI...K ..L(knN
  - 01053e0: f902 1550 0000 0000 0000 0000 0000 0000  ...P............
  - 01053f0: 0000 0000 0000 0000 d40a 1000 4b00 0000  ............K...
  - 0105400: 850b 0000 2600 0000 d40a 1000 4b00 0000  ....&.......K...
  - 0105410: 8e0b 0000 1a00 0000 5265 6643 656c 6c20  ........RefCell 
  - 0105420: 616c 7265 6164 7920 626f 7272 6f77 6564  already borrowed
  - 0105430: 3f02 1000 2600 0000 2400 0000 2800 0000  ?...&...$...(...
  - 0105440: be05 1000 6800 0000 1e00 0000 2b00 0000  ....h.......+...
  - 0105450: be05 1000 6800 0000 1700 0000 2200 0000  ....h......."...
  - 0105460: d308 a385 886a 3f24 4473 7003 2e8a 1913  .....j?$Dsp.....
  - 0105470: d031 9f29 2238 09a4 896c 4eec 98fa 2e08  .1.)"8...lN.....
  - 0105480: 0000 0000 0400 0000 0400 0000 1d00 0000  ................
  - 0105490: 1e00 0000 200b 1000 6200 0000 4504 0000  .... ...b...E...
  - 01054a0: 2400 0000 200b 1000 6200 0000 3e04 0000  $... ...b...>...
  - 01054b0: 0100 0000 200b 1000 6200 0000 6404 0000  .... ...b...d...
  - 01054c0: 2500 0000 4861 7368 2074 6162 6c65 2063  %...Hash table c
  - 01054d0: 6170 6163 6974 7920 6f76 6572 666c 6f77  apacity overflow
  - 01054e0: 760a 1000 5d00 0000 5a00 0000 2800 0000  v...]...Z...(...
  - 01054f0: e101 1000 5d00 0000 2b00 0000 3b00 0000  ....]...+...;...
  - 0105500: 200b 1000 6200 0000 1b03 0000 4300 0000   ...b.......C...
  - 0105510: d308 a385 886a 3f24 4473 7003 2e8a 1913  .....j?$Dsp.....
  - 0105520: d031 9f29 2238 09a4 896c 4eec 98fa 2e08  .1.)"8...lN.....
  - 0105530: 7713 d038 e621 2845 6c0c e934 cf66 54be  w..8.!(El..4.fT.
  - 0105540: dd50 7cc9 b729 acc0 1709 47b5 b5d5 843f  .P|..)....G....?
  - 0105550: 0000 0000 2400 0000 0400 0000 1f00 0000  ....$...........
  - 0105560: 2000 0000 2100 0000 2200 0000 2300 0000   ...!..."...#...
  - 0105570: 2400 0000 2500 0000 2600 0000 2700 0000  $...%...&...'...
  - 0105580: 2800 0000 2900 0000 2a00 0000 2b00 0000  (...)...*...+...
  - 0105590: 0000 0000 2c00 0000 0400 0000 2c00 0000  ....,.......,...
  - 01055a0: 2d00 0000 2e00 0000 2f00 0000 3000 0000  -......./...0...
  - 01055b0: 3100 0000 3200 0000 3300 0000 3400 0000  1...2...3...4...
  - 01055c0: 3500 0000 3600 0000 3700 0000 3800 0000  5...6...7...8...
  - 01055d0: 0000 0000 0400 0000 0400 0000 3900 0000  ............9...
  - 01055e0: 3a00 0000 0000 0000 0400 0000 0400 0000  :...............
  - 01055f0: 3b00 0000 3c00 0000 0000 0000 0400 0000  ;...<...........
  - 0105600: 0400 0000 3d00 0000 3e00 0000 0000 0000  ....=...>.......
  - 0105610: 0400 0000 0400 0000 3f00 0000 4000 0000  ........?...@...
  - 0105620: 0000 0000 0400 0000 0400 0000 4100 0000  ............A...
  - 0105630: 4200 0000 0000 0000 0400 0000 0400 0000  B...............
  - 0105640: 4300 0000 4400 0000 0000 0000 0400 0000  C...D...........
  - 0105650: 0400 0000 4500 0000 4600 0000 0000 0000  ....E...F.......
  - 0105660: 0400 0000 0400 0000 4700 0000 4800 0000  ........G...H...
  - 0105670: 0000 0000 0400 0000 0400 0000 4900 0000  ............I...
  - 0105680: 4a00 0000 0000 0000 0400 0000 0400 0000  J...............
  - 0105690: 4b00 0000 4c00 0000 0000 0000 0400 0000  K...L...........
  - 01056a0: 0400 0000 4b00 0000 4c00 0000 0000 0000  ....K...L.......
  - 01056b0: 0400 0000 0400 0000 4d00 0000 4e00 0000  ........M...N...
  - 01056c0: 0000 0000 0400 0000 0400 0000 4f00 0000  ............O...
  - 01056d0: 5000 0000 0000 0000 0400 0000 0400 0000  P...............
  - 01056e0: 5100 0000 5200 0000 0000 0000 0400 0000  Q...R...........
  - 01056f0: 0400 0000 5300 0000 5400 0000 0000 0000  ....S...T.......
  - 0105700: 0400 0000 0400 0000 5500 0000 5600 0000  ........U...V...
  - 0105710: 0000 0000 0400 0000 0400 0000 5700 0000  ............W...
  - 0105720: 5800 0000 0000 0000 0400 0000 0400 0000  X...............
  - 0105730: 5900 0000 5a00 0000 e908 1000 2300 0000  Y...Z.......#...
  - 0105740: 2f03 0000 1600 0000 0000 0000 0400 0000  /...............
  - 0105750: 0400 0000 5b00 0000 5c00 0000 0000 0000  ....[...\.......
  - 0105760: 0400 0000 0400 0000 5d00 0000 5e00 0000  ........]...^...
  - 0105770: 0000 0000 0400 0000 0400 0000 5f00 0000  ............_...
  - 0105780: 6000 0000 0000 0000 0100 0301 0000 0000  `...............
  - 0105790: 0000 0000 0200 0901 0000 0000 0000 0000  ................
  - 01057a0: 0300 0101 0000 0000 0000 0000 0400 0901  ................
  - 01057b0: 0000 0000 0000 0000 0500 0301 0000 0000  ................
  - 01057c0: 0000 0000 0600 0101 0000 0000 0000 0000  ................
  - 01057d0: 0700 0101 0000 0000 0000 0000 0800 0101  ................
  - 01057e0: 0000 0000 0000 0000 0900 0101 0000 0000  ................
  - 01057f0: 0000 0000 0a00 0600 0000 0000 0000 0000  ................
  - 0105800: 0b00 0600 0000 0000 0000 0000 0c00 0601  ................
  - 0105810: 0000 0000 0000 0000 0d00 0101 0000 0000  ................
  - 0105820: 0000 0000 0e00 0101 0000 0000 0000 0000  ................
  - 0105830: 0f00 0301 0000 0000 0000 0000 1000 0301  ................
  - 0105840: 0000 0000 0000 0000 1100 0900 0000 0000  ................
  - 0105850: 0000 0000 1200 0900 0000 0000 0000 0000  ................
  - 0105860: 0100 0601 0000 0000 0d09 1000 2300 0000  ............#...
  - 0105870: dd0b 0000 3500 0000 0d09 1000 2300 0000  ....5.......#...
  - 0105880: 6f0b 0000 2500 0000 0000 0000 0200 0401  o...%...........
  - 0105890: 0000 0000 808f 1000 0100 0b01 0100 0000  ................
  - 01058a0: f607 1000 1c00 0000 fe00 0000 2000 0000  ............ ...
  - 01058b0: f607 1000 1c00 0000 0501 0000 2200 0000  ............"...
  - 01058c0: 0000 0000 0000 0000 0000 0000 0000 0000  ................
  - 01058d0: 0000 0000 0000 0000 0000 0000 0100 0000  ................
  - 01058e0: 6602 1000 1b00 0000 2c01 0000 2400 0000  f.......,...$...
  - 01058f0: 6602 1000 1b00 0000 3601 0000 2500 0000  f.......6...%...
  - 0105900: 6602 1000 1b00 0000 6401 0000 0900 0000  f.......d.......
  - 0105910: 507d 1000 0200 0b01 0100 0000 507a 1000  P}..........Pz..
  - 0105920: 0100 0b01 0000 0000 507a 1000 0300 0b01  ........Pz......
  - 0105930: 0100 0000 0000 0000 0800 0000 0400 0000  ................
  - 0105940: 6100 0000 636f 6e66 6f72 6d61 6e63 6520  a...conformance 
  - 0105950: 6576 656e 7420 656e 636f 6465 7300 0000  event encodes...
  - 0105960: 530a 1000 2200 0000 c901 0000 0a00 0000  S..."...........
  - 0105970: 636f 6e66 6f72 6d61 6e63 6520 6572 726f  conformance erro
  - 0105980: 7220 656e 636f 6465 7300 0000 530a 1000  r encodes...S...
  - 0105990: 2200 0000 b801 0000 0a00 0000 7265 7370  "...........resp
  - 01059a0: 6f6e 7365 2e6f 6b72 6573 706f 6e73 652e  onse.okresponse.
  - 01059b0: 6d61 6c66 6f72 6d65 645f 6672 616d 6572  malformed_framer
  - 01059c0: 6573 706f 6e73 652e 756e 7375 7070 6f72  esponse.unsuppor
  - 01059d0: 7465 645f 7665 7273 696f 6e72 6573 706f  ted_versionrespo
  - 01059e0: 6e73 652e 756e 7375 7070 6f72 7465 645f  nse.unsupported_
  - 01059f0: 6d65 7373 6167 6572 6573 706f 6e73 652e  messageresponse.
  - 0105a00: 756e 6b6e 6f77 6e5f 7265 7175 6972 6564  unknown_required
  - 0105a10: 5f66 6965 6c64 7265 7370 6f6e 7365 2e69  _fieldresponse.i
  - 0105a20: 6e76 616c 6964 5f66 6965 6c64 7265 7370  nvalid_fieldresp
  - 0105a30: 6f6e 7365 2e6c 696d 6974 5f65 7863 6565  onse.limit_excee
  - 0105a40: 6465 6472 6573 706f 6e73 652e 7265 7669  dedresponse.revi
  - 0105a50: 7369 6f6e 5f63 6f6e 666c 6963 7472 6573  sion_conflictres
  - 0105a60: 706f 6e73 652e 7265 7669 7369 6f6e 5f65  ponse.revision_e
  - 0105a70: 7868 6175 7374 6564 7265 7370 6f6e 7365  xhaustedresponse
  - 0105a80: 2e72 6571 7565 7374 5f69 645f 7265 7573  .request_id_reus
  - 0105a90: 6572 6573 706f 6e73 652e 7265 706c 6179  eresponse.replay
  - 0105aa0: 5f65 7870 6972 6564 7265 7370 6f6e 7365  _expiredresponse
  - 0105ab0: 2e62 6163 6b70 7265 7373 7572 6572 6573  .backpressureres
  - 0105ac0: 706f 6e73 652e 7661 6c69 6461 7469 6f6e  ponse.validation
  - 0105ad0: 5f66 6169 6c65 6472 6573 706f 6e73 652e  _failedresponse.
  - 0105ae0: 6e6f 745f 666f 756e 6472 6573 706f 6e73  not_foundrespons
  - 0105af0: 652e 756e 6176 6169 6c61 626c 6572 6573  e.unavailableres
  - 0105b00: 706f 6e73 652e 7469 6d65 5f69 6e5f 7061  ponse.time_in_pa
  - 0105b10: 7374 7265 7370 6f6e 7365 2e61 7574 6f6d  stresponse.autom
  - 0105b20: 6174 696f 6e5f 6f72 6465 7272 6573 706f  ation_orderrespo
  - 0105b30: 6e73 652e 7063 6d5f 666f 7262 6964 6465  nse.pcm_forbidde
  - 0105b40: 6e72 6573 706f 6e73 652e 696e 7465 726e  nresponse.intern
  - 0105b50: 616c 636f 6e66 6f72 6d61 6e63 6520 636f  alconformance co
  - 0105b60: 6d6d 616e 6420 656e 636f 6465 7300 0000  mmand encodes...
  - 0105b70: 530a 1000 2200 0000 9601 0000 0a00 0000  S..."...........
  - 0105b80: 636f 6e66 6f72 6d61 6e63 6520 7265 7370  conformance resp
  - 0105b90: 6f6e 7365 2065 6e63 6f64 6573 530a 1000  onse encodesS...
  - 0105ba0: 2200 0000 a701 0000 0a00 0000 636f 6d6d  "...........comm
  - 0105bb0: 616e 642e 6361 7061 6269 6c69 7469 6573  and.capabilities
  - 0105bc0: 5f67 6574 636f 6d6d 616e 642e 7365 7373  _getcommand.sess
  - 0105bd0: 696f 6e5f 736e 6170 7368 6f74 5f67 6574  ion_snapshot_get
  - 0105be0: 636f 6d6d 616e 642e 7365 7373 696f 6e5f  command.session_
  - 0105bf0: 7472 616e 7361 6374 696f 6e5f 6170 706c  transaction_appl
  - 0105c00: 7963 6f6d 6d61 6e64 2e70 6172 616d 6574  ycommand.paramet
  - 0105c10: 6572 5f6d 6574 6164 6174 615f 6765 7463  er_metadata_getc
  - 0105c20: 6f6d 6d61 6e64 2e70 6172 616d 6574 6572  ommand.parameter
  - 0105c30: 5f73 7461 7465 5f67 6574 636f 6d6d 616e  _state_getcomman
  - 0105c40: 642e 6175 746f 6d61 7469 6f6e 5f65 6e71  d.automation_enq
  - 0105c50: 7565 7565 636f 6d6d 616e 642e 7472 616e  ueuecommand.tran
  - 0105c60: 7370 6f72 745f 6765 7463 6f6d 6d61 6e64  sport_getcommand
  - 0105c70: 2e74 7261 6e73 706f 7274 5f73 6574 636f  .transport_setco
  - 0105c80: 6d6d 616e 642e 7465 6c65 6d65 7472 795f  mmand.telemetry_
  - 0105c90: 636f 6e66 6967 7572 6563 6f6d 6d61 6e64  configurecommand
  - 0105ca0: 2e63 6f75 6e74 6572 735f 6765 7463 6f6d  .counters_getcom
  - 0105cb0: 6d61 6e64 2e64 6961 676e 6f73 7469 6373  mand.diagnostics
  - 0105cc0: 5f67 6574 0100 0200 0300 0400 0500 0600  _get............
  - 0105cd0: 0700 0800 0900 0a00 0b00 0180 0280 1080  ................
  - 0105ce0: 2080 2180 3080 7265 7370 6f6e 7365 2e63   .!.0.response.c
  - 0105cf0: 6170 6162 696c 6974 6965 7372 6573 706f  apabilitiesrespo
  - 0105d00: 6e73 652e 7365 7373 696f 6e5f 736e 6170  nse.session_snap
  - 0105d10: 7368 6f74 7265 7370 6f6e 7365 2e73 6573  shotresponse.ses
  - 0105d20: 7369 6f6e 5f74 7261 6e73 6163 7469 6f6e  sion_transaction
  - 0105d30: 7265 7370 6f6e 7365 2e70 6172 616d 6574  response.paramet
  - 0105d40: 6572 5f6d 6574 6164 6174 6172 6573 706f  er_metadatarespo
  - 0105d50: 6e73 652e 7061 7261 6d65 7465 725f 7374  nse.parameter_st
  - 0105d60: 6174 6572 6573 706f 6e73 652e 6175 746f  ateresponse.auto
  - 0105d70: 6d61 7469 6f6e 7265 7370 6f6e 7365 2e74  mationresponse.t
  - 0105d80: 7261 6e73 706f 7274 5f67 6574 7265 7370  ransport_getresp
  - 0105d90: 6f6e 7365 2e74 7261 6e73 706f 7274 5f73  onse.transport_s
  - 0105da0: 6574 7265 7370 6f6e 7365 2e74 656c 656d  etresponse.telem
  - 0105db0: 6574 7279 7265 7370 6f6e 7365 2e63 6f75  etryresponse.cou
  - 0105dc0: 6e74 6572 7372 6573 706f 6e73 652e 6469  ntersresponse.di
  - 0105dd0: 6167 6e6f 7374 6963 7370 726f 746f 636f  agnosticsprotoco
  - 0105de0: 6c2e 636f 6e66 6f72 6d61 6e63 6565 7665  l.conformanceeve
  - 0105df0: 6e74 2e73 6573 7369 6f6e 5f63 6f6d 6d69  nt.session_commi
  - 0105e00: 7474 6564 6576 656e 742e 6175 746f 6d61  ttedevent.automa
  - 0105e10: 7469 6f6e 5f63 616e 6365 6c65 6465 7665  tion_canceledeve
  - 0105e20: 6e74 2e74 7261 6e73 706f 7274 5f73 7461  nt.transport_sta
  - 0105e30: 7465 6576 656e 742e 6d65 7465 725f 6261  teevent.meter_ba
  - 0105e40: 7463 6865 7665 6e74 2e63 6f75 6e74 6572  tchevent.counter
  - 0105e50: 5f73 6e61 7073 686f 7465 7665 6e74 2e64  _snapshotevent.d
  - 0105e60: 6961 676e 6f73 7469 6369 6e74 6572 6e61  iagnosticinterna
  - 0105e70: 6c20 6572 726f 723a 2065 6e74 6572 6564  l error: entered
  - 0105e80: 2075 6e72 6561 6368 6162 6c65 2063 6f64   unreachable cod
  - 0105e90: 653a 2068 616e 646c 6564 2061 7320 6120  e: handled as a 
  - 0105ea0: 636f 6d70 6c65 7465 2074 7261 6e73 6163  complete transac
  - 0105eb0: 7469 6f6e 2066 7261 6d65 0000 3109 1000  tion frame..1...
  - 0105ec0: 2200 0000 9502 0000 0d00 0000 0000 0000  "...............
  - 0105ed0: 0400 0000 0400 0000 6200 0000 6300 0000  ........b...c...
  - 0105ee0: 507a 1000 0100 0b01 0100 0000 707b 1000  Pz..........p{..
  - 0105ef0: 0300 0b00 0000 0000 0000 0000 0200 0301  ................
  - 0105f00: 0000 0000 0000 0000 0100 0401 0000 0000  ................
  - 0105f10: 0000 0000 0300 0a01 0000 0000 0000 0000  ................
  - 0105f20: 0400 0801 0000 0000 d87a 1000 1300 0b00  .........z......
  - 0105f30: 0100 0000 0000 0000 0c00 0000 0400 0000  ................
  - 0105f40: 6400 0000 6500 0000 0000 0000 0400 0000  d...e...........
  - 0105f50: 0400 0000 6600 0000 6700 0000 0000 0000  ....f...g.......
  - 0105f60: 0200 0201 0000 0000 0000 0000 0300 0201  ................
  - 0105f70: 0000 0000 0000 0000 0400 0000 0400 0000  ................
  - 0105f80: 6800 0000 6900 0000 0000 0000 0400 0a01  h...i...........
  - 0105f90: 0000 0000 1c7d 1000 0300 0b01 0100 0000  .....}..........
  - 0105fa0: 0000 0000 0400 0000 0400 0000 6a00 0000  ............j...
  - 0105fb0: 6b00 0000 0000 0000 0800 0000 0400 0000  k...............
  - 0105fc0: 6c00 0000 6d00 0000 0000 0000 0400 0000  l...m...........
  - 0105fd0: 0400 0000 6e00 0000 6f00 0000 0000 0000  ....n...o.......
  - 0105fe0: 0100 0201 0000 0000 0000 0000 0400 0201  ................
  - 0105ff0: 0000 0000 0000 0000 0500 0401 0000 0000  ................
  - 0106000: 0000 0000 0600 0301 0000 0000 0000 0000  ................
  - 0106010: 0700 0401 0000 0000 0000 0000 0900 0201  ................
  - 0106020: 0000 0000 0000 0000 1500 0201 0000 0000  ................
  - 0106030: 0000 0000 1600 0201 0000 0000 0000 0000  ................
  - 0106040: 1700 0201 0000 0000 0000 0000 1800 0301  ................
  - 0106050: 0000 0000 0000 0000 1900 0c01 0000 0000  ................
  - 0106060: 0000 0000 1a00 0c01 0000 0000 0000 0000  ................
  - 0106070: 1b00 0401 0000 0000 e079 1000 0300 0b01  .........y......
  - 0106080: 0100 0000 0000 0000 0200 0801 0000 0000  ................
  - 0106090: 0000 0000 0100 0d01 0000 0000 0000 0000  ................
  - 01060a0: 0200 0400 0000 0000 0000 0000 0100 0101  ................
  - 01060b0: 0000 0000 0000 0000 0400 0000 0400 0000  ................
  - 01060c0: 7000 0000 7100 0000 0000 0000 0200 0d00  p...q...........
  - 01060d0: 0000 0000 0000 0000 0100 0801 0000 0000  ................
  - 01060e0: 0000 0000 0800 0000 0400 0000 7200 0000  ............r...
  - 01060f0: 7300 0000 0000 0000 0300 0401 0000 0000  s...............
  - 0106100: 0000 0000 0400 0301 0000 0000 0000 0000  ................
  - 0106110: 0400 0000 0400 0000 7400 0000 7500 0000  ........t...u...
  - 0106120: 0000 0000 0400 0900 0000 0000 0000 0000  ................
  - 0106130: 0500 0300 0000 0000 0000 0000 0600 0400  ................
  - 0106140: 0000 0000 0000 0000 0700 0400 0000 0000  ................
  - 0106150: 0000 0000 0100 0901 0000 0000 0000 0000  ................
  - 0106160: 0200 0101 0000 0000 0000 0000 0800 0000  ................
  - 0106170: 0400 0000 7600 0000 7700 0000 0000 0000  ....v...w.......
  - 0106180: 0400 0101 0000 0000 0000 0000 0400 0401  ................
  - 0106190: 0000 0000 0000 0000 0500 0400 0000 0000  ................
  - 01061a0: 0000 0000 0800 0400 0000 0000 0000 0000  ................
  - 01061b0: 0200 0900 0000 0000 0000 0000 0300 0400  ................
  - 01061c0: 0000 0000 0000 0000 0400 0000 0400 0000  ................
  - 01061d0: 7800 0000 7900 0000 0000 0000 0300 0d01  x...y...........
  - 01061e0: 0000 0000 0000 0000 0500 0801 0000 0000  ................
  - 01061f0: a883 1000 0200 0b01 0000 0000 e908 1000  ................
  - 0106200: 2300 0000 d604 0000 3600 0000 e908 1000  #.......6.......
  - 0106210: 2300 0000 d904 0000 3f00 0000 e908 1000  #.......?.......
  - 0106220: 2300 0000 dc04 0000 3f00 0000 e908 1000  #.......?.......
  - 0106230: 2300 0000 e004 0000 3900 0000 e908 1000  #.......9.......
  - 0106240: 2300 0000 e504 0000 3900 0000 e908 1000  #.......9.......
  - 0106250: 2300 0000 e904 0000 4a00 0000 e908 1000  #.......J.......
  - 0106260: 2300 0000 ec04 0000 3500 0000 e908 1000  #.......5.......
  - 0106270: 2300 0000 ef04 0000 3500 0000 e908 1000  #.......5.......
  - 0106280: 2300 0000 f004 0000 2e00 0000 e908 1000  #...............
  - 0106290: 2300 0000 f104 0000 3800 0000 e908 1000  #.......8.......
  - 01062a0: 2300 0000 f204 0000 5000 0000 e908 1000  #.......P.......
  - 01062b0: 2300 0000 f304 0000 3700 0000 e908 1000  #.......7.......
  - 01062c0: 2300 0000 f604 0000 4800 0000 e908 1000  #.......H.......
  - 01062d0: 2300 0000 f904 0000 3400 0000 e908 1000  #.......4.......
  - 01062e0: 2300 0000 fd04 0000 3800 0000 e908 1000  #.......8.......
  - 01062f0: 2300 0000 fe04 0000 3900 0000 e908 1000  #.......9.......
  - 0106300: 2300 0000 ff04 0000 4700 0000 e908 1000  #.......G.......
  - 0106310: 2300 0000 0005 0000 4800 0000 e908 1000  #.......H.......
  - 0106320: 2300 0000 0405 0000 3400 0000 e908 1000  #.......4.......
  - 0106330: 2300 0000 0505 0000 4e00 0000 e908 1000  #.......N.......
  - 0106340: 2300 0000 0805 0000 3400 0000 e908 1000  #.......4.......
  - 0106350: 2300 0000 0a05 0000 1a00 0000 e908 1000  #...............
  - 0106360: 2300 0000 0c05 0000 4e00 0000 e908 1000  #.......N.......
  - 0106370: 2300 0000 0f05 0000 3400 0000 e908 1000  #.......4.......
  - 0106380: 2300 0000 1105 0000 1a00 0000 e908 1000  #...............
  - 0106390: 2300 0000 1305 0000 3f00 0000 e908 1000  #.......?.......
  - 01063a0: 2300 0000 1405 0000 4a00 0000 e908 1000  #.......J.......
  - 01063b0: 2300 0000 1f05 0000 3400 0000 e908 1000  #.......4.......
  - 01063c0: 2300 0000 2105 0000 1a00 0000 e908 1000  #...!...........
  - 01063d0: 2300 0000 2305 0000 2f00 0000 e908 1000  #...#.../.......
  - 01063e0: 2300 0000 2d05 0000 5200 0000 e908 1000  #...-...R.......
  - 01063f0: 2300 0000 3605 0000 4900 0000 e908 1000  #...6...I.......
  - 0106400: 2300 0000 3f05 0000 3700 0000 e908 1000  #...?...7.......
  - 0106410: 2300 0000 4805 0000 4800 0000 e908 1000  #...H...H.......
  - 0106420: 2300 0000 5105 0000 5400 0000 e908 1000  #...Q...T.......
  - 0106430: 2300 0000 5a05 0000 4c00 0000 e908 1000  #...Z...L.......
  - 0106440: 2300 0000 5e05 0000 3400 0000 e908 1000  #...^...4.......
  - 0106450: 2300 0000 6005 0000 1a00 0000 e908 1000  #...`...........
  - 0106460: 2300 0000 6205 0000 3500 0000 e908 1000  #...b...5.......
  - 0106470: 2300 0000 6305 0000 3d00 0000 e908 1000  #...c...=.......
  - 0106480: 2300 0000 6505 0000 1a00 0000 e908 1000  #...e...........
  - 0106490: 2300 0000 6905 0000 3400 0000 e908 1000  #...i...4.......
  - 01064a0: 2300 0000 6a05 0000 4800 0000 e908 1000  #...j...H.......
  - 01064b0: 2300 0000 6d05 0000 3400 0000 e908 1000  #...m...4.......
  - 01064c0: 2300 0000 6f05 0000 3900 0000 e908 1000  #...o...9.......
  - 01064d0: 2300 0000 7305 0000 4a00 0000 e908 1000  #...s...J.......
  - 01064e0: 2300 0000 7605 0000 3500 0000 e908 1000  #...v...5.......
  - 01064f0: 2300 0000 7905 0000 4a00 0000 e908 1000  #...y...J.......
  - 0106500: 2300 0000 7c05 0000 3500 0000 e908 1000  #...|...5.......
  - 0106510: 2300 0000 7f05 0000 4800 0000 e908 1000  #.......H.......
  - 0106520: 2300 0000 8205 0000 3400 0000 e908 1000  #.......4.......
  - 0106530: 2300 0000 8505 0000 3400 0000 e908 1000  #.......4.......
  - 0106540: 2300 0000 8605 0000 5000 0000 e908 1000  #.......P.......
  - 0106550: 2300 0000 8905 0000 3400 0000 e908 1000  #.......4.......
  - 0106560: 2300 0000 8b05 0000 3900 0000 e908 1000  #.......9.......
  - 0106570: 2300 0000 8f05 0000 3400 0000 e908 1000  #.......4.......
  - 0106580: 2300 0000 9105 0000 3900 0000 e908 1000  #.......9.......
  - 0106590: 2300 0000 9505 0000 3400 0000 e908 1000  #.......4.......
  - 01065a0: 2300 0000 9605 0000 3800 0000 e908 1000  #.......8.......
  - 01065b0: 2300 0000 9905 0000 5200 0000 e908 1000  #.......R.......
  - 01065c0: 2300 0000 9c05 0000 3900 0000 e908 1000  #.......9.......
  - 01065d0: 2300 0000 9f05 0000 3900 0000 e908 1000  #.......9.......
  - 01065e0: 2300 0000 a005 0000 5500 0000 e908 1000  #.......U.......
  - 01065f0: 2300 0000 a305 0000 3900 0000 e908 1000  #.......9.......
  - 0106600: 2300 0000 a405 0000 2d00 0000 2c84 1000  #.......-...,...
  - 0106610: 0200 0b01 0000 0000 f08a 1000 0300 0b01  ................
  - 0106620: 0000 0000 c086 1000 0400 0b01 0000 0000  ................
  - 0106630: 0092 1000 0500 0b01 0000 0000 948f 1000  ................
  - 0106640: 0600 0b01 0000 0000 948f 1000 0700 0b01  ................
  - 0106650: 0000 0000 948f 1000 0800 0b01 0000 0000  ................
  - 0106660: e48f 1000 0900 0b01 0000 0000 8c85 1000  ................
  - 0106670: 0a00 0b01 0000 0000 0000 0000 0400 0000  ................
  - 0106680: 0400 0000 7a00 0000 7b00 0000 f888 1000  ....z...{.......
  - 0106690: 0100 0b01 0000 0000 0000 0000 0400 0000  ................
  - 01066a0: 0400 0000 7c00 0000 7d00 0000 f888 1000  ....|...}.......
  - 01066b0: 0200 0b01 0000 0000 f087 1000 0200 0b01  ................
  - 01066c0: 0000 0000 3090 1000 0600 0b01 0100 0000  ....0...........
  - 01066d0: 6892 1000 0700 0b01 0000 0000 0000 0000  h...............
  - 01066e0: 0400 0000 0400 0000 7e00 0000 7f00 0000  ........~.......
  - 01066f0: 0000 0000 0300 0901 0000 0000 d88b 1000  ................
  - 0106700: 0300 0b01 0100 0000 0000 0000 0400 0000  ................
  - 0106710: 0400 0000 8000 0000 8100 0000 b08a 1000  ................
  - 0106720: 0200 0b01 0000 0000 0000 0000 0400 0000  ................
  - 0106730: 0400 0000 5900 0000 5a00 0000 0000 0000  ....Y...Z.......
  - 0106740: 0400 0000 0400 0000 8200 0000 8300 0000  ................
  - 0106750: e908 1000 2300 0000 1902 0000 4100 0000  ....#.......A...
  - 0106760: e908 1000 2300 0000 1a02 0000 4900 0000  ....#.......I...
  - 0106770: e908 1000 2300 0000 1c02 0000 1a00 0000  ....#...........
  - 0106780: e908 1000 2300 0000 1f02 0000 1e00 0000  ....#...........
  - 0106790: e908 1000 2300 0000 2202 0000 1e00 0000  ....#...".......
  - 01067a0: e908 1000 2300 0000 2502 0000 1e00 0000  ....#...%.......
  - 01067b0: e908 1000 2300 0000 2702 0000 4000 0000  ....#...'...@...
  - 01067c0: e908 1000 2300 0000 2f02 0000 1900 0000  ....#.../.......
  - 01067d0: e908 1000 2300 0000 3002 0000 1b00 0000  ....#...0.......
  - 01067e0: e908 1000 2300 0000 3102 0000 1900 0000  ....#...1.......
  - 01067f0: e908 1000 2300 0000 3202 0000 1900 0000  ....#...2.......
  - 0106800: e908 1000 2300 0000 3302 0000 1a00 0000  ....#...3.......
  - 0106810: e908 1000 2300 0000 3502 0000 4000 0000  ....#...5...@...
  - 0106820: e908 1000 2300 0000 3602 0000 3e00 0000  ....#...6...>...
  - 0106830: e908 1000 2300 0000 3d02 0000 1900 0000  ....#...=.......
  - 0106840: e908 1000 2300 0000 3e02 0000 1900 0000  ....#...>.......
  - 0106850: e908 1000 2300 0000 3f02 0000 1900 0000  ....#...?.......
  - 0106860: e908 1000 2300 0000 4002 0000 1900 0000  ....#...@.......
  - 0106870: e908 1000 2300 0000 4302 0000 1900 0000  ....#...C.......
  - 0106880: e908 1000 2300 0000 4402 0000 1e00 0000  ....#...D.......
  - 0106890: e908 1000 2300 0000 4b02 0000 1900 0000  ....#...K.......
  - 01068a0: e908 1000 2300 0000 4e02 0000 1100 0000  ....#...N.......
  - 01068b0: e908 1000 2300 0000 5102 0000 1e00 0000  ....#...Q.......
  - 01068c0: e908 1000 2300 0000 5902 0000 1900 0000  ....#...Y.......
  - 01068d0: e908 1000 2300 0000 5c02 0000 1100 0000  ....#...\.......
  - 01068e0: e908 1000 2300 0000 5f02 0000 1a00 0000  ....#..._.......
  - 01068f0: e908 1000 2300 0000 6002 0000 1e00 0000  ....#...`.......
  - 0106900: e908 1000 2300 0000 6702 0000 1900 0000  ....#...g.......
  - 0106910: e908 1000 2300 0000 6a02 0000 1100 0000  ....#...j.......
  - 0106920: e908 1000 2300 0000 6d02 0000 1900 0000  ....#...m.......
  - 0106930: e908 1000 2300 0000 7402 0000 1900 0000  ....#...t.......
  - 0106940: e908 1000 2300 0000 7702 0000 1100 0000  ....#...w.......
  - 0106950: e908 1000 2300 0000 7b02 0000 1d00 0000  ....#...{.......
  - 0106960: e908 1000 2300 0000 9b02 0000 1b00 0000  ....#...........
  - 0106970: e908 1000 2300 0000 c202 0000 1a00 0000  ....#...........
  - 0106980: e908 1000 2300 0000 c502 0000 1100 0000  ....#...........
  - 0106990: e908 1000 2300 0000 ca02 0000 1900 0000  ....#...........
  - 01069a0: e908 1000 2300 0000 cb02 0000 1e00 0000  ....#...........
  - 01069b0: e908 1000 2300 0000 d102 0000 1900 0000  ....#...........
  - 01069c0: e908 1000 2300 0000 d202 0000 1e00 0000  ....#...........
  - 01069d0: e908 1000 2300 0000 d502 0000 1e00 0000  ....#...........
  - 01069e0: e908 1000 2300 0000 d702 0000 4000 0000  ....#.......@...
  - 01069f0: e908 1000 2300 0000 d902 0000 1e00 0000  ....#...........
  - 0106a00: e908 1000 2300 0000 db02 0000 4000 0000  ....#.......@...
  - 0106a10: e908 1000 2300 0000 dc02 0000 4000 0000  ....#.......@...
  - 0106a20: e908 1000 2300 0000 dd02 0000 3e00 0000  ....#.......>...
  - 0106a30: e908 1000 2300 0000 df02 0000 1900 0000  ....#...........
  - 0106a40: e908 1000 2300 0000 e002 0000 1e00 0000  ....#...........
  - 0106a50: e908 1000 2300 0000 e602 0000 1900 0000  ....#...........
  - 0106a60: e908 1000 2300 0000 e702 0000 1e00 0000  ....#...........
  - 0106a70: e908 1000 2300 0000 ed02 0000 1900 0000  ....#...........
  - 0106a80: e908 1000 2300 0000 ee02 0000 1e00 0000  ....#...........
  - 0106a90: e908 1000 2300 0000 f102 0000 1900 0000  ....#...........
  - 0106aa0: e908 1000 2300 0000 f202 0000 1a00 0000  ....#...........
  - 0106ab0: e908 1000 2300 0000 f502 0000 1e00 0000  ....#...........
  - 0106ac0: e908 1000 2300 0000 f702 0000 4800 0000  ....#.......H...
  - 0106ad0: e908 1000 2300 0000 fc02 0000 1900 0000  ....#...........
  - 0106ae0: e908 1000 2300 0000 fd02 0000 1e00 0000  ....#...........
  - 0106af0: e908 1000 2300 0000 0303 0000 1900 0000  ....#...........
  - 0106b00: e908 1000 2300 0000 0503 0000 2200 0000  ....#......."...
  - 0106b10: 0000 0000 0200 0601 0000 0000 0000 0000  ................
  - 0106b20: 0300 0601 0000 0000 0000 0000 0400 0601  ................
  - 0106b30: 0000 0000 0000 0000 0500 0601 0000 0000  ................
  - 0106b40: 8091 1000 0100 0b01 0100 0000 0000 0000  ................
  - 0106b50: 0500 0101 0000 0000 e908 1000 2300 0000  ............#...
  - 0106b60: 1303 0000 1100 0000 e908 1000 2300 0000  ............#...
  - 0106b70: 1603 0000 0900 0000 e908 1000 2300 0000  ............#...
  - 0106b80: 1903 0000 1100 0000 e908 1000 2300 0000  ............#...
  - 0106b90: 2403 0000 1100 0000 e908 1000 2300 0000  $...........#...
  - 0106ba0: 2707 0000 2600 0000 e908 1000 2300 0000  '...&.......#...
  - 0106bb0: 2807 0000 5300 0000 e908 1000 2300 0000  (...S.......#...
  - 0106bc0: 2907 0000 2600 0000 7b0a 2020 2273 6368  )...&...{.  "sch
  - 0106bd0: 656d 615f 7665 7273 696f 6e22 3a20 312c  ema_version": 1,
  - 0106be0: 0a20 2022 7365 7373 696f 6e5f 6964 223a  .  "session_id":
  - 0106bf0: 2022 6465 6d6f 2e73 6573 7369 6f6e 222c   "demo.session",
  - 0106c00: 0a20 2022 7265 7669 7369 6f6e 223a 2022  .  "revision": "
  - 0106c10: 3722 2c0a 2020 2273 616d 706c 655f 7261  7",.  "sample_ra
  - 0106c20: 7465 5f68 7a22 3a20 3438 3030 302c 0a20  te_hz": 48000,. 
  - 0106c30: 2022 7175 616e 7475 6d5f 6672 616d 6573   "quantum_frames
  - 0106c40: 223a 2031 3238 2c0a 2020 2272 656e 6465  ": 128,.  "rende
  - 0106c50: 725f 7072 6f66 696c 6522 3a20 7b0a 2020  r_profile": {.  
  - 0106c60: 2020 2269 6422 3a20 226e 6174 6976 6522    "id": "native"
  - 0106c70: 2c0a 2020 2020 226d 6f64 6522 3a20 2273  ,.    "mode": "s
  - 0106c80: 696e 676c 655f 7468 7265 6164 220a 2020  ingle_thread".  
  - 0106c90: 7d2c 0a20 2022 6f75 7470 7574 5f70 726f  },.  "output_pro
  - 0106ca0: 6669 6c65 223a 207b 0a20 2020 2022 6964  file": {.    "id
  - 0106cb0: 223a 2022 6d61 696e 222c 0a20 2020 2022  ": "main",.    "
  - 0106cc0: 6368 616e 6e65 6c73 223a 2032 2c0a 2020  channels": 2,.  
  - 0106cd0: 2020 2273 616d 706c 655f 666f 726d 6174    "sample_format
  - 0106ce0: 223a 2022 6633 325f 706c 616e 6172 220a  ": "f32_planar".
  - 0106cf0: 2020 7d2c 0a20 2022 736f 7572 6365 7322    },.  "sources"
  - 0106d00: 3a20 5b0a 2020 2020 7b0a 2020 2020 2020  : [.    {.      
  - 0106d10: 2269 6422 3a20 2276 6f69 6365 222c 0a20  "id": "voice",. 
  - 0106d20: 2020 2020 2022 636f 6e74 656e 7422 3a20       "content": 
  - 0106d30: 2273 6861 3235 363a 3261 3937 3531 3663  "sha256:2a97516c
  - 0106d40: 3335 3462 3638 3834 3863 6462 6438 6635  354b68848cdbd8f5
  - 0106d50: 3461 3232 3661 3061 3535 6232 3165 6431  4a226a0a55b21ed1
  - 0106d60: 3338 6532 3037 6164 3663 3563 6262 3963  38e207ad6c5cbb9c
  - 0106d70: 3030 6161 3561 6561 222c 0a20 2020 2020  00aa5aea",.     
  - 0106d80: 2022 6368 616e 6e65 6c73 223a 2032 2c0a   "channels": 2,.
  - 0106d90: 2020 2020 2020 2262 6974 5f64 6570 7468        "bit_depth
  - 0106da0: 223a 2022 3332 6622 2c0a 2020 2020 2020  ": "32f",.      
  - 0106db0: 2266 7261 6d65 7322 3a20 2234 3830 3030  "frames": "48000
  - 0106dc0: 220a 2020 2020 7d0a 2020 5d2c 0a20 2022  ".    }.  ],.  "
  - 0106dd0: 7472 6163 6b73 223a 205b 0a20 2020 207b  tracks": [.    {
  - 0106de0: 0a20 2020 2020 2022 6964 223a 2022 766f  .      "id": "vo
  - 0106df0: 6361 6c22 2c0a 2020 2020 2020 2273 6f75  cal",.      "sou
  - 0106e00: 7263 655f 6964 223a 2022 766f 6963 6522  rce_id": "voice"
  - 0106e10: 2c0a 2020 2020 2020 226c 6566 745f 736f  ,.      "left_so
  - 0106e20: 7572 6365 5f63 6861 6e6e 656c 223a 2030  urce_channel": 0
  - 0106e30: 2c0a 2020 2020 2020 2272 6967 6874 5f73  ,.      "right_s
  - 0106e40: 6f75 7263 655f 6368 616e 6e65 6c22 3a20  ource_channel": 
  - 0106e50: 312c 0a20 2020 2020 2022 6275 696c 7469  1,.      "builti
  - 0106e60: 6e73 223a 207b 0a20 2020 2020 2020 2022  ns": {.        "
  - 0106e70: 6c65 6674 223a 207b 0a20 2020 2020 2020  left": {.       
  - 0106e80: 2020 2022 706f 6c61 7269 7479 5f69 6e76     "polarity_inv
  - 0106e90: 6572 7422 3a20 6661 6c73 652c 0a20 2020  ert": false,.   
  - 0106ea0: 2020 2020 2020 2022 7472 696d 5f64 6222         "trim_db"
  - 0106eb0: 3a20 302e 302c 0a20 2020 2020 2020 2020  : 0.0,.         
  - 0106ec0: 2022 6870 665f 687a 223a 2032 302e 302c   "hpf_hz": 20.0,
  - 0106ed0: 0a20 2020 2020 2020 2020 2022 6c70 665f  .          "lpf_
  - 0106ee0: 687a 223a 2032 3030 3030 2e30 2c0a 2020  hz": 20000.0,.  
  - 0106ef0: 2020 2020 2020 2020 2264 656c 6179 5f73          "delay_s
  - 0106f00: 616d 706c 6573 223a 2030 0a20 2020 2020  amples": 0.     
  - 0106f10: 2020 207d 2c0a 2020 2020 2020 2020 2272     },.        "r
  - 0106f20: 6967 6874 223a 207b 0a20 2020 2020 2020  ight": {.       
  - 0106f30: 2020 2022 706f 6c61 7269 7479 5f69 6e76     "polarity_inv
  - 0106f40: 6572 7422 3a20 6661 6c73 652c 0a20 2020  ert": false,.   
  - 0106f50: 2020 2020 2020 2022 7472 696d 5f64 6222         "trim_db"
  - 0106f60: 3a20 302e 302c 0a20 2020 2020 2020 2020  : 0.0,.         
  - 0106f70: 2022 6870 665f 687a 223a 2032 302e 302c   "hpf_hz": 20.0,
  - 0106f80: 0a20 2020 2020 2020 2020 2022 6c70 665f  .          "lpf_
  - 0106f90: 687a 223a 2032 3030 3030 2e30 2c0a 2020  hz": 20000.0,.  
  - 0106fa0: 2020 2020 2020 2020 2264 656c 6179 5f73          "delay_s
  - 0106fb0: 616d 706c 6573 223a 2030 0a20 2020 2020  amples": 0.     
  - 0106fc0: 2020 207d 0a20 2020 2020 207d 2c0a 2020     }.      },.  
  - 0106fd0: 2020 2020 2273 696d 6431 223a 207b 0a20      "simd1": {. 
  - 0106fe0: 2020 2020 2020 2022 6566 6665 6374 7322         "effects"
  - 0106ff0: 3a20 5b5d 0a20 2020 2020 207d 2c0a 2020  : [].      },.  
  - 0107000: 2020 2020 2264 796e 616d 6963 223a 207b      "dynamic": {
  - 0107010: 0a20 2020 2020 2020 2022 6566 6665 6374  .        "effect
  - 0107020: 7322 3a20 5b0a 2020 2020 2020 2020 2020  s": [.          
  - 0107030: 7b0a 2020 2020 2020 2020 2020 2020 2269  {.            "i
  - 0107040: 6422 3a20 2265 7122 2c0a 2020 2020 2020  d": "eq",.      
  - 0107050: 2020 2020 2020 2269 6465 6e74 6974 7922        "identity"
  - 0107060: 3a20 7b0a 2020 2020 2020 2020 2020 2020  : {.            
  - 0107070: 2020 226b 696e 6422 3a20 226e 6174 6976    "kind": "nativ
  - 0107080: 6522 2c0a 2020 2020 2020 2020 2020 2020  e",.            
  - 0107090: 2020 2265 6666 6563 745f 6964 223a 2022    "effect_id": "
  - 01070a0: 7061 7261 6d65 7472 6963 2d65 7122 0a20  parametric-eq". 
  - 01070b0: 2020 2020 2020 2020 2020 207d 2c0a 2020             },.  
  - 01070c0: 2020 2020 2020 2020 2020 2271 7561 6c69            "quali
  - 01070d0: 7479 223a 2022 6e6f 726d 616c 222c 0a20  ty": "normal",. 
  - 01070e0: 2020 2020 2020 2020 2020 2022 6279 7061             "bypa
  - 01070f0: 7373 223a 2066 616c 7365 2c0a 2020 2020  ss": false,.    
  - 0107100: 2020 2020 2020 2020 226c 696e 6b5f 6d6f          "link_mo
  - 0107110: 6465 223a 2022 6475 616c 5f6d 6f6e 6f22  de": "dual_mono"
  - 0107120: 2c0a 2020 2020 2020 2020 2020 2020 2270  ,.            "p
  - 0107130: 6172 616d 7322 3a20 5b0a 2020 2020 2020  arams": [.      
  - 0107140: 2020 2020 2020 2020 7b0a 2020 2020 2020          {.      
  - 0107150: 2020 2020 2020 2020 2020 2270 6172 616d            "param
  - 0107160: 6574 6572 5f69 6422 3a20 312c 0a20 2020  eter_id": 1,.   
  - 0107170: 2020 2020 2020 2020 2020 2020 2022 6368               "ch
  - 0107180: 616e 6e65 6c22 3a20 2262 6f74 6822 2c0a  annel": "both",.
  - 0107190: 2020 2020 2020 2020 2020 2020 2020 2020                  
  - 01071a0: 2275 6e69 7422 3a20 2264 6222 2c0a 2020  "unit": "db",.  
  - 01071b0: 2020 2020 2020 2020 2020 2020 2020 2276                "v
  - 01071c0: 616c 7565 223a 2030 2e30 0a20 2020 2020  alue": 0.0.     
  - 01071d0: 2020 2020 2020 2020 207d 0a20 2020 2020           }.     
  - 01071e0: 2020 2020 2020 205d 2c0a 2020 2020 2020         ],.      
  - 01071f0: 2020 2020 2020 2273 6964 6563 6861 696e        "sidechain
  - 0107200: 223a 207b 0a20 2020 2020 2020 2020 2020  ": {.           
  - 0107210: 2020 2022 6b69 6e64 223a 2022 6e6f 6e65     "kind": "none
  - 0107220: 220a 2020 2020 2020 2020 2020 2020 7d0a  ".            }.
  - 0107230: 2020 2020 2020 2020 2020 7d0a 2020 2020            }.    
  - 0107240: 2020 2020 5d0a 2020 2020 2020 7d2c 0a20      ].      },. 
  - 0107250: 2020 2020 2022 7369 6d64 3222 3a20 7b0a       "simd2": {.
  - 0107260: 2020 2020 2020 2020 2265 6666 6563 7473          "effects
  - 0107270: 223a 205b 5d0a 2020 2020 2020 7d2c 0a20  ": [].      },. 
  - 0107280: 2020 2020 2022 6661 6465 7222 3a20 7b0a       "fader": {.
  - 0107290: 2020 2020 2020 2020 226c 6566 745f 6462          "left_db
  - 01072a0: 223a 2030 2e30 2c0a 2020 2020 2020 2020  ": 0.0,.        
  - 01072b0: 2272 6967 6874 5f64 6222 3a20 302e 302c  "right_db": 0.0,
  - 01072c0: 0a20 2020 2020 2020 2022 6c65 6674 5f6d  .        "left_m
  - 01072d0: 7574 6522 3a20 6661 6c73 652c 0a20 2020  ute": false,.   
  - 01072e0: 2020 2020 2022 7269 6768 745f 6d75 7465       "right_mute
  - 01072f0: 223a 2066 616c 7365 0a20 2020 2020 207d  ": false.      }
  - 0107300: 2c0a 2020 2020 2020 2270 616e 223a 207b  ,.      "pan": {
  - 0107310: 0a20 2020 2020 2020 2022 6c65 6674 223a  .        "left":
  - 0107320: 2031 2e30 2c0a 2020 2020 2020 2020 2272   1.0,.        "r
  - 0107330: 6967 6874 223a 2031 2e30 2c0a 2020 2020  ight": 1.0,.    
  - 0107340: 2020 2020 2273 6d6f 6f74 6869 6e67 5f73      "smoothing_s
  - 0107350: 616d 706c 6573 223a 2031 360a 2020 2020  amples": 16.    
  - 0107360: 2020 7d0a 2020 2020 7d0a 2020 5d2c 0a20    }.    }.  ],. 
  - 0107370: 2022 7375 626d 6978 6573 223a 205b 5d2c   "submixes": [],
  - 0107380: 0a20 2022 6f75 7470 7574 7322 3a20 5b0a  .  "outputs": [.
  - 0107390: 2020 2020 7b0a 2020 2020 2020 2269 6422      {.      "id"
  - 01073a0: 3a20 226d 6169 6e2d 6f75 7422 0a20 2020  : "main-out".   
  - 01073b0: 207d 0a20 205d 2c0a 2020 2272 6f75 7465   }.  ],.  "route
  - 01073c0: 7322 3a20 5b0a 2020 2020 7b0a 2020 2020  s": [.    {.    
  - 01073d0: 2020 2269 6422 3a20 2274 6f2d 6d61 696e    "id": "to-main
  - 01073e0: 222c 0a20 2020 2020 2022 736f 7572 6365  ",.      "source
  - 01073f0: 223a 207b 0a20 2020 2020 2020 2022 6b69  ": {.        "ki
  - 0107400: 6e64 223a 2022 7472 6163 6b22 2c0a 2020  nd": "track",.  
  - 0107410: 2020 2020 2020 2274 7261 636b 5f69 6422        "track_id"
  - 0107420: 3a20 2276 6f63 616c 222c 0a20 2020 2020  : "vocal",.     
  - 0107430: 2020 2022 7461 7022 3a20 2270 6f73 745f     "tap": "post_
  - 0107440: 6d61 7472 6978 220a 2020 2020 2020 7d2c  matrix".      },
  - 0107450: 0a20 2020 2020 2022 6465 7374 696e 6174  .      "destinat
  - 0107460: 696f 6e22 3a20 7b0a 2020 2020 2020 2020  ion": {.        
  - 0107470: 226b 696e 6422 3a20 226f 7574 7075 745f  "kind": "output_
  - 0107480: 696e 7075 7422 2c0a 2020 2020 2020 2020  input",.        
  - 0107490: 226f 7574 7075 745f 6964 223a 2022 6d61  "output_id": "ma
  - 01074a0: 696e 2d6f 7574 220a 2020 2020 2020 7d2c  in-out".      },
  - 01074b0: 0a20 2020 2020 2022 6368 616e 6e65 6c5f  .      "channel_
  - 01074c0: 6d61 7472 6978 223a 207b 0a20 2020 2020  matrix": {.     
  - 01074d0: 2020 2022 6c6c 223a 2031 2e30 2c0a 2020     "ll": 1.0,.  
  - 01074e0: 2020 2020 2020 226c 7222 3a20 302e 302c        "lr": 0.0,
  - 01074f0: 0a20 2020 2020 2020 2022 726c 223a 2030  .        "rl": 0
  - 0107500: 2e30 2c0a 2020 2020 2020 2020 2272 7222  .0,.        "rr"
  - 0107510: 3a20 312e 300a 2020 2020 2020 7d2c 0a20  : 1.0.      },. 
  - 0107520: 2020 2020 2022 6761 696e 5f64 6222 3a20       "gain_db": 
  - 0107530: 302e 300a 2020 2020 7d0a 2020 5d2c 0a20  0.0.    }.  ],. 
  - 0107540: 2022 6175 746f 6d61 7469 6f6e 223a 205b   "automation": [
  - 0107550: 0a20 2020 207b 0a20 2020 2020 2022 6964  .    {.      "id
  - 0107560: 223a 2022 6571 2d67 6169 6e22 2c0a 2020  ": "eq-gain",.  
  - 0107570: 2020 2020 2274 6172 6765 7422 3a20 7b0a      "target": {.
  - 0107580: 2020 2020 2020 2020 2265 6e74 6974 795f          "entity_
  - 0107590: 6964 223a 2022 766f 6361 6c22 2c0a 2020  id": "vocal",.  
  - 01075a0: 2020 2020 2020 2272 6163 6b22 3a20 2264        "rack": "d
  - 01075b0: 796e 616d 6963 222c 0a20 2020 2020 2020  ynamic",.       
  - 01075c0: 2022 6566 6665 6374 5f69 6422 3a20 2265   "effect_id": "e
  - 01075d0: 7122 2c0a 2020 2020 2020 2020 2270 6172  q",.        "par
  - 01075e0: 616d 6574 6572 5f69 6422 3a20 312c 0a20  ameter_id": 1,. 
  - 01075f0: 2020 2020 2020 2022 6368 616e 6e65 6c22         "channel"
  - 0107600: 3a20 2262 6f74 6822 0a20 2020 2020 207d  : "both".      }
  - 0107610: 2c0a 2020 2020 2020 2273 6567 6d65 6e74  ,.      "segment
  - 0107620: 7322 3a20 5b0a 2020 2020 2020 2020 7b0a  s": [.        {.
  - 0107630: 2020 2020 2020 2020 2020 2273 6861 7065            "shape
  - 0107640: 223a 2022 6c69 6e65 6172 222c 0a20 2020  ": "linear",.   
  - 0107650: 2020 2020 2020 2022 7374 6172 745f 7361         "start_sa
  - 0107660: 6d70 6c65 223a 2022 3022 2c0a 2020 2020  mple": "0",.    
  - 0107670: 2020 2020 2020 2265 6e64 5f73 616d 706c        "end_sampl
  - 0107680: 6522 3a20 2234 3830 222c 0a20 2020 2020  e": "480",.     
  - 0107690: 2020 2020 2022 7374 6172 745f 7661 6c75       "start_valu
  - 01076a0: 6522 3a20 302e 302c 0a20 2020 2020 2020  e": 0.0,.       
  - 01076b0: 2020 2022 656e 645f 7661 6c75 6522 3a20     "end_value": 
  - 01076c0: 2d33 2e30 2c0a 2020 2020 2020 2020 2020  -3.0,.          
  - 01076d0: 2275 6e69 7422 3a20 2264 6222 0a20 2020  "unit": "db".   
  - 01076e0: 2020 2020 207d 0a20 2020 2020 205d 0a20       }.      ]. 
  - 01076f0: 2020 207d 0a20 205d 0a7d 0a00 e908 1000     }.  ].}......
  - 0107700: 2300 0000 1700 0000 2100 0000 e908 1000  #.......!.......
  - 0107710: 2300 0000 1800 0000 1f00 0000 e908 1000  #...............
  - 0107720: 2300 0000 1900 0000 2700 0000 e908 1000  #.......'.......
  - 0107730: 2300 0000 1a00 0000 1f00 0000 e908 1000  #...............
  - 0107740: 2300 0000 1b00 0000 2800 0000 6465 6d6f  #.......(...demo
  - 0107750: 2e73 6573 7369 6f6e e908 1000 2300 0000  .session....#...
  - 0107760: 8300 0000 2100 0000 6472 756d 7361 6c74  ....!...drumsalt
  - 0107770: 2d6f 7574 8400 0000 0c00 0000 0400 0000  -out............
  - 0107780: 8500 0000 6368 6563 6b65 642d 696e 2063  ....checked-in c
  - 0107790: 616e 6f6e 6963 616c 2073 6573 7369 6f6e  anonical session
  - 01077a0: 2066 6978 7475 7265 2069 7320 7661 6c69   fixture is vali
  - 01077b0: 6400 0000 e908 1000 2300 0000 1600 0000  d.......#.......
  - 01077c0: 0e00 0000 0000 0000 0400 0000 0400 0000  ................
  - 01077d0: 8600 0000 8700 0000 0000 0000 0400 0000  ................
  - 01077e0: 0400 0000 4300 0000 4400 0000 0000 0000  ....C...D.......
  - 01077f0: 0300 0801 0000 0000 0000 0000 0400 0000  ................
  - 0107800: 0400 0000 8800 0000 8900 0000 0000 0000  ................
  - 0107810: 0400 0000 0400 0000 8a00 0000 5200 0000  ............R...
  - 0107820: 0000 0000 0400 0000 0400 0000 8b00 0000  ................
  - 0107830: 8c00 0000 0000 0000 0400 0000 0400 0000  ................
  - 0107840: 8d00 0000 8e00 0000 0000 0000 0400 0000  ................
  - 0107850: 0400 0000 8f00 0000 9000 0000 0000 0000  ................
  - 0107860: 0400 0000 0400 0000 9100 0000 9200 0000  ................
  - 0107870: 0000 0000 0400 0000 0400 0000 9300 0000  ................
  - 0107880: 9400 0000 0000 0000 0400 0000 0400 0000  ................
  - 0107890: 9500 0000 9600 0000 0000 0000 0400 0000  ................
  - 01078a0: 0400 0000 9700 0000 4800 0000 0000 0000  ........H.......
  - 01078b0: 0400 0000 0400 0000 9800 0000 5c00 0000  ............\...
  - 01078c0: 0000 0000 0400 0000 0400 0000 5f00 0000  ............_...
  - 01078d0: 6000 0000 0000 0000 0400 0000 0400 0000  `...............
  - 01078e0: 9900 0000 9a00 0000 5061 7261 6d65 7465  ........Paramete
  - 01078f0: 7244 6573 6372 6970 746f 7200 0000 0000  rDescriptor.....
  - 0107900: 0100 0301 0000 0000 0000 0000 0200 0901  ................
  - 0107910: 0000 0000 0000 0000 0300 0101 0000 0000  ................
  - 0107920: 0000 0000 0400 0901 0000 0000 0000 0000  ................
  - 0107930: 0500 0301 0000 0000 0000 0000 0600 0101  ................
  - 0107940: 0000 0000 0000 0000 0700 0101 0000 0000  ................
  - 0107950: 0000 0000 0800 0101 0000 0000 0000 0000  ................
  - 0107960: 0900 0101 0000 0000 0000 0000 0a00 0600  ................
  - 0107970: 0000 0000 0000 0000 0b00 0600 0000 0000  ................
  - 0107980: 0000 0000 0c00 0601 0000 0000 0000 0000  ................
  - 0107990: 0d00 0101 0000 0000 0000 0000 0e00 0101  ................
  - 01079a0: 0000 0000 0000 0000 0f00 0301 0000 0000  ................
  - 01079b0: 0000 0000 1000 0301 0000 0000 0000 0000  ................
  - 01079c0: 1100 0900 0000 0000 0000 0000 1200 0900  ................
  - 01079d0: 0000 0000 d87a 1000 1300 0b00 0100 0000  .....z..........
  - 01079e0: e878 1000 1300 0000 fc78 1000 1300 0000  .x.......x......
  - 01079f0: 4469 6167 6e6f 7374 6963 0000 0000 0000  Diagnostic......
  - 0107a00: 0100 0901 0000 0000 0000 0000 0200 0101  ................
  - 0107a10: 0000 0000 1c7d 1000 0300 0b01 0100 0000  .....}..........
  - 0107a20: 0000 0000 0400 0900 0000 0000 0000 0000  ................
  - 0107a30: 0500 0300 0000 0000 0000 0000 0600 0400  ................
  - 0107a40: 0000 0000 0000 0000 0700 0400 0000 0000  ................
  - 0107a50: f079 1000 0a00 0000 fc79 1000 0700 0000  .y.......y......
  - 0107a60: 5061 7261 6d65 7465 7253 7461 7465 5061  ParameterStatePa
  - 0107a70: 6765 0000 0000 0000 0100 0401 0000 0000  ge..............
  - 0107a80: 0000 0000 0200 0201 0000 0000 0000 0000  ................
  - 0107a90: 0300 0201 0000 0000 0000 0000 0400 0a01  ................
  - 0107aa0: 0000 0000 607a 1000 1200 0000 747a 1000  ....`z......tz..
  - 0107ab0: 0400 0000 456e 756d 4368 6f69 6365 0000  ....EnumChoice..
  - 0107ac0: 0000 0000 0100 0601 0000 0000 0000 0000  ................
  - 0107ad0: 0200 0901 0000 0000 b47a 1000 0a00 0000  .........z......
  - 0107ae0: c07a 1000 0200 0000 4d65 7465 7242 6174  .z......MeterBat
  - 0107af0: 6368 0000 e87a 1000 0a00 0000 747a 1000  ch...z......tz..
  - 0107b00: 0400 0000 4261 636b 7072 6573 7375 7265  ....Backpressure
  - 0107b10: 0000 0000 0100 0101 0000 0000 0000 0000  ................
  - 0107b20: 0200 0401 0000 0000 0000 0000 0300 0401  ................
  - 0107b30: 0000 0000 0000 0000 0400 0201 0000 0000  ................
  - 0107b40: 0000 0000 0500 0400 0000 0000 0000 0000  ................
  - 0107b50: 0600 0400 0000 0000 0000 0000 0700 0400  ................
  - 0107b60: 0000 0000 0000 0000 0800 0400 0000 0000  ................
  - 0107b70: 047b 1000 0c00 0000 107b 1000 0800 0000  .{.......{......
  - 0107b80: 4361 7061 6269 6c69 7469 6573 0000 0000  Capabilities....
  - 0107b90: 0100 0201 0000 0000 0000 0000 0200 0201  ................
  - 0107ba0: 0000 0000 0000 0000 0300 0201 0000 0000  ................
  - 0107bb0: 0000 0000 0400 0201 0000 0000 0000 0000  ................
  - 0107bc0: 0500 0401 0000 0000 0000 0000 0600 0301  ................
  - 0107bd0: 0000 0000 0000 0000 0700 0401 0000 0000  ................
  - 0107be0: 0000 0000 0800 0101 0000 0000 0000 0000  ................
  - 0107bf0: 0900 0201 0000 0000 0000 0000 0a00 0401  ................
  - 0107c00: 0000 0000 0000 0000 0b00 0401 0000 0000  ................
  - 0107c10: 0000 0000 0c00 0401 0000 0000 0000 0000  ................
  - 0107c20: 0d00 0401 0000 0000 0000 0000 0e00 0401  ................
  - 0107c30: 0000 0000 0000 0000 0f00 0401 0000 0000  ................
  - 0107c40: 0000 0000 1000 0401 0000 0000 0000 0000  ................
  - 0107c50: 1100 0401 0000 0000 0000 0000 1200 0401  ................
  - 0107c60: 0000 0000 0000 0000 1300 0401 0000 0000  ................
  - 0107c70: 0000 0000 1400 0401 0000 0000 0000 0000  ................
  - 0107c80: 1500 0201 0000 0000 0000 0000 1600 0201  ................
  - 0107c90: 0000 0000 0000 0000 1700 0201 0000 0000  ................
  - 0107ca0: 0000 0000 1800 0301 0000 0000 0000 0000  ................
  - 0107cb0: 1900 0c01 0000 0000 0000 0000 1a00 0c01  ................
  - 0107cc0: 0000 0000 0000 0000 1b00 0401 0000 0000  ................
  - 0107cd0: 807b 1000 0c00 0000 8c7b 1000 1b00 0000  .{.......{......
  - 0107ce0: 5061 7468 5365 676d 656e 7400 0000 0000  PathSegment.....
  - 0107cf0: 0100 0101 0000 0000 0000 0000 0200 0900  ................
  - 0107d00: 0000 0000 0000 0000 0300 0400 0000 0000  ................
  - 0107d10: 0000 0000 0400 0900 0000 0000 e07c 1000  .............|..
  - 0107d20: 0b00 0000 ec7c 1000 0400 0000 436f 756e  .....|......Coun
  - 0107d30: 7465 7256 616c 7565 0000 0000 0100 0301  terValue........
  - 0107d40: 0000 0000 0000 0000 0200 0401 0000 0000  ................
  - 0107d50: 2c7d 1000 0c00 0000 387d 1000 0200 0000  ,}......8}......
  - 0107d60: 5061 7261 6d65 7465 724d 6574 6164 6174  ParameterMetadat
  - 0107d70: 6150 6167 6500 0000 0000 0000 0100 0301  aPage...........
  - 0107d80: 0000 0000 0000 0000 0200 0801 0000 0000  ................
  - 0107d90: e079 1000 0300 0b01 0100 0000 607d 1000  .y..........`}..
  - 0107da0: 1500 0000 787d 1000 0300 0000 5061 7261  ....x}......Para
  - 0107db0: 6d65 7465 7253 7461 7465 5265 7175 6573  meterStateReques
  - 0107dc0: 7400 0000 ac7d 1000 1500 0000 9060 1000  t....}.......`..
  - 0107dd0: 0100 0000 5472 616e 7370 6f72 7447 6574  ....TransportGet
  - 0107de0: d47d 1000 0c00 0000 0400 0000 0000 0000  .}..............
  - 0107df0: 5472 616e 7370 6f72 7453 6574 0000 0000  TransportSet....
  - 0107e00: 0100 0101 0000 0000 0000 0000 0200 0400  ................
  - 0107e10: 0000 0000 f07d 1000 0c00 0000 fc7d 1000  .....}.......}..
  - 0107e20: 0200 0000 436f 756e 7465 7253 6e61 7073  ....CounterSnaps
  - 0107e30: 686f 7400 0000 0000 0100 0401 0000 0000  hot.............
  - 0107e40: 507d 1000 0200 0b01 0100 0000 247e 1000  P}..........$~..
  - 0107e50: 0f00 0000 347e 1000 0200 0000 436f 756e  ....4~......Coun
  - 0107e60: 7465 7273 5265 7175 6573 7400 0000 0000  tersRequest.....
  - 0107e70: 0100 0801 0000 0000 0000 0000 0200 0d00  ................
  - 0107e80: 0000 0000 5c7e 1000 0f00 0000 6c7e 1000  ....\~......l~..
  - 0107e90: 0200 0000 4469 6167 6e6f 7374 6963 4576  ....DiagnosticEv
  - 0107ea0: 656e 7400 947e 1000 0f00 0000 1c59 1000  ent..~.......Y..
  - 0107eb0: 0100 0000 4469 6167 6e6f 7374 6963 7350  ....DiagnosticsP
  - 0107ec0: 6167 6500 0000 0000 0100 0401 0000 0000  age.............
  - 0107ed0: 0000 0000 0200 0801 0000 0000 507a 1000  ............Pz..
  - 0107ee0: 0300 0b01 0100 0000 b47e 1000 0f00 0000  .........~......
  - 0107ef0: c47e 1000 0300 0000 5061 7261 6d65 7465  .~......Paramete
  - 0107f00: 724d 6574 6164 6174 6152 6571 7565 7374  rMetadataRequest
  - 0107f10: 0000 0000 0100 0301 0000 0000 0000 0000  ................
  - 0107f20: 0200 0201 0000 0000 f87e 1000 1800 0000  .........~......
  - 0107f30: 107f 1000 0200 0000 5365 7373 696f 6e53  ........SessionS
  - 0107f40: 6e61 7073 686f 7452 6571 7565 7374 0000  napshotRequest..
  - 0107f50: 0000 0000 0100 0401 0000 0000 0000 0000  ................
  - 0107f60: 0200 0301 0000 0000 387f 1000 1600 0000  ........8.......
  - 0107f70: 507f 1000 0200 0000 5365 7373 696f 6e43  P.......SessionC
  - 0107f80: 6f6d 6d69 7474 6564 0000 0000 0100 0401  ommitted........
  - 0107f90: 0000 0000 0000 0000 0200 0401 0000 0000  ................
  - 0107fa0: 0000 0000 0300 0401 0000 0000 0000 0000  ................
  - 0107fb0: 0400 0301 0000 0000 787f 1000 1000 0000  ........x.......
  - 0107fc0: 887f 1000 0400 0000 4175 746f 6d61 7469  ........Automati
  - 0107fd0: 6f6e 456e 7175 6575 6500 0000 0000 0000  onEnqueue.......
  - 0107fe0: 0100 0201 0000 0000 0000 0000 0200 0201  ................
  - 0107ff0: 0000 0000 0000 0000 0300 0a01 0000 0000  ................
  - 0108000: c87f 1000 1100 0000 dc7f 1000 0300 0000  ................
  - 0108010: 5472 616e 7370 6f72 7453 6e61 7073 686f  TransportSnapsho
  - 0108020: 7400 0000 0000 0000 0100 0101 0000 0000  t...............
  - 0108030: 0000 0000 0200 0401 0000 0000 0000 0000  ................
  - 0108040: 0300 0401 0000 0000 1080 1000 1100 0000  ................
  - 0108050: 2480 1000 0300 0000 4175 746f 6d61 7469  $.......Automati
  - 0108060: 6f6e 4361 6e63 656c 6564 0000 0000 0000  onCanceled......
  - 0108070: 0100 0401 0000 0000 0000 0000 0200 0401  ................
  - 0108080: 0000 0000 0000 0000 0300 0201 0000 0000  ................
  - 0108090: 0000 0000 0400 0101 0000 0000 0000 0000  ................
  - 01080a0: 0500 0401 0000 0000 0000 0000 0600 0400  ................
  - 01080b0: 0000 0000 5880 1000 1200 0000 6c80 1000  ....X.......l...
  - 01080c0: 0600 0000 4175 746f 6d61 7469 6f6e 456e  ....AutomationEn
  - 01080d0: 7175 6575 6564 0000 0000 0000 0100 0201  queued..........
  - 01080e0: 0000 0000 0000 0000 0200 0401 0000 0000  ................
  - 01080f0: 0000 0000 0300 0401 0000 0000 0000 0000  ................
  - 0108100: 0400 0401 0000 0000 c480 1000 1200 0000  ................
  - 0108110: d880 1000 0400 0000 4469 6167 6e6f 7374  ........Diagnost
  - 0108120: 6963 7352 6571 7565 7374 0000 0000 0000  icsRequest......
  - 0108130: 0100 0401 0000 0000 0000 0000 0200 0201  ................
  - 0108140: 0000 0000 0000 0000 0300 0101 0000 0000  ................
  - 0108150: 1881 1000 1200 0000 2c81 1000 0300 0000  ........,.......
  - 0108160: 5472 616e 7361 6374 696f 6e41 7070 6c69  TransactionAppli
  - 0108170: 6564 0000 6081 1000 1200 0000 8457 1000  ed..`........W..
  - 0108180: 0100 0000 4361 7061 6269 6c69 7469 6573  ....Capabilities
  - 0108190: 4765 7443 6f6d 6d61 6e64 0000 8481 1000  GetCommand......
  - 01081a0: 1600 0000 0400 0000 0000 0000 5472 616e  ............Tran
  - 01081b0: 7370 6f72 7453 7461 7465 4576 656e 7400  sportStateEvent.
  - 01081c0: 0000 0000 0100 0401 0000 0000 0000 0000  ................
  - 01081d0: 0200 0101 0000 0000 0000 0000 0300 0401  ................
  - 01081e0: 0000 0000 0000 0000 0400 0401 0000 0000  ................
  - 01081f0: 0000 0000 0500 0400 0000 0000 ac81 1000  ................
  - 0108200: 1300 0000 c081 1000 0500 0000 5465 6c65  ............Tele
  - 0108210: 6d65 7472 7943 6f6e 6669 6775 7261 7469  metryConfigurati
  - 0108220: 6f6e 0000 0000 0000 0100 0d01 0000 0000  on..............
  - 0108230: 0000 0000 0200 0301 0000 0000 0000 0000  ................
  - 0108240: 0300 0d01 0000 0000 0000 0000 0400 0301  ................
  - 0108250: 0000 0000 0000 0000 0500 0801 0000 0000  ................
  - 0108260: 0000 0000 0600 0101 0000 0000 0c82 1000  ................
  - 0108270: 1600 0000 2482 1000 0600 0000 4e6f 6e4f  ....$.......NonO
  - 0108280: 6b52 6573 706f 6e73 6500 0000 507a 1000  kResponse...Pz..
  - 0108290: 0100 0b01 0100 0000 0000 0000 0200 0301  ................
  - 01082a0: 0000 0000 707b 1000 0300 0b00 0000 0000  ....p{..........
  - 01082b0: 7c82 1000 0d00 0000 8c82 1000 0300 0000  |...............
  - 01082c0: 5365 7373 696f 6e53 6e61 7073 686f 7400  SessionSnapshot.
  - 01082d0: 0000 0000 0100 0401 0000 0000 0000 0000  ................
  - 01082e0: 0200 0401 0000 0000 0000 0000 0300 0a01  ................
  - 01082f0: 0000 0000 0000 0000 0400 0801 0000 0000  ................
  - 0108300: c082 1000 0f00 0000 d082 1000 0400 0000  ................
  - 0108310: 4175 746f 6d61 7469 6f6e 0000 0000 0000  Automation......
  - 0108320: 0100 0901 0000 0000 b08a 1000 0200 0b01  ................
  - 0108330: 0000 0000 d88b 1000 0300 0b01 0100 0000  ................
  - 0108340: 1083 1000 0a00 0000 1c83 1000 0300 0000  ................
  - 0108350: 5365 7451 7561 6e74 756d 4672 616d 6573  SetQuantumFrames
  - 0108360: 5083 1000 1000 0000 8457 1000 0100 0000  P........W......
  - 0108370: 5365 7373 696f 6e54 7261 6e73 6163 7469  SessionTransacti
  - 0108380: 6f6e 0000 7083 1000 1200 0000 9458 1000  on..p........X..
  - 0108390: 0100 0000 5365 7373 696f 6e45 6469 7450  ....SessionEditP
  - 01083a0: 6179 6c6f 6164 0000 9483 1000 1200 0000  ayload..........
  - 01083b0: 0400 0000 0000 0000 5265 6d6f 7665 526f  ........RemoveRo
  - 01083c0: 7574 6500 b883 1000 0b00 0000 5061 1000  ute.........Pa..
  - 01083d0: 0100 0000 5265 6d6f 7665 5472 6163 6b00  ....RemoveTrack.
  - 01083e0: d483 1000 0b00 0000 5061 1000 0100 0000  ........Pa......
  - 01083f0: 526f 7574 6553 6f75 7263 654b 6e6f 776e  RouteSourceKnown
  - 0108400: 4669 656c 6473 0000 0000 0000 0100 0101  Fields..........
  - 0108410: 0000 0000 0000 0000 0200 0901 0000 0000  ................
  - 0108420: 0000 0000 0300 0101 0000 0000 f083 1000  ................
  - 0108430: 1600 0000 0884 1000 0300 0000 526f 7574  ............Rout
  - 0108440: 6553 6f75 7263 6554 7261 636b 3c84 1000  eSourceTrack<...
  - 0108450: 1000 0000 0884 1000 0300 0000 526f 7574  ............Rout
  - 0108460: 6553 6f75 7263 6553 7562 6d69 7800 0000  eSourceSubmix...
  - 0108470: 0000 0000 0100 0101 0000 0000 0000 0000  ................
  - 0108480: 0200 0901 0000 0000 5c84 1000 1100 0000  ........\.......
  - 0108490: 7084 1000 0200 0000 5570 7365 7274 526f  p.......UpsertRo
  - 01084a0: 7574 6500 8490 1000 0100 0b01 0000 0000  ute.............
  - 01084b0: 9884 1000 0b00 0000 a484 1000 0100 0000  ................
  - 01084c0: 5570 7365 7274 5472 6163 6b00 1491 1000  UpsertTrack.....
  - 01084d0: 0100 0b01 0000 0000 c084 1000 0b00 0000  ................
  - 01084e0: cc84 1000 0100 0000 5061 6e00 0000 0000  ........Pan.....
  - 01084f0: 0100 0101 0000 0000 0000 0000 0200 0601  ................
  - 0108500: 0000 0000 0000 0000 0300 0601 0000 0000  ................
  - 0108510: 0000 0000 0400 0301 0000 0000 e884 1000  ................
  - 0108520: 0300 0000 ec84 1000 0400 0000 4d61 7472  ............Matr
  - 0108530: 6978 4f72 5061 6e4b 6e6f 776e 4669 656c  ixOrPanKnownFiel
  - 0108540: 6473 0000 0000 0000 0100 0101 0000 0000  ds..............
  - 0108550: 0000 0000 0200 0601 0000 0000 0000 0000  ................
  - 0108560: 0300 0601 0000 0000 0000 0000 0400 0601  ................
  - 0108570: 0000 0000 0000 0000 0500 0601 0000 0000  ................
  - 0108580: 0000 0000 0600 0301 0000 0000 2c85 1000  ............,...
  - 0108590: 1600 0000 4485 1000 0600 0000 4d61 7472  ....D.......Matr
  - 01085a0: 6978 0000 9c85 1000 0600 0000 4485 1000  ix..........D...
  - 01085b0: 0600 0000 5265 6d6f 7665 4f75 7470 7574  ....RemoveOutput
  - 01085c0: b485 1000 0c00 0000 5061 1000 0100 0000  ........Pa......
  - 01085d0: 5265 6d6f 7665 536f 7572 6365 d085 1000  RemoveSource....
  - 01085e0: 0c00 0000 5061 1000 0100 0000 5265 6d6f  ....Pa......Remo
  - 01085f0: 7665 5375 626d 6978 ec85 1000 0c00 0000  veSubmix........
  - 0108600: 5061 1000 0100 0000 5570 7365 7274 4f75  Pa......UpsertOu
  - 0108610: 7470 7574 9891 1000 0100 0b01 0000 0000  tput............
  - 0108620: 0886 1000 0c00 0000 1486 1000 0100 0000  ................
  - 0108630: 5570 7365 7274 536f 7572 6365 b091 1000  UpsertSource....
  - 0108640: 0100 0b01 0000 0000 3086 1000 0c00 0000  ........0.......
  - 0108650: 3c86 1000 0100 0000 5570 7365 7274 5375  <.......UpsertSu
  - 0108660: 626d 6978 c891 1000 0100 0b01 0000 0000  bmix............
  - 0108670: 5886 1000 0c00 0000 6486 1000 0100 0000  X.......d.......
  - 0108680: 4368 616e 6e65 6c4d 6174 7269 7800 0000  ChannelMatrix...
  - 0108690: 0000 0000 0100 0601 0000 0000 0000 0000  ................
  - 01086a0: 0200 0601 0000 0000 0000 0000 0300 0601  ................
  - 01086b0: 0000 0000 0000 0000 0400 0601 0000 0000  ................
  - 01086c0: 8086 1000 0d00 0000 9086 1000 0400 0000  ................
  - 01086d0: 4f75 7470 7574 5072 6f66 696c 6500 0000  OutputProfile...
  - 01086e0: 0000 0000 0100 0901 0000 0000 0000 0000  ................
  - 01086f0: 0200 0101 0000 0000 0000 0000 0300 0101  ................
  - 0108700: 0000 0000 d086 1000 0d00 0000 e086 1000  ................
  - 0108710: 0300 0000 5265 6e64 6572 5072 6f66 696c  ....RenderProfil
  - 0108720: 6500 0000 0000 0000 0100 0901 0000 0000  e...............
  - 0108730: 0000 0000 0200 0101 0000 0000 1487 1000  ................
  - 0108740: 0d00 0000 2487 1000 0200 0000 5365 7452  ....$.......SetR
  - 0108750: 6f75 7465 4761 696e 4462 0000 0000 0000  outeGainDb......
  - 0108760: 0100 0901 0000 0000 0000 0000 0200 0601  ................
  - 0108770: 0000 0000 4c87 1000 0e00 0000 5c87 1000  ....L.......\...
  - 0108780: 0200 0000 5365 7453 6573 7369 6f6e 4964  ....SetSessionId
  - 0108790: 8487 1000 0c00 0000 5061 1000 0100 0000  ........Pa......
  - 01087a0: 5365 7454 7261 636b 5261 636b 0000 0000  SetTrackRack....
  - 01087b0: 0100 0901 0000 0000 0000 0000 0200 0101  ................
  - 01087c0: 0000 0000 948f 1000 0300 0b01 0000 0000  ................
  - 01087d0: a087 1000 0c00 0000 ac87 1000 0300 0000  ................
  - 01087e0: 4566 6665 6374 4964 656e 7469 7479 0000  EffectIdentity..
  - 01087f0: e087 1000 0e00 0000 7084 1000 0200 0000  ........p.......
  - 0108800: 5365 7445 6666 6563 744c 696e 6b4d 6f64  SetEffectLinkMod
  - 0108810: 6500 0000 0000 0000 0100 0901 0000 0000  e...............
  - 0108820: 0000 0000 0200 0101 0000 0000 0000 0000  ................
  - 0108830: 0300 0901 0000 0000 0000 0000 0400 0101  ................
  - 0108840: 0000 0000 0088 1000 1100 0000 1488 1000  ................
  - 0108850: 0400 0000 5365 7453 616d 706c 6552 6174  ....SetSampleRat
  - 0108860: 6548 7a00 5488 1000 0f00 0000 8457 1000  eHz.T........W..
  - 0108870: 0100 0000 5365 7454 7261 636b 4661 6465  ....SetTrackFade
  - 0108880: 7200 0000 0000 0000 0100 0901 0000 0000  r...............
  - 0108890: e48f 1000 0200 0b01 0000 0000 7488 1000  ............t...
  - 01088a0: 0d00 0000 8488 1000 0200 0000 4368 616e  ............Chan
  - 01088b0: 6e65 6c42 7569 6c74 696e 7300 0000 0000  nelBuiltins.....
  - 01088c0: 0100 0801 0000 0000 0000 0000 0200 0601  ................
  - 01088d0: 0000 0000 0000 0000 0300 0601 0000 0000  ................
  - 01088e0: 0000 0000 0400 0601 0000 0000 0000 0000  ................
  - 01088f0: 0500 0301 0000 0000 ac88 1000 0f00 0000  ................
  - 0108900: bc88 1000 0500 0000 5075 7454 7261 636b  ........PutTrack
  - 0108910: 4566 6665 6374 0000 0000 0000 0100 0901  Effect..........
  - 0108920: 0000 0000 0000 0000 0200 0101 0000 0000  ................
  - 0108930: 0000 0000 0300 0301 0000 0000 8091 1000  ................
  - 0108940: 0400 0b01 0000 0000 0889 1000 0e00 0000  ................
  - 0108950: 1889 1000 0400 0000 5365 7452 6f75 7465  ........SetRoute
  - 0108960: 4368 616e 6e65 6c4d 6174 7269 7800 0000  ChannelMatrix...
  - 0108970: 0000 0000 0100 0901 0000 0000 c086 1000  ................
  - 0108980: 0200 0b01 0000 0000 5889 1000 1500 0000  ........X.......
  - 0108990: 7089 1000 0200 0000 5365 7452 6f75 7465  p.......SetRoute
  - 01089a0: 536f 7572 6365 0000 0000 0000 0100 0901  Source..........
  - 01089b0: 0000 0000 2c84 1000 0200 0b01 0000 0000  ....,...........
  - 01089c0: 9889 1000 0e00 0000 a889 1000 0200 0000  ................
  - 01089d0: 5365 7454 7261 636b 4d61 7472 6978 4f72  SetTrackMatrixOr
  - 01089e0: 5061 6e00 0000 0000 0100 0901 0000 0000  Pan.............
  - 01089f0: 8c85 1000 0200 0b01 0000 0000 d089 1000  ................
  - 0108a00: 1300 0000 e489 1000 0200 0000 5365 7454  ............SetT
  - 0108a10: 7261 636b 536f 7572 6365 4173 7369 676e  rackSourceAssign
  - 0108a20: 6d65 6e74 0000 0000 0100 0901 0000 0000  ment............
  - 0108a30: 0000 0000 0200 0901 0000 0000 0000 0000  ................
  - 0108a40: 0300 0101 0000 0000 0000 0000 0400 0101  ................
  - 0108a50: 0000 0000 0c8a 1000 1800 0000 248a 1000  ............$...
  - 0108a60: 0400 0000 4175 746f 6d61 7469 6f6e 5461  ....AutomationTa
  - 0108a70: 7267 6574 0000 0000 0100 0901 0000 0000  rget............
  - 0108a80: 0000 0000 0200 0101 0000 0000 0000 0000  ................
  - 0108a90: 0300 0901 0000 0000 0000 0000 0400 0301  ................
  - 0108aa0: 0000 0000 0000 0000 0500 0101 0000 0000  ................
  - 0108ab0: 648a 1000 1000 0000 748a 1000 0500 0000  d.......t.......
  - 0108ac0: 5265 6d6f 7665 4175 746f 6d61 7469 6f6e  RemoveAutomation
  - 0108ad0: c08a 1000 1000 0000 5061 1000 0100 0000  ........Pa......
  - 0108ae0: 526f 7574 6544 6573 7469 6e61 7469 6f6e  RouteDestination
  - 0108af0: e08a 1000 1000 0000 7084 1000 0200 0000  ........p.......
  - 0108b00: 5365 7445 6666 6563 7442 7970 6173 7300  SetEffectBypass.
  - 0108b10: 0000 0000 0100 0901 0000 0000 0000 0000  ................
  - 0108b20: 0200 0101 0000 0000 0000 0000 0300 0901  ................
  - 0108b30: 0000 0000 0000 0000 0400 0801 0000 0000  ................
  - 0108b40: 008b 1000 0f00 0000 108b 1000 0400 0000  ................
  - 0108b50: 5570 7365 7274 4175 746f 6d61 7469 6f6e  UpsertAutomation
  - 0108b60: 4083 1000 0100 0b01 0000 0000 508b 1000  @...........P...
  - 0108b70: 1000 0000 608b 1000 0100 0000 4175 746f  ....`.......Auto
  - 0108b80: 6d61 7469 6f6e 5365 676d 656e 7400 0000  mationSegment...
  - 0108b90: 0000 0000 0100 0101 0000 0000 0000 0000  ................
  - 0108ba0: 0200 0401 0000 0000 0000 0000 0300 0401  ................
  - 0108bb0: 0000 0000 0000 0000 0400 0601 0000 0000  ................
  - 0108bc0: 0000 0000 0500 0601 0000 0000 0000 0000  ................
  - 0108bd0: 0600 0101 0000 0000 7c8b 1000 1100 0000  ........|.......
  - 0108be0: 908b 1000 0600 0000 5365 7445 6666 6563  ........SetEffec
  - 0108bf0: 7451 7561 6c69 7479 e88b 1000 1000 0000  tQuality........
  - 0108c00: 1488 1000 0400 0000 5365 744f 7574 7075  ........SetOutpu
  - 0108c10: 7450 726f 6669 6c65 0487 1000 0100 0b01  tProfile........
  - 0108c20: 0000 0000 088c 1000 1000 0000 188c 1000  ................
  - 0108c30: 0100 0000 5365 7452 656e 6465 7250 726f  ....SetRenderPro
  - 0108c40: 6669 6c65 3c87 1000 0100 0b01 0000 0000  file<...........
  - 0108c50: 348c 1000 1000 0000 448c 1000 0100 0000  4.......D.......
  - 0108c60: 5365 7453 6f75 7263 6543 6f6e 7465 6e74  SetSourceContent
  - 0108c70: 0000 0000 0100 0901 0000 0000 0000 0000  ................
  - 0108c80: 0200 0901 0000 0000 0000 0000 0300 0101  ................
  - 0108c90: 0000 0000 0000 0000 0400 0101 0000 0000  ................
  - 0108ca0: 0000 0000 0500 0401 0000 0000 608c 1000  ............`...
  - 0108cb0: 1000 0000 708c 1000 0500 0000 5365 7454  ....p.......SetT
  - 0108cc0: 7261 636b 4275 696c 7469 6e73 0000 0000  rackBuiltins....
  - 0108cd0: 0100 0901 0000 0000 0092 1000 0200 0b01  ................
  - 0108ce0: 0000 0000 bc8c 1000 1000 0000 cc8c 1000  ................
  - 0108cf0: 0200 0000 5265 6d6f 7665 4566 6665 6374  ....RemoveEffect
  - 0108d00: 5061 7261 6d00 0000 f48c 1000 1100 0000  Param...........
  - 0108d10: 748a 1000 0500 0000 5265 6d6f 7665 5472  t.......RemoveTr
  - 0108d20: 6163 6b45 6666 6563 7400 0000 0000 0000  ackEffect.......
  - 0108d30: 0100 0901 0000 0000 0000 0000 0200 0101  ................
  - 0108d40: 0000 0000 0000 0000 0300 0901 0000 0000  ................
  - 0108d50: 188d 1000 1100 0000 2c8d 1000 0300 0000  ........,.......
  - 0108d60: 5365 7445 6666 6563 7449 6465 6e74 6974  SetEffectIdentit
  - 0108d70: 7900 0000 0000 0000 0100 0901 0000 0000  y...............
  - 0108d80: 0000 0000 0200 0101 0000 0000 0000 0000  ................
  - 0108d90: 0300 0901 0000 0000 f087 1000 0400 0b01  ................
  - 0108da0: 0000 0000 608d 1000 1100 0000 748d 1000  ....`.......t...
  - 0108db0: 0400 0000 5570 7365 7274 4566 6665 6374  ....UpsertEffect
  - 0108dc0: 5061 7261 6d00 0000 0000 0000 0100 0901  Param...........
  - 0108dd0: 0000 0000 0000 0000 0200 0101 0000 0000  ................
  - 0108de0: 0000 0000 0300 0901 0000 0000 3090 1000  ............0...
  - 0108df0: 0400 0b01 0000 0000 b48d 1000 1100 0000  ................
  - 0108e00: c88d 1000 0400 0000 5365 7445 6666 6563  ........SetEffec
  - 0108e10: 7453 6964 6563 6861 696e 0000 0000 0000  tSidechain......
  - 0108e20: 0100 0901 0000 0000 0000 0000 0200 0101  ................
  - 0108e30: 0000 0000 0000 0000 0300 0901 0000 0000  ................
  - 0108e40: 6892 1000 0400 0b01 0000 0000 088e 1000  h...............
  - 0108e50: 1200 0000 1c8e 1000 0400 0000 5365 7441  ............SetA
  - 0108e60: 7574 6f6d 6174 696f 6e54 6172 6765 7400  utomationTarget.
  - 0108e70: 0000 0000 0100 0901 0000 0000 b08a 1000  ................
  - 0108e80: 0200 0b01 0000 0000 5c8e 1000 1300 0000  ........\.......
  - 0108e90: 708e 1000 0200 0000 5365 7452 6f75 7465  p.......SetRoute
  - 0108ea0: 4465 7374 696e 6174 696f 6e00 0000 0000  Destination.....
  - 0108eb0: 0100 0901 0000 0000 f08a 1000 0200 0b01  ................
  - 0108ec0: 0000 0000 988e 1000 1300 0000 ac8e 1000  ................
  - 0108ed0: 0200 0000 5365 7454 7261 636b 4566 6665  ....SetTrackEffe
  - 0108ee0: 6374 4f72 6465 7200 0000 0000 0100 0901  ctOrder.........
  - 0108ef0: 0000 0000 0000 0000 0200 0101 0000 0000  ................
  - 0108f00: 0000 0000 0300 0901 0100 0000 d48e 1000  ................
  - 0108f10: 1300 0000 e88e 1000 0300 0000 5365 7441  ............SetA
  - 0108f20: 7574 6f6d 6174 696f 6e53 6567 6d65 6e74  utomationSegment
  - 0108f30: 7300 0000 0000 0000 0100 0901 0000 0000  s...............
  - 0108f40: d88b 1000 0200 0b01 0100 0000 1c8f 1000  ................
  - 0108f50: 1500 0000 348f 1000 0200 0000 5365 7373  ....4.......Sess
  - 0108f60: 696f 6e45 6469 7400 0000 0000 0100 0201  ionEdit.........
  - 0108f70: 0000 0000 a883 1000 0200 0b01 0000 0000  ................
  - 0108f80: 5c8f 1000 0b00 0000 688f 1000 0200 0000  \.......h.......
  - 0108f90: 5261 636b 908f 1000 0400 0000 406b 1000  Rack........@k..
  - 0108fa0: 0100 0000 4475 616c 4d6f 6e6f 4661 6465  ....DualMonoFade
  - 0108fb0: 7200 0000 0000 0000 0100 0601 0000 0000  r...............
  - 0108fc0: 0000 0000 0200 0601 0000 0000 0000 0000  ................
  - 0108fd0: 0300 0801 0000 0000 0000 0000 0400 0801  ................
  - 0108fe0: 0000 0000 a48f 1000 0d00 0000 b48f 1000  ................
  - 0108ff0: 0400 0000 4566 6665 6374 5061 7261 6d00  ....EffectParam.
  - 0109000: 0000 0000 0100 0301 0000 0000 0000 0000  ................
  - 0109010: 0200 0101 0000 0000 0000 0000 0300 0101  ................
  - 0109020: 0000 0000 0000 0000 0400 0601 0000 0000  ................
  - 0109030: f48f 1000 0b00 0000 0090 1000 0400 0000  ................
  - 0109040: 526f 7574 6500 0000 0000 0000 0100 0901  Route...........
  - 0109050: 0000 0000 2c84 1000 0200 0b01 0000 0000  ....,...........
  - 0109060: f08a 1000 0300 0b01 0000 0000 c086 1000  ................
  - 0109070: 0400 0b01 0000 0000 0000 0000 0500 0601  ................
  - 0109080: 0000 0000 4090 1000 0500 0000 4890 1000  ....@.......H...
  - 0109090: 0500 0000 5472 6163 6b00 0000 0000 0000  ....Track.......
  - 01090a0: 0100 0901 0000 0000 0000 0000 0200 0901  ................
  - 01090b0: 0000 0000 0000 0000 0300 0101 0000 0000  ................
  - 01090c0: 0000 0000 0400 0101 0000 0000 0092 1000  ................
  - 01090d0: 0500 0b01 0000 0000 948f 1000 0600 0b01  ................
  - 01090e0: 0000 0000 948f 1000 0700 0b01 0000 0000  ................
  - 01090f0: 948f 1000 0800 0b01 0000 0000 e48f 1000  ................
  - 0109100: 0900 0b01 0000 0000 8c85 1000 0a00 0b01  ................
  - 0109110: 0000 0000 9490 1000 0500 0000 9c90 1000  ................
  - 0109120: 0a00 0000 4566 6665 6374 0000 0000 0000  ....Effect......
  - 0109130: 0100 0901 0000 0000 f087 1000 0200 0b01  ................
  - 0109140: 0000 0000 0000 0000 0300 0101 0000 0000  ................
  - 0109150: 0000 0000 0400 0801 0000 0000 0000 0000  ................
  - 0109160: 0500 0101 0000 0000 3090 1000 0600 0b01  ........0.......
  - 0109170: 0100 0000 6892 1000 0700 0b01 0000 0000  ....h...........
  - 0109180: 2491 1000 0600 0000 2c91 1000 0700 0000  $.......,.......
  - 0109190: 4f75 7470 7574 0000 9091 1000 0600 0000  Output..........
  - 01091a0: 5061 1000 0100 0000 536f 7572 6365 0000  Pa......Source..
  - 01091b0: a891 1000 0600 0000 708c 1000 0500 0000  ........p.......
  - 01091c0: 5375 626d 6978 0000 c091 1000 0600 0000  Submix..........
  - 01091d0: 5061 1000 0100 0000 4475 616c 4d6f 6e6f  Pa......DualMono
  - 01091e0: 4275 696c 7469 6e73 f888 1000 0100 0b01  Builtins........
  - 01091f0: 0000 0000 f888 1000 0200 0b01 0000 0000  ................
  - 0109200: d891 1000 1000 0000 e891 1000 0200 0000  ................
  - 0109210: 5369 6465 6368 6169 6e4e 6f6e 6500 0000  SidechainNone...
  - 0109220: 1092 1000 0d00 0000 a860 1000 0100 0000  .........`......
  - 0109230: 5369 6465 6368 6169 6e4b 6e6f 776e 4669  SidechainKnownFi
  - 0109240: 656c 6473 0000 0000 0100 0101 0000 0000  elds............
  - 0109250: 2c84 1000 0200 0b01 0000 0000 0000 0000  ,...............
  - 0109260: 0300 0901 0000 0000 3092 1000 1400 0000  ........0.......
  - 0109270: 4492 1000 0300 0000 5369 6465 6368 6169  D.......Sidechai
  - 0109280: 6e52 6f75 7465 6400 7892 1000 0f00 0000  nRouted.x.......
  - 0109290: 4492 1000 0300 0000 0000 0000 0400 0000  D...............
  - 01092a0: 0400 0000 0c00 0000 7265 7175 6972 6564  ........required
  - 01092b0: 0000 0000 0400 0000 0400 0000 0f00 0000  ................
  - 01092c0: 4d65 7373 6167 654b 696e 644d 6973 6d61  MessageKindMisma
  - 01092d0: 7463 684c 696d 6974 4578 6365 6564 6564  tchLimitExceeded
  - 01092e0: 4f75 7470 7574 546f 6f53 6d61 6c6c 0000  OutputTooSmall..
  - 01092f0: 6602 1000 1b00 0000 8103 0000 1400 0000  f...............
  - 0109300: 536f 7572 6365 5370 616e 6279 7465 5f73  SourceSpanbyte_s
  - 0109310: 7461 7274 6279 7465 5f65 6e64 6c69 6e65  tartbyte_endline
  - 0109320: 636f 6c75 6d6e 0000 0000 0000 0100 0000  column..........
  - 0109330: 0100 0000 9b00 0000 9c00 0000 0c00 0000  ................
  - 0109340: 0400 0000 9d00 0000 0000 0000 1400 0000  ................
  - 0109350: 0400 0000 9e00 0000 0000 0000 0400 0000  ................
  - 0109360: 0400 0000 9f00 0000 636f 6465 7061 7468  ........codepath
  - 0109370: 7370 616e 6d65 7373 6167 6544 6961 676e  spanmessageDiagn
  - 0109380: 6f73 7469 6353 6574 4e6f 6e65 536f 6d65  osticSetNoneSome
  - 0109390: 4a73 6f6e 5379 6e74 6178 5665 7273 696f  JsonSyntaxVersio
  - 01093a0: 6e4d 6973 7369 6e67 5665 7273 696f 6e55  nMissingVersionU
  - 01093b0: 6e73 7570 706f 7274 6564 4d69 7373 696e  nsupportedMissin
  - 01093c0: 6746 6965 6c64 556e 6b6e 6f77 6e46 6965  gFieldUnknownFie
  - 01093d0: 6c64 5772 6f6e 6754 7970 6549 6e76 616c  ldWrongTypeInval
  - 01093e0: 6964 4964 4475 706c 6963 6174 6549 644d  idIdDuplicateIdM
  - 01093f0: 6973 7369 6e67 456e 7469 7479 5265 6665  issingEntityRefe
  - 0109400: 7265 6e63 6549 6e76 616c 6964 456e 756d  renceInvalidEnum
  - 0109410: 536f 7572 6365 436f 6e74 656e 7449 6465  SourceContentIde
  - 0109420: 6e74 6974 7946 6f72 6d61 7453 6f75 7263  ntityFormatSourc
  - 0109430: 6542 6974 4465 7074 6855 6e73 7570 706f  eBitDepthUnsuppo
  - 0109440: 7274 6564 4e75 6d65 7269 634e 6f6e 4669  rtedNumericNonFi
  - 0109450: 6e69 7465 5361 6d70 6c65 5261 7465 556e  niteSampleRateUn
  - 0109460: 7375 7070 6f72 7465 6441 744c 6175 6e63  supportedAtLaunc
  - 0109470: 684e 756d 6572 6963 4e6f 7446 3332 5265  hNumericNotF32Re
  - 0109480: 7072 6573 656e 7461 626c 654e 756d 6572  presentableNumer
  - 0109490: 6963 4f75 744f 6653 6368 656d 6152 616e  icOutOfSchemaRan
  - 01094a0: 6765 556e 6974 496e 7661 6c69 6453 6f75  geUnitInvalidSou
  - 01094b0: 7263 6543 6861 6e6e 656c 496e 6465 784f  rceChannelIndexO
  - 01094c0: 7574 4f66 5261 6e67 6553 6f75 7263 6552  utOfRangeSourceR
  - 01094d0: 6567 696f 6e4f 7665 7266 6c6f 7741 7574  egionOverflowAut
  - 01094e0: 6f6d 6174 696f 6e4f 7574 4f66 4f72 6465  omationOutOfOrde
  - 01094f0: 7241 7574 6f6d 6174 696f 6e53 6567 6d65  rAutomationSegme
  - 0109500: 6e74 4f76 6572 6c61 7041 7574 6f6d 6174  ntOverlapAutomat
  - 0109510: 696f 6e49 6e76 616c 6964 5261 6e67 6543  ionInvalidRangeC
  - 0109520: 6170 6163 6974 795a 6572 6f43 6170 6163  apacityZeroCapac
  - 0109530: 6974 7941 7269 7468 6d65 7469 634f 7665  ityArithmeticOve
  - 0109540: 7266 6c6f 7752 6573 6f75 7263 654c 696d  rflowResourceLim
  - 0109550: 6974 4578 6365 6564 6564 5265 6e64 6572  itExceededRender
  - 0109560: 4d6f 6465 556e 7375 7070 6f72 7465 6441  ModeUnsupportedA
  - 0109570: 744c 6175 6e63 6846 6965 6c64 496e 6465  tLaunchFieldInde
  - 0109580: 7849 6444 6961 676e 6f73 7469 6350 6174  xIdDiagnosticPat
  - 0109590: 6800 0000 0000 0000 0800 0000 0400 0000  h...............
  - 01095a0: a000 0000 6361 6c6c 6564 2060 5265 7375  ....called `Resu
  - 01095b0: 6c74 3a3a 756e 7772 6170 2829 6020 6f6e  lt::unwrap()` on
  - 01095c0: 2061 6e20 6045 7272 6020 7661 6c75 6500   an `Err` value.
  - 01095d0: 270d 1000 5800 0000 5601 0000 2e00 0000  '...X...V.......
  - 01095e0: 6361 7061 6369 7479 206f 7665 7266 6c6f  capacity overflo
  - 01095f0: 7700 0000 270d 1000 5800 0000 4501 0000  w...'...X...E...
  - 0109600: 3600 0000 aa09 1000 5b00 0000 f000 0000  6.......[.......
  - 0109610: 4d00 0000 aa09 1000 5b00 0000 1305 0000  M.......[.......
  - 0109620: 2400 0000 7369 6e67 6c65 5f74 6872 6561  $...single_threa
  - 0109630: 6464 6570 656e 6465 6e63 795f 7761 7665  ddependency_wave
  - 0109640: 7300 0000 0000 0000 2496 1000 0d00 0000  s.......$.......
  - 0109650: 0100 0000 3196 1000 1000 0000 6633 325f  ....1.......f32_
  - 0109660: 706c 616e 6172 6472 6166 746e 6f72 6d61  planardraftnorma
  - 0109670: 6c68 6967 6800 0000 0000 0000 6696 1000  lhigh.......f...
  - 0109680: 0500 0000 0100 0000 6b96 1000 0600 0000  ........k.......
  - 0109690: 0200 0000 7196 1000 0400 0000 6462 687a  ....q.......dbhz
  - 01096a0: 6d69 6c6c 6973 6563 6f6e 6473 7361 6d70  millisecondssamp
  - 01096b0: 6c65 736c 696e 6561 7272 6174 696f 0000  leslinearratio..
  - 01096c0: 0000 0000 9c96 1000 0200 0000 0100 0000  ................
  - 01096d0: 9e96 1000 0200 0000 0200 0000 a096 1000  ................
  - 01096e0: 0c00 0000 0300 0000 ac96 1000 0700 0000  ................
  - 01096f0: 0400 0000 b396 1000 0600 0000 0500 0000  ................
  - 0109700: b996 1000 0500 0000 7374 6570 6578 706f  ........stepexpo
  - 0109710: 6e65 6e74 6961 6c00 0000 0000 0897 1000  nential.........
  - 0109720: 0400 0000 0100 0000 b396 1000 0600 0000  ................
  - 0109730: 0200 0000 0c97 1000 0b00 0000 6c65 6674  ............left
  - 0109740: 7269 6768 7462 6f74 6800 0000 0000 0000  rightboth.......
  - 0109750: 3c97 1000 0400 0000 0100 0000 4097 1000  <...........@...
  - 0109760: 0500 0000 0200 0000 4597 1000 0400 0000  ........E.......
  - 0109770: 696e 7075 7470 6f73 745f 696e 7075 745f  inputpost_input_
  - 0109780: 6275 696c 7469 6e73 706f 7374 5f73 696d  builtinspost_sim
  - 0109790: 6431 706f 7374 5f64 796e 616d 6963 706f  d1post_dynamicpo
  - 01097a0: 7374 5f73 696d 6432 5f70 7265 5f66 6164  st_simd2_pre_fad
  - 01097b0: 6572 706f 7374 5f66 6164 6572 706f 7374  erpost_faderpost
  - 01097c0: 5f6d 6174 7269 7800 0000 0000 7097 1000  _matrix.....p...
  - 01097d0: 0500 0000 0100 0000 7597 1000 1300 0000  ........u.......
  - 01097e0: 0200 0000 8897 1000 0a00 0000 0300 0000  ................
  - 01097f0: 9297 1000 0c00 0000 0400 0000 9e97 1000  ................
  - 0109800: 1400 0000 0500 0000 b297 1000 0a00 0000  ................
  - 0109810: 0600 0000 bc97 1000 0b00 0000 6475 616c  ............dual
  - 0109820: 5f6d 6f6e 6f6d 6178 696d 756d 6176 6572  _monomaximumaver
  - 0109830: 6167 6500 0000 0000 1c98 1000 0900 0000  age.............
  - 0109840: 0100 0000 2598 1000 0700 0000 0200 0000  ....%...........
  - 0109850: 2c98 1000 0700 0000 7369 6d64 3164 796e  ,.......simd1dyn
  - 0109860: 616d 6963 7369 6d64 3262 7569 6c74 696e  amicsimd2builtin
  - 0109870: 7300 0000 0000 0000 5898 1000 0500 0000  s.......X.......
  - 0109880: 0100 0000 5d98 1000 0700 0000 0200 0000  ....]...........
  - 0109890: 6498 1000 0500 0000 0300 0000 6998 1000  d...........i...
  - 01098a0: 0800 0000 0000 0000 ffff ffff ffff ffff  ................
  - 01098b0: a898 1000 0000 0000 0000 0000 0000 0000  ................
  - 01098c0: 1308 1000 5f00 0000 5802 0000 3000 0000  ...._...X...0...
  - 01098d0: 7306 1000 4f00 0000 e705 0000 1400 0000  s...O...........
  - 01098e0: 7306 1000 4f00 0000 e705 0000 2100 0000  s...O.......!...
  - 01098f0: 7306 1000 4f00 0000 db05 0000 2100 0000  s...O.......!...
  - 0109900: cd08 1000 1b00 0000 1100 0000 1000 0000  ................
  - 0109910: 6173 7365 7274 696f 6e20 6661 696c 6564  assertion failed
  - 0109920: 3a20 7372 632e 6c65 6e28 2920 3d3d 2064  : src.len() == d
  - 0109930: 7374 2e6c 656e 2829 aa09 1000 5b00 0000  st.len()....[...
  - 0109940: 5407 0000 0500 0000 4503 1000 5f00 0000  T.......E..._...
  - 0109950: 4d00 0000 1f00 0000 4503 1000 5f00 0000  M.......E..._...
  - 0109960: 4700 0000 1700 0000 7363 6865 6d61 5f76  G.......schema_v
  - 0109970: 6572 7369 6f6e 7365 7373 696f 6e5f 6964  ersionsession_id
  - 0109980: 7265 7669 7369 6f6e 7361 6d70 6c65 5f72  revisionsample_r
  - 0109990: 6174 655f 687a 7175 616e 7475 6d5f 6672  ate_hzquantum_fr
  - 01099a0: 616d 6573 7265 6e64 6572 5f70 726f 6669  amesrender_profi
  - 01099b0: 6c65 6f75 7470 7574 5f70 726f 6669 6c65  leoutput_profile
  - 01099c0: 736f 7572 6365 7374 7261 636b 7373 7562  sourcestrackssub
  - 01099d0: 6d69 7865 736f 7574 7075 7473 726f 7574  mixesoutputsrout
  - 01099e0: 6573 6175 746f 6d61 7469 6f6e 6964 6d6f  esautomationidmo
  - 01099f0: 6465 6368 616e 6e65 6c73 7361 6d70 6c65  dechannelssample
  - 0109a00: 5f66 6f72 6d61 7465 6e74 6974 795f 6964  _formatentity_id
  - 0109a10: 7261 636b 6566 6665 6374 5f69 6470 6172  rackeffect_idpar
  - 0109a20: 616d 6574 6572 5f69 6463 6861 6e6e 656c  ameter_idchannel
  - 0109a30: 7368 6170 6573 7461 7274 5f73 616d 706c  shapestart_sampl
  - 0109a40: 6565 6e64 5f73 616d 706c 6573 7461 7274  eend_samplestart
  - 0109a50: 5f76 616c 7565 656e 645f 7661 6c75 6575  _valueend_valueu
  - 0109a60: 6e69 746b 696e 6463 6964 736f 7572 6365  nitkindcidsource
  - 0109a70: 706f 7274 5f69 6470 616e 736d 6f6f 7468  port_idpansmooth
  - 0109a80: 696e 675f 7361 6d70 6c65 736d 6174 7269  ing_samplesmatri
  - 0109a90: 786c 6c6c 7272 6c72 7274 7261 636b 5f69  xlllrrlrrtrack_i
  - 0109aa0: 6474 6170 7375 626d 6978 5f69 646f 7574  dtapsubmix_idout
  - 0109ab0: 7075 745f 6964 636f 6e74 656e 7462 6974  put_idcontentbit
  - 0109ac0: 5f64 6570 7468 6672 616d 6573 736f 7572  _depthframessour
  - 0109ad0: 6365 5f69 646c 6566 745f 736f 7572 6365  ce_idleft_source
  - 0109ae0: 5f63 6861 6e6e 656c 7269 6768 745f 736f  _channelright_so
  - 0109af0: 7572 6365 5f63 6861 6e6e 656c 6661 6465  urce_channelfade
  - 0109b00: 7270 6f6c 6172 6974 795f 696e 7665 7274  rpolarity_invert
  - 0109b10: 7472 696d 5f64 6268 7066 5f68 7a6c 7066  trim_dbhpf_hzlpf
  - 0109b20: 5f68 7a64 656c 6179 5f73 616d 706c 6573  _hzdelay_samples
  - 0109b30: 6566 6665 6374 7369 6465 6e74 6974 7971  effectsidentityq
  - 0109b40: 7561 6c69 7479 6279 7061 7373 6c69 6e6b  ualitybypasslink
  - 0109b50: 5f6d 6f64 6570 6172 616d 7373 6964 6563  _modeparamssidec
  - 0109b60: 6861 696e 7661 6c75 656c 6566 745f 6462  hainvalueleft_db
  - 0109b70: 7269 6768 745f 6462 6c65 6674 5f6d 7574  right_dbleft_mut
  - 0109b80: 6572 6967 6874 5f6d 7574 6564 6573 7469  eright_mutedesti
  - 0109b90: 6e61 7469 6f6e 6368 616e 6e65 6c5f 6d61  nationchannel_ma
  - 0109ba0: 7472 6978 6761 696e 5f64 6274 6172 6765  trixgain_dbtarge
  - 0109bb0: 7473 6567 6d65 6e74 7300 0000 be05 1000  tsegments.......
  - 0109bc0: 6800 0000 1700 0000 1f00 0000 696e 7465  h...........inte
  - 0109bd0: 726e 616c 2065 7272 6f72 3a20 656e 7465  rnal error: ente
  - 0109be0: 7265 6420 756e 7265 6163 6861 626c 6520  red unreachable 
  - 0109bf0: 636f 6465 3404 1000 2400 0000 9c00 0000  code4...$.......
  - 0109c00: 2700 0000 4a53 4f4e 206e 6573 7469 6e67  '...JSON nesting
  - 0109c10: 2065 7863 6565 6473 2074 6865 206d 6178   exceeds the max
  - 0109c20: 696d 756d 2064 6570 7468 206f 6620 3132  imum depth of 12
  - 0109c30: 3800 0000 3404 1000 2400 0000 5b00 0000  8...4...$...[...
  - 0109c40: 2f00 0000 6475 706c 6963 6174 6520 6f62  /...duplicate ob
  - 0109c50: 6a65 6374 206d 656d 6265 7200 3404 1000  ject member.4...
  - 0109c60: 2400 0000 b000 0000 2b00 0000 6d69 6420  $.......+...mid 
  - 0109c70: 3e20 6c65 6e00 0000 830b 1000 6100 0000  > len.......a...
  - 0109c80: ca00 0000 2800 0000 060d 1000 2000 0000  ....(....... ...
  - 0109c90: 3401 0000 1d00 0000 4469 6167 6e6f 7374  4.......Diagnost
  - 0109ca0: 6963 5365 7420 6d75 7374 2062 6520 6e6f  icSet must be no
  - 0109cb0: 6e65 6d70 7479 0000 060d 1000 2000 0000  nempty...... ...
  - 0109cc0: 7001 0000 0900 0000 aa09 1000 5b00 0000  p...........[...
  - 0109cd0: d004 0000 2300 0000 6578 7065 6374 6564  ....#...expected
  - 0109ce0: 204a 534f 4e20 7374 7269 6e67 7265 7175   JSON stringrequ
  - 0109cf0: 6972 6564 206b 6579 2069 7320 6162 7365  ired key is abse
  - 0109d00: 6e74 6578 7065 6374 6564 204a 534f 4e20  ntexpected JSON 
  - 0109d10: 6f62 6a65 6374 0000 cd08 1000 1b00 0000  object..........
  - 0109d20: 4901 0000 2900 0000 696e 7465 6765 7220  I...)...integer 
  - 0109d30: 6578 6365 6564 7320 7536 3465 7870 6563  exceeds u64expec
  - 0109d40: 7465 6420 616e 2075 6e73 6967 6e65 6420  ted an unsigned 
  - 0109d50: 696e 7465 6765 7220 4a53 4f4e 206e 756d  integer JSON num
  - 0109d60: 6265 7265 7870 6563 7465 6420 4a53 4f4e  berexpected JSON
  - 0109d70: 206e 756d 6265 7200 cd08 1000 1b00 0000   number.........
  - 0109d80: 9a01 0000 2d00 0000 cd08 1000 1b00 0000  ....-...........
  - 0109d90: 9d01 0000 2d00 0000 736f 7572 6365 2062  ....-...source b
  - 0109da0: 6974 5f64 6570 7468 206d 7573 7420 6265  it_depth must be
  - 0109db0: 2031 362c 2032 342c 206f 7220 2233 3266   16, 24, or "32f
  - 0109dc0: 2273 7461 626c 6520 4944 7320 6d75 7374  "stable IDs must
  - 0109dd0: 206d 6174 6368 205b 612d 7a5d 5b61 2d7a   match [a-z][a-z
  - 0109de0: 302d 392e 5f2d 5d7b 302c 3132 367d 696e  0-9._-]{0,126}in
  - 0109df0: 7465 6765 7220 6d75 7374 2066 6974 2075  teger must fit u
  - 0109e00: 3800 0000 cd08 1000 1b00 0000 ba01 0000  8...............
  - 0109e10: 4300 0000 7661 6c75 6520 6d75 7374 2062  C...value must b
  - 0109e20: 6520 6669 6e69 7465 7661 6c75 6520 6d75  e finitevalue mu
  - 0109e30: 7374 2062 6520 7265 7072 6573 656e 7461  st be representa
  - 0109e40: 626c 6520 6173 2066 3332 696e 7465 6765  ble as f32intege
  - 0109e50: 7220 6d75 7374 2066 6974 2075 3332 6578  r must fit u32ex
  - 0109e60: 7065 6374 6564 2061 2063 616e 6f6e 6963  pected a canonic
  - 0109e70: 616c 2075 6e73 6967 6e65 6420 6465 6369  al unsigned deci
  - 0109e80: 6d61 6c20 7374 7269 6e67 756e 7369 676e  mal stringunsign
  - 0109e90: 6564 2064 6563 696d 616c 2073 7472 696e  ed decimal strin
  - 0109ea0: 6720 6578 6365 6564 7320 7536 3465 7870  g exceeds u64exp
  - 0109eb0: 6563 7465 6420 4a53 4f4e 2073 7472 696e  ected JSON strin
  - 0109ec0: 6720 666f 7220 7536 3420 6669 656c 6465  g for u64 fielde
  - 0109ed0: 7870 6563 7465 6420 4a53 4f4e 2062 6f6f  xpected JSON boo
  - 0109ee0: 6c65 616e 6b65 7920 6973 206e 6f74 2070  leankey is not p
  - 0109ef0: 6172 7420 6f66 2053 4553 5349 4f4e 5f53  art of SESSION_S
  - 0109f00: 4348 454d 415f 5645 5253 494f 4e5f 5631  CHEMA_VERSION_V1
  - 0109f10: 6578 7065 6374 6564 204a 534f 4e20 6172  expected JSON ar
  - 0109f20: 7261 7900 270d 1000 5800 0000 e604 0000  ray.'...X.......
  - 0109f30: 0e00 0000 6173 7365 7274 696f 6e20 6661  ....assertion fa
  - 0109f40: 696c 6564 3a20 6e65 775f 6361 7020 3e3d  iled: new_cap >=
  - 0109f50: 206c 656e 270d 1000 5800 0000 b104 0000   len'...X.......
  - 0109f60: 0d00 0000 6173 7365 7274 696f 6e20 6661  ....assertion fa
  - 0109f70: 696c 6564 3a20 696e 6465 7820 3c3d 206c  iled: index <= l
  - 0109f80: 656e 0000 270d 1000 5800 0000 0707 0000  en..'...X.......
  - 0109f90: 0900 0000 6173 7365 7274 696f 6e20 6661  ....assertion fa
  - 0109fa0: 696c 6564 3a20 6564 6765 2e68 6569 6768  iled: edge.heigh
  - 0109fb0: 7420 3d3d 2073 656c 662e 6865 6967 6874  t == self.height
  - 0109fc0: 202d 2031 aa09 1000 5b00 0000 b602 0000   - 1....[.......
  - 0109fd0: 0900 0000 309b 1000 0700 0000 6899 1000  ....0.......h...
  - 0109fe0: 0e00 0000 7699 1000 0a00 0000 8099 1000  ....v...........
  - 0109ff0: 0800 0000 8899 1000 0e00 0000 9699 1000  ................
  - 010a000: 0e00 0000 a499 1000 0e00 0000 b299 1000  ................
  - 010a010: 0e00 0000 c099 1000 0700 0000 c799 1000  ................
  - 010a020: 0600 0000 cd99 1000 0800 0000 d599 1000  ................
  - 010a030: 0700 0000 dc99 1000 0600 0000 e299 1000  ................
  - 010a040: 0a00 0000 6f6e 6c79 2076 6572 7369 6f6e  ....only version
  - 010a050: 2031 2069 7320 6163 6365 7074 6564 7265   1 is acceptedre
  - 010a060: 7175 6972 6564 2073 6368 656d 6120 7665  quired schema ve
  - 010a070: 7273 696f 6e20 6973 2061 6273 656e 7400  rsion is absent.
  - 010a080: 699b 1000 0700 0000 709b 1000 0800 0000  i.......p.......
  - 010a090: 789b 1000 0900 0000 819b 1000 0a00 0000  x...............
  - 010a0a0: 1d9a 1000 0c00 0000 299a 1000 0700 0000  ........).......
  - 010a0b0: 5f9a 1000 0400 0000 649b 1000 0500 0000  _.......d.......
  - 010a0c0: ec99 1000 0200 0000 6a9a 1000 0600 0000  ........j.......
  - 010a0d0: 8b9b 1000 0b00 0000 969b 1000 0e00 0000  ................
  - 010a0e0: a49b 1000 0700 0000 ec99 1000 0200 0000  ................
  - 010a0f0: cc9a 1000 0900 0000 d59a 1000 1300 0000  ................
  - 010a100: e89a 1000 1400 0000 6998 1000 0800 0000  ........i.......
  - 010a110: 5898 1000 0500 0000 5d98 1000 0700 0000  X.......].......
  - 010a120: 6498 1000 0500 0000 fc9a 1000 0500 0000  d...............
  - 010a130: 779a 1000 0300 0000 8b9a 1000 0600 0000  w...............
  - 010a140: ec99 1000 0200 0000 379b 1000 0800 0000  ........7.......
  - 010a150: 3f9b 1000 0700 0000 469b 1000 0600 0000  ?.......F.......
  - 010a160: 4c9b 1000 0900 0000 559b 1000 0600 0000  L.......U.......
  - 010a170: 5b9b 1000 0900 0000 ec99 1000 0200 0000  [...............
  - 010a180: ec99 1000 0200 0000 b69a 1000 0700 0000  ................
  - 010a190: f299 1000 0800 0000 bd9a 1000 0900 0000  ................
  - 010a1a0: c69a 1000 0600 0000 079a 1000 0900 0000  ................
  - 010a1b0: 109a 1000 0400 0000 149a 1000 0900 0000  ................
  - 010a1c0: 1d9a 1000 0c00 0000 299a 1000 0700 0000  ........).......
  - 010a1d0: 309a 1000 0500 0000 359a 1000 0c00 0000  0.......5.......
  - 010a1e0: 419a 1000 0a00 0000 4b9a 1000 0b00 0000  A.......K.......
  - 010a1f0: 569a 1000 0900 0000 5f9a 1000 0400 0000  V......._.......
  - 010a200: cd08 1000 1b00 0000 8802 0000 1800 0000  ................
  - 010a210: cd08 1000 1b00 0000 9702 0000 1400 0000  ................
  - 010a220: 3c97 1000 0400 0000 4097 1000 0500 0000  <.......@.......
  - 010a230: 639a 1000 0400 0000 6a9a 1000 0600 0000  c.......j.......
  - 010a240: 709a 1000 0700 0000 6578 7065 6374 6564  p.......expected
  - 010a250: 206e 6f6e 6520 6f72 2072 6f75 7465 646e   none or routedn
  - 010a260: 6f6e 6520 7369 6465 6368 6169 6e20 6361  one sidechain ca
  - 010a270: 6e6e 6f74 2063 6f6e 7461 696e 2072 6f75  nnot contain rou
  - 010a280: 7469 6e67 2066 6965 6c64 7300 ec99 1000  ting fields.....
  - 010a290: 0200 0000 ab9b 1000 0600 0000 b19b 1000  ................
  - 010a2a0: 0800 0000 639a 1000 0400 0000 999a 1000  ....c...........
  - 010a2b0: 0800 0000 a19a 1000 0300 0000 a49a 1000  ................
  - 010a2c0: 0900 0000 6578 7065 6374 6564 2074 7261  ....expected tra
  - 010a2d0: 636b 206f 7220 7375 626d 6978 5f6f 7574  ck or submix_out
  - 010a2e0: 7075 7473 7562 6d69 785f 6f75 7470 7574  putsubmix_output
  - 010a2f0: 2073 6f75 7263 6520 6361 6e6e 6f74 2063   source cannot c
  - 010a300: 6f6e 7461 696e 2074 7261 636b 2066 6965  ontain track fie
  - 010a310: 6c64 7374 7261 636b 2073 6f75 7263 6520  ldstrack source 
  - 010a320: 6361 6e6e 6f74 2063 6f6e 7461 696e 2073  cannot contain s
  - 010a330: 7562 6d69 785f 6964 7061 7273 6572 2063  ubmix_idparser c
  - 010a340: 6f75 6c64 206e 6f74 2062 7569 6c64 2061  ould not build a
  - 010a350: 2074 7970 6564 206d 6f64 656c cd08 1000   typed model....
  - 010a360: 1b00 0000 5602 0000 3100 0000 6578 6163  ....V...1...exac
  - 010a370: 746c 7920 6f6e 6520 6f66 2070 616e 206f  tly one of pan o
  - 010a380: 7220 6d61 7472 6978 2069 7320 7265 7175  r matrix is requ
  - 010a390: 6972 6564 919a 1000 0200 0000 939a 1000  ired............
  - 010a3a0: 0200 0000 959a 1000 0200 0000 979a 1000  ................
  - 010a3b0: 0200 0000 7a9a 1000 1100 0000 3c97 1000  ....z.......<...
  - 010a3c0: 0400 0000 4097 1000 0500 0000 7a9a 1000  ....@.......z...
  - 010a3d0: 1100 0000 919a 1000 0200 0000 939a 1000  ................
  - 010a3e0: 0200 0000 959a 1000 0200 0000 979a 1000  ................
  - 010a3f0: 0200 0000 ec99 1000 0200 0000 f299 1000  ................
  - 010a400: 0800 0000 fa99 1000 0d00 0000 ec99 1000  ................
  - 010a410: 0200 0000 ee99 1000 0400 0000 639a 1000  ............c...
  - 010a420: 0400 0000 149a 1000 0900 0000 679a 1000  ............g...
  - 010a430: 0300 0000 6578 7065 6374 6564 206e 6174  ....expected nat
  - 010a440: 6976 6520 6f72 2063 6964 4349 4420 6566  ive or cidCID ef
  - 010a450: 6665 6374 2069 6465 6e74 6974 7920 6361  fect identity ca
  - 010a460: 6e6e 6f74 2063 6f6e 7461 696e 2065 6666  nnot contain eff
  - 010a470: 6563 745f 6964 6e61 7469 7665 2065 6666  ect_idnative eff
  - 010a480: 6563 7420 6964 656e 7469 7479 2063 616e  ect identity can
  - 010a490: 6e6f 7420 636f 6e74 6169 6e20 6369 6400  not contain cid.
  - 010a4a0: 019b 1000 0f00 0000 109b 1000 0700 0000  ................
  - 010a4b0: 179b 1000 0600 0000 1d9b 1000 0600 0000  ................
  - 010a4c0: 239b 1000 0d00 0000 639a 1000 0400 0000  #.......c.......
  - 010a4d0: a49a 1000 0900 0000 ad9a 1000 0900 0000  ................
  - 010a4e0: 6578 7065 6374 6564 2073 7562 6d69 785f  expected submix_
  - 010a4f0: 696e 7075 7420 6f72 206f 7574 7075 745f  input or output_
  - 010a500: 696e 7075 746f 7574 7075 745f 696e 7075  inputoutput_inpu
  - 010a510: 7420 6361 6e6e 6f74 2063 6f6e 7461 696e  t cannot contain
  - 010a520: 2073 7562 6d69 785f 6964 7375 626d 6978   submix_idsubmix
  - 010a530: 5f69 6e70 7574 2063 616e 6e6f 7420 636f  _input cannot co
  - 010a540: 6e74 6169 6e20 6f75 7470 7574 5f69 6469  ntain output_idi
  - 010a550: 6e66 6e61 6e00 0000 a100 0000 0c00 0000  nfnan...........
  - 010a560: 0400 0000 a200 0000 a300 0000 a400 0000  ................
  - 010a570: 6566 6665 6374 2049 4420 6973 2072 6570  effect ID is rep
  - 010a580: 6561 7465 6420 696e 2061 2072 6163 6b74  eated in a rackt
  - 010a590: 6869 7264 2d70 6172 7479 2043 4944 206d  hird-party CID m
  - 010a5a0: 7573 7420 6265 206e 6f6e 656d 7074 7970  ust be nonemptyp
  - 010a5b0: 6172 616d 6574 6572 2049 442f 6368 616e  arameter ID/chan
  - 010a5c0: 6e65 6c20 6973 2072 6570 6561 7465 6474  nel is repeatedt
  - 010a5d0: 7261 636b 2073 6f75 7263 655f 6964 2069  rack source_id i
  - 010a5e0: 7320 6e6f 7420 6120 6465 636c 6172 6564  s not a declared
  - 010a5f0: 2073 6f75 7263 6574 7261 636b 2073 6f75   sourcetrack sou
  - 010a600: 7263 6520 6368 616e 6e65 6c20 696e 6465  rce channel inde
  - 010a610: 7820 6578 6365 6564 7320 6465 636c 6172  x exceeds declar
  - 010a620: 6564 2073 6f75 7263 6520 6368 616e 6e65  ed source channe
  - 010a630: 6c73 6275 696c 7469 6e20 6465 6c61 795f  lsbuiltin delay_
  - 010a640: 7361 6d70 6c65 7320 6578 6365 6564 7320  samples exceeds 
  - 010a650: 7468 6520 7363 6865 6d61 206d 6178 696d  the schema maxim
  - 010a660: 756d 206f 6620 3438 3030 306c 6175 6e63  um of 48000launc
  - 010a670: 6820 7361 6d70 6c65 5f72 6174 655f 687a  h sample_rate_hz
  - 010a680: 206d 7573 7420 6265 206f 6e65 206f 6620   must be one of 
  - 010a690: 3434 3130 302c 2034 3830 3030 2c20 3838  44100, 48000, 88
  - 010a6a0: 3230 302c 206f 7220 3936 3030 3020 487a  200, or 96000 Hz
  - 010a6b0: 6c61 756e 6368 2072 656e 6465 725f 7072  launch render_pr
  - 010a6c0: 6f66 696c 652e 6d6f 6465 206d 7573 7420  ofile.mode must 
  - 010a6d0: 6265 2073 696e 676c 655f 7468 7265 6164  be single_thread
  - 010a6e0: 7175 616e 7475 6d5f 6672 616d 6573 206d  quantum_frames m
  - 010a6f0: 7573 7420 6265 206e 6f6e 7a65 726f 5631  ust be nonzeroV1
  - 010a700: 206f 7574 7075 7420 6d75 7374 2063 6f6e   output must con
  - 010a710: 7461 696e 2065 7861 6374 6c79 2074 776f  tain exactly two
  - 010a720: 2064 7561 6c2d 6d6f 6e6f 2063 6861 6e6e   dual-mono chann
  - 010a730: 656c 7372 6f75 7465 2049 4420 6973 2072  elsroute ID is r
  - 010a740: 6570 6561 7465 6461 7574 6f6d 6174 696f  epeatedautomatio
  - 010a750: 6e20 4944 2069 7320 7265 7065 6174 6564  n ID is repeated
  - 010a760: 736f 7572 6365 2063 6f6e 7465 6e74 206d  source content m
  - 010a770: 7573 7420 6d61 7463 6820 7368 6132 3536  ust match sha256
  - 010a780: 3a5b 302d 3961 2d66 5d7b 3634 7d73 6f75  :[0-9a-f]{64}sou
  - 010a790: 7263 6520 6368 616e 6e65 6c73 206d 7573  rce channels mus
  - 010a7a0: 7420 6265 206e 6f6e 7a65 726f 736f 7572  t be nonzerosour
  - 010a7b0: 6365 2066 7261 6d65 7320 6d75 7374 2062  ce frames must b
  - 010a7c0: 6520 6e6f 6e7a 6572 6f61 7574 6f6d 6174  e nonzeroautomat
  - 010a7d0: 696f 6e20 6d75 7374 2064 6563 6c61 7265  ion must declare
  - 010a7e0: 2061 7420 6c65 6173 7420 6f6e 6520 7365   at least one se
  - 010a7f0: 676d 656e 7470 6172 616d 6574 6572 2f63  gmentparameter/c
  - 010a800: 6861 6e6e 656c 2069 7320 6162 7365 6e74  hannel is absent
  - 010a810: 2066 726f 6d20 7365 6c65 6374 6564 2065   from selected e
  - 010a820: 6666 6563 7465 6666 6563 7420 4944 2069  ffecteffect ID i
  - 010a830: 7320 6162 7365 6e74 2066 726f 6d20 7365  s absent from se
  - 010a840: 6c65 6374 6564 2072 6163 6b61 7574 6f6d  lected rackautom
  - 010a850: 6174 696f 6e20 7461 7267 6574 206d 7573  ation target mus
  - 010a860: 7420 6265 2061 2064 6563 6c61 7265 6420  t be a declared 
  - 010a870: 7472 6163 6b65 6e64 5f73 616d 706c 6520  trackend_sample 
  - 010a880: 6d75 7374 2062 6520 6772 6561 7465 7220  must be greater 
  - 010a890: 7468 616e 2073 7461 7274 5f73 616d 706c  than start_sampl
  - 010a8a0: 6573 6567 6d65 6e74 206f 7665 726c 6170  esegment overlap
  - 010a8b0: 7320 6974 7320 7072 6564 6563 6573 736f  s its predecesso
  - 010a8c0: 7273 6567 6d65 6e74 2073 7461 7274 7320  rsegment starts 
  - 010a8d0: 6265 666f 7265 2069 7473 2070 7265 6465  before its prede
  - 010a8e0: 6365 7373 6f72 6578 706f 6e65 6e74 6961  cessorexponentia
  - 010a8f0: 6c20 7661 6c75 6573 206d 7573 7420 6265  l values must be
  - 010a900: 2070 6f73 6974 6976 6575 6e69 7420 7265   positiveunit re
  - 010a910: 7175 6972 6573 2061 206e 6f6e 2d6e 6567  quires a non-neg
  - 010a920: 6174 6976 6520 7661 6c75 6573 616d 706c  ative valuesampl
  - 010a930: 6520 7661 6c75 6573 206d 7573 7420 6265  e values must be
  - 010a940: 2069 6e74 6567 7261 6c76 616c 7565 2069   integralvalue i
  - 010a950: 7320 6e6f 7420 6669 6e69 7465 2066 3332  s not finite f32
  - 010a960: 206f 7220 6f75 7473 6964 6520 6974 7320   or outside its 
  - 010a970: 7363 6865 6d61 2d6c 6f63 616c 2072 616e  schema-local ran
  - 010a980: 6765 726f 7574 6520 736f 7572 6365 2065  geroute source e
  - 010a990: 6e74 6974 7920 6973 206e 6f74 2064 6563  ntity is not dec
  - 010a9a0: 6c61 7265 6420 7769 7468 2074 6865 2072  lared with the r
  - 010a9b0: 6571 7569 7265 6420 726f 6c65 726f 7574  equired rolerout
  - 010a9c0: 6520 6465 7374 696e 6174 696f 6e20 656e  e destination en
  - 010a9d0: 7469 7479 2069 7320 6e6f 7420 6465 636c  tity is not decl
  - 010a9e0: 6172 6564 2077 6974 6820 7468 6520 7265  ared with the re
  - 010a9f0: 7175 6972 6564 2072 6f6c 6576 616c 7565  quired rolevalue
  - 010aa00: 206d 7573 7420 6265 206e 6f6e 2d6e 6567   must be non-neg
  - 010aa10: 6174 6976 6562 7569 6c74 696e 7320 6175  ativebuiltins au
  - 010aa20: 746f 6d61 7469 6f6e 206d 7573 7420 6e61  tomation must na
  - 010aa30: 6d65 2074 6865 2073 7472 6970 0100 0000  me the strip....
  - 010aa40: 0100 0000 0200 0000 0100 0000 0500 0000  ................
  - 010aa50: 0100 0000 0600 0000 0100 0000 0700 0000  ................
  - 010aa60: 0000 0000 0800 0000 0000 0000 0900 0000  ................
  - 010aa70: 0000 0000 0a00 0000 0000 0000 0c00 0000  ................
  - 010aa80: 0100 0000 7368 6172 6564 2062 7569 6c74  ....shared built
  - 010aa90: 696e 2070 6172 616d 6574 6572 7320 6172  in parameters ar
  - 010aaa0: 6520 6164 6472 6573 7365 6420 6173 2062  e addressed as b
  - 010aab0: 6f74 6870 6172 616d 6574 6572 2049 4420  othparameter ID 
  - 010aac0: 6973 206e 6f74 2061 6e20 6175 746f 6d61  is not an automa
  - 010aad0: 7461 626c 6520 6275 696c 7469 6e20 7061  table builtin pa
  - 010aae0: 7261 6d65 7465 7265 6e74 6974 7920 4944  rameterentity ID
  - 010aaf0: 2069 7320 7265 7065 6174 6564 756e 6578   is repeatedunex
  - 010ab00: 7065 6374 6564 2065 6e64 206f 6620 6669  pected end of fi
  - 010ab10: 6c65 6d69 7373 696e 6720 6c6f 7720 7375  lemissing low su
  - 010ab20: 7272 6f67 6174 6569 6e76 616c 6964 206c  rrogateinvalid l
  - 010ab30: 6f77 2073 7572 726f 6761 7465 696e 7661  ow surrogateinva
  - 010ab40: 6c69 6420 5554 462d 384c 6179 6f75 7473  lid UTF-8Layouts
  - 010ab50: 697a 6561 6c69 676e 0000 0000 0000 0000  izealign........
  - 010ab60: 0100 0000 a500 0000 6120 4469 7370 6c61  ........a Displa
  - 010ab70: 7920 696d 706c 656d 656e 7461 7469 6f6e  y implementation
  - 010ab80: 2072 6574 7572 6e65 6420 616e 2065 7272   returned an err
  - 010ab90: 6f72 2075 6e65 7870 6563 7465 646c 7900  or unexpectedly.
  - 010aba0: aa07 1000 4b00 0000 710b 0000 0e00 0000  ....K...q.......
  - 010abb0: 4572 726f 7243 6170 6163 6974 794f 7665  ErrorCapacityOve
  - 010abc0: 7266 6c6f 7741 6c6c 6f63 4572 726c 6179  rflowAllocErrlay
  - 010abd0: 6f75 744f 6e63 6520 696e 7374 616e 6365  outOnce instance
  - 010abe0: 2068 6173 2070 7265 7669 6f75 736c 7920   has previously 
  - 010abf0: 6265 656e 2070 6f69 736f 6e65 646f 6e65  been poisonedone
  - 010ac00: 2d74 696d 6520 696e 6974 6961 6c69 7a61  -time initializa
  - 010ac10: 7469 6f6e 206d 6179 206e 6f74 2062 6520  tion may not be 
  - 010ac20: 7065 7266 6f72 6d65 6420 7265 6375 7273  performed recurs
  - 010ac30: 6976 656c 7900 0000 060a 1000 4c00 0000  ively.......L...
  - 010ac40: a600 0000 3200 0000 1300 0000 0c00 0000  ....2...........
  - 010ac50: 0400 0000 a600 0000 a700 0000 a800 0000  ................
  - 010ac60: 0000 0000 0800 0000 0400 0000 a900 0000  ................
  - 010ac70: aa00 0000 ab00 0000 ac00 0000 ad00 0000  ................
  - 010ac80: 1000 0000 0400 0000 ae00 0000 af00 0000  ................
  - 010ac90: b000 0000 b100 0000 5cf6 e95f dc02 f6b9  ........\.._....
  - 010aca0: f1c1 706c f261 c124 da07 8c49 7865 4cd3  ..pl.a.$...IxeL.
  - 010acb0: c27d 8f4d 969f 26cf 6173 7365 7274 696f  .}.M..&.assertio
  - 010acc0: 6e20 6661 696c 6564 3a20 7073 697a 6520  n failed: psize 
  - 010acd0: 3e3d 2073 697a 6520 2b20 6d69 6e5f 6f76  >= size + min_ov
  - 010ace0: 6572 6865 6164 0000 db0c 1000 2a00 0000  erhead......*...
  - 010acf0: b104 0000 0900 0000 6173 7365 7274 696f  ........assertio
  - 010ad00: 6e20 6661 696c 6564 3a20 7073 697a 6520  n failed: psize 
  - 010ad10: 3c3d 2073 697a 6520 2b20 6d61 785f 6f76  <= size + max_ov
  - 010ad20: 6572 6865 6164 0000 db0c 1000 2a00 0000  erhead......*...
  - 010ad30: b704 0000 0d00 0000 7277 6c6f 636b 206f  ........rwlock o
  - 010ad40: 7665 7266 6c6f 7765 6420 7265 6164 206c  verflowed read l
  - 010ad50: 6f63 6b73 af04 1000 5d00 0000 1500 0000  ocks....].......
  - 010ad60: 2c00 0000 a503 1000 4500 0000 8d00 0000  ,.......E.......
  - 010ad70: 0d00 0000 2706 1000 4b00 0000 e402 0000  ....'...K.......
  - 010ad80: 1300 0000 6661 696c 6564 2074 6f20 6765  ....failed to ge
  - 010ad90: 6e65 7261 7465 2075 6e69 7175 6520 7468  nerate unique th
  - 010ada0: 7265 6164 2049 443a 2062 6974 7370 6163  read ID: bitspac
  - 010adb0: 6520 6578 6861 7573 7465 6400 8e0c 1000  e exhausted.....
  - 010adc0: 4c00 0000 2600 0000 0d00 0000 0000 0000  L...&...........
  - 010add0: 0800 0000 0400 0000 b200 0000 1300 0000  ................
  - 010ade0: 0c00 0000 0400 0000 b300 0000 7277 6c6f  ............rwlo
  - 010adf0: 636b 2068 6173 206e 6f74 2062 6565 6e20  ck has not been 
  - 010ae00: 6c6f 636b 6564 2066 6f72 2072 6561 6469  locked for readi
  - 010ae10: 6e67 0000 af04 1000 5d00 0000 3e00 0000  ng......]...>...
  - 010ae20: 0900 0000 0b00 0000 1800 0000 1c00 0000  ................
  - 010ae30: 1c00 0000 1f00 0000 1600 0000 1700 0000  ................
  - 010ae40: 1a00 0000 1b00 0000 1900 0000 1700 0000  ................
  - 010ae50: 1500 0000 1a00 0000 1200 0000 1400 0000  ................
  - 010ae60: 1500 0000 1900 0000 1600 0000 1100 0000  ................
  - 010ae70: 9c59 1000 a759 1000 bf59 1000 db59 1000  .Y...Y...Y...Y..
  - 010ae80: f759 1000 165a 1000 2c5a 1000 435a 1000  .Y...Z..,Z..CZ..
  - 010ae90: 5d5a 1000 785a 1000 915a 1000 a85a 1000  ]Z..xZ...Z...Z..
  - 010aea0: bd5a 1000 d75a 1000 e95a 1000 fd5a 1000  .Z...Z...Z...Z..
  - 010aeb0: 125b 1000 2b5b 1000 415b 1000 0100 0200  .[..+[..A[......
  - 010aec0: 0300 0400 0500 0001 0101 0301 0002 0102  ................
  - 010aed0: 0202 0302 0402 0502 0602 0702 0802 0902  ................
  - 010aee0: 0a02 0b02 0c02 0d02 0e02 0f02 1002 0003  ................
  - 010aef0: 0103 0004 0104 0005 0105 0205 0305 0405  ................
  - 010af00: 0505 0006 0106 0206 0306 0180 0280 1080  ................
  - 010af10: 2080 2180 3080 0000 0a00 0000 0e00 0000   .!.0...........
  - 010af20: 1200 0000 0c00 0000 0c00 0000 0900 0000  ................
  - 010af30: 0900 0000 0b00 0000 1600 0000 0b00 0000  ................
  - 010af40: 1b00 0000 1900 0000 1000 0000 1d00 0000  ................
  - 010af50: 1a00 0000 1700 0000 0b00 0000 1c00 0000  ................
  - 010af60: 1400 0000 1400 0000 1800 0000 1600 0000  ................
  - 010af70: 0c00 0000 1a00 0000 1500 0000 1d00 0000  ................
  - 010af80: 9093 1000 9a93 1000 a893 1000 ba93 1000  ................
  - 010af90: c693 1000 d293 1000 db93 1000 e493 1000  ................
  - 010afa0: ef93 1000 0594 1000 1094 1000 2b94 1000  ............+...
  - 010afb0: 4494 1000 5494 1000 7194 1000 8b94 1000  D...T...q.......
  - 010afc0: a294 1000 ad94 1000 c994 1000 dd94 1000  ................
  - 010afd0: f194 1000 0995 1000 1f95 1000 2b95 1000  ............+...
  - 010afe0: 4595 1000 5a95 1000 3caa 1000 44aa 1000  E...Z...<...D...
  - 010aff0: 0000 0000 0000 0000 4caa 1000 54aa 1000  ........L...T...
  - 010b000: 5caa 1000 64aa 1000 6caa 1000 74aa 1000  \...d...l...t...
  - 010b010: 0000 0000 7caa 1000                      ....|...
Custom:
 - name: ".debug_abbrev"
Custom:
 - name: ".debug_info"
Custom:
 - name: ".debug_ranges"
Custom:
 - name: ".debug_str"
Custom:
 - name: ".debug_line"
Custom:
 - name: "name"
 - module <protocol_wasm_golden-a09ca4e14a178a05.wasm>
 - func[0] <_RINvNtCsdkdt1aaAg1T_4core3ptr9drop_glueINtNtCsewWLk9TkM7w_5alloc3vec3VecNtNtCsghdAMdxnB6f_8protocol5model11SessionEditEECsf7JfMwSUWx6_20protocol_wasm_golden>
 - func[1] <_RNvMs0_NtCsgis5MWNmFLl_8dlmalloc8dlmallocINtB5_8DlmallocNtNtB7_3sys6SystemE4freeCsdl5sGgnNXvY_3std>
 - func[2] <_RINvNtCsdkdt1aaAg1T_4core3ptr9drop_glueNtNtCscFfmoX7dj9V_7session5model6EffectECsf7JfMwSUWx6_20protocol_wasm_golden>
 - func[3] <_RNvNtCsdkdt1aaAg1T_4core9panicking5panic>
 - func[4] <_RINvNtCsdkdt1aaAg1T_4core3ptr9drop_glueNtNtCsghdAMdxnB6f_8protocol12message_wire10DiagnosticECsf7JfMwSUWx6_20protocol_wasm_golden>
 - func[5] <_RINvNtNtCsdl5sGgnNXvY_3std3sys9backtrace28___rust_begin_short_backtraceFENtNtB6_7process8ExitCodeB19_ECsf7JfMwSUWx6_20protocol_wasm_golden>
 - func[6] <_RNvCsf7JfMwSUWx6_20protocol_wasm_golden4main>
 - func[7] <_RNvNtCsghdAMdxnB6f_8protocol12session_wire27complete_all_opcode_fixture>
 - func[8] <_RNvMs0_NtCsgis5MWNmFLl_8dlmalloc8dlmallocINtB5_8DlmallocNtNtB7_3sys6SystemE6mallocCsdl5sGgnNXvY_3std>
 - func[9] <_RNvNtCsghdAMdxnB6f_8protocol11conformance12push_command>
 - func[10] <_RNvNtCsghdAMdxnB6f_8protocol11conformance12push_success>
 - func[11] <_RNvNtCsghdAMdxnB6f_8protocol12message_wire12write_non_ok>
 - func[12] <_RNvMs3_NtCsewWLk9TkM7w_5alloc7raw_vecINtB5_6RawVecNtNtCsghdAMdxnB6f_8protocol11conformance16ConformanceFrameE8grow_oneBQ_>
 - func[13] <_RNvNtCsghdAMdxnB6f_8protocol11conformance10push_event>
 - func[14] <_RINvNtCsdkdt1aaAg1T_4core3ptr9drop_glueNtNtCsghdAMdxnB6f_8protocol12message_wire10DiagnosticEBF_>
 - func[15] <_RINvNtCsdkdt1aaAg1T_4core3ptr9drop_glueINtNtCsewWLk9TkM7w_5alloc3vec3VecNtNtCsghdAMdxnB6f_8protocol5model11SessionEditEEB1c_>
 - func[16] <_RNvMsb_NtCsghdAMdxnB6f_8protocol4wireNtB5_13ProtocolCodec13decode_header>
 - func[17] <_RNvMs_NtCsghdAMdxnB6f_8protocol4btlvNtB4_6Fields11schema_spec>
 - func[18] <_RNvNtCsdkdt1aaAg1T_4core9panicking18panic_bounds_check>
 - func[19] <_RNvMs_NtCsghdAMdxnB6f_8protocol4btlvNtB4_6Fields3one>
 - func[20] <_RNvNtCsghdAMdxnB6f_8protocol12message_wire29check_capabilities_invariants>
 - func[21] <_RNvMsd_NtCsghdAMdxnB6f_8protocol12message_wireNtNtB7_4wire13ProtocolCodec25decode_transport_snapshot>
 - func[22] <_RNvMs_NtCsghdAMdxnB6f_8protocol4btlvNtB4_6Fields12optional_one>
 - func[23] <_RNvMsd_NtCsghdAMdxnB6f_8protocol12message_wireNtNtB7_4wire13ProtocolCodec23decode_counter_snapshot>
 - func[24] <_RNvMsd_NtCsghdAMdxnB6f_8protocol12message_wireNtNtB7_4wire13ProtocolCodec30decode_telemetry_configuration>
 - func[25] <_RNvMNtCsghdAMdxnB6f_8protocol12session_wireNtNtB4_4wire13ProtocolCodec40decode_session_transaction_frame_limited>
 - func[26] <_RNvNtCsghdAMdxnB6f_8protocol12message_wire17decode_diagnostic>
 - func[27] <_RNvMs9_NtCsghdAMdxnB6f_8protocol12message_wireNtB5_17DecodedMeterBatch6record>
 - func[28] <_RNvXNtNtCsdkdt1aaAg1T_4core4iter8adaptersINtB2_12GenericShuntINtNtB2_3map3MapINtNtNtB4_7sources7from_fn6FromFnNCNvMs_NtCsghdAMdxnB6f_8protocol4btlvNtB1R_6Fields6valuess0_0ENCNvMsd_NtB1T_12message_wireNtNtB1T_4wire13ProtocolCodec23decode_diagnostics_page0EINtNtB6_6result6ResultNtNtB6_7convert10InfallibleNtB3e_11DecodeErrorEENtNtNtB4_6traits8iterator8Iterator4nextB1T_>
 - func[29] <_RINvNvMs2_NtCsewWLk9TkM7w_5alloc7raw_vecINtB8_11RawVecInnerpE7reserve21do_reserve_and_handleNtNtBa_5alloc6GlobalECsghdAMdxnB6f_8protocol>
 - func[30] <_RNvNtCsewWLk9TkM7w_5alloc7raw_vec12handle_error>
 - func[31] <_RNvNtCsghdAMdxnB6f_8protocol12message_wire25validate_diagnostics_page>
 - func[32] <_RINvNtCsdkdt1aaAg1T_4core3ptr9drop_glueNtNtCsghdAMdxnB6f_8protocol12message_wire15DiagnosticsPageEBF_>
 - func[33] <_RNvNtCsghdAMdxnB6f_8protocol12message_wire21validate_state_record>
 - func[34] <_RNvMs3_NtCsewWLk9TkM7w_5alloc7raw_vecINtB5_6RawVecNtNtCsghdAMdxnB6f_8protocol12message_wire20ParameterStateRecordE8grow_oneBQ_>
 - func[35] <_RNvCs9wFQrvczXsK_7___rustc14___rust_dealloc>
 - func[36] <_RNvXNtNtCsdkdt1aaAg1T_4core4iter8adaptersINtB2_12GenericShuntINtNtB2_3map3MapINtNtNtB4_7sources7from_fn6FromFnNCNvMs_NtCsghdAMdxnB6f_8protocol4btlvNtB1R_6Fields6valuess0_0ENCNvNtB1T_12message_wire20decode_metadata_page0EINtNtB6_6result6ResultNtNtB6_7convert10InfallibleNtNtB1T_4wire11DecodeErrorEENtNtNtB4_6traits8iterator8Iterator4nextB1T_>
 - func[37] <_RINvNtCsdkdt1aaAg1T_4core3ptr9drop_glueNtNtCsghdAMdxnB6f_8protocol12message_wire19ParameterDescriptorEBF_>
 - func[38] <_RINvYINtNtNtCsdkdt1aaAg1T_4core5slice4iter7WindowsNtNtCsghdAMdxnB6f_8protocol12message_wire19ParameterDescriptorENtNtNtNtBa_4iter6traits8iterator8Iterator8try_folduNCINvNvB1N_3any5checkRSBM_NCNvBO_20decode_metadata_pages_0E0INtNtNtBa_3ops12control_flow11ControlFlowuEEBQ_>
 - func[39] <_RINvNtCsdkdt1aaAg1T_4core3ptr9drop_glueNtNtCsghdAMdxnB6f_8protocol12message_wire21ParameterMetadataPageEBF_>
 - func[40] <_RNCNvNtCsghdAMdxnB6f_8protocol12message_wire13decode_non_oks_0B5_>
 - func[41] <_RNvNtCsghdAMdxnB6f_8protocol12message_wire19decode_nonzero_u32s>
 - func[42] <_RNvNtCsghdAMdxnB6f_8protocol12message_wire25validate_counters_request>
 - func[43] <_RNvMs_NtCsghdAMdxnB6f_8protocol5queueNtB4_16AutomationRecord9decode_le>
 - func[44] <_RNvMs8_NtCsghdAMdxnB6f_8protocol12message_wireNtB5_24DecodedAutomationEnqueue6record>
 - func[45] <_RINvNtNtCsdkdt1aaAg1T_4core4iter8adapters11try_processINtNtB2_3map3MapINtNtNtB6_5slice4iter11ChunksExacthENvNtCsghdAMdxnB6f_8protocol4btlv8read_u32EmINtNtB6_6result6ResultNtNtB6_7convert10InfallibleNtNtB1K_4wire11DecodeErrorENCINvXso_B2q_IB2o_INtNtCsewWLk9TkM7w_5alloc3vec3VecmEB3a_EINtNtNtB4_6traits7collect12FromIteratorIB2o_mB3a_EE9from_iterBQ_E0B3T_EB1K_>
 - func[46] <_RNvNtCsghdAMdxnB6f_8protocol12message_wire13check_handles>
 - func[47] <_RNvXs1i_NtCsdkdt1aaAg1T_4core3fmtReNtB6_7Display3fmtCsf7JfMwSUWx6_20protocol_wasm_golden>
 - func[48] <_RNvNtCsdkdt1aaAg1T_4core9panicking9panic_fmt>
 - func[49] <_RINvNtCsdkdt1aaAg1T_4core9panicking13assert_failedjjEB4_>
 - func[50] <_RNvNtCsewWLk9TkM7w_5alloc5alloc18handle_alloc_error>
 - func[51] <_RNvNtCsdkdt1aaAg1T_4core6result13unwrap_failed>
 - func[52] <_RNvMsa_NtCsdkdt1aaAg1T_4core3fmtNtB5_9Formatter3pad>
 - func[53] <__original_main>
 - func[54] <_RINvMs0_NtNtNtNtCsdl5sGgnNXvY_3std3sys4sync4once10no_threadsNtB6_4Once4callNCINvMs0_NtNtBe_4sync4onceNtB1k_4Once9call_onceNCNvNtBe_2rt7cleanup0E0EBe_>
 - func[55] <_RNvNvMNtNtCsdl5sGgnNXvY_3std6thread2idNtB4_8ThreadId3new9exhausted>
 - func[56] <_RNvCs9wFQrvczXsK_7___rustc14___rust_realloc>
 - func[57] <_RNvMs0_NtCsgis5MWNmFLl_8dlmalloc8dlmallocINtB5_8DlmallocNtNtB7_3sys6SystemE12unlink_chunkCsdl5sGgnNXvY_3std>
 - func[58] <_RNvMs0_NtCsgis5MWNmFLl_8dlmalloc8dlmallocINtB5_8DlmallocNtNtB7_3sys6SystemE13dispose_chunkCsdl5sGgnNXvY_3std>
 - func[59] <_RNvNtCsewWLk9TkM7w_5alloc7raw_vec17capacity_overflow>
 - func[60] <_RINvNvMs2_NtCsewWLk9TkM7w_5alloc7raw_vecINtB8_11RawVecInnerpE7reserve21do_reserve_and_handleNtNtBa_5alloc6GlobalEBa_>
 - func[61] <_RNvMs4_NtCsewWLk9TkM7w_5alloc7raw_vecNtB5_11RawVecInner11finish_growB7_>
 - func[62] <_RNvCs9wFQrvczXsK_7___rustc26___rust_alloc_error_handler>
 - func[63] <_RNvNvNtCsewWLk9TkM7w_5alloc3fmt6format12format_inner>
 - func[64] <_RNvNtCsdkdt1aaAg1T_4core3fmt5write>
 - func[65] <_RNvXsK_NtCsdkdt1aaAg1T_4core3fmtNtB5_5ErrorNtB5_5Debug3fmt>
 - func[66] <_RINvNtCsdkdt1aaAg1T_4core3ptr9drop_glueNtNtCsewWLk9TkM7w_5alloc6string6StringEBF_>
 - func[67] <_RNvXsZ_NtCsewWLk9TkM7w_5alloc6stringNtB5_6StringNtNtCsdkdt1aaAg1T_4core3fmt5Write9write_str>
 - func[68] <_RNvXsZ_NtCsewWLk9TkM7w_5alloc6stringNtB5_6StringNtNtCsdkdt1aaAg1T_4core3fmt5Write10write_char>
 - func[69] <_RNvYNtNtCsewWLk9TkM7w_5alloc6string6StringNtNtCsdkdt1aaAg1T_4core3fmt5Write9write_fmtB6_>
 - func[70] <_RNvXs4_NtCsewWLk9TkM7w_5alloc6stringNtB5_6StringNtNtCsdkdt1aaAg1T_4core5clone5Clone5clone>
 - func[71] <_RNvNtCsdkdt1aaAg1T_4core9panicking19assert_failed_inner>
 - func[72] <_RNvXs1g_NtCsdkdt1aaAg1T_4core3fmtRDNtB6_5DebugEL_Bx_3fmtB8_>
 - func[73] <_RNvXs1i_NtCsdkdt1aaAg1T_4core3fmtReNtB6_7Display3fmtB8_>
 - func[74] <_RNvCs9wFQrvczXsK_7___rustc17rust_begin_unwind>
 - func[75] <_RNvNtNtCsdkdt1aaAg1T_4core3str5count14do_count_chars>
 - func[76] <_RNvXs1g_NtCsdkdt1aaAg1T_4core3fmtRjNtB6_5Debug3fmtB8_>
 - func[77] <_RNvXsi_NtNtNtCsdkdt1aaAg1T_4core3fmt3num3impjNtB9_7Display3fmt>
 - func[78] <_RNvMsa_NtCsdkdt1aaAg1T_4core3fmtNtB5_9Formatter12pad_integral>
 - func[79] <_RNvXs0_NtNtCsdkdt1aaAg1T_4core3fmt8buildersNtB5_10PadAdapterNtB7_5Write9write_str>
 - func[80] <_RNvXs0_NtNtCsdkdt1aaAg1T_4core3fmt8buildersNtB5_10PadAdapterNtB7_5Write10write_char>
 - func[81] <_RNvYNtNtNtCsdkdt1aaAg1T_4core3fmt8builders10PadAdapterNtB6_5Write9write_fmtB8_>
 - func[82] <_RNvNvMsa_NtCsdkdt1aaAg1T_4core3fmtNtB7_9Formatter12pad_integral12write_prefix>
 - func[83] <_RINvNtCsdkdt1aaAg1T_4core9panicking13assert_failedyyEB4_>
 - func[84] <_RNvXs1g_NtCsdkdt1aaAg1T_4core3fmtRyNtB6_5Debug3fmtB8_>
 - func[85] <_RNvMNtNtCsdkdt1aaAg1T_4core4char7methodsc16escape_debug_ext>
 - func[86] <_RNvNtNtNtCsdkdt1aaAg1T_4core7unicode12unicode_data15grapheme_extend11lookup_slow>
 - func[87] <_RNvNtNtCsdkdt1aaAg1T_4core5slice5index16slice_index_fail>
 - func[88] <_RNvNtCsdkdt1aaAg1T_4core6option13unwrap_failed>
 - func[89] <_RNvNtNtCsdkdt1aaAg1T_4core3str8converts9from_utf8>
 - func[90] <_RNvMs1_NtNtCsdkdt1aaAg1T_4core3fmt8buildersNtB5_11DebugStruct5field>
 - func[91] <_RNvMs2_NtNtNtCsdkdt1aaAg1T_4core3num3imp6bignumNtB5_8Big32x4010mul_digits>
 - func[92] <_RNvMs2_NtNtNtCsdkdt1aaAg1T_4core3num3imp6bignumNtB5_8Big32x408mul_pow2>
 - func[93] <_RNvMs_NtNtNtNtCsdkdt1aaAg1T_4core3num3imp7dec2flt11decimal_seqNtB4_10DecimalSeq10left_shift>
 - func[94] <_RNvMs_NtNtNtNtCsdkdt1aaAg1T_4core3num3imp7dec2flt11decimal_seqNtB4_10DecimalSeq11right_shift>
 - func[95] <_RNvMs_NtNtNtNtCsdkdt1aaAg1T_4core3num3imp7dec2flt11decimal_seqNtB4_10DecimalSeq5round>
 - func[96] <_RNvMsa_NtCsdkdt1aaAg1T_4core3fmtNtB5_9Formatter26debug_struct_field4_finish>
 - func[97] <_RNvNtCsdkdt1aaAg1T_4core3str16slice_error_fail>
 - func[98] <_RNvNtCsdkdt1aaAg1T_4core3str19slice_error_fail_rt>
 - func[99] <_RNvXs_NtNtCsdkdt1aaAg1T_4core3ops5rangeINtB4_5RangejENtNtB8_3fmt5Debug3fmtB8_>
 - func[100] <_RNvXsj_NtCsdkdt1aaAg1T_4core3fmtcNtB5_5Debug3fmt>
 - func[101] <_RNvNtCsdkdt1aaAg1T_4core4cell22panic_already_borrowed>
 - func[102] <_RNvXsr_NtCsdkdt1aaAg1T_4core4cellNtB5_14BorrowMutErrorNtNtB7_3fmt7Display3fmt>
 - func[103] <_RNvNtCsdkdt1aaAg1T_4core6option13expect_failed>
 - func[104] <_RNvNtNtCsdkdt1aaAg1T_4core5slice6memchr14memchr_aligned>
 - func[105] <_RNvNtNtCsdkdt1aaAg1T_4core9panicking11panic_const23panic_const_div_by_zero>
 - func[106] <_RNvNtNtNtCsdkdt1aaAg1T_4core3num3imp7flt2dec17digits_to_dec_str>
 - func[107] <_RNvNtNtNtNtCsdkdt1aaAg1T_4core5slice4sort6shared9smallsort22panic_on_ord_violation>
 - func[108] <_RNvNtNtNtNtNtCsdkdt1aaAg1T_4core3num3imp7flt2dec8strategy6dragon9mul_pow10>
 - func[109] <_RNvNvNtNtNtNtNtCsdkdt1aaAg1T_4core3num3imp7flt2dec8strategy5grisu16format_exact_opt14possibly_round>
 - func[110] <_RNvMsa_NtCsdkdt1aaAg1T_4core3fmtNtB5_9Formatter19pad_formatted_parts>
 - func[111] <_RNvMsa_NtCsdkdt1aaAg1T_4core3fmtNtB5_9Formatter21write_formatted_parts>
 - func[112] <_RNvXs1_NtNtCsdkdt1aaAg1T_4core3num11float_parsefNtNtNtB9_3str6traits7FromStr8from_str>
 - func[113] <_RINvNtNtNtNtCsdkdt1aaAg1T_4core3num3imp7dec2flt6lemire13compute_floatfEBa_>
 - func[114] <_RINvNtNtCsdkdt1aaAg1T_4core3fmt5float29float_to_decimal_common_exactfEB6_>
 - func[115] <_RINvNtNtCsdkdt1aaAg1T_4core3fmt5float32float_to_decimal_common_shortestfEB6_>
 - func[116] <_RNvXs3_NtNtCsdkdt1aaAg1T_4core3fmt5floatfNtB7_7Display3fmt>
 - func[117] <_RNvXsW_NtNtCsdkdt1aaAg1T_4core3fmt3nummNtB7_5Debug3fmt>
 - func[118] <_RNvXsu_NtNtCsdkdt1aaAg1T_4core3fmt3nummNtB7_8LowerHex3fmt>
 - func[119] <_RNvXsF_NtNtCsdkdt1aaAg1T_4core3num7nonzeroINtB5_7NonZerojENtNtB9_3fmt5Debug3fmtB9_>
 - func[120] <_RINvMs1_NtNtCs9PbRyqlrVmg_9once_cell4race8once_boxINtB6_7OnceBoxINtNtCsewWLk9TkM7w_5alloc5boxed3BoxDNtNtCsbP5xitGlWT4_5ahash12random_state12RandomSourceNtNtCsdkdt1aaAg1T_4core6marker4SyncNtB2s_4SendEL_EE4initNtNvMs1_B6_IBN_pE11get_or_init4VoidNCINvB2_11get_or_initNCNvMs1_B1C_NtB1C_11RandomState7get_src0E0ECsluNdJgSep9q_11json_syntax>
 - func[121] <_RNvXs_NtCsbP5xitGlWT4_5ahash12random_stateNtB4_19DefaultRandomSourceNtB4_12RandomSource15get_fixed_seeds>
 - func[122] <_RNvXs_NtCsbP5xitGlWT4_5ahash12random_stateNtB4_19DefaultRandomSourceNtB4_12RandomSource15gen_hasher_seed>
 - func[123] <_RINvMs5_NtNtCs3sQAo4xyvdx_9hashbrown3raw5innerINtB6_8RawTableNtNtNtCsluNdJgSep9q_11json_syntax6object9index_map7IndexesE14reserve_rehashNCINvBZ_11make_hasherNtNtCsbP5xitGlWT4_5ahash12random_state11RandomStateE0EB13_>
 - func[124] <_RINvYNtNtCsbP5xitGlWT4_5ahash12random_state11RandomStateNtNtCsdkdt1aaAg1T_4core4hash11BuildHasher8hash_oneRINtNtCsj2imvPwWU2d_8smallstr6string11SmallStringAhj10_EECsluNdJgSep9q_11json_syntax>
 - func[125] <_RNvMNtCsluNdJgSep9q_11json_syntax8code_mapNtB2_7CodeMap7reserve>
 - func[126] <_RNvMs3_NtCsewWLk9TkM7w_5alloc7raw_vecINtB5_6RawVecNtNtCsluNdJgSep9q_11json_syntax8code_map5EntryE8grow_oneBQ_>
 - func[127] <_RNvMs4_NtCsewWLk9TkM7w_5alloc7raw_vecNtB5_11RawVecInner11finish_growCsluNdJgSep9q_11json_syntax>
 - func[128] <_RNvMs3_NtCsewWLk9TkM7w_5alloc7raw_vecINtB5_6RawVecINtNtCsluNdJgSep9q_11json_syntax6object5EntryINtNtCsj2imvPwWU2d_8smallstr6string11SmallStringAhj10_EEE8grow_oneBR_>
 - func[129] <_RNvMs3_NtCsewWLk9TkM7w_5alloc7raw_vecINtB5_6RawVecjE8grow_oneCsluNdJgSep9q_11json_syntax>
 - func[130] <_RNvMs9_NtNtCs3sQAo4xyvdx_9hashbrown3raw5innerINtB5_13RawTableInnerNtNtNtB5_5alloc5inner6GlobalE16find_insert_slotCsluNdJgSep9q_11json_syntax>
 - func[131] <_RNvMs1_NtCsluNdJgSep9q_11json_syntax6objectNtB5_6Object3new>
 - func[132] <_RNvMs3_NtCsewWLk9TkM7w_5alloc7raw_vecINtB5_6RawVecNtCsluNdJgSep9q_11json_syntax5ValueE8grow_oneBO_>
 - func[133] <_RNvMs3_NtCsewWLk9TkM7w_5alloc7raw_vecINtB5_6RawVecNtNvXs1_NtNtCsluNdJgSep9q_11json_syntax5parse5valueNtBY_5ValueNtBW_5Parse8parse_in9StackItemE8grow_oneBY_>
 - func[134] <_RNvXs0_NtCsluNdJgSep9q_11json_syntax5arrayNtB5_10IterMappedNtNtNtNtCsdkdt1aaAg1T_4core4iter6traits8iterator8Iterator4next>
 - func[135] <_RNvMs1_NtCsghdAMdxnB6f_8protocol4wireNtB5_9MessageId8from_raw>
 - func[136] <_RNvNtCsghdAMdxnB6f_8protocol12session_wire10parse_edit>
 - func[137] <_RNvMs3_NtCsewWLk9TkM7w_5alloc7raw_vecINtB5_6RawVecNtNtCsghdAMdxnB6f_8protocol5model11SessionEditE8grow_oneBQ_>
 - func[138] <_RNvMs_NtCsghdAMdxnB6f_8protocol4btlvNtB4_6Fields20consume_schema_field>
 - func[139] <_RNvNtNtCsghdAMdxnB6f_8protocol6schema7session12payload_spec>
 - func[140] <_RNvNtCsghdAMdxnB6f_8protocol12session_wire9stable_id>
 - func[141] <_RNvNtCsghdAMdxnB6f_8protocol12session_wire20parse_render_profile>
 - func[142] <_RNvNtCsghdAMdxnB6f_8protocol12session_wire20parse_output_profile>
 - func[143] <_RNvNtCsghdAMdxnB6f_8protocol12session_wire12parse_source>
 - func[144] <_RNvNtCsghdAMdxnB6f_8protocol12session_wire4utf8>
 - func[145] <_RNvNtCsghdAMdxnB6f_8protocol12session_wire11parse_track>
 - func[146] <_RNvNtCsghdAMdxnB6f_8protocol12session_wire14parse_builtins>
 - func[147] <_RNvNtCsghdAMdxnB6f_8protocol12session_wire18parse_rack_message>
 - func[148] <_RNvNtCsghdAMdxnB6f_8protocol12session_wire12parse_effect>
 - func[149] <_RNvNtCsghdAMdxnB6f_8protocol12session_wire22parse_track_effect_ref>
 - func[150] <_RNvMs_NtCsghdAMdxnB6f_8protocol4btlvNtB4_6Fields6values>
 - func[151] <_RINvNtNtCsdkdt1aaAg1T_4core4iter8adapters11try_processINtNtB2_3map3MapINtNtNtB4_7sources7from_fn6FromFnNCNvMs_NtCsghdAMdxnB6f_8protocol4btlvNtB1K_6Fields6valuess0_0ENvNtB1M_12session_wire9stable_idENtNtCscFfmoX7dj9V_7session2id8StableIdINtNtB6_6result6ResultNtNtB6_7convert10InfallibleNtNtB1M_4wire11DecodeErrorENCINvXso_B3P_IB3N_INtNtCsewWLk9TkM7w_5alloc3vec3VecB3a_EB4z_EINtNtNtB4_6traits7collect12FromIteratorIB3N_B3a_B4z_EE9from_iterBQ_E0B5i_EB1M_>
 - func[152] <_RNvNtCsghdAMdxnB6f_8protocol12session_wire14parse_identity>
 - func[153] <_RNvNtCsghdAMdxnB6f_8protocol12session_wire15parse_sidechain>
 - func[154] <_RNvNtCsghdAMdxnB6f_8protocol12session_wire11parse_param>
 - func[155] <_RNvNtCsghdAMdxnB6f_8protocol12session_wire11parse_fader>
 - func[156] <_RNvNtCsghdAMdxnB6f_8protocol12session_wire19parse_matrix_or_pan>
 - func[157] <_RNvNtCsghdAMdxnB6f_8protocol12session_wire12parse_submix>
 - func[158] <_RNvNtCsghdAMdxnB6f_8protocol12session_wire12parse_output>
 - func[159] <_RNvNtCsghdAMdxnB6f_8protocol12session_wire11parse_route>
 - func[160] <_RNvNtCsghdAMdxnB6f_8protocol12session_wire18parse_route_source>
 - func[161] <_RNvNtCsghdAMdxnB6f_8protocol12session_wire23parse_route_destination>
 - func[162] <_RNvNtCsghdAMdxnB6f_8protocol12session_wire20parse_channel_matrix>
 - func[163] <_RNvNtCsghdAMdxnB6f_8protocol12session_wire16parse_automation>
 - func[164] <_RNvNtCsghdAMdxnB6f_8protocol12session_wire23parse_automation_target>
 - func[165] <_RINvNtNtCsdkdt1aaAg1T_4core4iter8adapters11try_processINtNtB2_3map3MapINtNtNtB4_7sources7from_fn6FromFnNCNvMs_NtCsghdAMdxnB6f_8protocol4btlvNtB1K_6Fields6valuess0_0ENCNvNtB1M_12session_wire10parse_edit0ENtNtCscFfmoX7dj9V_7session5model17AutomationSegmentINtNtB6_6result6ResultNtNtB6_7convert10InfallibleNtNtB1M_4wire11DecodeErrorENCINvXso_B47_IB45_INtNtCsewWLk9TkM7w_5alloc3vec3VecB3f_EB4R_EINtNtNtB4_6traits7collect12FromIteratorIB45_B3f_B4R_EE9from_iterBQ_E0B5A_EB1M_>
 - func[166] <_RNvMs4_NtCsewWLk9TkM7w_5alloc7raw_vecNtB5_11RawVecInner11finish_growCsghdAMdxnB6f_8protocol>
 - func[167] <_RINvNtCsdkdt1aaAg1T_4core3ptr9drop_glueNtNtCscFfmoX7dj9V_7session5model5TrackECsghdAMdxnB6f_8protocol>
 - func[168] <_RINvNtCsdkdt1aaAg1T_4core3ptr9drop_glueNtNtCscFfmoX7dj9V_7session5model6EffectECsghdAMdxnB6f_8protocol>
 - func[169] <_RINvNtCsdkdt1aaAg1T_4core3ptr9drop_glueNtNtCscFfmoX7dj9V_7session5model4RackECsghdAMdxnB6f_8protocol>
 - func[170] <_RNvNtCsghdAMdxnB6f_8protocol12session_wire22parse_channel_builtins>
 - func[171] <_RNvXNtNtCsdkdt1aaAg1T_4core4iter8adaptersINtB2_12GenericShuntINtNtB2_3map3MapINtNtNtB4_7sources7from_fn6FromFnNCNvMs_NtCsghdAMdxnB6f_8protocol4btlvNtB1R_6Fields6valuess0_0ENCNvNtB1T_12session_wire18parse_rack_message0EINtNtB6_6result6ResultNtNtB6_7convert10InfallibleNtNtB1T_4wire11DecodeErrorEENtNtNtB4_6traits8iterator8Iterator4nextB1T_>
 - func[172] <_RINvNtNtCsdkdt1aaAg1T_4core4iter8adapters11try_processINtNtB2_3map3MapINtNtNtB4_7sources7from_fn6FromFnNCNvMs_NtCsghdAMdxnB6f_8protocol4btlvNtB1K_6Fields6valuess0_0ENCNvNtB1M_12session_wire12parse_effect0ENtNtCscFfmoX7dj9V_7session5model11EffectParamINtNtB6_6result6ResultNtNtB6_7convert10InfallibleNtNtB1M_4wire11DecodeErrorENCINvXso_B43_IB41_INtNtCsewWLk9TkM7w_5alloc3vec3VecB3h_EB4N_EINtNtNtB4_6traits7collect12FromIteratorIB41_B3h_B4N_EE9from_iterBQ_E0B5w_EB1M_>
 - func[173] <_RNvXNtNtCsdkdt1aaAg1T_4core4iter8adaptersINtB2_12GenericShuntINtNtB2_3map3MapINtNtNtB4_7sources7from_fn6FromFnNCNvMs_NtCsghdAMdxnB6f_8protocol4btlvNtB1R_6Fields6valuess0_0ENvNtB1T_12session_wire9stable_idEINtNtB6_6result6ResultNtNtB6_7convert10InfallibleNtNtB1T_4wire11DecodeErrorEENtNtNtB4_6traits8iterator8Iterator4nextB1T_>
 - func[174] <_RNvMs_NtCsghdAMdxnB6f_8protocol4btlvNtB4_6Fields13tagged_schema>
 - func[175] <_RINvNtCsdkdt1aaAg1T_4core3ptr9drop_glueNtNtCscFfmoX7dj9V_7session5model11RouteSourceECsghdAMdxnB6f_8protocol>
 - func[176] <_RINvNtCsdkdt1aaAg1T_4core3ptr9drop_glueNtNtCscFfmoX7dj9V_7session5model16AutomationTargetECsghdAMdxnB6f_8protocol>
 - func[177] <_RNvXNtNtCsdkdt1aaAg1T_4core4iter8adaptersINtB2_12GenericShuntINtNtB2_3map3MapINtNtNtB4_7sources7from_fn6FromFnNCNvMs_NtCsghdAMdxnB6f_8protocol4btlvNtB1R_6Fields6valuess0_0ENCNvNtB1T_12session_wire10parse_edit0EINtNtB6_6result6ResultNtNtB6_7convert10InfallibleNtNtB1T_4wire11DecodeErrorEENtNtNtB4_6traits8iterator8Iterator4nextB1T_>
 - func[178] <_RNvNtCsghdAMdxnB6f_8protocol12session_wire24parse_automation_segment>
 - func[179] <_RNvMNtCsghdAMdxnB6f_8protocol4btlvNtB2_6Reader10next_field>
 - func[180] <_RNvNtCsghdAMdxnB6f_8protocol4btlv14validate_value>
 - func[181] <_RINvNtCsghdAMdxnB6f_8protocol4btlv16validate_messageNCNvB2_14validate_value0EB4_>
 - func[182] <_RNvXNtNtCsdkdt1aaAg1T_4core4iter8adaptersINtB2_12GenericShuntINtNtB2_3map3MapINtNtNtB4_7sources7from_fn6FromFnNCNvMs_NtCsghdAMdxnB6f_8protocol4btlvNtB1R_6Fields6valuess0_0ENCNvNtB1T_12session_wire12parse_effect0EINtNtB6_6result6ResultNtNtB6_7convert10InfallibleNtNtB1T_4wire11DecodeErrorEENtNtNtB4_6traits8iterator8Iterator4nextB1T_>
 - func[183] <_RNvXs4_NtCsghdAMdxnB6f_8protocol4btlvNtB5_9SliceSinkNtB5_4Sink12nested_field>
 - func[184] <_RNvXs4_NtCsghdAMdxnB6f_8protocol4btlvNtB5_9SliceSinkNtB5_4Sink6limits>
 - func[185] <_RNvXs4_NtCsghdAMdxnB6f_8protocol4btlvNtB5_9SliceSinkNtB5_4Sink7written>
 - func[186] <_RNvXs4_NtCsghdAMdxnB6f_8protocol4btlvNtB5_9SliceSinkNtB5_4Sink3raw>
 - func[187] <_RNvXs4_NtCsghdAMdxnB6f_8protocol4btlvNtB5_9SliceSinkNtB5_4Sink14message_fields>
 - func[188] <_RNvXs4_NtCsghdAMdxnB6f_8protocol4btlvNtB5_9SliceSinkNtB5_4Sink18message_fields_mut>
 - func[189] <_RNvYNtNtCsghdAMdxnB6f_8protocol4btlv9SliceSinkNtB4_4Sink17check_field_countB6_>
 - func[190] <_RNvYNtNtCsghdAMdxnB6f_8protocol4btlv9SliceSinkNtB4_4Sink14finish_messageB6_>
 - func[191] <_RNvYNtNtCsghdAMdxnB6f_8protocol4btlv9SliceSinkNtB4_4Sink15measure_messageB6_>
 - func[192] <_RNvYNtNtCsghdAMdxnB6f_8protocol4btlv9SliceSinkNtB4_4Sink14message_headerB6_>
 - func[193] <_RNvYNtNtCsghdAMdxnB6f_8protocol4btlv9SliceSinkNtB4_4Sink10field_specB6_>
 - func[194] <_RNvXs4_NtCsghdAMdxnB6f_8protocol4btlvNtB5_9SliceSinkNtB5_4Sink17stream_field_spec>
 - func[195] <_RNvYNtNtCsghdAMdxnB6f_8protocol4btlv9SliceSinkNtB4_4Sink11nested_specB6_>
 - func[196] <_RNSNvYNCNvNtCsghdAMdxnB6f_8protocol12session_wire31encode_transaction_payload_into0INtNtNtCsdkdt1aaAg1T_4core3ops8function6FnOnceTQDNtNtBa_4btlv4SinkEL_EE9call_once6vtableBa_>
 - func[197] <_RNCNvNtCsghdAMdxnB6f_8protocol12session_wire31encode_transaction_payload_into0B5_>
 - func[198] <_RNSNvYNCNvNtCsghdAMdxnB6f_8protocol12session_wire15tx_edit_message0INtNtNtCsdkdt1aaAg1T_4core3ops8function6FnOnceTQDNtNtBa_4btlv4SinkEL_EE9call_once6vtableBa_>
 - func[199] <_RNCNvNtCsghdAMdxnB6f_8protocol12session_wire15tx_edit_message0B5_>
 - func[200] <_RINvNtCsghdAMdxnB6f_8protocol12session_wire22tx_effect_edit_messageNCNvB2_15tx_edit_payloads5_0EB4_>
 - func[201] <_RNvNtCsghdAMdxnB6f_8protocol12session_wire21tx_effect_edit_scalar>
 - func[202] <_RINvNtCsghdAMdxnB6f_8protocol12session_wire22tx_effect_edit_messageNCNvB2_15tx_edit_payloads6_0EB4_>
 - func[203] <_RINvNtCsghdAMdxnB6f_8protocol12session_wire22tx_effect_edit_messageNCNvB2_15tx_edit_payloads7_0EB4_>
 - func[204] <_RNvNtCsghdAMdxnB6f_8protocol12session_wire21tx_effect_edit_prefix>
 - func[205] <_RNvNtCsghdAMdxnB6f_8protocol12session_wire21tx_automation_segment>
 - func[206] <_RNSNvYNCNvNtCsghdAMdxnB6f_8protocol12session_wire15tx_edit_payloadsh_0INtNtNtCsdkdt1aaAg1T_4core3ops8function6FnOnceTQDNtNtBa_4btlv4SinkEL_EE9call_once6vtableBa_>
 - func[207] <_RNvNtCsghdAMdxnB6f_8protocol12session_wire20tx_automation_target>
 - func[208] <_RNCNvNtCsghdAMdxnB6f_8protocol12session_wire15tx_edit_payloadsh_0B5_>
 - func[209] <_RNSNvYNCNvNtCsghdAMdxnB6f_8protocol12session_wire15tx_edit_payloadsg_0INtNtNtCsdkdt1aaAg1T_4core3ops8function6FnOnceTQDNtNtBa_4btlv4SinkEL_EE9call_once6vtableBa_>
 - func[210] <_RNCNvNtCsghdAMdxnB6f_8protocol12session_wire15tx_edit_payloadsg_0B5_>
 - func[211] <_RNSNvYNCNvNtCsghdAMdxnB6f_8protocol12session_wire13tx_automations_0INtNtNtCsdkdt1aaAg1T_4core3ops8function6FnOnceTQDNtNtBa_4btlv4SinkEL_EE9call_once6vtableBa_>
 - func[212] <_RNCNvNtCsghdAMdxnB6f_8protocol12session_wire13tx_automations_0B5_>
 - func[213] <_RNSNvYNCNvNtCsghdAMdxnB6f_8protocol12session_wire13tx_automation0INtNtNtCsdkdt1aaAg1T_4core3ops8function6FnOnceTQDNtNtBa_4btlv4SinkEL_EE9call_once6vtableBa_>
 - func[214] <_RNCNvNtCsghdAMdxnB6f_8protocol12session_wire13tx_automation0B5_>
 - func[215] <_RNSNvYNCNvNtCsghdAMdxnB6f_8protocol12session_wire15tx_edit_payloadsf_0INtNtNtCsdkdt1aaAg1T_4core3ops8function6FnOnceTQDNtNtBa_4btlv4SinkEL_EE9call_once6vtableBa_>
 - func[216] <_RNCNvNtCsghdAMdxnB6f_8protocol12session_wire15tx_edit_payloadsf_0B5_>
 - func[217] <_RNSNvYNCNvNtCsghdAMdxnB6f_8protocol12session_wire15tx_edit_payloadse_0INtNtNtCsdkdt1aaAg1T_4core3ops8function6FnOnceTQDNtNtBa_4btlv4SinkEL_EE9call_once6vtableBa_>
 - func[218] <_RNvNtCsghdAMdxnB6f_8protocol12session_wire20tx_route_destination>
 - func[219] <_RNCNvNtCsghdAMdxnB6f_8protocol12session_wire15tx_edit_payloadse_0B5_>
 - func[220] <_RNSNvYNCNvNtCsghdAMdxnB6f_8protocol12session_wire15tx_edit_payloadsd_0INtNtNtCsdkdt1aaAg1T_4core3ops8function6FnOnceTQDNtNtBa_4btlv4SinkEL_EE9call_once6vtableBa_>
 - func[221] <_RNvNtCsghdAMdxnB6f_8protocol12session_wire15tx_route_source>
 - func[222] <_RNCNvNtCsghdAMdxnB6f_8protocol12session_wire15tx_edit_payloadsd_0B5_>
 - func[223] <_RNSNvYNCNvNtCsghdAMdxnB6f_8protocol12session_wire15tx_edit_payloadsc_0INtNtNtCsdkdt1aaAg1T_4core3ops8function6FnOnceTQDNtNtBa_4btlv4SinkEL_EE9call_once6vtableBa_>
 - func[224] <_RNCNvNtCsghdAMdxnB6f_8protocol12session_wire15tx_edit_payloadsc_0B5_>
 - func[225] <_RNSNvYNCNvNtCsghdAMdxnB6f_8protocol12session_wire8tx_routes0_0INtNtNtCsdkdt1aaAg1T_4core3ops8function6FnOnceTQDNtNtBa_4btlv4SinkEL_EE9call_once6vtableBa_>
 - func[226] <_RNCNvNtCsghdAMdxnB6f_8protocol12session_wire8tx_routes0_0B5_>
 - func[227] <_RNSNvYNCNvNtCsghdAMdxnB6f_8protocol12session_wire8tx_routes_0INtNtNtCsdkdt1aaAg1T_4core3ops8function6FnOnceTQDNtNtBa_4btlv4SinkEL_EE9call_once6vtableBa_>
 - func[228] <_RNSNvYNCNvNtCsghdAMdxnB6f_8protocol12session_wire8tx_route0INtNtNtCsdkdt1aaAg1T_4core3ops8function6FnOnceTQDNtNtBa_4btlv4SinkEL_EE9call_once6vtableBa_>
 - func[229] <_RNCNvNtCsghdAMdxnB6f_8protocol12session_wire8tx_route0B5_>
 - func[230] <_RNSNvYNCNvNtCsghdAMdxnB6f_8protocol12session_wire15tx_edit_payloadsa_0INtNtNtCsdkdt1aaAg1T_4core3ops8function6FnOnceTQDNtNtBa_4btlv4SinkEL_EE9call_once6vtableBa_>
 - func[231] <_RNCNvNtCsghdAMdxnB6f_8protocol12session_wire15tx_edit_payloadsa_0B5_>
 - func[232] <_RNSNvYNCNvNtCsghdAMdxnB6f_8protocol12session_wire15tx_edit_payloads9_0INtNtNtCsdkdt1aaAg1T_4core3ops8function6FnOnceTQDNtNtBa_4btlv4SinkEL_EE9call_once6vtableBa_>
 - func[233] <_RNvNtCsghdAMdxnB6f_8protocol12session_wire16tx_matrix_or_pan>
 - func[234] <_RNCNvNtCsghdAMdxnB6f_8protocol12session_wire15tx_edit_payloads9_0B5_>
 - func[235] <_RNSNvYNCNvNtCsghdAMdxnB6f_8protocol12session_wire15tx_edit_payloads8_0INtNtNtCsdkdt1aaAg1T_4core3ops8function6FnOnceTQDNtNtBa_4btlv4SinkEL_EE9call_once6vtableBa_>
 - func[236] <_RNCNvNtCsghdAMdxnB6f_8protocol12session_wire15tx_edit_payloads8_0B5_>
 - func[237] <_RNSNvYNCNvNtCsghdAMdxnB6f_8protocol12session_wire15tx_edit_payloads4_0INtNtNtCsdkdt1aaAg1T_4core3ops8function6FnOnceTQDNtNtBa_4btlv4SinkEL_EE9call_once6vtableBa_>
 - func[238] <_RNvNtCsghdAMdxnB6f_8protocol12session_wire9tx_effect>
 - func[239] <_RNCNvNtCsghdAMdxnB6f_8protocol12session_wire15tx_edit_payloads4_0B5_>
 - func[240] <_RNSNvYNCNvNtCsghdAMdxnB6f_8protocol12session_wire9tx_effects0_0INtNtNtCsdkdt1aaAg1T_4core3ops8function6FnOnceTQDNtNtBa_4btlv4SinkEL_EE9call_once6vtableBa_>
 - func[241] <_RNvNtCsghdAMdxnB6f_8protocol12session_wire12tx_sidechain>
 - func[242] <_RNCNvNtCsghdAMdxnB6f_8protocol12session_wire9tx_effects0_0B5_>
 - func[243] <_RNSNvYNCNvNtCsghdAMdxnB6f_8protocol12session_wire12tx_sidechain0INtNtNtCsdkdt1aaAg1T_4core3ops8function6FnOnceTQDNtNtBa_4btlv4SinkEL_EE9call_once6vtableBa_>
 - func[244] <_RNCNvNtCsghdAMdxnB6f_8protocol12session_wire12tx_sidechain0B5_>
 - func[245] <_RNSNvYNCNvNtCsghdAMdxnB6f_8protocol12session_wire9tx_effect0INtNtNtCsdkdt1aaAg1T_4core3ops8function6FnOnceTQDNtNtBa_4btlv4SinkEL_EE9call_once6vtableBa_>
 - func[246] <_RNvNtCsghdAMdxnB6f_8protocol12session_wire11tx_identity>
 - func[247] <_RNSNvYNCNvNtCsghdAMdxnB6f_8protocol12session_wire15tx_edit_payloads3_0INtNtNtCsdkdt1aaAg1T_4core3ops8function6FnOnceTQDNtNtBa_4btlv4SinkEL_EE9call_once6vtableBa_>
 - func[248] <_RNCNvNtCsghdAMdxnB6f_8protocol12session_wire15tx_edit_payloads3_0B5_>
 - func[249] <_RNSNvYNCNvNtCsghdAMdxnB6f_8protocol12session_wire15tx_edit_payloads2_0INtNtNtCsdkdt1aaAg1T_4core3ops8function6FnOnceTQDNtNtBa_4btlv4SinkEL_EE9call_once6vtableBa_>
 - func[250] <_RNCNvNtCsghdAMdxnB6f_8protocol12session_wire15tx_edit_payloads2_0B5_>
 - func[251] <_RNSNvYNCNvNtCsghdAMdxnB6f_8protocol12session_wire11tx_builtinss_0INtNtNtCsdkdt1aaAg1T_4core3ops8function6FnOnceTQDNtNtBa_4btlv4SinkEL_EE9call_once6vtableBa_>
 - func[252] <_RNvNtCsghdAMdxnB6f_8protocol12session_wire19tx_channel_builtins>
 - func[253] <_RNCNvNtCsghdAMdxnB6f_8protocol12session_wire11tx_builtinss_0B5_>
 - func[254] <_RNSNvYNCNvNtCsghdAMdxnB6f_8protocol12session_wire11tx_builtins0INtNtNtCsdkdt1aaAg1T_4core3ops8function6FnOnceTQDNtNtBa_4btlv4SinkEL_EE9call_once6vtableBa_>
 - func[255] <_RNCNvNtCsghdAMdxnB6f_8protocol12session_wire11tx_builtins0B5_>
 - func[256] <_RNSNvYNCNvNtCsghdAMdxnB6f_8protocol12session_wire15tx_edit_payloads1_0INtNtNtCsdkdt1aaAg1T_4core3ops8function6FnOnceTQDNtNtBa_4btlv4SinkEL_EE9call_once6vtableBa_>
 - func[257] <_RNCNvNtCsghdAMdxnB6f_8protocol12session_wire15tx_edit_payloads1_0B5_>
 - func[258] <_RNSNvYNCNvNtCsghdAMdxnB6f_8protocol12session_wire8tx_tracks3_0INtNtNtCsdkdt1aaAg1T_4core3ops8function6FnOnceTQDNtNtBa_4btlv4SinkEL_EE9call_once6vtableBa_>
 - func[259] <_RNSNvYNCNvNtCsghdAMdxnB6f_8protocol12session_wire8tx_tracks2_0INtNtNtCsdkdt1aaAg1T_4core3ops8function6FnOnceTQDNtNtBa_4btlv4SinkEL_EE9call_once6vtableBa_>
 - func[260] <_RNCNvNtCsghdAMdxnB6f_8protocol12session_wire8tx_tracks2_0B5_>
 - func[261] <_RNSNvYNCNvNtCsghdAMdxnB6f_8protocol12session_wire8tx_tracks1_0INtNtNtCsdkdt1aaAg1T_4core3ops8function6FnOnceTQDNtNtBa_4btlv4SinkEL_EE9call_once6vtableBa_>
 - func[262] <_RNCNvNtCsghdAMdxnB6f_8protocol12session_wire8tx_tracks1_0B5_>
 - func[263] <_RNSNvYNCNvNtCsghdAMdxnB6f_8protocol12session_wire8tx_tracks0_0INtNtNtCsdkdt1aaAg1T_4core3ops8function6FnOnceTQDNtNtBa_4btlv4SinkEL_EE9call_once6vtableBa_>
 - func[264] <_RNCNvNtCsghdAMdxnB6f_8protocol12session_wire8tx_tracks0_0B5_>
 - func[265] <_RNSNvYNCNvNtCsghdAMdxnB6f_8protocol12session_wire8tx_tracks_0INtNtNtCsdkdt1aaAg1T_4core3ops8function6FnOnceTQDNtNtBa_4btlv4SinkEL_EE9call_once6vtableBa_>
 - func[266] <_RNCNvNtCsghdAMdxnB6f_8protocol12session_wire8tx_tracks_0B5_>
 - func[267] <_RNSNvYNCNvNtCsghdAMdxnB6f_8protocol12session_wire8tx_track0INtNtNtCsdkdt1aaAg1T_4core3ops8function6FnOnceTQDNtNtBa_4btlv4SinkEL_EE9call_once6vtableBa_>
 - func[268] <_RNCNvNtCsghdAMdxnB6f_8protocol12session_wire8tx_track0B5_>
 - func[269] <_RNSNvYNCNvNtCsghdAMdxnB6f_8protocol12session_wire15tx_edit_payloads0_0INtNtNtCsdkdt1aaAg1T_4core3ops8function6FnOnceTQDNtNtBa_4btlv4SinkEL_EE9call_once6vtableBa_>
 - func[270] <_RNCNvNtCsghdAMdxnB6f_8protocol12session_wire15tx_edit_payloads0_0B5_>
 - func[271] <_RNSNvYNCNvNtCsghdAMdxnB6f_8protocol12session_wire15tx_edit_payloads_0INtNtNtCsdkdt1aaAg1T_4core3ops8function6FnOnceTQDNtNtBa_4btlv4SinkEL_EE9call_once6vtableBa_>
 - func[272] <_RNCNvNtCsghdAMdxnB6f_8protocol12session_wire15tx_edit_payloads_0B5_>
 - func[273] <_RNSNvYNCNvNtCsghdAMdxnB6f_8protocol12session_wire15tx_edit_payload0INtNtNtCsdkdt1aaAg1T_4core3ops8function6FnOnceTQDNtNtBa_4btlv4SinkEL_EE9call_once6vtableBa_>
 - func[274] <_RNCNvNtCsghdAMdxnB6f_8protocol12session_wire15tx_edit_payload0B5_>
 - func[275] <_RNSNvYNCNvNtCsghdAMdxnB6f_8protocol12session_wire15tx_edit_payloads7_0INtNtNtCsdkdt1aaAg1T_4core3ops8function6FnOnceTQDNtNtBa_4btlv4SinkEL_EE9call_once6vtableBa_>
 - func[276] <_RNCNvNtCsghdAMdxnB6f_8protocol12session_wire15tx_edit_payloads7_0B5_>
 - func[277] <_RNSNvYNCNvNtCsghdAMdxnB6f_8protocol12session_wire15tx_edit_payloads6_0INtNtNtCsdkdt1aaAg1T_4core3ops8function6FnOnceTQDNtNtBa_4btlv4SinkEL_EE9call_once6vtableBa_>
 - func[278] <_RNCNvNtCsghdAMdxnB6f_8protocol12session_wire15tx_edit_payloads6_0B5_>
 - func[279] <_RNSNvYNCNvNtCsghdAMdxnB6f_8protocol12session_wire15tx_edit_payloads5_0INtNtNtCsdkdt1aaAg1T_4core3ops8function6FnOnceTQDNtNtBa_4btlv4SinkEL_EE9call_once6vtableBa_>
 - func[280] <_RNCNvNtCsghdAMdxnB6f_8protocol12session_wire15tx_edit_payloads5_0B5_>
 - func[281] <_RNvXs2_NtCsghdAMdxnB6f_8protocol4btlvNtB5_9CountSinkNtB5_4Sink6limits>
 - func[282] <_RNvXs2_NtCsghdAMdxnB6f_8protocol4btlvNtB5_9CountSinkNtB5_4Sink7written>
 - func[283] <_RNvXs2_NtCsghdAMdxnB6f_8protocol4btlvNtB5_9CountSinkNtB5_4Sink3raw>
 - func[284] <_RNvXs2_NtCsghdAMdxnB6f_8protocol4btlvNtB5_9CountSinkNtB5_4Sink14message_fields>
 - func[285] <_RNvXs2_NtCsghdAMdxnB6f_8protocol4btlvNtB5_9CountSinkNtB5_4Sink18message_fields_mut>
 - func[286] <_RNvYNtNtCsghdAMdxnB6f_8protocol4btlv9CountSinkNtB4_4Sink17check_field_countB6_>
 - func[287] <_RNvYNtNtCsghdAMdxnB6f_8protocol4btlv9CountSinkNtB4_4Sink14finish_messageB6_>
 - func[288] <_RNvYNtNtCsghdAMdxnB6f_8protocol4btlv9CountSinkNtB4_4Sink15measure_messageB6_>
 - func[289] <_RNvYNtNtCsghdAMdxnB6f_8protocol4btlv9CountSinkNtB4_4Sink14message_headerB6_>
 - func[290] <_RNvYNtNtCsghdAMdxnB6f_8protocol4btlv9CountSinkNtB4_4Sink10field_specB6_>
 - func[291] <_RNvXs2_NtCsghdAMdxnB6f_8protocol4btlvNtB5_9CountSinkNtB5_4Sink17stream_field_spec>
 - func[292] <_RNvYNtNtCsghdAMdxnB6f_8protocol4btlv9CountSinkNtB4_4Sink11nested_specB6_>
 - func[293] <_RNvXs2_NtCsghdAMdxnB6f_8protocol4btlvNtB5_9CountSinkNtB5_4Sink12nested_field>
 - func[294] <_RNvMs3_NtCsewWLk9TkM7w_5alloc7raw_vecINtB5_6RawVecNtNtCsghdAMdxnB6f_8protocol12message_wire12CounterValueE8grow_oneBQ_>
 - func[295] <_RINvNtNtCsdkdt1aaAg1T_4core4iter8adapters11try_processINtNtB2_3map3MapINtNtNtB4_7sources7from_fn6FromFnNCNvMs_NtCsghdAMdxnB6f_8protocol4btlvNtB1K_6Fields6valuess0_0ENCNvNtB1M_12message_wire17decode_diagnostic0ENtB2H_11PathSegmentINtNtB6_6result6ResultNtNtB6_7convert10InfallibleNtNtB1M_4wire11DecodeErrorENCINvXso_B3I_IB3G_INtNtCsewWLk9TkM7w_5alloc3vec3VecB3m_EB4s_EINtNtNtB4_6traits7collect12FromIteratorIB3G_B3m_B4s_EE9from_iterBQ_E0B5b_EB1M_>
 - func[296] <_RNCNvNtCsghdAMdxnB6f_8protocol12message_wire17decode_descriptors0_0B5_>
 - func[297] <_RINvNtCsdkdt1aaAg1T_4core3ptr9drop_glueINtNtCsewWLk9TkM7w_5alloc3vec3VecNtNtCsghdAMdxnB6f_8protocol12message_wire11PathSegmentEEB1c_>
 - func[298] <_RNvXNtNtCsdkdt1aaAg1T_4core4iter8adaptersINtB2_12GenericShuntINtNtB2_3map3MapINtNtNtB4_7sources7from_fn6FromFnNCNvMs_NtCsghdAMdxnB6f_8protocol4btlvNtB1R_6Fields6valuess0_0ENCNvNtB1T_12message_wire17decode_diagnostic0EINtNtB6_6result6ResultNtNtB6_7convert10InfallibleNtNtB1T_4wire11DecodeErrorEENtNtNtB4_6traits8iterator8Iterator4nextB1T_>
 - func[299] <_RNvNtCsghdAMdxnB6f_8protocol12message_wire15valid_stable_id>
 - func[300] <_RNvNtCsghdAMdxnB6f_8protocol12message_wire18decode_counter_ids>
 - func[301] <_RNvNtCsghdAMdxnB6f_8protocol12message_wire32validate_telemetry_configuration>
 - func[302] <_RINvNtCsdkdt1aaAg1T_4core3ptr9drop_glueNtNtCsghdAMdxnB6f_8protocol12message_wire22TelemetryConfigurationEBF_>
 - func[303] <_RNvXNtNtCsdkdt1aaAg1T_4core4iter8adaptersINtB2_12GenericShuntINtNtB2_3map3MapINtNtNtB4_7sources7from_fn6FromFnNCNvMs_NtCsghdAMdxnB6f_8protocol4btlvNtB1R_6Fields6valuess0_0ENCNvNtB1T_12message_wire17decode_descriptor0EINtNtB6_6result6ResultNtNtB6_7convert10InfallibleNtNtB1T_4wire11DecodeErrorEENtNtNtB4_6traits8iterator8Iterator4nextB1T_>
 - func[304] <_RNvNtCsghdAMdxnB6f_8protocol12message_wire19descriptor_is_valid>
 - func[305] <_RINvYINtNtNtCsdkdt1aaAg1T_4core5slice4iter4IterNtNtCsghdAMdxnB6f_8protocol12message_wire10EnumChoiceENtNtNtNtBa_4iter6traits8iterator8Iterator8try_folduNCINvNvXs_NtNtB1H_8adapters9enumerateINtB2A_9EnumeratepEB1B_8try_fold9enumerateRBJ_uINtNtNtBa_3ops12control_flow11ControlFlowuENCINvNvB1B_3all5checkTjB3H_ENCNvBL_19descriptor_is_valids2_0E0E0B3M_EBN_>
 - func[306] <_RNvMse_NtCsghdAMdxnB6f_8protocol12message_wireNtB5_8IdSource19is_strict_allocated>
 - func[307] <_RNvMse_NtCsghdAMdxnB6f_8protocol12message_wireNtB5_8IdSource8contains>
 - func[308] <_RNvNtCsghdAMdxnB6f_8protocol11typed_frame19write_event_payload>
 - func[309] <_RNSNvYNCNvNtCsghdAMdxnB6f_8protocol12message_wire22write_diagnostic_field0INtNtNtCsdkdt1aaAg1T_4core3ops8function6FnOnceTQDNtNtBa_4btlv4SinkEL_EE9call_once6vtableBa_>
 - func[310] <_RNvNtCsghdAMdxnB6f_8protocol12message_wire24write_diagnostic_message>
 - func[311] <_RNCNvNtCsghdAMdxnB6f_8protocol12message_wire22write_diagnostic_field0B5_>
 - func[312] <_RNSNvYNCNvNtCsghdAMdxnB6f_8protocol12message_wire24write_path_segment_field0INtNtNtCsdkdt1aaAg1T_4core3ops8function6FnOnceTQDNtNtBa_4btlv4SinkEL_EE9call_once6vtableBa_>
 - func[313] <_RNCNvNtCsghdAMdxnB6f_8protocol12message_wire24write_path_segment_field0B5_>
 - func[314] <_RNSNvYNCNvNtCsghdAMdxnB6f_8protocol12message_wire22write_counter_snapshots_0INtNtNtCsdkdt1aaAg1T_4core3ops8function6FnOnceTQDNtNtBa_4btlv4SinkEL_EE9call_once6vtableBa_>
 - func[315] <_RNCNvNtCsghdAMdxnB6f_8protocol12message_wire22write_counter_snapshots_0B5_>
 - func[316] <_RNSNvYNCNvNtCsghdAMdxnB6f_8protocol12message_wire17write_meter_batchs_0INtNtNtCsdkdt1aaAg1T_4core3ops8function6FnOnceTQDNtNtBa_4btlv4SinkEL_EE9call_once6vtableBa_>
 - func[317] <_RNCNvNtCsghdAMdxnB6f_8protocol12message_wire17write_meter_batchs_0B5_>
 - func[318] <_RNvNtCsghdAMdxnB6f_8protocol11typed_frame21write_command_payload>
 - func[319] <_RNvNtCsghdAMdxnB6f_8protocol12message_wire29write_telemetry_configuration>
 - func[320] <_RNSNvYNCNvNtCsghdAMdxnB6f_8protocol12message_wire17write_counter_ids0INtNtNtCsdkdt1aaAg1T_4core3ops8function6FnOnceTQDNtNtBa_4btlv4SinkEL_EE9call_once6vtableBa_>
 - func[321] <_RNCNvNtCsghdAMdxnB6f_8protocol12message_wire17write_counter_ids0B5_>
 - func[322] <_RNSNvYNCNvNtCsghdAMdxnB6f_8protocol12message_wire29write_automation_record_bytes0INtNtNtCsdkdt1aaAg1T_4core3ops8function6FnOnceTQDNtNtBa_4btlv4SinkEL_EE9call_once6vtableBa_>
 - func[323] <_RNCNvNtCsghdAMdxnB6f_8protocol12message_wire29write_automation_record_bytes0B5_>
 - func[324] <_RNSNvYNCNvNtCsghdAMdxnB6f_8protocol12message_wire10write_u32s0INtNtNtCsdkdt1aaAg1T_4core3ops8function6FnOnceTQDNtNtBa_4btlv4SinkEL_EE9call_once6vtableBa_>
 - func[325] <_RNCNvNtCsghdAMdxnB6f_8protocol12message_wire10write_u32s0B5_>
 - func[326] <_RNvNtCsghdAMdxnB6f_8protocol11typed_frame21write_success_payload>
 - func[327] <_RNSNvYNCNvNtCsghdAMdxnB6f_8protocol12message_wire16write_state_pages_0INtNtNtCsdkdt1aaAg1T_4core3ops8function6FnOnceTQDNtNtBa_4btlv4SinkEL_EE9call_once6vtableBa_>
 - func[328] <_RNCNvNtCsghdAMdxnB6f_8protocol12message_wire16write_state_pages_0B5_>
 - func[329] <_RNSNvYNCNvNtCsghdAMdxnB6f_8protocol12message_wire16write_descriptor0INtNtNtCsdkdt1aaAg1T_4core3ops8function6FnOnceTQDNtNtBa_4btlv4SinkEL_EE9call_once6vtableBa_>
 - func[330] <_RNCNvNtCsghdAMdxnB6f_8protocol12message_wire16write_descriptor0B5_>
 - func[331] <_RNvNtCsghdAMdxnB6f_8protocol12message_wire17write_enum_choice>
 - func[332] <_RNSNvYNCNvNtCsghdAMdxnB6f_8protocol12message_wire17write_enum_choice0INtNtNtCsdkdt1aaAg1T_4core3ops8function6FnOnceTQDNtNtBa_4btlv4SinkEL_EE9call_once6vtableBa_>
 - func[333] <_RNCNvNtCsghdAMdxnB6f_8protocol12message_wire17write_enum_choice0B5_>
 - func[334] <_RNSNvYNCNvNtCsghdAMdxnB6f_8protocol12message_wire16write_packed_u160INtNtNtCsdkdt1aaAg1T_4core3ops8function6FnOnceTQDNtNtBa_4btlv4SinkEL_EE9call_once6vtableBa_>
 - func[335] <_RNCNvNtCsghdAMdxnB6f_8protocol12message_wire16write_packed_u160B5_>
 - func[336] <_RNSNvYNCNvNtCsghdAMdxnB6f_8protocol12message_wire24write_backpressure_field0INtNtNtCsdkdt1aaAg1T_4core3ops8function6FnOnceTQDNtNtBa_4btlv4SinkEL_EE9call_once6vtableBa_>
 - func[337] <_RNCNvNtCsghdAMdxnB6f_8protocol12message_wire24write_backpressure_field0B5_>
 - func[338] <_RNvXsE_NtCscFfmoX7dj9V_7session5modelNtB5_5TrackNtNtCsdkdt1aaAg1T_4core5clone5Clone5clone>
 - func[339] <_RNvXsU_NtCscFfmoX7dj9V_7session5modelNtB5_6EffectNtNtCsdkdt1aaAg1T_4core5clone5Clone5clone>
 - func[340] <_RNvMNtCscFfmoX7dj9V_7session14json_preflightNtB2_7Scanner5value>
 - func[341] <_RNvMs3_NtCscFfmoX7dj9V_7session10diagnosticNtB5_10SourceSpan10from_range>
 - func[342] <_RNvMs0_NtCsluNdJgSep9q_11json_syntax5parseINtB5_6ParserINtNtNtNtCsdkdt1aaAg1T_4core4iter8adapters3map3MapIBS_NtNtNtB10_3str4iter5CharsNcNtINtNtB10_6result6ResultcNtNtB10_7convert10InfallibleE2Ok0ENCINvYNtB7_5ValueNtB5_5Parse10parse_utf8B1F_B2A_E0EB2A_E16skip_whitespacesCscFfmoX7dj9V_7session>
 - func[343] <_RINvXNtNtCsluNdJgSep9q_11json_syntax5parse6stringINtNtCsj2imvPwWU2d_8smallstr6string11SmallStringAhj10_ENtB5_5Parse8parse_inINtNtNtNtCsdkdt1aaAg1T_4core4iter8adapters3map3MapIB1Z_NtNtNtB27_3str4iter5CharsNcNtINtNtB27_6result6ResultcNtNtB27_7convert10InfallibleE2Ok0ENCINvYNtB7_5ValueB1E_10parse_utf8B2M_B3I_E0EB3I_ECscFfmoX7dj9V_7session>
 - func[344] <_RINvNtCsdkdt1aaAg1T_4core3ptr9drop_glueNtCsluNdJgSep9q_11json_syntax5ValueECscFfmoX7dj9V_7session>
 - func[345] <_RINvXs0_NtNtCsluNdJgSep9q_11json_syntax5parse5valueNtB6_8FragmentNtB8_5Parse8parse_inINtNtNtNtCsdkdt1aaAg1T_4core4iter8adapters3map3MapIB1m_NtNtNtB1u_3str4iter5CharsNcNtINtNtB1u_6result6ResultcNtNtB1u_7convert10InfallibleE2Ok0ENCINvYNtBa_5ValueB11_10parse_utf8B29_B35_E0EB35_ECscFfmoX7dj9V_7session>
 - func[346] <_RINvNtCsdkdt1aaAg1T_4core3ptr9drop_glueNtNtCsluNdJgSep9q_11json_syntax6object6ObjectECscFfmoX7dj9V_7session>
 - func[347] <_RNvMs5_NtCscFfmoX7dj9V_7session10diagnosticNtB5_13DiagnosticSet8from_vec>
 - func[348] <_RINvNvMs2_NtCsewWLk9TkM7w_5alloc7raw_vecINtB8_11RawVecInnerpE7reserve21do_reserve_and_handleNtNtBa_5alloc6GlobalECscFfmoX7dj9V_7session>
 - func[349] <_RNvXs1i_NtCsdkdt1aaAg1T_4core3fmtRcNtB6_7Display3fmtCscFfmoX7dj9V_7session>
 - func[350] <_RNvNtCscFfmoX7dj9V_7session5parse10parse_root>
 - func[351] <_RNvNtCscFfmoX7dj9V_7session8validate16validate_session>
 - func[352] <_RINvMs3_NtNtCsluNdJgSep9q_11json_syntax6object9index_mapNtB6_8IndexMap3geteECscFfmoX7dj9V_7session>
 - func[353] <_RNvXsa_NtCsewWLk9TkM7w_5alloc3vecINtB5_3VecNtNtCscFfmoX7dj9V_7session10diagnostic11PathSegmentENtNtCsdkdt1aaAg1T_4core5clone5Clone5cloneBJ_>
 - func[354] <_RINvNtCsdkdt1aaAg1T_4core3ptr9drop_glueNtNtCscFfmoX7dj9V_7session10diagnostic10DiagnosticEBF_>
 - func[355] <_RINvNtCsdkdt1aaAg1T_4core3ptr9drop_glueNtNtCscFfmoX7dj9V_7session5model12SessionModelEBF_>
 - func[356] <_RNvXs2E_NtCsghdAMdxnB6f_8protocol4wireNtB6_11EncodeErrorNtNtCsdkdt1aaAg1T_4core3fmt5Debug3fmt>
 - func[357] <_RNvXs1g_NtCsdkdt1aaAg1T_4core3fmtRjNtB6_5Debug3fmtCsghdAMdxnB6f_8protocol>
 - func[358] <_RINvNtCsdkdt1aaAg1T_4core3ptr9drop_glueNtNtCscFfmoX7dj9V_7session10diagnostic13DiagnosticSetECsghdAMdxnB6f_8protocol>
 - func[359] <_RNvXsO_NtCscFfmoX7dj9V_7session10diagnosticNtB5_13DiagnosticSetNtNtCsdkdt1aaAg1T_4core3fmt5Debug3fmt>
 - func[360] <_RNvXs1g_NtCsdkdt1aaAg1T_4core3fmtRINtNtCsewWLk9TkM7w_5alloc3vec3VecNtNtCscFfmoX7dj9V_7session10diagnostic10DiagnosticENtB6_5Debug3fmtCsghdAMdxnB6f_8protocol>
 - func[361] <_RNvXs1g_NtCsdkdt1aaAg1T_4core3fmtRNtNtCsewWLk9TkM7w_5alloc6string6StringNtB6_5Debug3fmtCsghdAMdxnB6f_8protocol>
 - func[362] <_RNvXsR_NtCsdkdt1aaAg1T_4core6optionINtB5_6OptionNtNtCscFfmoX7dj9V_7session10diagnostic10SourceSpanENtNtB7_3fmt5Debug3fmtCsghdAMdxnB6f_8protocol>
 - func[363] <_RNvXsZ_NtNtCsdkdt1aaAg1T_4core3fmt3numjNtB7_5Debug3fmt.150>
 - func[364] <_RINvNtCsdkdt1aaAg1T_4core3ptr9drop_glueNtNtCscFfmoX7dj9V_7session10diagnostic14DiagnosticPathECsghdAMdxnB6f_8protocol>
 - func[365] <_RNvXsp_NtCscFfmoX7dj9V_7session10diagnosticNtB5_14DiagnosticPathNtNtCsdkdt1aaAg1T_4core3fmt5Debug3fmt>
 - func[366] <_RNvXs1g_NtCsdkdt1aaAg1T_4core3fmtRINtNtCsewWLk9TkM7w_5alloc3vec3VecNtNtCscFfmoX7dj9V_7session10diagnostic11PathSegmentENtB6_5Debug3fmtCsghdAMdxnB6f_8protocol>
 - func[367] <_RNvXs1g_NtCsdkdt1aaAg1T_4core3fmtRNtNtCscFfmoX7dj9V_7session10diagnostic11PathSegmentNtB6_5Debug3fmtCsghdAMdxnB6f_8protocol>
 - func[368] <_RNvXsb_NtCscFfmoX7dj9V_7session10diagnosticNtB5_14DiagnosticCodeNtNtCsdkdt1aaAg1T_4core3fmt5Debug3fmt>
 - func[369] <_RINvMs6_NtCs7EJdUbBHCXe_9hashbrown3rawINtB6_8RawTableTReNtNtCscFfmoX7dj9V_7session8validate11GraphEntityEE14reserve_rehashNCINvNtB8_3map11make_hasherBQ_BS_NtNtNtCsdl5sGgnNXvY_3std4hash6random11RandomStateE0EBW_>
 - func[370] <_RINvYNtNtNtCsdl5sGgnNXvY_3std4hash6random11RandomStateNtNtCsdkdt1aaAg1T_4core4hash11BuildHasher8hash_oneRReECscFfmoX7dj9V_7session>
 - func[371] <_RNvXs3_NtNtCsdkdt1aaAg1T_4core4hash3sipINtB5_6HasherNtB5_11Sip13RoundsENtB7_6Hasher5writeCscFfmoX7dj9V_7session>
 - func[372] <_RINvMs6_NtCs7EJdUbBHCXe_9hashbrown3rawINtB6_8RawTableTReRNtNtCscFfmoX7dj9V_7session5model6SourceEE14reserve_rehashNCINvNtB8_3map11make_hasherBQ_BS_NtNtNtCsdl5sGgnNXvY_3std4hash6random11RandomStateE0EBX_>
 - func[373] <_RINvMs6_NtCs7EJdUbBHCXe_9hashbrown3rawINtB6_8RawTableTReuEE14reserve_rehashNCINvNtB8_3map11make_hasherBQ_uNtNtNtCsdl5sGgnNXvY_3std4hash6random11RandomStateE0ECscFfmoX7dj9V_7session>
 - func[374] <_RINvMs6_NtCs7EJdUbBHCXe_9hashbrown3rawINtB6_8RawTableTTmhEuEE14reserve_rehashNCINvNtB8_3map11make_hasherBQ_uNtNtNtCsdl5sGgnNXvY_3std4hash6random11RandomStateE0ECscFfmoX7dj9V_7session>
 - func[375] <_RINvYNtNtNtCsdl5sGgnNXvY_3std4hash6random11RandomStateNtNtCsdkdt1aaAg1T_4core4hash11BuildHasher8hash_oneRTmhEECscFfmoX7dj9V_7session>
 - func[376] <_RINvNtNtNtCsdkdt1aaAg1T_4core5slice4sort6stable14driftsort_mainNtNtCscFfmoX7dj9V_7session10diagnostic10DiagnosticNCINvMNtCsewWLk9TkM7w_5alloc5sliceSBZ_7sort_byNCNvMs5_B11_NtB11_13DiagnosticSet8from_vec0E0INtNtB1V_3vec3VecBZ_EEB13_>
 - func[377] <_RINvNtNtNtNtCsdkdt1aaAg1T_4core5slice4sort6stable5drift4sortNtNtCscFfmoX7dj9V_7session10diagnostic10DiagnosticNCINvMNtCsewWLk9TkM7w_5alloc5sliceSBW_7sort_byNCNvMs5_BY_NtBY_13DiagnosticSet8from_vec0E0EB10_>
 - func[378] <_RNCINvMNtCsewWLk9TkM7w_5alloc5sliceSNtNtCscFfmoX7dj9V_7session10diagnostic10Diagnostic7sort_byNCNvMs5_BA_NtBA_13DiagnosticSet8from_vec0E0BC_>
 - func[379] <_RINvNtNtNtNtCsdkdt1aaAg1T_4core5slice4sort6stable9quicksort9quicksortNtNtCscFfmoX7dj9V_7session10diagnostic10DiagnosticNCINvMNtCsewWLk9TkM7w_5alloc5sliceSB15_7sort_byNCNvMs5_B17_NtB17_13DiagnosticSet8from_vec0E0EB19_>
 - func[380] <_RINvNtNtNtNtCsdkdt1aaAg1T_4core5slice4sort6shared5pivot11median3_recNtNtCscFfmoX7dj9V_7session10diagnostic10DiagnosticNCINvMNtCsewWLk9TkM7w_5alloc5sliceSB14_7sort_byNCNvMs5_B16_NtB16_13DiagnosticSet8from_vec0E0EB18_>
 - func[381] <_RINvNtCsdkdt1aaAg1T_4core3ptr9drop_glueINtNtCsewWLk9TkM7w_5alloc3vec3VecNtNtCscFfmoX7dj9V_7session5model10AutomationEEB1c_>
 - func[382] <_RINvNtCsdkdt1aaAg1T_4core3ptr9drop_glueINtNtCsewWLk9TkM7w_5alloc3vec3VecNtNtCscFfmoX7dj9V_7session5model5RouteEEB1c_>
 - func[383] <_RINvNtCsdkdt1aaAg1T_4core3ptr9drop_glueINtNtCsewWLk9TkM7w_5alloc3vec3VecNtNtCscFfmoX7dj9V_7session5model5TrackEEB1c_>
 - func[384] <_RINvNtCsdkdt1aaAg1T_4core3ptr9drop_glueNtNtCscFfmoX7dj9V_7session5model4RackEBF_>
 - func[385] <_RNvMs3_NtCsewWLk9TkM7w_5alloc7raw_vecINtB5_6RawVecNtNtCscFfmoX7dj9V_7session10diagnostic11PathSegmentE8grow_oneBQ_>
 - func[386] <_RNvMs4_NtCsewWLk9TkM7w_5alloc7raw_vecNtB5_11RawVecInner11finish_growCscFfmoX7dj9V_7session>
 - func[387] <_RNvMs0_NtCscFfmoX7dj9V_7session10diagnosticNtB5_14DiagnosticPath3key>
 - func[388] <_RNvMs3_NtCsewWLk9TkM7w_5alloc7raw_vecINtB5_6RawVecNtNtCscFfmoX7dj9V_7session10diagnostic10DiagnosticE8grow_oneBQ_>
 - func[389] <_RNvMs3_NtCsewWLk9TkM7w_5alloc7raw_vecINtB5_6RawVecNtNtCscFfmoX7dj9V_7session10diagnostic3SegE8grow_oneBQ_>
 - func[390] <_RNvMs3_NtCsewWLk9TkM7w_5alloc7raw_vecINtB5_6RawVecNtNtCscFfmoX7dj9V_7session5model10AutomationE8grow_oneBQ_>
 - func[391] <_RNvMs3_NtCsewWLk9TkM7w_5alloc7raw_vecINtB5_6RawVecNtNtCscFfmoX7dj9V_7session5model11EffectParamE8grow_oneBQ_>
 - func[392] <_RNvMs3_NtCsewWLk9TkM7w_5alloc7raw_vecINtB5_6RawVecNtNtCscFfmoX7dj9V_7session5model17AutomationSegmentE8grow_oneBQ_>
 - func[393] <_RNvMs3_NtCsewWLk9TkM7w_5alloc7raw_vecINtB5_6RawVecNtNtCscFfmoX7dj9V_7session5model5RouteE8grow_oneBQ_>
 - func[394] <_RNvMs3_NtCsewWLk9TkM7w_5alloc7raw_vecINtB5_6RawVecNtNtCscFfmoX7dj9V_7session5model5TrackE8grow_oneBQ_>
 - func[395] <_RNvMs3_NtCsewWLk9TkM7w_5alloc7raw_vecINtB5_6RawVecNtNtCscFfmoX7dj9V_7session5model6EffectE8grow_oneBQ_>
 - func[396] <_RNvMs3_NtCsewWLk9TkM7w_5alloc7raw_vecINtB5_6RawVecNtNtCscFfmoX7dj9V_7session5model6SourceE8grow_oneBQ_>
 - func[397] <_RNvMNtCscFfmoX7dj9V_7session14json_preflightNtB2_7Scanner4open>
 - func[398] <_RNvMNtCsj2imvPwWU2d_8smallstr6stringINtB2_11SmallStringAhj10_E4pushCscFfmoX7dj9V_7session>
 - func[399] <_RINvNtCsdkdt1aaAg1T_4core3ptr9drop_glueNtNtCscFfmoX7dj9V_7session10diagnostic14DiagnosticPathEBF_>
 - func[400] <_RNvMs0_NtCsluNdJgSep9q_11json_syntax5parseINtB5_6ParserINtNtNtNtCsdkdt1aaAg1T_4core4iter8adapters3map3MapIBS_NtNtNtB10_3str4iter5CharsNcNtINtNtB10_6result6ResultcNtNtB10_7convert10InfallibleE2Ok0ENCINvYNtB7_5ValueNtB5_5Parse10parse_utf8B1F_B2A_E0EB2A_E9next_charCscFfmoX7dj9V_7session>
 - func[401] <_RNvMs0_NtCsluNdJgSep9q_11json_syntax5parseINtB5_6ParserINtNtNtNtCsdkdt1aaAg1T_4core4iter8adapters3map3MapIBS_NtNtNtB10_3str4iter5CharsNcNtINtNtB10_6result6ResultcNtNtB10_7convert10InfallibleE2Ok0ENCINvYNtB7_5ValueNtB5_5Parse10parse_utf8B1F_B2A_E0EB2A_E12end_fragmentCscFfmoX7dj9V_7session>
 - func[402] <_RNvMs5_NtCsluNdJgSep9q_11json_syntax5parseNtB5_7Context7follows.177>
 - func[403] <_RNvMsc_Cs2bW5bADgYIX_8smallvecINtB5_8SmallVecAhj10_E21reserve_one_uncheckedCscFfmoX7dj9V_7session>
 - func[404] <_RINvNtNtNtNtCsdkdt1aaAg1T_4core5slice4sort6shared9smallsort25insertion_sort_shift_leftNtNtCscFfmoX7dj9V_7session10diagnostic10DiagnosticNCINvMNtCsewWLk9TkM7w_5alloc5sliceSB1m_7sort_byNCNvMs5_B1o_NtB1o_13DiagnosticSet8from_vec0E0EB1q_>
 - func[405] <_RNCNvMs5_NtCscFfmoX7dj9V_7session10diagnosticNtB7_13DiagnosticSet8from_vecs_0B9_>
 - func[406] <_RNvMs_NtCscFfmoX7dj9V_7session5parseNtB4_6Parser15unsigned_number>
 - func[407] <_RNvMs_NtCscFfmoX7dj9V_7session5parseNtB4_6Parser11error_field>
 - func[408] <_RNvMs_NtCscFfmoX7dj9V_7session5parseNtB4_6Parser4keys>
 - func[409] <_RNvMs_NtCscFfmoX7dj9V_7session5parseNtB4_6Parser2id>
 - func[410] <_RNvMs_NtCscFfmoX7dj9V_7session5parseNtB4_6Parser3u64>
 - func[411] <_RNvMs_NtCscFfmoX7dj9V_7session5parseNtB4_6Parser5table>
 - func[412] <_RNvMs_NtCscFfmoX7dj9V_7session5parseNtB4_6Parser5token>
 - func[413] <_RNvXsq_NtCsewWLk9TkM7w_5alloc6stringNtB5_6StringNtNtCsdkdt1aaAg1T_4core3fmt7Display3fmt>
 - func[414] <_RNvMs_NtCscFfmoX7dj9V_7session5parseNtB4_6Parser5array>
 - func[415] <_RNvMs_NtCscFfmoX7dj9V_7session5parseNtB4_6Parser10string_ref>
 - func[416] <_RINvMs_NtCscFfmoX7dj9V_7session5parseNtB5_6Parser8error_atReEB7_>
 - func[417] <_RNvNtCscFfmoX7dj9V_7session5parse22parse_channel_builtins>
 - func[418] <_RNvNtCscFfmoX7dj9V_7session5parse10parse_rack>
 - func[419] <_RNvMs_NtCscFfmoX7dj9V_7session5parseNtB4_6Parser3f32>
 - func[420] <_RNvMs_NtCscFfmoX7dj9V_7session5parseNtB4_6Parser4bool>
 - func[421] <_RNvMs_NtCscFfmoX7dj9V_7session5parseNtB4_6Parser7bounded>
 - func[422] <_RNvNtCscFfmoX7dj9V_7session5parse18parse_route_source>
 - func[423] <_RNvMs_NtCscFfmoX7dj9V_7session5parseNtB4_6Parser10reject_key>
 - func[424] <_RINvMs_NtCscFfmoX7dj9V_7session5parseNtB5_6Parser12closed_tokenNtNtB7_5model16ParameterChannelEB7_>
 - func[425] <_RINvMs_NtCscFfmoX7dj9V_7session5parseNtB5_6Parser12closed_tokenNtNtB7_5model13ParameterUnitEB7_>
 - func[426] <_RNvMs1_NtCscFfmoX7dj9V_7session10diagnosticNtB5_7PathRef11materialize>
 - func[427] <_RINvMs_NtNtNtCsdl5sGgnNXvY_3std3sys12thread_local10no_threadsINtB5_11LazyStorageINtNtCsdkdt1aaAg1T_4core4cell4CellTyyEEE10initializeNvNvNvMNtNtBb_4hash6randomNtB2d_11RandomState3new4KEYS27___rust_std_internal_init_fnECscFfmoX7dj9V_7session>
 - func[428] <_RNvMs1_NtCs7EJdUbBHCXe_9hashbrown3mapINtB5_7HashMapReNtNtCscFfmoX7dj9V_7session8validate11GraphEntityNtNtNtCsdl5sGgnNXvY_3std4hash6random11RandomStateE6insertBT_>
 - func[429] <_RNvMs1_NtCs7EJdUbBHCXe_9hashbrown3mapINtB5_7HashMapReuNtNtNtCsdl5sGgnNXvY_3std4hash6random11RandomStateE6insertCscFfmoX7dj9V_7session>
 - func[430] <_RINvYNtNtNtCsdl5sGgnNXvY_3std4hash6random11RandomStateNtNtCsdkdt1aaAg1T_4core4hash11BuildHasher8hash_oneReECscFfmoX7dj9V_7session>
 - func[431] <_RNvNtCscFfmoX7dj9V_7session8validate21validate_finite_range>
 - func[432] <_RNvNtCscFfmoX7dj9V_7session8validate21validate_route_source>
 - func[433] <_RNvNtCscFfmoX7dj9V_7session8validate19validate_unit_value>
 - func[434] <_RNvXst_NtNtCsdkdt1aaAg1T_4core3str7patternReNtB5_7Pattern15is_contained_in>
 - func[435] <_RINvMsx_NtNtCsdkdt1aaAg1T_4core3str7patternNtB6_14TwoWaySearcher4nextNtB6_9MatchOnlyECscFfmoX7dj9V_7session>
 - func[436] <_RNvXsK_NtCsdkdt1aaAg1T_4core3fmtNtB5_5ErrorNtB5_5Debug3fmt.172>
 - func[437] <_RINvNtCsdkdt1aaAg1T_4core3ptr9drop_glueNtNtCsewWLk9TkM7w_5alloc6string6StringECscFfmoX7dj9V_7session>
 - func[438] <_RNvXsZ_NtCsewWLk9TkM7w_5alloc6stringNtB5_6StringNtNtCsdkdt1aaAg1T_4core3fmt5Write9write_str.173>
 - func[439] <_RNvXsZ_NtCsewWLk9TkM7w_5alloc6stringNtB5_6StringNtNtCsdkdt1aaAg1T_4core3fmt5Write10write_char.174>
 - func[440] <_RNvYNtNtCsewWLk9TkM7w_5alloc6string6StringNtNtCsdkdt1aaAg1T_4core3fmt5Write9write_fmtCscFfmoX7dj9V_7session>
 - func[441] <_RNvMsc_Cs2bW5bADgYIX_8smallvecINtB5_8SmallVecAhj10_E8try_growCscFfmoX7dj9V_7session>
 - func[442] <_RNvXsU_Cs2bW5bADgYIX_8smallvecNtB5_18CollectionAllocErrNtNtCsdkdt1aaAg1T_4core3fmt5Debug3fmt.175>
 - func[443] <_RNvXs1g_NtCsdkdt1aaAg1T_4core3fmtRNtNtNtB8_5alloc6layout6LayoutNtB6_5Debug3fmtCscFfmoX7dj9V_7session>
 - func[444] <_RNvXs1g_NtCsdkdt1aaAg1T_4core3fmtRNtNtNtB8_3mem9alignment9AlignmentNtB6_5Debug3fmtCscFfmoX7dj9V_7session>
 - func[445] <_RNvNtCsdl5sGgnNXvY_3std9panicking15panic_with_hook>
 - func[446] <_RNvCs9wFQrvczXsK_7___rustc10rust_panic>
 - func[447] <_RNvYINtNvNtCsdl5sGgnNXvY_3std9panicking11begin_panic7PayloadReENtNtCsdkdt1aaAg1T_4core5panic12PanicPayload6as_strB9_>
 - func[448] <_RNvXNtCsdkdt1aaAg1T_4core3anyReNtB2_3Any7type_idCsdl5sGgnNXvY_3std>
 - func[449] <_RINvNtNtCsdl5sGgnNXvY_3std3sys9backtrace26___rust_end_short_backtraceNCNvNtB6_5alloc8rust_oom0zEB6_>
 - func[450] <_RINvNtNtCsdl5sGgnNXvY_3std3sys9backtrace26___rust_end_short_backtraceNCNvNtB6_9panicking13panic_handler0zEB6_>
 - func[451] <_RNCNvNtCsdl5sGgnNXvY_3std9panicking13panic_handler0B5_>
 - func[452] <_RINvNtCsdkdt1aaAg1T_4core3ptr9drop_glueNtNvNtCsdl5sGgnNXvY_3std9panicking13panic_handler19FormatStringPayloadEBH_>
 - func[453] <_RNvXs0_NvNtCsdl5sGgnNXvY_3std9panicking13panic_handlerNtB5_19FormatStringPayloadNtNtCsdkdt1aaAg1T_4core3fmt7Display3fmt>
 - func[454] <_RNvXs_NvNtCsdl5sGgnNXvY_3std9panicking13panic_handlerNtB4_19FormatStringPayloadNtNtCsdkdt1aaAg1T_4core5panic12PanicPayload8take_box>
 - func[455] <_RNvXs_NvNtCsdl5sGgnNXvY_3std9panicking13panic_handlerNtB4_19FormatStringPayloadNtNtCsdkdt1aaAg1T_4core5panic12PanicPayload3get>
 - func[456] <_RINvNvMs2_NtCsewWLk9TkM7w_5alloc7raw_vecINtB8_11RawVecInnerpE7reserve21do_reserve_and_handleNtNtBa_5alloc6GlobalECsdl5sGgnNXvY_3std>
 - func[457] <_RNvMs4_NtCsewWLk9TkM7w_5alloc7raw_vecNtB5_11RawVecInner11finish_growCsdl5sGgnNXvY_3std>
 - func[458] <_RNvXNtCsdkdt1aaAg1T_4core3anyNtNtCsewWLk9TkM7w_5alloc6string6StringNtB2_3Any7type_idCsdl5sGgnNXvY_3std>
 - func[459] <_RNvXsZ_NtCsewWLk9TkM7w_5alloc6stringNtB5_6StringNtNtCsdkdt1aaAg1T_4core3fmt5Write9write_str.183>
 - func[460] <_RNvXsZ_NtCsewWLk9TkM7w_5alloc6stringNtB5_6StringNtNtCsdkdt1aaAg1T_4core3fmt5Write10write_char.184>
 - func[461] <_RNvYNtNtCsewWLk9TkM7w_5alloc6string6StringNtNtCsdkdt1aaAg1T_4core3fmt5Write9write_fmtCsdl5sGgnNXvY_3std>
 - func[462] <_RNvXs2_NvNtCsdl5sGgnNXvY_3std9panicking13panic_handlerNtB5_16StaticStrPayloadNtNtCsdkdt1aaAg1T_4core3fmt7Display3fmt>
 - func[463] <_RNvXs1_NvNtCsdl5sGgnNXvY_3std9panicking13panic_handlerNtB5_16StaticStrPayloadNtNtCsdkdt1aaAg1T_4core5panic12PanicPayload8take_box>
 - func[464] <_RNvXs1_NvNtCsdl5sGgnNXvY_3std9panicking13panic_handlerNtB5_16StaticStrPayloadNtNtCsdkdt1aaAg1T_4core5panic12PanicPayload3get>
 - func[465] <_RNvXs1_NvNtCsdl5sGgnNXvY_3std9panicking13panic_handlerNtB5_16StaticStrPayloadNtNtCsdkdt1aaAg1T_4core5panic12PanicPayload6as_str>
 - func[466] <_RNvMs0_NtCsgis5MWNmFLl_8dlmalloc8dlmallocINtB5_8DlmallocNtNtB7_3sys6SystemE18insert_large_chunkCsdl5sGgnNXvY_3std>
 - func[467] <_RNvNtCsdl5sGgnNXvY_3std5alloc8rust_oom>
 - func[468] <_RINvMNtNtCsdl5sGgnNXvY_3std4sync9once_lockINtB3_8OnceLockINtNtB5_14reentrant_lock13ReentrantLockINtNtCsdkdt1aaAg1T_4core4cell7RefCellINtNtNtNtB7_2io8buffered10linewriter10LineWriterNtNtB2e_5stdio9StdoutRawEEEE10initializeNCINvB2_11get_or_initNCNvB2V_7cleanup0E0zEB7_>
 - func[469] <main>
 - func[470] <memcmp>
 - func[471] <__multi3>
 - global[0] <__stack_pointer>
 - dataseg[0] <.rodata>
Custom:
 - name: "producers"
Custom:
 - name: "target_features"
  - [+] bulk-memory
  - [+] bulk-memory-opt
  - [+] call-indirect-overlong
  - [+] multivalue
  - [+] mutable-globals
  - [+] nontrapping-fptoint
  - [+] reference-types
  - [+] sign-ext
  - [+] simd128
