+ set -euo pipefail
+++ dirname scripts/test-builtins-current-benchmark.sh
++ cd scripts
++ pwd
+ script_directory=/home/bl/misofm/engine-480-proof/scripts
++ cd /home/bl/misofm/engine-480-proof/scripts/..
++ pwd
+ repository_root=/home/bl/misofm/engine-480-proof
+ command -v jq
+ hash64=6a1633442678cfdecb2872deacd053e727c47f0bc94039a84b4e950949e195d0
+ binary64=bbbbbbbbbbbbbbbbbbbbbbbbbbbbbbbbbbbbbbbbbbbbbbbbbbbbbbbbbbbbbbbb
+ output64=cccccccccccccccccccccccccccccccccccccccccccccccccccccccccccccccc
+ manifest64=b244da45d88d670951205098b7516af20387a141eccb3bf60edb61e8ba57a919
+ commit40=0123456789abcdef0123456789abcdef01234567
++ jq -cn --arg hash 6a1633442678cfdecb2872deacd053e727c47f0bc94039a84b4e950949e195d0 --arg binary bbbbbbbbbbbbbbbbbbbbbbbbbbbbbbbbbbbbbbbbbbbbbbbbbbbbbbbbbbbbbbbb --arg output cccccccccccccccccccccccccccccccccccccccccccccccccccccccccccccccc --arg manifest b244da45d88d670951205098b7516af20387a141eccb3bf60edb61e8ba57a919 --arg commit 0123456789abcdef0123456789abcdef01234567 '
  {
    schema_version:1, issue:35, workload_kind:"full_chain_filters",
    workload_id:"issue035.full_chain_filters.48000hz.q128", sample_rate_hz:48000,
    quantum_frames:128, round:1, render_scope:"render", warmup_batches:64,
    measured_batches:512, operations_per_batch:8, total_operations:4096,
    frames_per_operation:128, tracks:1, meter_observers:0, meter_queue_capacity:null,
    retained_payload_bytes:0, percentile_method:"nearest_rank", units:"ns_per_operation",
    min_ns:1, p50_ns:2, p95_ns:3, p99_ns:4, p99_9_ns:5, max_ns:6,
    descriptive_only:true, candidate_commit:$commit, binary_sha256:$binary,
    fixture_manifest_id:"fixtures/builtins/v1/MANIFEST.tsv", fixture_manifest_sha256:$manifest,
    input_fixture_id:"fixtures/builtins/v1/benchmark/full_chain_filters-48000.toml",
    input_fixture_sha256:$hash, output_sha256:$output,
    render_errors:0, render_allocations:0, render_deallocations:0, render_locks:0,
    render_logs:0, render_file_io:0, render_network_io:0, render_syscalls:0,
    render_feature_detection:0, render_panic_unwind:0, render_total_forbidden_operations:0,
    cpu_model:null, cpu_architecture:null, logical_core_count:null, physical_core_count:null,
    os:null, kernel:null, governor_or_power_mode:null, rust_version:null, llvm_version:null,
    target_triple:null, target_features:null, profile:null, opt_level:null, lto:null,
    codegen_units:null, background_load_note:null,
    missing_metadata:[
      "background_load_note","codegen_units","cpu_architecture","cpu_model",
      "governor_or_power_mode","kernel","llvm_version","logical_core_count","lto",
      "opt_level","os","physical_core_count","profile","rust_version","target_features",
      "target_triple"
    ]
  }'
+ record='{"schema_version":1,"issue":35,"workload_kind":"full_chain_filters","workload_id":"issue035.full_chain_filters.48000hz.q128","sample_rate_hz":48000,"quantum_frames":128,"round":1,"render_scope":"render","warmup_batches":64,"measured_batches":512,"operations_per_batch":8,"total_operations":4096,"frames_per_operation":128,"tracks":1,"meter_observers":0,"meter_queue_capacity":null,"retained_payload_bytes":0,"percentile_method":"nearest_rank","units":"ns_per_operation","min_ns":1,"p50_ns":2,"p95_ns":3,"p99_ns":4,"p99_9_ns":5,"max_ns":6,"descriptive_only":true,"candidate_commit":"0123456789abcdef0123456789abcdef01234567","binary_sha256":"bbbbbbbbbbbbbbbbbbbbbbbbbbbbbbbbbbbbbbbbbbbbbbbbbbbbbbbbbbbbbbbb","fixture_manifest_id":"fixtures/builtins/v1/MANIFEST.tsv","fixture_manifest_sha256":"b244da45d88d670951205098b7516af20387a141eccb3bf60edb61e8ba57a919","input_fixture_id":"fixtures/builtins/v1/benchmark/full_chain_filters-48000.toml","input_fixture_sha256":"6a1633442678cfdecb2872deacd053e727c47f0bc94039a84b4e950949e195d0","output_sha256":"cccccccccccccccccccccccccccccccccccccccccccccccccccccccccccccccc","render_errors":0,"render_allocations":0,"render_deallocations":0,"render_locks":0,"render_logs":0,"render_file_io":0,"render_network_io":0,"render_syscalls":0,"render_feature_detection":0,"render_panic_unwind":0,"render_total_forbidden_operations":0,"cpu_model":null,"cpu_architecture":null,"logical_core_count":null,"physical_core_count":null,"os":null,"kernel":null,"governor_or_power_mode":null,"rust_version":null,"llvm_version":null,"target_triple":null,"target_features":null,"profile":null,"opt_level":null,"lto":null,"codegen_units":null,"background_load_note":null,"missing_metadata":["background_load_note","codegen_units","cpu_architecture","cpu_model","governor_or_power_mode","kernel","llvm_version","logical_core_count","lto","opt_level","os","physical_core_count","profile","rust_version","target_features","target_triple"]}'
+ record_valid
+ jq -e -L /home/bl/misofm/engine-480-proof/scripts 'include "builtins-current-benchmark-record-validator"; builtins_benchmark_record_valid'
+ IFS=
+ read -r field
++ jq -r 'keys[]'
+ jq --arg field background_load_note 'del(.[$field])'
+ record_valid
+ jq -e -L /home/bl/misofm/engine-480-proof/scripts 'include "builtins-current-benchmark-record-validator"; builtins_benchmark_record_valid'
+ jq --arg field background_load_note '.[$field] = []'
+ record_valid
+ jq -e -L /home/bl/misofm/engine-480-proof/scripts 'include "builtins-current-benchmark-record-validator"; builtins_benchmark_record_valid'
+ IFS=
+ read -r field
+ jq --arg field binary_sha256 'del(.[$field])'
+ record_valid
+ jq -e -L /home/bl/misofm/engine-480-proof/scripts 'include "builtins-current-benchmark-record-validator"; builtins_benchmark_record_valid'
+ jq --arg field binary_sha256 '.[$field] = []'
+ record_valid
+ jq -e -L /home/bl/misofm/engine-480-proof/scripts 'include "builtins-current-benchmark-record-validator"; builtins_benchmark_record_valid'
+ IFS=
+ read -r field
+ jq --arg field candidate_commit 'del(.[$field])'
+ record_valid
+ jq -e -L /home/bl/misofm/engine-480-proof/scripts 'include "builtins-current-benchmark-record-validator"; builtins_benchmark_record_valid'
+ jq --arg field candidate_commit '.[$field] = []'
+ record_valid
+ jq -e -L /home/bl/misofm/engine-480-proof/scripts 'include "builtins-current-benchmark-record-validator"; builtins_benchmark_record_valid'
+ IFS=
+ read -r field
+ jq --arg field codegen_units 'del(.[$field])'
+ record_valid
+ jq -e -L /home/bl/misofm/engine-480-proof/scripts 'include "builtins-current-benchmark-record-validator"; builtins_benchmark_record_valid'
+ jq --arg field codegen_units '.[$field] = []'
+ record_valid
+ jq -e -L /home/bl/misofm/engine-480-proof/scripts 'include "builtins-current-benchmark-record-validator"; builtins_benchmark_record_valid'
+ IFS=
+ read -r field
+ jq --arg field cpu_architecture 'del(.[$field])'
+ record_valid
+ jq -e -L /home/bl/misofm/engine-480-proof/scripts 'include "builtins-current-benchmark-record-validator"; builtins_benchmark_record_valid'
+ jq --arg field cpu_architecture '.[$field] = []'
+ record_valid
+ jq -e -L /home/bl/misofm/engine-480-proof/scripts 'include "builtins-current-benchmark-record-validator"; builtins_benchmark_record_valid'
+ IFS=
+ read -r field
+ jq --arg field cpu_model 'del(.[$field])'
+ record_valid
+ jq -e -L /home/bl/misofm/engine-480-proof/scripts 'include "builtins-current-benchmark-record-validator"; builtins_benchmark_record_valid'
+ jq --arg field cpu_model '.[$field] = []'
+ record_valid
+ jq -e -L /home/bl/misofm/engine-480-proof/scripts 'include "builtins-current-benchmark-record-validator"; builtins_benchmark_record_valid'
+ IFS=
+ read -r field
+ jq --arg field descriptive_only 'del(.[$field])'
+ record_valid
+ jq -e -L /home/bl/misofm/engine-480-proof/scripts 'include "builtins-current-benchmark-record-validator"; builtins_benchmark_record_valid'
+ jq --arg field descriptive_only '.[$field] = []'
+ record_valid
+ jq -e -L /home/bl/misofm/engine-480-proof/scripts 'include "builtins-current-benchmark-record-validator"; builtins_benchmark_record_valid'
+ IFS=
+ read -r field
+ jq --arg field fixture_manifest_id 'del(.[$field])'
+ record_valid
+ jq -e -L /home/bl/misofm/engine-480-proof/scripts 'include "builtins-current-benchmark-record-validator"; builtins_benchmark_record_valid'
+ jq --arg field fixture_manifest_id '.[$field] = []'
+ record_valid
+ jq -e -L /home/bl/misofm/engine-480-proof/scripts 'include "builtins-current-benchmark-record-validator"; builtins_benchmark_record_valid'
+ IFS=
+ read -r field
+ jq --arg field fixture_manifest_sha256 'del(.[$field])'
+ record_valid
+ jq -e -L /home/bl/misofm/engine-480-proof/scripts 'include "builtins-current-benchmark-record-validator"; builtins_benchmark_record_valid'
+ jq --arg field fixture_manifest_sha256 '.[$field] = []'
+ record_valid
+ jq -e -L /home/bl/misofm/engine-480-proof/scripts 'include "builtins-current-benchmark-record-validator"; builtins_benchmark_record_valid'
+ IFS=
+ read -r field
+ jq --arg field frames_per_operation 'del(.[$field])'
+ record_valid
+ jq -e -L /home/bl/misofm/engine-480-proof/scripts 'include "builtins-current-benchmark-record-validator"; builtins_benchmark_record_valid'
+ jq --arg field frames_per_operation '.[$field] = []'
+ record_valid
+ jq -e -L /home/bl/misofm/engine-480-proof/scripts 'include "builtins-current-benchmark-record-validator"; builtins_benchmark_record_valid'
+ IFS=
+ read -r field
+ jq --arg field governor_or_power_mode 'del(.[$field])'
+ record_valid
+ jq -e -L /home/bl/misofm/engine-480-proof/scripts 'include "builtins-current-benchmark-record-validator"; builtins_benchmark_record_valid'
+ jq --arg field governor_or_power_mode '.[$field] = []'
+ record_valid
+ jq -e -L /home/bl/misofm/engine-480-proof/scripts 'include "builtins-current-benchmark-record-validator"; builtins_benchmark_record_valid'
+ IFS=
+ read -r field
+ jq --arg field input_fixture_id 'del(.[$field])'
+ record_valid
+ jq -e -L /home/bl/misofm/engine-480-proof/scripts 'include "builtins-current-benchmark-record-validator"; builtins_benchmark_record_valid'
+ jq --arg field input_fixture_id '.[$field] = []'
+ record_valid
+ jq -e -L /home/bl/misofm/engine-480-proof/scripts 'include "builtins-current-benchmark-record-validator"; builtins_benchmark_record_valid'
+ IFS=
+ read -r field
+ jq --arg field input_fixture_sha256 'del(.[$field])'
+ record_valid
+ jq -e -L /home/bl/misofm/engine-480-proof/scripts 'include "builtins-current-benchmark-record-validator"; builtins_benchmark_record_valid'
+ jq --arg field input_fixture_sha256 '.[$field] = []'
+ record_valid
+ jq -e -L /home/bl/misofm/engine-480-proof/scripts 'include "builtins-current-benchmark-record-validator"; builtins_benchmark_record_valid'
+ IFS=
+ read -r field
+ jq --arg field issue 'del(.[$field])'
+ record_valid
+ jq -e -L /home/bl/misofm/engine-480-proof/scripts 'include "builtins-current-benchmark-record-validator"; builtins_benchmark_record_valid'
+ jq --arg field issue '.[$field] = []'
+ record_valid
+ jq -e -L /home/bl/misofm/engine-480-proof/scripts 'include "builtins-current-benchmark-record-validator"; builtins_benchmark_record_valid'
+ IFS=
+ read -r field
+ jq --arg field kernel 'del(.[$field])'
+ record_valid
+ jq -e -L /home/bl/misofm/engine-480-proof/scripts 'include "builtins-current-benchmark-record-validator"; builtins_benchmark_record_valid'
+ jq --arg field kernel '.[$field] = []'
+ record_valid
+ jq -e -L /home/bl/misofm/engine-480-proof/scripts 'include "builtins-current-benchmark-record-validator"; builtins_benchmark_record_valid'
+ IFS=
+ read -r field
+ jq --arg field llvm_version 'del(.[$field])'
+ record_valid
+ jq -e -L /home/bl/misofm/engine-480-proof/scripts 'include "builtins-current-benchmark-record-validator"; builtins_benchmark_record_valid'
+ jq --arg field llvm_version '.[$field] = []'
+ record_valid
+ jq -e -L /home/bl/misofm/engine-480-proof/scripts 'include "builtins-current-benchmark-record-validator"; builtins_benchmark_record_valid'
+ IFS=
+ read -r field
+ jq --arg field logical_core_count 'del(.[$field])'
+ record_valid
+ jq -e -L /home/bl/misofm/engine-480-proof/scripts 'include "builtins-current-benchmark-record-validator"; builtins_benchmark_record_valid'
+ jq --arg field logical_core_count '.[$field] = []'
+ record_valid
+ jq -e -L /home/bl/misofm/engine-480-proof/scripts 'include "builtins-current-benchmark-record-validator"; builtins_benchmark_record_valid'
+ IFS=
+ read -r field
+ jq --arg field lto 'del(.[$field])'
+ record_valid
+ jq -e -L /home/bl/misofm/engine-480-proof/scripts 'include "builtins-current-benchmark-record-validator"; builtins_benchmark_record_valid'
+ jq --arg field lto '.[$field] = []'
+ record_valid
+ jq -e -L /home/bl/misofm/engine-480-proof/scripts 'include "builtins-current-benchmark-record-validator"; builtins_benchmark_record_valid'
+ IFS=
+ read -r field
+ jq --arg field max_ns 'del(.[$field])'
+ record_valid
+ jq -e -L /home/bl/misofm/engine-480-proof/scripts 'include "builtins-current-benchmark-record-validator"; builtins_benchmark_record_valid'
+ jq --arg field max_ns '.[$field] = []'
+ record_valid
+ jq -e -L /home/bl/misofm/engine-480-proof/scripts 'include "builtins-current-benchmark-record-validator"; builtins_benchmark_record_valid'
+ IFS=
+ read -r field
+ jq --arg field measured_batches 'del(.[$field])'
+ record_valid
+ jq -e -L /home/bl/misofm/engine-480-proof/scripts 'include "builtins-current-benchmark-record-validator"; builtins_benchmark_record_valid'
+ jq --arg field measured_batches '.[$field] = []'
+ record_valid
+ jq -e -L /home/bl/misofm/engine-480-proof/scripts 'include "builtins-current-benchmark-record-validator"; builtins_benchmark_record_valid'
+ IFS=
+ read -r field
+ jq --arg field meter_observers 'del(.[$field])'
+ record_valid
+ jq -e -L /home/bl/misofm/engine-480-proof/scripts 'include "builtins-current-benchmark-record-validator"; builtins_benchmark_record_valid'
+ jq --arg field meter_observers '.[$field] = []'
+ record_valid
+ jq -e -L /home/bl/misofm/engine-480-proof/scripts 'include "builtins-current-benchmark-record-validator"; builtins_benchmark_record_valid'
+ IFS=
+ read -r field
+ jq --arg field meter_queue_capacity 'del(.[$field])'
+ record_valid
+ jq -e -L /home/bl/misofm/engine-480-proof/scripts 'include "builtins-current-benchmark-record-validator"; builtins_benchmark_record_valid'
+ jq --arg field meter_queue_capacity '.[$field] = []'
+ record_valid
+ jq -e -L /home/bl/misofm/engine-480-proof/scripts 'include "builtins-current-benchmark-record-validator"; builtins_benchmark_record_valid'
+ IFS=
+ read -r field
+ jq --arg field min_ns 'del(.[$field])'
+ record_valid
+ jq -e -L /home/bl/misofm/engine-480-proof/scripts 'include "builtins-current-benchmark-record-validator"; builtins_benchmark_record_valid'
+ jq --arg field min_ns '.[$field] = []'
+ record_valid
+ jq -e -L /home/bl/misofm/engine-480-proof/scripts 'include "builtins-current-benchmark-record-validator"; builtins_benchmark_record_valid'
+ IFS=
+ read -r field
+ jq --arg field missing_metadata 'del(.[$field])'
+ record_valid
+ jq -e -L /home/bl/misofm/engine-480-proof/scripts 'include "builtins-current-benchmark-record-validator"; builtins_benchmark_record_valid'
+ jq --arg field missing_metadata '.[$field] = []'
+ record_valid
+ jq -e -L /home/bl/misofm/engine-480-proof/scripts 'include "builtins-current-benchmark-record-validator"; builtins_benchmark_record_valid'
+ IFS=
+ read -r field
+ jq --arg field operations_per_batch 'del(.[$field])'
+ record_valid
+ jq -e -L /home/bl/misofm/engine-480-proof/scripts 'include "builtins-current-benchmark-record-validator"; builtins_benchmark_record_valid'
+ jq --arg field operations_per_batch '.[$field] = []'
+ record_valid
+ jq -e -L /home/bl/misofm/engine-480-proof/scripts 'include "builtins-current-benchmark-record-validator"; builtins_benchmark_record_valid'
+ IFS=
+ read -r field
+ jq --arg field opt_level 'del(.[$field])'
+ record_valid
+ jq -e -L /home/bl/misofm/engine-480-proof/scripts 'include "builtins-current-benchmark-record-validator"; builtins_benchmark_record_valid'
+ jq --arg field opt_level '.[$field] = []'
+ record_valid
+ jq -e -L /home/bl/misofm/engine-480-proof/scripts 'include "builtins-current-benchmark-record-validator"; builtins_benchmark_record_valid'
+ IFS=
+ read -r field
+ jq --arg field os 'del(.[$field])'
+ record_valid
+ jq -e -L /home/bl/misofm/engine-480-proof/scripts 'include "builtins-current-benchmark-record-validator"; builtins_benchmark_record_valid'
+ jq --arg field os '.[$field] = []'
+ record_valid
+ jq -e -L /home/bl/misofm/engine-480-proof/scripts 'include "builtins-current-benchmark-record-validator"; builtins_benchmark_record_valid'
+ IFS=
+ read -r field
+ jq --arg field output_sha256 'del(.[$field])'
+ record_valid
+ jq -e -L /home/bl/misofm/engine-480-proof/scripts 'include "builtins-current-benchmark-record-validator"; builtins_benchmark_record_valid'
+ jq --arg field output_sha256 '.[$field] = []'
+ record_valid
+ jq -e -L /home/bl/misofm/engine-480-proof/scripts 'include "builtins-current-benchmark-record-validator"; builtins_benchmark_record_valid'
+ IFS=
+ read -r field
+ jq --arg field p50_ns 'del(.[$field])'
+ record_valid
+ jq -e -L /home/bl/misofm/engine-480-proof/scripts 'include "builtins-current-benchmark-record-validator"; builtins_benchmark_record_valid'
+ jq --arg field p50_ns '.[$field] = []'
+ record_valid
+ jq -e -L /home/bl/misofm/engine-480-proof/scripts 'include "builtins-current-benchmark-record-validator"; builtins_benchmark_record_valid'
+ IFS=
+ read -r field
+ jq --arg field p95_ns 'del(.[$field])'
+ record_valid
+ jq -e -L /home/bl/misofm/engine-480-proof/scripts 'include "builtins-current-benchmark-record-validator"; builtins_benchmark_record_valid'
+ jq --arg field p95_ns '.[$field] = []'
+ record_valid
+ jq -e -L /home/bl/misofm/engine-480-proof/scripts 'include "builtins-current-benchmark-record-validator"; builtins_benchmark_record_valid'
+ IFS=
+ read -r field
+ jq --arg field p99_9_ns 'del(.[$field])'
+ record_valid
+ jq -e -L /home/bl/misofm/engine-480-proof/scripts 'include "builtins-current-benchmark-record-validator"; builtins_benchmark_record_valid'
+ jq --arg field p99_9_ns '.[$field] = []'
+ record_valid
+ jq -e -L /home/bl/misofm/engine-480-proof/scripts 'include "builtins-current-benchmark-record-validator"; builtins_benchmark_record_valid'
+ IFS=
+ read -r field
+ jq --arg field p99_ns 'del(.[$field])'
+ record_valid
+ jq -e -L /home/bl/misofm/engine-480-proof/scripts 'include "builtins-current-benchmark-record-validator"; builtins_benchmark_record_valid'
+ jq --arg field p99_ns '.[$field] = []'
+ record_valid
+ jq -e -L /home/bl/misofm/engine-480-proof/scripts 'include "builtins-current-benchmark-record-validator"; builtins_benchmark_record_valid'
+ IFS=
+ read -r field
+ jq --arg field percentile_method 'del(.[$field])'
+ record_valid
+ jq -e -L /home/bl/misofm/engine-480-proof/scripts 'include "builtins-current-benchmark-record-validator"; builtins_benchmark_record_valid'
+ jq --arg field percentile_method '.[$field] = []'
+ record_valid
+ jq -e -L /home/bl/misofm/engine-480-proof/scripts 'include "builtins-current-benchmark-record-validator"; builtins_benchmark_record_valid'
+ IFS=
+ read -r field
+ jq --arg field physical_core_count 'del(.[$field])'
+ record_valid
+ jq -e -L /home/bl/misofm/engine-480-proof/scripts 'include "builtins-current-benchmark-record-validator"; builtins_benchmark_record_valid'
+ jq --arg field physical_core_count '.[$field] = []'
+ record_valid
+ jq -e -L /home/bl/misofm/engine-480-proof/scripts 'include "builtins-current-benchmark-record-validator"; builtins_benchmark_record_valid'
+ IFS=
+ read -r field
+ jq --arg field profile 'del(.[$field])'
+ record_valid
+ jq -e -L /home/bl/misofm/engine-480-proof/scripts 'include "builtins-current-benchmark-record-validator"; builtins_benchmark_record_valid'
+ jq --arg field profile '.[$field] = []'
+ record_valid
+ jq -e -L /home/bl/misofm/engine-480-proof/scripts 'include "builtins-current-benchmark-record-validator"; builtins_benchmark_record_valid'
+ IFS=
+ read -r field
+ jq --arg field quantum_frames 'del(.[$field])'
+ record_valid
+ jq -e -L /home/bl/misofm/engine-480-proof/scripts 'include "builtins-current-benchmark-record-validator"; builtins_benchmark_record_valid'
+ jq --arg field quantum_frames '.[$field] = []'
+ record_valid
+ jq -e -L /home/bl/misofm/engine-480-proof/scripts 'include "builtins-current-benchmark-record-validator"; builtins_benchmark_record_valid'
+ IFS=
+ read -r field
+ jq --arg field render_allocations 'del(.[$field])'
+ record_valid
+ jq -e -L /home/bl/misofm/engine-480-proof/scripts 'include "builtins-current-benchmark-record-validator"; builtins_benchmark_record_valid'
+ jq --arg field render_allocations '.[$field] = []'
+ record_valid
+ jq -e -L /home/bl/misofm/engine-480-proof/scripts 'include "builtins-current-benchmark-record-validator"; builtins_benchmark_record_valid'
+ IFS=
+ read -r field
+ jq --arg field render_deallocations 'del(.[$field])'
+ record_valid
+ jq -e -L /home/bl/misofm/engine-480-proof/scripts 'include "builtins-current-benchmark-record-validator"; builtins_benchmark_record_valid'
+ jq --arg field render_deallocations '.[$field] = []'
+ record_valid
+ jq -e -L /home/bl/misofm/engine-480-proof/scripts 'include "builtins-current-benchmark-record-validator"; builtins_benchmark_record_valid'
+ IFS=
+ read -r field
+ jq --arg field render_errors 'del(.[$field])'
+ record_valid
+ jq -e -L /home/bl/misofm/engine-480-proof/scripts 'include "builtins-current-benchmark-record-validator"; builtins_benchmark_record_valid'
+ jq --arg field render_errors '.[$field] = []'
+ record_valid
+ jq -e -L /home/bl/misofm/engine-480-proof/scripts 'include "builtins-current-benchmark-record-validator"; builtins_benchmark_record_valid'
+ IFS=
+ read -r field
+ jq --arg field render_feature_detection 'del(.[$field])'
+ record_valid
+ jq -e -L /home/bl/misofm/engine-480-proof/scripts 'include "builtins-current-benchmark-record-validator"; builtins_benchmark_record_valid'
+ jq --arg field render_feature_detection '.[$field] = []'
+ record_valid
+ jq -e -L /home/bl/misofm/engine-480-proof/scripts 'include "builtins-current-benchmark-record-validator"; builtins_benchmark_record_valid'
+ IFS=
+ read -r field
+ jq --arg field render_file_io 'del(.[$field])'
+ record_valid
+ jq -e -L /home/bl/misofm/engine-480-proof/scripts 'include "builtins-current-benchmark-record-validator"; builtins_benchmark_record_valid'
+ jq --arg field render_file_io '.[$field] = []'
+ record_valid
+ jq -e -L /home/bl/misofm/engine-480-proof/scripts 'include "builtins-current-benchmark-record-validator"; builtins_benchmark_record_valid'
+ IFS=
+ read -r field
+ jq --arg field render_locks 'del(.[$field])'
+ record_valid
+ jq -e -L /home/bl/misofm/engine-480-proof/scripts 'include "builtins-current-benchmark-record-validator"; builtins_benchmark_record_valid'
+ jq --arg field render_locks '.[$field] = []'
+ record_valid
+ jq -e -L /home/bl/misofm/engine-480-proof/scripts 'include "builtins-current-benchmark-record-validator"; builtins_benchmark_record_valid'
+ IFS=
+ read -r field
+ jq --arg field render_logs 'del(.[$field])'
+ record_valid
+ jq -e -L /home/bl/misofm/engine-480-proof/scripts 'include "builtins-current-benchmark-record-validator"; builtins_benchmark_record_valid'
+ jq --arg field render_logs '.[$field] = []'
+ record_valid
+ jq -e -L /home/bl/misofm/engine-480-proof/scripts 'include "builtins-current-benchmark-record-validator"; builtins_benchmark_record_valid'
+ IFS=
+ read -r field
+ jq --arg field render_network_io 'del(.[$field])'
+ record_valid
+ jq -e -L /home/bl/misofm/engine-480-proof/scripts 'include "builtins-current-benchmark-record-validator"; builtins_benchmark_record_valid'
+ jq --arg field render_network_io '.[$field] = []'
+ record_valid
+ jq -e -L /home/bl/misofm/engine-480-proof/scripts 'include "builtins-current-benchmark-record-validator"; builtins_benchmark_record_valid'
+ IFS=
+ read -r field
+ jq --arg field render_panic_unwind 'del(.[$field])'
+ record_valid
+ jq -e -L /home/bl/misofm/engine-480-proof/scripts 'include "builtins-current-benchmark-record-validator"; builtins_benchmark_record_valid'
+ jq --arg field render_panic_unwind '.[$field] = []'
+ record_valid
+ jq -e -L /home/bl/misofm/engine-480-proof/scripts 'include "builtins-current-benchmark-record-validator"; builtins_benchmark_record_valid'
+ IFS=
+ read -r field
+ jq --arg field render_scope 'del(.[$field])'
+ record_valid
+ jq -e -L /home/bl/misofm/engine-480-proof/scripts 'include "builtins-current-benchmark-record-validator"; builtins_benchmark_record_valid'
+ jq --arg field render_scope '.[$field] = []'
+ record_valid
+ jq -e -L /home/bl/misofm/engine-480-proof/scripts 'include "builtins-current-benchmark-record-validator"; builtins_benchmark_record_valid'
+ IFS=
+ read -r field
+ jq --arg field render_syscalls 'del(.[$field])'
+ record_valid
+ jq -e -L /home/bl/misofm/engine-480-proof/scripts 'include "builtins-current-benchmark-record-validator"; builtins_benchmark_record_valid'
+ jq --arg field render_syscalls '.[$field] = []'
+ record_valid
+ jq -e -L /home/bl/misofm/engine-480-proof/scripts 'include "builtins-current-benchmark-record-validator"; builtins_benchmark_record_valid'
+ IFS=
+ read -r field
+ jq --arg field render_total_forbidden_operations 'del(.[$field])'
+ record_valid
+ jq -e -L /home/bl/misofm/engine-480-proof/scripts 'include "builtins-current-benchmark-record-validator"; builtins_benchmark_record_valid'
+ jq --arg field render_total_forbidden_operations '.[$field] = []'
+ record_valid
+ jq -e -L /home/bl/misofm/engine-480-proof/scripts 'include "builtins-current-benchmark-record-validator"; builtins_benchmark_record_valid'
+ IFS=
+ read -r field
+ jq --arg field retained_payload_bytes 'del(.[$field])'
+ record_valid
+ jq -e -L /home/bl/misofm/engine-480-proof/scripts 'include "builtins-current-benchmark-record-validator"; builtins_benchmark_record_valid'
+ jq --arg field retained_payload_bytes '.[$field] = []'
+ record_valid
+ jq -e -L /home/bl/misofm/engine-480-proof/scripts 'include "builtins-current-benchmark-record-validator"; builtins_benchmark_record_valid'
+ IFS=
+ read -r field
+ jq --arg field round 'del(.[$field])'
+ record_valid
+ jq -e -L /home/bl/misofm/engine-480-proof/scripts 'include "builtins-current-benchmark-record-validator"; builtins_benchmark_record_valid'
+ jq --arg field round '.[$field] = []'
+ record_valid
+ jq -e -L /home/bl/misofm/engine-480-proof/scripts 'include "builtins-current-benchmark-record-validator"; builtins_benchmark_record_valid'
+ IFS=
+ read -r field
+ jq --arg field rust_version 'del(.[$field])'
+ record_valid
+ jq -e -L /home/bl/misofm/engine-480-proof/scripts 'include "builtins-current-benchmark-record-validator"; builtins_benchmark_record_valid'
+ jq --arg field rust_version '.[$field] = []'
+ record_valid
+ jq -e -L /home/bl/misofm/engine-480-proof/scripts 'include "builtins-current-benchmark-record-validator"; builtins_benchmark_record_valid'
+ IFS=
+ read -r field
+ jq --arg field sample_rate_hz 'del(.[$field])'
+ record_valid
+ jq -e -L /home/bl/misofm/engine-480-proof/scripts 'include "builtins-current-benchmark-record-validator"; builtins_benchmark_record_valid'
+ jq --arg field sample_rate_hz '.[$field] = []'
+ record_valid
+ jq -e -L /home/bl/misofm/engine-480-proof/scripts 'include "builtins-current-benchmark-record-validator"; builtins_benchmark_record_valid'
+ IFS=
+ read -r field
+ jq --arg field schema_version 'del(.[$field])'
+ record_valid
+ jq -e -L /home/bl/misofm/engine-480-proof/scripts 'include "builtins-current-benchmark-record-validator"; builtins_benchmark_record_valid'
+ jq --arg field schema_version '.[$field] = []'
+ record_valid
+ jq -e -L /home/bl/misofm/engine-480-proof/scripts 'include "builtins-current-benchmark-record-validator"; builtins_benchmark_record_valid'
+ IFS=
+ read -r field
+ jq --arg field target_features 'del(.[$field])'
+ record_valid
+ jq -e -L /home/bl/misofm/engine-480-proof/scripts 'include "builtins-current-benchmark-record-validator"; builtins_benchmark_record_valid'
+ jq --arg field target_features '.[$field] = []'
+ record_valid
+ jq -e -L /home/bl/misofm/engine-480-proof/scripts 'include "builtins-current-benchmark-record-validator"; builtins_benchmark_record_valid'
+ IFS=
+ read -r field
+ jq --arg field target_triple 'del(.[$field])'
+ record_valid
+ jq -e -L /home/bl/misofm/engine-480-proof/scripts 'include "builtins-current-benchmark-record-validator"; builtins_benchmark_record_valid'
+ jq --arg field target_triple '.[$field] = []'
+ record_valid
+ jq -e -L /home/bl/misofm/engine-480-proof/scripts 'include "builtins-current-benchmark-record-validator"; builtins_benchmark_record_valid'
+ IFS=
+ read -r field
+ jq --arg field total_operations 'del(.[$field])'
+ record_valid
+ jq -e -L /home/bl/misofm/engine-480-proof/scripts 'include "builtins-current-benchmark-record-validator"; builtins_benchmark_record_valid'
+ jq --arg field total_operations '.[$field] = []'
+ record_valid
+ jq -e -L /home/bl/misofm/engine-480-proof/scripts 'include "builtins-current-benchmark-record-validator"; builtins_benchmark_record_valid'
+ IFS=
+ read -r field
+ jq --arg field tracks 'del(.[$field])'
+ record_valid
+ jq -e -L /home/bl/misofm/engine-480-proof/scripts 'include "builtins-current-benchmark-record-validator"; builtins_benchmark_record_valid'
+ jq --arg field tracks '.[$field] = []'
+ record_valid
+ jq -e -L /home/bl/misofm/engine-480-proof/scripts 'include "builtins-current-benchmark-record-validator"; builtins_benchmark_record_valid'
+ IFS=
+ read -r field
+ jq --arg field units 'del(.[$field])'
+ record_valid
+ jq -e -L /home/bl/misofm/engine-480-proof/scripts 'include "builtins-current-benchmark-record-validator"; builtins_benchmark_record_valid'
+ jq --arg field units '.[$field] = []'
+ record_valid
+ jq -e -L /home/bl/misofm/engine-480-proof/scripts 'include "builtins-current-benchmark-record-validator"; builtins_benchmark_record_valid'
+ IFS=
+ read -r field
+ jq --arg field warmup_batches 'del(.[$field])'
+ record_valid
+ jq -e -L /home/bl/misofm/engine-480-proof/scripts 'include "builtins-current-benchmark-record-validator"; builtins_benchmark_record_valid'
+ jq --arg field warmup_batches '.[$field] = []'
+ record_valid
+ jq -e -L /home/bl/misofm/engine-480-proof/scripts 'include "builtins-current-benchmark-record-validator"; builtins_benchmark_record_valid'
+ IFS=
+ read -r field
+ jq --arg field workload_id 'del(.[$field])'
+ record_valid
+ jq -e -L /home/bl/misofm/engine-480-proof/scripts 'include "builtins-current-benchmark-record-validator"; builtins_benchmark_record_valid'
+ jq --arg field workload_id '.[$field] = []'
+ record_valid
+ jq -e -L /home/bl/misofm/engine-480-proof/scripts 'include "builtins-current-benchmark-record-validator"; builtins_benchmark_record_valid'
+ IFS=
+ read -r field
+ jq --arg field workload_kind 'del(.[$field])'
+ record_valid
+ jq -e -L /home/bl/misofm/engine-480-proof/scripts 'include "builtins-current-benchmark-record-validator"; builtins_benchmark_record_valid'
+ jq --arg field workload_kind '.[$field] = []'
+ record_valid
+ jq -e -L /home/bl/misofm/engine-480-proof/scripts 'include "builtins-current-benchmark-record-validator"; builtins_benchmark_record_valid'
+ IFS=
+ read -r field
+ jq '.unexpected = 0'
+ record_valid
+ jq -e -L /home/bl/misofm/engine-480-proof/scripts 'include "builtins-current-benchmark-record-validator"; builtins_benchmark_record_valid'
+ for mutation in '.issue = 7' '.workload_id = "issue035.identity_chain.48000hz.q128"' '.sample_rate_hz = 44100' '.round = 3' '.total_operations = 512' '.frames_per_operation = null' '.meter_queue_capacity = 1' '.p50_ns = 0' '.descriptive_only = false' '.candidate_commit = "bad"' '.binary_sha256 = "bad"' '.fixture_manifest_id = "fixtures/builtins/v1/benchmark/full_chain_filters-48000.toml"' '.fixture_manifest_sha256 = "dddddddddddddddddddddddddddddddddddddddddddddddddddddddddddddddd"' '.input_fixture_id = "fixtures/builtins/v1/MANIFEST.tsv"' '.input_fixture_sha256 = "aaaaaaaaaaaaaaaaaaaaaaaaaaaaaaaaaaaaaaaaaaaaaaaaaaaaaaaaaaaaaaaa"' '.output_sha256 = "bad"' '.render_errors = 1' '.render_feature_detection = 1' '.render_total_forbidden_operations = 1' '.cpu_model = "unknown"' '.logical_core_count = "1"' '.missing_metadata |= .[1:]'
+ reject_record_mutation '.issue = 7'
+ local 'mutation=.issue = 7'
+ jq '.issue = 7'
+ record_valid
+ jq -e -L /home/bl/misofm/engine-480-proof/scripts 'include "builtins-current-benchmark-record-validator"; builtins_benchmark_record_valid'
+ for mutation in '.issue = 7' '.workload_id = "issue035.identity_chain.48000hz.q128"' '.sample_rate_hz = 44100' '.round = 3' '.total_operations = 512' '.frames_per_operation = null' '.meter_queue_capacity = 1' '.p50_ns = 0' '.descriptive_only = false' '.candidate_commit = "bad"' '.binary_sha256 = "bad"' '.fixture_manifest_id = "fixtures/builtins/v1/benchmark/full_chain_filters-48000.toml"' '.fixture_manifest_sha256 = "dddddddddddddddddddddddddddddddddddddddddddddddddddddddddddddddd"' '.input_fixture_id = "fixtures/builtins/v1/MANIFEST.tsv"' '.input_fixture_sha256 = "aaaaaaaaaaaaaaaaaaaaaaaaaaaaaaaaaaaaaaaaaaaaaaaaaaaaaaaaaaaaaaaa"' '.output_sha256 = "bad"' '.render_errors = 1' '.render_feature_detection = 1' '.render_total_forbidden_operations = 1' '.cpu_model = "unknown"' '.logical_core_count = "1"' '.missing_metadata |= .[1:]'
+ reject_record_mutation '.workload_id = "issue035.identity_chain.48000hz.q128"'
+ local 'mutation=.workload_id = "issue035.identity_chain.48000hz.q128"'
+ jq '.workload_id = "issue035.identity_chain.48000hz.q128"'
+ record_valid
+ jq -e -L /home/bl/misofm/engine-480-proof/scripts 'include "builtins-current-benchmark-record-validator"; builtins_benchmark_record_valid'
+ for mutation in '.issue = 7' '.workload_id = "issue035.identity_chain.48000hz.q128"' '.sample_rate_hz = 44100' '.round = 3' '.total_operations = 512' '.frames_per_operation = null' '.meter_queue_capacity = 1' '.p50_ns = 0' '.descriptive_only = false' '.candidate_commit = "bad"' '.binary_sha256 = "bad"' '.fixture_manifest_id = "fixtures/builtins/v1/benchmark/full_chain_filters-48000.toml"' '.fixture_manifest_sha256 = "dddddddddddddddddddddddddddddddddddddddddddddddddddddddddddddddd"' '.input_fixture_id = "fixtures/builtins/v1/MANIFEST.tsv"' '.input_fixture_sha256 = "aaaaaaaaaaaaaaaaaaaaaaaaaaaaaaaaaaaaaaaaaaaaaaaaaaaaaaaaaaaaaaaa"' '.output_sha256 = "bad"' '.render_errors = 1' '.render_feature_detection = 1' '.render_total_forbidden_operations = 1' '.cpu_model = "unknown"' '.logical_core_count = "1"' '.missing_metadata |= .[1:]'
+ reject_record_mutation '.sample_rate_hz = 44100'
+ local 'mutation=.sample_rate_hz = 44100'
+ jq '.sample_rate_hz = 44100'
+ record_valid
+ jq -e -L /home/bl/misofm/engine-480-proof/scripts 'include "builtins-current-benchmark-record-validator"; builtins_benchmark_record_valid'
+ for mutation in '.issue = 7' '.workload_id = "issue035.identity_chain.48000hz.q128"' '.sample_rate_hz = 44100' '.round = 3' '.total_operations = 512' '.frames_per_operation = null' '.meter_queue_capacity = 1' '.p50_ns = 0' '.descriptive_only = false' '.candidate_commit = "bad"' '.binary_sha256 = "bad"' '.fixture_manifest_id = "fixtures/builtins/v1/benchmark/full_chain_filters-48000.toml"' '.fixture_manifest_sha256 = "dddddddddddddddddddddddddddddddddddddddddddddddddddddddddddddddd"' '.input_fixture_id = "fixtures/builtins/v1/MANIFEST.tsv"' '.input_fixture_sha256 = "aaaaaaaaaaaaaaaaaaaaaaaaaaaaaaaaaaaaaaaaaaaaaaaaaaaaaaaaaaaaaaaa"' '.output_sha256 = "bad"' '.render_errors = 1' '.render_feature_detection = 1' '.render_total_forbidden_operations = 1' '.cpu_model = "unknown"' '.logical_core_count = "1"' '.missing_metadata |= .[1:]'
+ reject_record_mutation '.round = 3'
+ local 'mutation=.round = 3'
+ jq '.round = 3'
+ record_valid
+ jq -e -L /home/bl/misofm/engine-480-proof/scripts 'include "builtins-current-benchmark-record-validator"; builtins_benchmark_record_valid'
+ for mutation in '.issue = 7' '.workload_id = "issue035.identity_chain.48000hz.q128"' '.sample_rate_hz = 44100' '.round = 3' '.total_operations = 512' '.frames_per_operation = null' '.meter_queue_capacity = 1' '.p50_ns = 0' '.descriptive_only = false' '.candidate_commit = "bad"' '.binary_sha256 = "bad"' '.fixture_manifest_id = "fixtures/builtins/v1/benchmark/full_chain_filters-48000.toml"' '.fixture_manifest_sha256 = "dddddddddddddddddddddddddddddddddddddddddddddddddddddddddddddddd"' '.input_fixture_id = "fixtures/builtins/v1/MANIFEST.tsv"' '.input_fixture_sha256 = "aaaaaaaaaaaaaaaaaaaaaaaaaaaaaaaaaaaaaaaaaaaaaaaaaaaaaaaaaaaaaaaa"' '.output_sha256 = "bad"' '.render_errors = 1' '.render_feature_detection = 1' '.render_total_forbidden_operations = 1' '.cpu_model = "unknown"' '.logical_core_count = "1"' '.missing_metadata |= .[1:]'
+ reject_record_mutation '.total_operations = 512'
+ local 'mutation=.total_operations = 512'
+ jq '.total_operations = 512'
+ record_valid
+ jq -e -L /home/bl/misofm/engine-480-proof/scripts 'include "builtins-current-benchmark-record-validator"; builtins_benchmark_record_valid'
+ for mutation in '.issue = 7' '.workload_id = "issue035.identity_chain.48000hz.q128"' '.sample_rate_hz = 44100' '.round = 3' '.total_operations = 512' '.frames_per_operation = null' '.meter_queue_capacity = 1' '.p50_ns = 0' '.descriptive_only = false' '.candidate_commit = "bad"' '.binary_sha256 = "bad"' '.fixture_manifest_id = "fixtures/builtins/v1/benchmark/full_chain_filters-48000.toml"' '.fixture_manifest_sha256 = "dddddddddddddddddddddddddddddddddddddddddddddddddddddddddddddddd"' '.input_fixture_id = "fixtures/builtins/v1/MANIFEST.tsv"' '.input_fixture_sha256 = "aaaaaaaaaaaaaaaaaaaaaaaaaaaaaaaaaaaaaaaaaaaaaaaaaaaaaaaaaaaaaaaa"' '.output_sha256 = "bad"' '.render_errors = 1' '.render_feature_detection = 1' '.render_total_forbidden_operations = 1' '.cpu_model = "unknown"' '.logical_core_count = "1"' '.missing_metadata |= .[1:]'
+ reject_record_mutation '.frames_per_operation = null'
+ local 'mutation=.frames_per_operation = null'
+ jq '.frames_per_operation = null'
+ record_valid
+ jq -e -L /home/bl/misofm/engine-480-proof/scripts 'include "builtins-current-benchmark-record-validator"; builtins_benchmark_record_valid'
+ for mutation in '.issue = 7' '.workload_id = "issue035.identity_chain.48000hz.q128"' '.sample_rate_hz = 44100' '.round = 3' '.total_operations = 512' '.frames_per_operation = null' '.meter_queue_capacity = 1' '.p50_ns = 0' '.descriptive_only = false' '.candidate_commit = "bad"' '.binary_sha256 = "bad"' '.fixture_manifest_id = "fixtures/builtins/v1/benchmark/full_chain_filters-48000.toml"' '.fixture_manifest_sha256 = "dddddddddddddddddddddddddddddddddddddddddddddddddddddddddddddddd"' '.input_fixture_id = "fixtures/builtins/v1/MANIFEST.tsv"' '.input_fixture_sha256 = "aaaaaaaaaaaaaaaaaaaaaaaaaaaaaaaaaaaaaaaaaaaaaaaaaaaaaaaaaaaaaaaa"' '.output_sha256 = "bad"' '.render_errors = 1' '.render_feature_detection = 1' '.render_total_forbidden_operations = 1' '.cpu_model = "unknown"' '.logical_core_count = "1"' '.missing_metadata |= .[1:]'
+ reject_record_mutation '.meter_queue_capacity = 1'
+ local 'mutation=.meter_queue_capacity = 1'
+ jq '.meter_queue_capacity = 1'
+ record_valid
+ jq -e -L /home/bl/misofm/engine-480-proof/scripts 'include "builtins-current-benchmark-record-validator"; builtins_benchmark_record_valid'
+ for mutation in '.issue = 7' '.workload_id = "issue035.identity_chain.48000hz.q128"' '.sample_rate_hz = 44100' '.round = 3' '.total_operations = 512' '.frames_per_operation = null' '.meter_queue_capacity = 1' '.p50_ns = 0' '.descriptive_only = false' '.candidate_commit = "bad"' '.binary_sha256 = "bad"' '.fixture_manifest_id = "fixtures/builtins/v1/benchmark/full_chain_filters-48000.toml"' '.fixture_manifest_sha256 = "dddddddddddddddddddddddddddddddddddddddddddddddddddddddddddddddd"' '.input_fixture_id = "fixtures/builtins/v1/MANIFEST.tsv"' '.input_fixture_sha256 = "aaaaaaaaaaaaaaaaaaaaaaaaaaaaaaaaaaaaaaaaaaaaaaaaaaaaaaaaaaaaaaaa"' '.output_sha256 = "bad"' '.render_errors = 1' '.render_feature_detection = 1' '.render_total_forbidden_operations = 1' '.cpu_model = "unknown"' '.logical_core_count = "1"' '.missing_metadata |= .[1:]'
+ reject_record_mutation '.p50_ns = 0'
+ local 'mutation=.p50_ns = 0'
+ jq '.p50_ns = 0'
+ record_valid
+ jq -e -L /home/bl/misofm/engine-480-proof/scripts 'include "builtins-current-benchmark-record-validator"; builtins_benchmark_record_valid'
+ for mutation in '.issue = 7' '.workload_id = "issue035.identity_chain.48000hz.q128"' '.sample_rate_hz = 44100' '.round = 3' '.total_operations = 512' '.frames_per_operation = null' '.meter_queue_capacity = 1' '.p50_ns = 0' '.descriptive_only = false' '.candidate_commit = "bad"' '.binary_sha256 = "bad"' '.fixture_manifest_id = "fixtures/builtins/v1/benchmark/full_chain_filters-48000.toml"' '.fixture_manifest_sha256 = "dddddddddddddddddddddddddddddddddddddddddddddddddddddddddddddddd"' '.input_fixture_id = "fixtures/builtins/v1/MANIFEST.tsv"' '.input_fixture_sha256 = "aaaaaaaaaaaaaaaaaaaaaaaaaaaaaaaaaaaaaaaaaaaaaaaaaaaaaaaaaaaaaaaa"' '.output_sha256 = "bad"' '.render_errors = 1' '.render_feature_detection = 1' '.render_total_forbidden_operations = 1' '.cpu_model = "unknown"' '.logical_core_count = "1"' '.missing_metadata |= .[1:]'
+ reject_record_mutation '.descriptive_only = false'
+ local 'mutation=.descriptive_only = false'
+ jq '.descriptive_only = false'
+ record_valid
+ jq -e -L /home/bl/misofm/engine-480-proof/scripts 'include "builtins-current-benchmark-record-validator"; builtins_benchmark_record_valid'
+ for mutation in '.issue = 7' '.workload_id = "issue035.identity_chain.48000hz.q128"' '.sample_rate_hz = 44100' '.round = 3' '.total_operations = 512' '.frames_per_operation = null' '.meter_queue_capacity = 1' '.p50_ns = 0' '.descriptive_only = false' '.candidate_commit = "bad"' '.binary_sha256 = "bad"' '.fixture_manifest_id = "fixtures/builtins/v1/benchmark/full_chain_filters-48000.toml"' '.fixture_manifest_sha256 = "dddddddddddddddddddddddddddddddddddddddddddddddddddddddddddddddd"' '.input_fixture_id = "fixtures/builtins/v1/MANIFEST.tsv"' '.input_fixture_sha256 = "aaaaaaaaaaaaaaaaaaaaaaaaaaaaaaaaaaaaaaaaaaaaaaaaaaaaaaaaaaaaaaaa"' '.output_sha256 = "bad"' '.render_errors = 1' '.render_feature_detection = 1' '.render_total_forbidden_operations = 1' '.cpu_model = "unknown"' '.logical_core_count = "1"' '.missing_metadata |= .[1:]'
+ reject_record_mutation '.candidate_commit = "bad"'
+ local 'mutation=.candidate_commit = "bad"'
+ jq '.candidate_commit = "bad"'
+ record_valid
+ jq -e -L /home/bl/misofm/engine-480-proof/scripts 'include "builtins-current-benchmark-record-validator"; builtins_benchmark_record_valid'
+ for mutation in '.issue = 7' '.workload_id = "issue035.identity_chain.48000hz.q128"' '.sample_rate_hz = 44100' '.round = 3' '.total_operations = 512' '.frames_per_operation = null' '.meter_queue_capacity = 1' '.p50_ns = 0' '.descriptive_only = false' '.candidate_commit = "bad"' '.binary_sha256 = "bad"' '.fixture_manifest_id = "fixtures/builtins/v1/benchmark/full_chain_filters-48000.toml"' '.fixture_manifest_sha256 = "dddddddddddddddddddddddddddddddddddddddddddddddddddddddddddddddd"' '.input_fixture_id = "fixtures/builtins/v1/MANIFEST.tsv"' '.input_fixture_sha256 = "aaaaaaaaaaaaaaaaaaaaaaaaaaaaaaaaaaaaaaaaaaaaaaaaaaaaaaaaaaaaaaaa"' '.output_sha256 = "bad"' '.render_errors = 1' '.render_feature_detection = 1' '.render_total_forbidden_operations = 1' '.cpu_model = "unknown"' '.logical_core_count = "1"' '.missing_metadata |= .[1:]'
+ reject_record_mutation '.binary_sha256 = "bad"'
+ local 'mutation=.binary_sha256 = "bad"'
+ jq '.binary_sha256 = "bad"'
+ record_valid
+ jq -e -L /home/bl/misofm/engine-480-proof/scripts 'include "builtins-current-benchmark-record-validator"; builtins_benchmark_record_valid'
+ for mutation in '.issue = 7' '.workload_id = "issue035.identity_chain.48000hz.q128"' '.sample_rate_hz = 44100' '.round = 3' '.total_operations = 512' '.frames_per_operation = null' '.meter_queue_capacity = 1' '.p50_ns = 0' '.descriptive_only = false' '.candidate_commit = "bad"' '.binary_sha256 = "bad"' '.fixture_manifest_id = "fixtures/builtins/v1/benchmark/full_chain_filters-48000.toml"' '.fixture_manifest_sha256 = "dddddddddddddddddddddddddddddddddddddddddddddddddddddddddddddddd"' '.input_fixture_id = "fixtures/builtins/v1/MANIFEST.tsv"' '.input_fixture_sha256 = "aaaaaaaaaaaaaaaaaaaaaaaaaaaaaaaaaaaaaaaaaaaaaaaaaaaaaaaaaaaaaaaa"' '.output_sha256 = "bad"' '.render_errors = 1' '.render_feature_detection = 1' '.render_total_forbidden_operations = 1' '.cpu_model = "unknown"' '.logical_core_count = "1"' '.missing_metadata |= .[1:]'
+ reject_record_mutation '.fixture_manifest_id = "fixtures/builtins/v1/benchmark/full_chain_filters-48000.toml"'
+ local 'mutation=.fixture_manifest_id = "fixtures/builtins/v1/benchmark/full_chain_filters-48000.toml"'
+ jq '.fixture_manifest_id = "fixtures/builtins/v1/benchmark/full_chain_filters-48000.toml"'
+ record_valid
+ jq -e -L /home/bl/misofm/engine-480-proof/scripts 'include "builtins-current-benchmark-record-validator"; builtins_benchmark_record_valid'
+ for mutation in '.issue = 7' '.workload_id = "issue035.identity_chain.48000hz.q128"' '.sample_rate_hz = 44100' '.round = 3' '.total_operations = 512' '.frames_per_operation = null' '.meter_queue_capacity = 1' '.p50_ns = 0' '.descriptive_only = false' '.candidate_commit = "bad"' '.binary_sha256 = "bad"' '.fixture_manifest_id = "fixtures/builtins/v1/benchmark/full_chain_filters-48000.toml"' '.fixture_manifest_sha256 = "dddddddddddddddddddddddddddddddddddddddddddddddddddddddddddddddd"' '.input_fixture_id = "fixtures/builtins/v1/MANIFEST.tsv"' '.input_fixture_sha256 = "aaaaaaaaaaaaaaaaaaaaaaaaaaaaaaaaaaaaaaaaaaaaaaaaaaaaaaaaaaaaaaaa"' '.output_sha256 = "bad"' '.render_errors = 1' '.render_feature_detection = 1' '.render_total_forbidden_operations = 1' '.cpu_model = "unknown"' '.logical_core_count = "1"' '.missing_metadata |= .[1:]'
+ reject_record_mutation '.fixture_manifest_sha256 = "dddddddddddddddddddddddddddddddddddddddddddddddddddddddddddddddd"'
+ local 'mutation=.fixture_manifest_sha256 = "dddddddddddddddddddddddddddddddddddddddddddddddddddddddddddddddd"'
+ jq '.fixture_manifest_sha256 = "dddddddddddddddddddddddddddddddddddddddddddddddddddddddddddddddd"'
+ record_valid
+ jq -e -L /home/bl/misofm/engine-480-proof/scripts 'include "builtins-current-benchmark-record-validator"; builtins_benchmark_record_valid'
+ for mutation in '.issue = 7' '.workload_id = "issue035.identity_chain.48000hz.q128"' '.sample_rate_hz = 44100' '.round = 3' '.total_operations = 512' '.frames_per_operation = null' '.meter_queue_capacity = 1' '.p50_ns = 0' '.descriptive_only = false' '.candidate_commit = "bad"' '.binary_sha256 = "bad"' '.fixture_manifest_id = "fixtures/builtins/v1/benchmark/full_chain_filters-48000.toml"' '.fixture_manifest_sha256 = "dddddddddddddddddddddddddddddddddddddddddddddddddddddddddddddddd"' '.input_fixture_id = "fixtures/builtins/v1/MANIFEST.tsv"' '.input_fixture_sha256 = "aaaaaaaaaaaaaaaaaaaaaaaaaaaaaaaaaaaaaaaaaaaaaaaaaaaaaaaaaaaaaaaa"' '.output_sha256 = "bad"' '.render_errors = 1' '.render_feature_detection = 1' '.render_total_forbidden_operations = 1' '.cpu_model = "unknown"' '.logical_core_count = "1"' '.missing_metadata |= .[1:]'
+ reject_record_mutation '.input_fixture_id = "fixtures/builtins/v1/MANIFEST.tsv"'
+ local 'mutation=.input_fixture_id = "fixtures/builtins/v1/MANIFEST.tsv"'
+ jq '.input_fixture_id = "fixtures/builtins/v1/MANIFEST.tsv"'
+ record_valid
+ jq -e -L /home/bl/misofm/engine-480-proof/scripts 'include "builtins-current-benchmark-record-validator"; builtins_benchmark_record_valid'
+ for mutation in '.issue = 7' '.workload_id = "issue035.identity_chain.48000hz.q128"' '.sample_rate_hz = 44100' '.round = 3' '.total_operations = 512' '.frames_per_operation = null' '.meter_queue_capacity = 1' '.p50_ns = 0' '.descriptive_only = false' '.candidate_commit = "bad"' '.binary_sha256 = "bad"' '.fixture_manifest_id = "fixtures/builtins/v1/benchmark/full_chain_filters-48000.toml"' '.fixture_manifest_sha256 = "dddddddddddddddddddddddddddddddddddddddddddddddddddddddddddddddd"' '.input_fixture_id = "fixtures/builtins/v1/MANIFEST.tsv"' '.input_fixture_sha256 = "aaaaaaaaaaaaaaaaaaaaaaaaaaaaaaaaaaaaaaaaaaaaaaaaaaaaaaaaaaaaaaaa"' '.output_sha256 = "bad"' '.render_errors = 1' '.render_feature_detection = 1' '.render_total_forbidden_operations = 1' '.cpu_model = "unknown"' '.logical_core_count = "1"' '.missing_metadata |= .[1:]'
+ reject_record_mutation '.input_fixture_sha256 = "aaaaaaaaaaaaaaaaaaaaaaaaaaaaaaaaaaaaaaaaaaaaaaaaaaaaaaaaaaaaaaaa"'
+ local 'mutation=.input_fixture_sha256 = "aaaaaaaaaaaaaaaaaaaaaaaaaaaaaaaaaaaaaaaaaaaaaaaaaaaaaaaaaaaaaaaa"'
+ jq '.input_fixture_sha256 = "aaaaaaaaaaaaaaaaaaaaaaaaaaaaaaaaaaaaaaaaaaaaaaaaaaaaaaaaaaaaaaaa"'
+ record_valid
+ jq -e -L /home/bl/misofm/engine-480-proof/scripts 'include "builtins-current-benchmark-record-validator"; builtins_benchmark_record_valid'
+ for mutation in '.issue = 7' '.workload_id = "issue035.identity_chain.48000hz.q128"' '.sample_rate_hz = 44100' '.round = 3' '.total_operations = 512' '.frames_per_operation = null' '.meter_queue_capacity = 1' '.p50_ns = 0' '.descriptive_only = false' '.candidate_commit = "bad"' '.binary_sha256 = "bad"' '.fixture_manifest_id = "fixtures/builtins/v1/benchmark/full_chain_filters-48000.toml"' '.fixture_manifest_sha256 = "dddddddddddddddddddddddddddddddddddddddddddddddddddddddddddddddd"' '.input_fixture_id = "fixtures/builtins/v1/MANIFEST.tsv"' '.input_fixture_sha256 = "aaaaaaaaaaaaaaaaaaaaaaaaaaaaaaaaaaaaaaaaaaaaaaaaaaaaaaaaaaaaaaaa"' '.output_sha256 = "bad"' '.render_errors = 1' '.render_feature_detection = 1' '.render_total_forbidden_operations = 1' '.cpu_model = "unknown"' '.logical_core_count = "1"' '.missing_metadata |= .[1:]'
+ reject_record_mutation '.output_sha256 = "bad"'
+ local 'mutation=.output_sha256 = "bad"'
+ jq '.output_sha256 = "bad"'
+ record_valid
+ jq -e -L /home/bl/misofm/engine-480-proof/scripts 'include "builtins-current-benchmark-record-validator"; builtins_benchmark_record_valid'
+ for mutation in '.issue = 7' '.workload_id = "issue035.identity_chain.48000hz.q128"' '.sample_rate_hz = 44100' '.round = 3' '.total_operations = 512' '.frames_per_operation = null' '.meter_queue_capacity = 1' '.p50_ns = 0' '.descriptive_only = false' '.candidate_commit = "bad"' '.binary_sha256 = "bad"' '.fixture_manifest_id = "fixtures/builtins/v1/benchmark/full_chain_filters-48000.toml"' '.fixture_manifest_sha256 = "dddddddddddddddddddddddddddddddddddddddddddddddddddddddddddddddd"' '.input_fixture_id = "fixtures/builtins/v1/MANIFEST.tsv"' '.input_fixture_sha256 = "aaaaaaaaaaaaaaaaaaaaaaaaaaaaaaaaaaaaaaaaaaaaaaaaaaaaaaaaaaaaaaaa"' '.output_sha256 = "bad"' '.render_errors = 1' '.render_feature_detection = 1' '.render_total_forbidden_operations = 1' '.cpu_model = "unknown"' '.logical_core_count = "1"' '.missing_metadata |= .[1:]'
+ reject_record_mutation '.render_errors = 1'
+ local 'mutation=.render_errors = 1'
+ jq '.render_errors = 1'
+ record_valid
+ jq -e -L /home/bl/misofm/engine-480-proof/scripts 'include "builtins-current-benchmark-record-validator"; builtins_benchmark_record_valid'
+ for mutation in '.issue = 7' '.workload_id = "issue035.identity_chain.48000hz.q128"' '.sample_rate_hz = 44100' '.round = 3' '.total_operations = 512' '.frames_per_operation = null' '.meter_queue_capacity = 1' '.p50_ns = 0' '.descriptive_only = false' '.candidate_commit = "bad"' '.binary_sha256 = "bad"' '.fixture_manifest_id = "fixtures/builtins/v1/benchmark/full_chain_filters-48000.toml"' '.fixture_manifest_sha256 = "dddddddddddddddddddddddddddddddddddddddddddddddddddddddddddddddd"' '.input_fixture_id = "fixtures/builtins/v1/MANIFEST.tsv"' '.input_fixture_sha256 = "aaaaaaaaaaaaaaaaaaaaaaaaaaaaaaaaaaaaaaaaaaaaaaaaaaaaaaaaaaaaaaaa"' '.output_sha256 = "bad"' '.render_errors = 1' '.render_feature_detection = 1' '.render_total_forbidden_operations = 1' '.cpu_model = "unknown"' '.logical_core_count = "1"' '.missing_metadata |= .[1:]'
+ reject_record_mutation '.render_feature_detection = 1'
+ local 'mutation=.render_feature_detection = 1'
+ jq '.render_feature_detection = 1'
+ record_valid
+ jq -e -L /home/bl/misofm/engine-480-proof/scripts 'include "builtins-current-benchmark-record-validator"; builtins_benchmark_record_valid'
+ for mutation in '.issue = 7' '.workload_id = "issue035.identity_chain.48000hz.q128"' '.sample_rate_hz = 44100' '.round = 3' '.total_operations = 512' '.frames_per_operation = null' '.meter_queue_capacity = 1' '.p50_ns = 0' '.descriptive_only = false' '.candidate_commit = "bad"' '.binary_sha256 = "bad"' '.fixture_manifest_id = "fixtures/builtins/v1/benchmark/full_chain_filters-48000.toml"' '.fixture_manifest_sha256 = "dddddddddddddddddddddddddddddddddddddddddddddddddddddddddddddddd"' '.input_fixture_id = "fixtures/builtins/v1/MANIFEST.tsv"' '.input_fixture_sha256 = "aaaaaaaaaaaaaaaaaaaaaaaaaaaaaaaaaaaaaaaaaaaaaaaaaaaaaaaaaaaaaaaa"' '.output_sha256 = "bad"' '.render_errors = 1' '.render_feature_detection = 1' '.render_total_forbidden_operations = 1' '.cpu_model = "unknown"' '.logical_core_count = "1"' '.missing_metadata |= .[1:]'
+ reject_record_mutation '.render_total_forbidden_operations = 1'
+ local 'mutation=.render_total_forbidden_operations = 1'
+ jq '.render_total_forbidden_operations = 1'
+ record_valid
+ jq -e -L /home/bl/misofm/engine-480-proof/scripts 'include "builtins-current-benchmark-record-validator"; builtins_benchmark_record_valid'
+ for mutation in '.issue = 7' '.workload_id = "issue035.identity_chain.48000hz.q128"' '.sample_rate_hz = 44100' '.round = 3' '.total_operations = 512' '.frames_per_operation = null' '.meter_queue_capacity = 1' '.p50_ns = 0' '.descriptive_only = false' '.candidate_commit = "bad"' '.binary_sha256 = "bad"' '.fixture_manifest_id = "fixtures/builtins/v1/benchmark/full_chain_filters-48000.toml"' '.fixture_manifest_sha256 = "dddddddddddddddddddddddddddddddddddddddddddddddddddddddddddddddd"' '.input_fixture_id = "fixtures/builtins/v1/MANIFEST.tsv"' '.input_fixture_sha256 = "aaaaaaaaaaaaaaaaaaaaaaaaaaaaaaaaaaaaaaaaaaaaaaaaaaaaaaaaaaaaaaaa"' '.output_sha256 = "bad"' '.render_errors = 1' '.render_feature_detection = 1' '.render_total_forbidden_operations = 1' '.cpu_model = "unknown"' '.logical_core_count = "1"' '.missing_metadata |= .[1:]'
+ reject_record_mutation '.cpu_model = "unknown"'
+ local 'mutation=.cpu_model = "unknown"'
+ jq '.cpu_model = "unknown"'
+ record_valid
+ jq -e -L /home/bl/misofm/engine-480-proof/scripts 'include "builtins-current-benchmark-record-validator"; builtins_benchmark_record_valid'
+ for mutation in '.issue = 7' '.workload_id = "issue035.identity_chain.48000hz.q128"' '.sample_rate_hz = 44100' '.round = 3' '.total_operations = 512' '.frames_per_operation = null' '.meter_queue_capacity = 1' '.p50_ns = 0' '.descriptive_only = false' '.candidate_commit = "bad"' '.binary_sha256 = "bad"' '.fixture_manifest_id = "fixtures/builtins/v1/benchmark/full_chain_filters-48000.toml"' '.fixture_manifest_sha256 = "dddddddddddddddddddddddddddddddddddddddddddddddddddddddddddddddd"' '.input_fixture_id = "fixtures/builtins/v1/MANIFEST.tsv"' '.input_fixture_sha256 = "aaaaaaaaaaaaaaaaaaaaaaaaaaaaaaaaaaaaaaaaaaaaaaaaaaaaaaaaaaaaaaaa"' '.output_sha256 = "bad"' '.render_errors = 1' '.render_feature_detection = 1' '.render_total_forbidden_operations = 1' '.cpu_model = "unknown"' '.logical_core_count = "1"' '.missing_metadata |= .[1:]'
+ reject_record_mutation '.logical_core_count = "1"'
+ local 'mutation=.logical_core_count = "1"'
+ jq '.logical_core_count = "1"'
+ record_valid
+ jq -e -L /home/bl/misofm/engine-480-proof/scripts 'include "builtins-current-benchmark-record-validator"; builtins_benchmark_record_valid'
+ for mutation in '.issue = 7' '.workload_id = "issue035.identity_chain.48000hz.q128"' '.sample_rate_hz = 44100' '.round = 3' '.total_operations = 512' '.frames_per_operation = null' '.meter_queue_capacity = 1' '.p50_ns = 0' '.descriptive_only = false' '.candidate_commit = "bad"' '.binary_sha256 = "bad"' '.fixture_manifest_id = "fixtures/builtins/v1/benchmark/full_chain_filters-48000.toml"' '.fixture_manifest_sha256 = "dddddddddddddddddddddddddddddddddddddddddddddddddddddddddddddddd"' '.input_fixture_id = "fixtures/builtins/v1/MANIFEST.tsv"' '.input_fixture_sha256 = "aaaaaaaaaaaaaaaaaaaaaaaaaaaaaaaaaaaaaaaaaaaaaaaaaaaaaaaaaaaaaaaa"' '.output_sha256 = "bad"' '.render_errors = 1' '.render_feature_detection = 1' '.render_total_forbidden_operations = 1' '.cpu_model = "unknown"' '.logical_core_count = "1"' '.missing_metadata |= .[1:]'
+ reject_record_mutation '.missing_metadata |= .[1:]'
+ local 'mutation=.missing_metadata |= .[1:]'
+ jq '.missing_metadata |= .[1:]'
+ record_valid
+ jq -e -L /home/bl/misofm/engine-480-proof/scripts 'include "builtins-current-benchmark-record-validator"; builtins_benchmark_record_valid'
++ jq '
  .workload_kind="prepare_256_tracks" |
  .workload_id="issue035.prepare_256_tracks.48000hz.q128" |
  .render_scope="not_applicable_preparation" |
  .warmup_batches=16 | .measured_batches=128 | .operations_per_batch=1 |
  .total_operations=128 | .frames_per_operation=null |
  .tracks=256 | .meter_observers=56 | .meter_queue_capacity=4 |
  .input_fixture_id="fixtures/builtins/v1/benchmark/prepare_256_tracks-48000.toml" |
  .input_fixture_sha256="a1dec8525c20505a9b440e6cf93fa6ffa1144896c889fa3abd94f76224f3e210" |
  .render_errors="not_applicable" | .render_allocations="not_applicable" |
  .render_deallocations="not_applicable" | .render_locks="not_applicable" |
  .render_logs="not_applicable" | .render_file_io="not_applicable" |
  .render_network_io="not_applicable" | .render_syscalls="not_applicable" |
  .render_feature_detection="not_applicable" | .render_panic_unwind="not_applicable" |
  .render_total_forbidden_operations="not_applicable"
'
+ preparation='{
  "schema_version": 1,
  "issue": 35,
  "workload_kind": "prepare_256_tracks",
  "workload_id": "issue035.prepare_256_tracks.48000hz.q128",
  "sample_rate_hz": 48000,
  "quantum_frames": 128,
  "round": 1,
  "render_scope": "not_applicable_preparation",
  "warmup_batches": 16,
  "measured_batches": 128,
  "operations_per_batch": 1,
  "total_operations": 128,
  "frames_per_operation": null,
  "tracks": 256,
  "meter_observers": 56,
  "meter_queue_capacity": 4,
  "retained_payload_bytes": 0,
  "percentile_method": "nearest_rank",
  "units": "ns_per_operation",
  "min_ns": 1,
  "p50_ns": 2,
  "p95_ns": 3,
  "p99_ns": 4,
  "p99_9_ns": 5,
  "max_ns": 6,
  "descriptive_only": true,
  "candidate_commit": "0123456789abcdef0123456789abcdef01234567",
  "binary_sha256": "bbbbbbbbbbbbbbbbbbbbbbbbbbbbbbbbbbbbbbbbbbbbbbbbbbbbbbbbbbbbbbbb",
  "fixture_manifest_id": "fixtures/builtins/v1/MANIFEST.tsv",
  "fixture_manifest_sha256": "b244da45d88d670951205098b7516af20387a141eccb3bf60edb61e8ba57a919",
  "input_fixture_id": "fixtures/builtins/v1/benchmark/prepare_256_tracks-48000.toml",
  "input_fixture_sha256": "a1dec8525c20505a9b440e6cf93fa6ffa1144896c889fa3abd94f76224f3e210",
  "output_sha256": "cccccccccccccccccccccccccccccccccccccccccccccccccccccccccccccccc",
  "render_errors": "not_applicable",
  "render_allocations": "not_applicable",
  "render_deallocations": "not_applicable",
  "render_locks": "not_applicable",
  "render_logs": "not_applicable",
  "render_file_io": "not_applicable",
  "render_network_io": "not_applicable",
  "render_syscalls": "not_applicable",
  "render_feature_detection": "not_applicable",
  "render_panic_unwind": "not_applicable",
  "render_total_forbidden_operations": "not_applicable",
  "cpu_model": null,
  "cpu_architecture": null,
  "logical_core_count": null,
  "physical_core_count": null,
  "os": null,
  "kernel": null,
  "governor_or_power_mode": null,
  "rust_version": null,
  "llvm_version": null,
  "target_triple": null,
  "target_features": null,
  "profile": null,
  "opt_level": null,
  "lto": null,
  "codegen_units": null,
  "background_load_note": null,
  "missing_metadata": [
    "background_load_note",
    "codegen_units",
    "cpu_architecture",
    "cpu_model",
    "governor_or_power_mode",
    "kernel",
    "llvm_version",
    "logical_core_count",
    "lto",
    "opt_level",
    "os",
    "physical_core_count",
    "profile",
    "rust_version",
    "target_features",
    "target_triple"
  ]
}'
+ record_valid
+ jq -e -L /home/bl/misofm/engine-480-proof/scripts 'include "builtins-current-benchmark-record-validator"; builtins_benchmark_record_valid'
+ jq .meter_observers=14
+ record_valid
+ jq -e -L /home/bl/misofm/engine-480-proof/scripts 'include "builtins-current-benchmark-record-validator"; builtins_benchmark_record_valid'
++ jq -cn -L /home/bl/misofm/engine-480-proof/scripts --argjson base '{"schema_version":1,"issue":35,"workload_kind":"full_chain_filters","workload_id":"issue035.full_chain_filters.48000hz.q128","sample_rate_hz":48000,"quantum_frames":128,"round":1,"render_scope":"render","warmup_batches":64,"measured_batches":512,"operations_per_batch":8,"total_operations":4096,"frames_per_operation":128,"tracks":1,"meter_observers":0,"meter_queue_capacity":null,"retained_payload_bytes":0,"percentile_method":"nearest_rank","units":"ns_per_operation","min_ns":1,"p50_ns":2,"p95_ns":3,"p99_ns":4,"p99_9_ns":5,"max_ns":6,"descriptive_only":true,"candidate_commit":"0123456789abcdef0123456789abcdef01234567","binary_sha256":"bbbbbbbbbbbbbbbbbbbbbbbbbbbbbbbbbbbbbbbbbbbbbbbbbbbbbbbbbbbbbbbb","fixture_manifest_id":"fixtures/builtins/v1/MANIFEST.tsv","fixture_manifest_sha256":"b244da45d88d670951205098b7516af20387a141eccb3bf60edb61e8ba57a919","input_fixture_id":"fixtures/builtins/v1/benchmark/full_chain_filters-48000.toml","input_fixture_sha256":"6a1633442678cfdecb2872deacd053e727c47f0bc94039a84b4e950949e195d0","output_sha256":"cccccccccccccccccccccccccccccccccccccccccccccccccccccccccccccccc","render_errors":0,"render_allocations":0,"render_deallocations":0,"render_locks":0,"render_logs":0,"render_file_io":0,"render_network_io":0,"render_syscalls":0,"render_feature_detection":0,"render_panic_unwind":0,"render_total_forbidden_operations":0,"cpu_model":null,"cpu_architecture":null,"logical_core_count":null,"physical_core_count":null,"os":null,"kernel":null,"governor_or_power_mode":null,"rust_version":null,"llvm_version":null,"target_triple":null,"target_features":null,"profile":null,"opt_level":null,"lto":null,"codegen_units":null,"background_load_note":null,"missing_metadata":["background_load_note","codegen_units","cpu_architecture","cpu_model","governor_or_power_mode","kernel","llvm_version","logical_core_count","lto","opt_level","os","physical_core_count","profile","rust_version","target_features","target_triple"]}' '
  include "builtins-current-benchmark-record-validator";
  ["full_chain_filters","identity_chain","matrix_ramp","meter_success_full","prepare_256_tracks"] as $kinds |
  [48000,96000] as $rates | [1,2] as $rounds |
  [$kinds[] as $kind | $rates[] as $rate | $rounds[] as $round |
    $base |
    .workload_kind=$kind |
    .workload_id=("issue035." + $kind + "." + ($rate | tostring) + "hz.q128") |
    .sample_rate_hz=$rate | .round=$round |
    .input_fixture_id=("fixtures/builtins/v1/benchmark/" + $kind + "-" + ($rate | tostring) + ".toml") |
    .input_fixture_sha256=({workload_kind:$kind,sample_rate_hz:$rate} | frozen_input_sha256) |
    if $kind == "prepare_256_tracks" then
      .render_scope="not_applicable_preparation" |
      .warmup_batches=16 | .measured_batches=128 | .operations_per_batch=1 |
      .total_operations=128 | .frames_per_operation=null | .tracks=256 |
      .meter_observers=56 | .meter_queue_capacity=4 |
      .render_errors="not_applicable" | .render_allocations="not_applicable" |
      .render_deallocations="not_applicable" | .render_locks="not_applicable" |
      .render_logs="not_applicable" | .render_file_io="not_applicable" |
      .render_network_io="not_applicable" | .render_syscalls="not_applicable" |
      .render_feature_detection="not_applicable" | .render_panic_unwind="not_applicable" |
      .render_total_forbidden_operations="not_applicable"
    elif $kind == "meter_success_full" then
      .meter_observers=14 | .meter_queue_capacity=1
    else
      .meter_observers=0 | .meter_queue_capacity=null
    end
  ]'
+ records='[{"schema_version":1,"issue":35,"workload_kind":"full_chain_filters","workload_id":"issue035.full_chain_filters.48000hz.q128","sample_rate_hz":48000,"quantum_frames":128,"round":1,"render_scope":"render","warmup_batches":64,"measured_batches":512,"operations_per_batch":8,"total_operations":4096,"frames_per_operation":128,"tracks":1,"meter_observers":0,"meter_queue_capacity":null,"retained_payload_bytes":0,"percentile_method":"nearest_rank","units":"ns_per_operation","min_ns":1,"p50_ns":2,"p95_ns":3,"p99_ns":4,"p99_9_ns":5,"max_ns":6,"descriptive_only":true,"candidate_commit":"0123456789abcdef0123456789abcdef01234567","binary_sha256":"bbbbbbbbbbbbbbbbbbbbbbbbbbbbbbbbbbbbbbbbbbbbbbbbbbbbbbbbbbbbbbbb","fixture_manifest_id":"fixtures/builtins/v1/MANIFEST.tsv","fixture_manifest_sha256":"b244da45d88d670951205098b7516af20387a141eccb3bf60edb61e8ba57a919","input_fixture_id":"fixtures/builtins/v1/benchmark/full_chain_filters-48000.toml","input_fixture_sha256":"6a1633442678cfdecb2872deacd053e727c47f0bc94039a84b4e950949e195d0","output_sha256":"cccccccccccccccccccccccccccccccccccccccccccccccccccccccccccccccc","render_errors":0,"render_allocations":0,"render_deallocations":0,"render_locks":0,"render_logs":0,"render_file_io":0,"render_network_io":0,"render_syscalls":0,"render_feature_detection":0,"render_panic_unwind":0,"render_total_forbidden_operations":0,"cpu_model":null,"cpu_architecture":null,"logical_core_count":null,"physical_core_count":null,"os":null,"kernel":null,"governor_or_power_mode":null,"rust_version":null,"llvm_version":null,"target_triple":null,"target_features":null,"profile":null,"opt_level":null,"lto":null,"codegen_units":null,"background_load_note":null,"missing_metadata":["background_load_note","codegen_units","cpu_architecture","cpu_model","governor_or_power_mode","kernel","llvm_version","logical_core_count","lto","opt_level","os","physical_core_count","profile","rust_version","target_features","target_triple"]},{"schema_version":1,"issue":35,"workload_kind":"full_chain_filters","workload_id":"issue035.full_chain_filters.48000hz.q128","sample_rate_hz":48000,"quantum_frames":128,"round":2,"render_scope":"render","warmup_batches":64,"measured_batches":512,"operations_per_batch":8,"total_operations":4096,"frames_per_operation":128,"tracks":1,"meter_observers":0,"meter_queue_capacity":null,"retained_payload_bytes":0,"percentile_method":"nearest_rank","units":"ns_per_operation","min_ns":1,"p50_ns":2,"p95_ns":3,"p99_ns":4,"p99_9_ns":5,"max_ns":6,"descriptive_only":true,"candidate_commit":"0123456789abcdef0123456789abcdef01234567","binary_sha256":"bbbbbbbbbbbbbbbbbbbbbbbbbbbbbbbbbbbbbbbbbbbbbbbbbbbbbbbbbbbbbbbb","fixture_manifest_id":"fixtures/builtins/v1/MANIFEST.tsv","fixture_manifest_sha256":"b244da45d88d670951205098b7516af20387a141eccb3bf60edb61e8ba57a919","input_fixture_id":"fixtures/builtins/v1/benchmark/full_chain_filters-48000.toml","input_fixture_sha256":"6a1633442678cfdecb2872deacd053e727c47f0bc94039a84b4e950949e195d0","output_sha256":"cccccccccccccccccccccccccccccccccccccccccccccccccccccccccccccccc","render_errors":0,"render_allocations":0,"render_deallocations":0,"render_locks":0,"render_logs":0,"render_file_io":0,"render_network_io":0,"render_syscalls":0,"render_feature_detection":0,"render_panic_unwind":0,"render_total_forbidden_operations":0,"cpu_model":null,"cpu_architecture":null,"logical_core_count":null,"physical_core_count":null,"os":null,"kernel":null,"governor_or_power_mode":null,"rust_version":null,"llvm_version":null,"target_triple":null,"target_features":null,"profile":null,"opt_level":null,"lto":null,"codegen_units":null,"background_load_note":null,"missing_metadata":["background_load_note","codegen_units","cpu_architecture","cpu_model","governor_or_power_mode","kernel","llvm_version","logical_core_count","lto","opt_level","os","physical_core_count","profile","rust_version","target_features","target_triple"]},{"schema_version":1,"issue":35,"workload_kind":"full_chain_filters","workload_id":"issue035.full_chain_filters.96000hz.q128","sample_rate_hz":96000,"quantum_frames":128,"round":1,"render_scope":"render","warmup_batches":64,"measured_batches":512,"operations_per_batch":8,"total_operations":4096,"frames_per_operation":128,"tracks":1,"meter_observers":0,"meter_queue_capacity":null,"retained_payload_bytes":0,"percentile_method":"nearest_rank","units":"ns_per_operation","min_ns":1,"p50_ns":2,"p95_ns":3,"p99_ns":4,"p99_9_ns":5,"max_ns":6,"descriptive_only":true,"candidate_commit":"0123456789abcdef0123456789abcdef01234567","binary_sha256":"bbbbbbbbbbbbbbbbbbbbbbbbbbbbbbbbbbbbbbbbbbbbbbbbbbbbbbbbbbbbbbbb","fixture_manifest_id":"fixtures/builtins/v1/MANIFEST.tsv","fixture_manifest_sha256":"b244da45d88d670951205098b7516af20387a141eccb3bf60edb61e8ba57a919","input_fixture_id":"fixtures/builtins/v1/benchmark/full_chain_filters-96000.toml","input_fixture_sha256":"ac9e825b5051a161ca731b04bd9b9b825bad6484c3a3f911551051e316224fa0","output_sha256":"cccccccccccccccccccccccccccccccccccccccccccccccccccccccccccccccc","render_errors":0,"render_allocations":0,"render_deallocations":0,"render_locks":0,"render_logs":0,"render_file_io":0,"render_network_io":0,"render_syscalls":0,"render_feature_detection":0,"render_panic_unwind":0,"render_total_forbidden_operations":0,"cpu_model":null,"cpu_architecture":null,"logical_core_count":null,"physical_core_count":null,"os":null,"kernel":null,"governor_or_power_mode":null,"rust_version":null,"llvm_version":null,"target_triple":null,"target_features":null,"profile":null,"opt_level":null,"lto":null,"codegen_units":null,"background_load_note":null,"missing_metadata":["background_load_note","codegen_units","cpu_architecture","cpu_model","governor_or_power_mode","kernel","llvm_version","logical_core_count","lto","opt_level","os","physical_core_count","profile","rust_version","target_features","target_triple"]},{"schema_version":1,"issue":35,"workload_kind":"full_chain_filters","workload_id":"issue035.full_chain_filters.96000hz.q128","sample_rate_hz":96000,"quantum_frames":128,"round":2,"render_scope":"render","warmup_batches":64,"measured_batches":512,"operations_per_batch":8,"total_operations":4096,"frames_per_operation":128,"tracks":1,"meter_observers":0,"meter_queue_capacity":null,"retained_payload_bytes":0,"percentile_method":"nearest_rank","units":"ns_per_operation","min_ns":1,"p50_ns":2,"p95_ns":3,"p99_ns":4,"p99_9_ns":5,"max_ns":6,"descriptive_only":true,"candidate_commit":"0123456789abcdef0123456789abcdef01234567","binary_sha256":"bbbbbbbbbbbbbbbbbbbbbbbbbbbbbbbbbbbbbbbbbbbbbbbbbbbbbbbbbbbbbbbb","fixture_manifest_id":"fixtures/builtins/v1/MANIFEST.tsv","fixture_manifest_sha256":"b244da45d88d670951205098b7516af20387a141eccb3bf60edb61e8ba57a919","input_fixture_id":"fixtures/builtins/v1/benchmark/full_chain_filters-96000.toml","input_fixture_sha256":"ac9e825b5051a161ca731b04bd9b9b825bad6484c3a3f911551051e316224fa0","output_sha256":"cccccccccccccccccccccccccccccccccccccccccccccccccccccccccccccccc","render_errors":0,"render_allocations":0,"render_deallocations":0,"render_locks":0,"render_logs":0,"render_file_io":0,"render_network_io":0,"render_syscalls":0,"render_feature_detection":0,"render_panic_unwind":0,"render_total_forbidden_operations":0,"cpu_model":null,"cpu_architecture":null,"logical_core_count":null,"physical_core_count":null,"os":null,"kernel":null,"governor_or_power_mode":null,"rust_version":null,"llvm_version":null,"target_triple":null,"target_features":null,"profile":null,"opt_level":null,"lto":null,"codegen_units":null,"background_load_note":null,"missing_metadata":["background_load_note","codegen_units","cpu_architecture","cpu_model","governor_or_power_mode","kernel","llvm_version","logical_core_count","lto","opt_level","os","physical_core_count","profile","rust_version","target_features","target_triple"]},{"schema_version":1,"issue":35,"workload_kind":"identity_chain","workload_id":"issue035.identity_chain.48000hz.q128","sample_rate_hz":48000,"quantum_frames":128,"round":1,"render_scope":"render","warmup_batches":64,"measured_batches":512,"operations_per_batch":8,"total_operations":4096,"frames_per_operation":128,"tracks":1,"meter_observers":0,"meter_queue_capacity":null,"retained_payload_bytes":0,"percentile_method":"nearest_rank","units":"ns_per_operation","min_ns":1,"p50_ns":2,"p95_ns":3,"p99_ns":4,"p99_9_ns":5,"max_ns":6,"descriptive_only":true,"candidate_commit":"0123456789abcdef0123456789abcdef01234567","binary_sha256":"bbbbbbbbbbbbbbbbbbbbbbbbbbbbbbbbbbbbbbbbbbbbbbbbbbbbbbbbbbbbbbbb","fixture_manifest_id":"fixtures/builtins/v1/MANIFEST.tsv","fixture_manifest_sha256":"b244da45d88d670951205098b7516af20387a141eccb3bf60edb61e8ba57a919","input_fixture_id":"fixtures/builtins/v1/benchmark/identity_chain-48000.toml","input_fixture_sha256":"15dfc8b6d918d01a5d6e46417e37a10023d31a85391e8fb2371af0cdc055dd95","output_sha256":"cccccccccccccccccccccccccccccccccccccccccccccccccccccccccccccccc","render_errors":0,"render_allocations":0,"render_deallocations":0,"render_locks":0,"render_logs":0,"render_file_io":0,"render_network_io":0,"render_syscalls":0,"render_feature_detection":0,"render_panic_unwind":0,"render_total_forbidden_operations":0,"cpu_model":null,"cpu_architecture":null,"logical_core_count":null,"physical_core_count":null,"os":null,"kernel":null,"governor_or_power_mode":null,"rust_version":null,"llvm_version":null,"target_triple":null,"target_features":null,"profile":null,"opt_level":null,"lto":null,"codegen_units":null,"background_load_note":null,"missing_metadata":["background_load_note","codegen_units","cpu_architecture","cpu_model","governor_or_power_mode","kernel","llvm_version","logical_core_count","lto","opt_level","os","physical_core_count","profile","rust_version","target_features","target_triple"]},{"schema_version":1,"issue":35,"workload_kind":"identity_chain","workload_id":"issue035.identity_chain.48000hz.q128","sample_rate_hz":48000,"quantum_frames":128,"round":2,"render_scope":"render","warmup_batches":64,"measured_batches":512,"operations_per_batch":8,"total_operations":4096,"frames_per_operation":128,"tracks":1,"meter_observers":0,"meter_queue_capacity":null,"retained_payload_bytes":0,"percentile_method":"nearest_rank","units":"ns_per_operation","min_ns":1,"p50_ns":2,"p95_ns":3,"p99_ns":4,"p99_9_ns":5,"max_ns":6,"descriptive_only":true,"candidate_commit":"0123456789abcdef0123456789abcdef01234567","binary_sha256":"bbbbbbbbbbbbbbbbbbbbbbbbbbbbbbbbbbbbbbbbbbbbbbbbbbbbbbbbbbbbbbbb","fixture_manifest_id":"fixtures/builtins/v1/MANIFEST.tsv","fixture_manifest_sha256":"b244da45d88d670951205098b7516af20387a141eccb3bf60edb61e8ba57a919","input_fixture_id":"fixtures/builtins/v1/benchmark/identity_chain-48000.toml","input_fixture_sha256":"15dfc8b6d918d01a5d6e46417e37a10023d31a85391e8fb2371af0cdc055dd95","output_sha256":"cccccccccccccccccccccccccccccccccccccccccccccccccccccccccccccccc","render_errors":0,"render_allocations":0,"render_deallocations":0,"render_locks":0,"render_logs":0,"render_file_io":0,"render_network_io":0,"render_syscalls":0,"render_feature_detection":0,"render_panic_unwind":0,"render_total_forbidden_operations":0,"cpu_model":null,"cpu_architecture":null,"logical_core_count":null,"physical_core_count":null,"os":null,"kernel":null,"governor_or_power_mode":null,"rust_version":null,"llvm_version":null,"target_triple":null,"target_features":null,"profile":null,"opt_level":null,"lto":null,"codegen_units":null,"background_load_note":null,"missing_metadata":["background_load_note","codegen_units","cpu_architecture","cpu_model","governor_or_power_mode","kernel","llvm_version","logical_core_count","lto","opt_level","os","physical_core_count","profile","rust_version","target_features","target_triple"]},{"schema_version":1,"issue":35,"workload_kind":"identity_chain","workload_id":"issue035.identity_chain.96000hz.q128","sample_rate_hz":96000,"quantum_frames":128,"round":1,"render_scope":"render","warmup_batches":64,"measured_batches":512,"operations_per_batch":8,"total_operations":4096,"frames_per_operation":128,"tracks":1,"meter_observers":0,"meter_queue_capacity":null,"retained_payload_bytes":0,"percentile_method":"nearest_rank","units":"ns_per_operation","min_ns":1,"p50_ns":2,"p95_ns":3,"p99_ns":4,"p99_9_ns":5,"max_ns":6,"descriptive_only":true,"candidate_commit":"0123456789abcdef0123456789abcdef01234567","binary_sha256":"bbbbbbbbbbbbbbbbbbbbbbbbbbbbbbbbbbbbbbbbbbbbbbbbbbbbbbbbbbbbbbbb","fixture_manifest_id":"fixtures/builtins/v1/MANIFEST.tsv","fixture_manifest_sha256":"b244da45d88d670951205098b7516af20387a141eccb3bf60edb61e8ba57a919","input_fixture_id":"fixtures/builtins/v1/benchmark/identity_chain-96000.toml","input_fixture_sha256":"962bc24d4104cb5a30e3a5aa158a5ca1075cae01f08433d2c7cbe8c1271cd99a","output_sha256":"cccccccccccccccccccccccccccccccccccccccccccccccccccccccccccccccc","render_errors":0,"render_allocations":0,"render_deallocations":0,"render_locks":0,"render_logs":0,"render_file_io":0,"render_network_io":0,"render_syscalls":0,"render_feature_detection":0,"render_panic_unwind":0,"render_total_forbidden_operations":0,"cpu_model":null,"cpu_architecture":null,"logical_core_count":null,"physical_core_count":null,"os":null,"kernel":null,"governor_or_power_mode":null,"rust_version":null,"llvm_version":null,"target_triple":null,"target_features":null,"profile":null,"opt_level":null,"lto":null,"codegen_units":null,"background_load_note":null,"missing_metadata":["background_load_note","codegen_units","cpu_architecture","cpu_model","governor_or_power_mode","kernel","llvm_version","logical_core_count","lto","opt_level","os","physical_core_count","profile","rust_version","target_features","target_triple"]},{"schema_version":1,"issue":35,"workload_kind":"identity_chain","workload_id":"issue035.identity_chain.96000hz.q128","sample_rate_hz":96000,"quantum_frames":128,"round":2,"render_scope":"render","warmup_batches":64,"measured_batches":512,"operations_per_batch":8,"total_operations":4096,"frames_per_operation":128,"tracks":1,"meter_observers":0,"meter_queue_capacity":null,"retained_payload_bytes":0,"percentile_method":"nearest_rank","units":"ns_per_operation","min_ns":1,"p50_ns":2,"p95_ns":3,"p99_ns":4,"p99_9_ns":5,"max_ns":6,"descriptive_only":true,"candidate_commit":"0123456789abcdef0123456789abcdef01234567","binary_sha256":"bbbbbbbbbbbbbbbbbbbbbbbbbbbbbbbbbbbbbbbbbbbbbbbbbbbbbbbbbbbbbbbb","fixture_manifest_id":"fixtures/builtins/v1/MANIFEST.tsv","fixture_manifest_sha256":"b244da45d88d670951205098b7516af20387a141eccb3bf60edb61e8ba57a919","input_fixture_id":"fixtures/builtins/v1/benchmark/identity_chain-96000.toml","input_fixture_sha256":"962bc24d4104cb5a30e3a5aa158a5ca1075cae01f08433d2c7cbe8c1271cd99a","output_sha256":"cccccccccccccccccccccccccccccccccccccccccccccccccccccccccccccccc","render_errors":0,"render_allocations":0,"render_deallocations":0,"render_locks":0,"render_logs":0,"render_file_io":0,"render_network_io":0,"render_syscalls":0,"render_feature_detection":0,"render_panic_unwind":0,"render_total_forbidden_operations":0,"cpu_model":null,"cpu_architecture":null,"logical_core_count":null,"physical_core_count":null,"os":null,"kernel":null,"governor_or_power_mode":null,"rust_version":null,"llvm_version":null,"target_triple":null,"target_features":null,"profile":null,"opt_level":null,"lto":null,"codegen_units":null,"background_load_note":null,"missing_metadata":["background_load_note","codegen_units","cpu_architecture","cpu_model","governor_or_power_mode","kernel","llvm_version","logical_core_count","lto","opt_level","os","physical_core_count","profile","rust_version","target_features","target_triple"]},{"schema_version":1,"issue":35,"workload_kind":"matrix_ramp","workload_id":"issue035.matrix_ramp.48000hz.q128","sample_rate_hz":48000,"quantum_frames":128,"round":1,"render_scope":"render","warmup_batches":64,"measured_batches":512,"operations_per_batch":8,"total_operations":4096,"frames_per_operation":128,"tracks":1,"meter_observers":0,"meter_queue_capacity":null,"retained_payload_bytes":0,"percentile_method":"nearest_rank","units":"ns_per_operation","min_ns":1,"p50_ns":2,"p95_ns":3,"p99_ns":4,"p99_9_ns":5,"max_ns":6,"descriptive_only":true,"candidate_commit":"0123456789abcdef0123456789abcdef01234567","binary_sha256":"bbbbbbbbbbbbbbbbbbbbbbbbbbbbbbbbbbbbbbbbbbbbbbbbbbbbbbbbbbbbbbbb","fixture_manifest_id":"fixtures/builtins/v1/MANIFEST.tsv","fixture_manifest_sha256":"b244da45d88d670951205098b7516af20387a141eccb3bf60edb61e8ba57a919","input_fixture_id":"fixtures/builtins/v1/benchmark/matrix_ramp-48000.toml","input_fixture_sha256":"f0d94928bed16804a26befde5eaabd3a8c233afa194a5cdcb259141af78c831b","output_sha256":"cccccccccccccccccccccccccccccccccccccccccccccccccccccccccccccccc","render_errors":0,"render_allocations":0,"render_deallocations":0,"render_locks":0,"render_logs":0,"render_file_io":0,"render_network_io":0,"render_syscalls":0,"render_feature_detection":0,"render_panic_unwind":0,"render_total_forbidden_operations":0,"cpu_model":null,"cpu_architecture":null,"logical_core_count":null,"physical_core_count":null,"os":null,"kernel":null,"governor_or_power_mode":null,"rust_version":null,"llvm_version":null,"target_triple":null,"target_features":null,"profile":null,"opt_level":null,"lto":null,"codegen_units":null,"background_load_note":null,"missing_metadata":["background_load_note","codegen_units","cpu_architecture","cpu_model","governor_or_power_mode","kernel","llvm_version","logical_core_count","lto","opt_level","os","physical_core_count","profile","rust_version","target_features","target_triple"]},{"schema_version":1,"issue":35,"workload_kind":"matrix_ramp","workload_id":"issue035.matrix_ramp.48000hz.q128","sample_rate_hz":48000,"quantum_frames":128,"round":2,"render_scope":"render","warmup_batches":64,"measured_batches":512,"operations_per_batch":8,"total_operations":4096,"frames_per_operation":128,"tracks":1,"meter_observers":0,"meter_queue_capacity":null,"retained_payload_bytes":0,"percentile_method":"nearest_rank","units":"ns_per_operation","min_ns":1,"p50_ns":2,"p95_ns":3,"p99_ns":4,"p99_9_ns":5,"max_ns":6,"descriptive_only":true,"candidate_commit":"0123456789abcdef0123456789abcdef01234567","binary_sha256":"bbbbbbbbbbbbbbbbbbbbbbbbbbbbbbbbbbbbbbbbbbbbbbbbbbbbbbbbbbbbbbbb","fixture_manifest_id":"fixtures/builtins/v1/MANIFEST.tsv","fixture_manifest_sha256":"b244da45d88d670951205098b7516af20387a141eccb3bf60edb61e8ba57a919","input_fixture_id":"fixtures/builtins/v1/benchmark/matrix_ramp-48000.toml","input_fixture_sha256":"f0d94928bed16804a26befde5eaabd3a8c233afa194a5cdcb259141af78c831b","output_sha256":"cccccccccccccccccccccccccccccccccccccccccccccccccccccccccccccccc","render_errors":0,"render_allocations":0,"render_deallocations":0,"render_locks":0,"render_logs":0,"render_file_io":0,"render_network_io":0,"render_syscalls":0,"render_feature_detection":0,"render_panic_unwind":0,"render_total_forbidden_operations":0,"cpu_model":null,"cpu_architecture":null,"logical_core_count":null,"physical_core_count":null,"os":null,"kernel":null,"governor_or_power_mode":null,"rust_version":null,"llvm_version":null,"target_triple":null,"target_features":null,"profile":null,"opt_level":null,"lto":null,"codegen_units":null,"background_load_note":null,"missing_metadata":["background_load_note","codegen_units","cpu_architecture","cpu_model","governor_or_power_mode","kernel","llvm_version","logical_core_count","lto","opt_level","os","physical_core_count","profile","rust_version","target_features","target_triple"]},{"schema_version":1,"issue":35,"workload_kind":"matrix_ramp","workload_id":"issue035.matrix_ramp.96000hz.q128","sample_rate_hz":96000,"quantum_frames":128,"round":1,"render_scope":"render","warmup_batches":64,"measured_batches":512,"operations_per_batch":8,"total_operations":4096,"frames_per_operation":128,"tracks":1,"meter_observers":0,"meter_queue_capacity":null,"retained_payload_bytes":0,"percentile_method":"nearest_rank","units":"ns_per_operation","min_ns":1,"p50_ns":2,"p95_ns":3,"p99_ns":4,"p99_9_ns":5,"max_ns":6,"descriptive_only":true,"candidate_commit":"0123456789abcdef0123456789abcdef01234567","binary_sha256":"bbbbbbbbbbbbbbbbbbbbbbbbbbbbbbbbbbbbbbbbbbbbbbbbbbbbbbbbbbbbbbbb","fixture_manifest_id":"fixtures/builtins/v1/MANIFEST.tsv","fixture_manifest_sha256":"b244da45d88d670951205098b7516af20387a141eccb3bf60edb61e8ba57a919","input_fixture_id":"fixtures/builtins/v1/benchmark/matrix_ramp-96000.toml","input_fixture_sha256":"ef5bf8c4e954c1e497eea997bffeb85fabad69ac6966f2798bd34ce2fa5ced6f","output_sha256":"cccccccccccccccccccccccccccccccccccccccccccccccccccccccccccccccc","render_errors":0,"render_allocations":0,"render_deallocations":0,"render_locks":0,"render_logs":0,"render_file_io":0,"render_network_io":0,"render_syscalls":0,"render_feature_detection":0,"render_panic_unwind":0,"render_total_forbidden_operations":0,"cpu_model":null,"cpu_architecture":null,"logical_core_count":null,"physical_core_count":null,"os":null,"kernel":null,"governor_or_power_mode":null,"rust_version":null,"llvm_version":null,"target_triple":null,"target_features":null,"profile":null,"opt_level":null,"lto":null,"codegen_units":null,"background_load_note":null,"missing_metadata":["background_load_note","codegen_units","cpu_architecture","cpu_model","governor_or_power_mode","kernel","llvm_version","logical_core_count","lto","opt_level","os","physical_core_count","profile","rust_version","target_features","target_triple"]},{"schema_version":1,"issue":35,"workload_kind":"matrix_ramp","workload_id":"issue035.matrix_ramp.96000hz.q128","sample_rate_hz":96000,"quantum_frames":128,"round":2,"render_scope":"render","warmup_batches":64,"measured_batches":512,"operations_per_batch":8,"total_operations":4096,"frames_per_operation":128,"tracks":1,"meter_observers":0,"meter_queue_capacity":null,"retained_payload_bytes":0,"percentile_method":"nearest_rank","units":"ns_per_operation","min_ns":1,"p50_ns":2,"p95_ns":3,"p99_ns":4,"p99_9_ns":5,"max_ns":6,"descriptive_only":true,"candidate_commit":"0123456789abcdef0123456789abcdef01234567","binary_sha256":"bbbbbbbbbbbbbbbbbbbbbbbbbbbbbbbbbbbbbbbbbbbbbbbbbbbbbbbbbbbbbbbb","fixture_manifest_id":"fixtures/builtins/v1/MANIFEST.tsv","fixture_manifest_sha256":"b244da45d88d670951205098b7516af20387a141eccb3bf60edb61e8ba57a919","input_fixture_id":"fixtures/builtins/v1/benchmark/matrix_ramp-96000.toml","input_fixture_sha256":"ef5bf8c4e954c1e497eea997bffeb85fabad69ac6966f2798bd34ce2fa5ced6f","output_sha256":"cccccccccccccccccccccccccccccccccccccccccccccccccccccccccccccccc","render_errors":0,"render_allocations":0,"render_deallocations":0,"render_locks":0,"render_logs":0,"render_file_io":0,"render_network_io":0,"render_syscalls":0,"render_feature_detection":0,"render_panic_unwind":0,"render_total_forbidden_operations":0,"cpu_model":null,"cpu_architecture":null,"logical_core_count":null,"physical_core_count":null,"os":null,"kernel":null,"governor_or_power_mode":null,"rust_version":null,"llvm_version":null,"target_triple":null,"target_features":null,"profile":null,"opt_level":null,"lto":null,"codegen_units":null,"background_load_note":null,"missing_metadata":["background_load_note","codegen_units","cpu_architecture","cpu_model","governor_or_power_mode","kernel","llvm_version","logical_core_count","lto","opt_level","os","physical_core_count","profile","rust_version","target_features","target_triple"]},{"schema_version":1,"issue":35,"workload_kind":"meter_success_full","workload_id":"issue035.meter_success_full.48000hz.q128","sample_rate_hz":48000,"quantum_frames":128,"round":1,"render_scope":"render","warmup_batches":64,"measured_batches":512,"operations_per_batch":8,"total_operations":4096,"frames_per_operation":128,"tracks":1,"meter_observers":14,"meter_queue_capacity":1,"retained_payload_bytes":0,"percentile_method":"nearest_rank","units":"ns_per_operation","min_ns":1,"p50_ns":2,"p95_ns":3,"p99_ns":4,"p99_9_ns":5,"max_ns":6,"descriptive_only":true,"candidate_commit":"0123456789abcdef0123456789abcdef01234567","binary_sha256":"bbbbbbbbbbbbbbbbbbbbbbbbbbbbbbbbbbbbbbbbbbbbbbbbbbbbbbbbbbbbbbbb","fixture_manifest_id":"fixtures/builtins/v1/MANIFEST.tsv","fixture_manifest_sha256":"b244da45d88d670951205098b7516af20387a141eccb3bf60edb61e8ba57a919","input_fixture_id":"fixtures/builtins/v1/benchmark/meter_success_full-48000.toml","input_fixture_sha256":"ded3579ee8ffbf79d920648a33a7e2f35fa9c9b386e98ef469d583830ef992de","output_sha256":"cccccccccccccccccccccccccccccccccccccccccccccccccccccccccccccccc","render_errors":0,"render_allocations":0,"render_deallocations":0,"render_locks":0,"render_logs":0,"render_file_io":0,"render_network_io":0,"render_syscalls":0,"render_feature_detection":0,"render_panic_unwind":0,"render_total_forbidden_operations":0,"cpu_model":null,"cpu_architecture":null,"logical_core_count":null,"physical_core_count":null,"os":null,"kernel":null,"governor_or_power_mode":null,"rust_version":null,"llvm_version":null,"target_triple":null,"target_features":null,"profile":null,"opt_level":null,"lto":null,"codegen_units":null,"background_load_note":null,"missing_metadata":["background_load_note","codegen_units","cpu_architecture","cpu_model","governor_or_power_mode","kernel","llvm_version","logical_core_count","lto","opt_level","os","physical_core_count","profile","rust_version","target_features","target_triple"]},{"schema_version":1,"issue":35,"workload_kind":"meter_success_full","workload_id":"issue035.meter_success_full.48000hz.q128","sample_rate_hz":48000,"quantum_frames":128,"round":2,"render_scope":"render","warmup_batches":64,"measured_batches":512,"operations_per_batch":8,"total_operations":4096,"frames_per_operation":128,"tracks":1,"meter_observers":14,"meter_queue_capacity":1,"retained_payload_bytes":0,"percentile_method":"nearest_rank","units":"ns_per_operation","min_ns":1,"p50_ns":2,"p95_ns":3,"p99_ns":4,"p99_9_ns":5,"max_ns":6,"descriptive_only":true,"candidate_commit":"0123456789abcdef0123456789abcdef01234567","binary_sha256":"bbbbbbbbbbbbbbbbbbbbbbbbbbbbbbbbbbbbbbbbbbbbbbbbbbbbbbbbbbbbbbbb","fixture_manifest_id":"fixtures/builtins/v1/MANIFEST.tsv","fixture_manifest_sha256":"b244da45d88d670951205098b7516af20387a141eccb3bf60edb61e8ba57a919","input_fixture_id":"fixtures/builtins/v1/benchmark/meter_success_full-48000.toml","input_fixture_sha256":"ded3579ee8ffbf79d920648a33a7e2f35fa9c9b386e98ef469d583830ef992de","output_sha256":"cccccccccccccccccccccccccccccccccccccccccccccccccccccccccccccccc","render_errors":0,"render_allocations":0,"render_deallocations":0,"render_locks":0,"render_logs":0,"render_file_io":0,"render_network_io":0,"render_syscalls":0,"render_feature_detection":0,"render_panic_unwind":0,"render_total_forbidden_operations":0,"cpu_model":null,"cpu_architecture":null,"logical_core_count":null,"physical_core_count":null,"os":null,"kernel":null,"governor_or_power_mode":null,"rust_version":null,"llvm_version":null,"target_triple":null,"target_features":null,"profile":null,"opt_level":null,"lto":null,"codegen_units":null,"background_load_note":null,"missing_metadata":["background_load_note","codegen_units","cpu_architecture","cpu_model","governor_or_power_mode","kernel","llvm_version","logical_core_count","lto","opt_level","os","physical_core_count","profile","rust_version","target_features","target_triple"]},{"schema_version":1,"issue":35,"workload_kind":"meter_success_full","workload_id":"issue035.meter_success_full.96000hz.q128","sample_rate_hz":96000,"quantum_frames":128,"round":1,"render_scope":"render","warmup_batches":64,"measured_batches":512,"operations_per_batch":8,"total_operations":4096,"frames_per_operation":128,"tracks":1,"meter_observers":14,"meter_queue_capacity":1,"retained_payload_bytes":0,"percentile_method":"nearest_rank","units":"ns_per_operation","min_ns":1,"p50_ns":2,"p95_ns":3,"p99_ns":4,"p99_9_ns":5,"max_ns":6,"descriptive_only":true,"candidate_commit":"0123456789abcdef0123456789abcdef01234567","binary_sha256":"bbbbbbbbbbbbbbbbbbbbbbbbbbbbbbbbbbbbbbbbbbbbbbbbbbbbbbbbbbbbbbbb","fixture_manifest_id":"fixtures/builtins/v1/MANIFEST.tsv","fixture_manifest_sha256":"b244da45d88d670951205098b7516af20387a141eccb3bf60edb61e8ba57a919","input_fixture_id":"fixtures/builtins/v1/benchmark/meter_success_full-96000.toml","input_fixture_sha256":"aa1c4d8835753ce290d7abcf1cbf3ffdb98b79a58f0ec6cd0cce6614f5befef9","output_sha256":"cccccccccccccccccccccccccccccccccccccccccccccccccccccccccccccccc","render_errors":0,"render_allocations":0,"render_deallocations":0,"render_locks":0,"render_logs":0,"render_file_io":0,"render_network_io":0,"render_syscalls":0,"render_feature_detection":0,"render_panic_unwind":0,"render_total_forbidden_operations":0,"cpu_model":null,"cpu_architecture":null,"logical_core_count":null,"physical_core_count":null,"os":null,"kernel":null,"governor_or_power_mode":null,"rust_version":null,"llvm_version":null,"target_triple":null,"target_features":null,"profile":null,"opt_level":null,"lto":null,"codegen_units":null,"background_load_note":null,"missing_metadata":["background_load_note","codegen_units","cpu_architecture","cpu_model","governor_or_power_mode","kernel","llvm_version","logical_core_count","lto","opt_level","os","physical_core_count","profile","rust_version","target_features","target_triple"]},{"schema_version":1,"issue":35,"workload_kind":"meter_success_full","workload_id":"issue035.meter_success_full.96000hz.q128","sample_rate_hz":96000,"quantum_frames":128,"round":2,"render_scope":"render","warmup_batches":64,"measured_batches":512,"operations_per_batch":8,"total_operations":4096,"frames_per_operation":128,"tracks":1,"meter_observers":14,"meter_queue_capacity":1,"retained_payload_bytes":0,"percentile_method":"nearest_rank","units":"ns_per_operation","min_ns":1,"p50_ns":2,"p95_ns":3,"p99_ns":4,"p99_9_ns":5,"max_ns":6,"descriptive_only":true,"candidate_commit":"0123456789abcdef0123456789abcdef01234567","binary_sha256":"bbbbbbbbbbbbbbbbbbbbbbbbbbbbbbbbbbbbbbbbbbbbbbbbbbbbbbbbbbbbbbbb","fixture_manifest_id":"fixtures/builtins/v1/MANIFEST.tsv","fixture_manifest_sha256":"b244da45d88d670951205098b7516af20387a141eccb3bf60edb61e8ba57a919","input_fixture_id":"fixtures/builtins/v1/benchmark/meter_success_full-96000.toml","input_fixture_sha256":"aa1c4d8835753ce290d7abcf1cbf3ffdb98b79a58f0ec6cd0cce6614f5befef9","output_sha256":"cccccccccccccccccccccccccccccccccccccccccccccccccccccccccccccccc","render_errors":0,"render_allocations":0,"render_deallocations":0,"render_locks":0,"render_logs":0,"render_file_io":0,"render_network_io":0,"render_syscalls":0,"render_feature_detection":0,"render_panic_unwind":0,"render_total_forbidden_operations":0,"cpu_model":null,"cpu_architecture":null,"logical_core_count":null,"physical_core_count":null,"os":null,"kernel":null,"governor_or_power_mode":null,"rust_version":null,"llvm_version":null,"target_triple":null,"target_features":null,"profile":null,"opt_level":null,"lto":null,"codegen_units":null,"background_load_note":null,"missing_metadata":["background_load_note","codegen_units","cpu_architecture","cpu_model","governor_or_power_mode","kernel","llvm_version","logical_core_count","lto","opt_level","os","physical_core_count","profile","rust_version","target_features","target_triple"]},{"schema_version":1,"issue":35,"workload_kind":"prepare_256_tracks","workload_id":"issue035.prepare_256_tracks.48000hz.q128","sample_rate_hz":48000,"quantum_frames":128,"round":1,"render_scope":"not_applicable_preparation","warmup_batches":16,"measured_batches":128,"operations_per_batch":1,"total_operations":128,"frames_per_operation":null,"tracks":256,"meter_observers":56,"meter_queue_capacity":4,"retained_payload_bytes":0,"percentile_method":"nearest_rank","units":"ns_per_operation","min_ns":1,"p50_ns":2,"p95_ns":3,"p99_ns":4,"p99_9_ns":5,"max_ns":6,"descriptive_only":true,"candidate_commit":"0123456789abcdef0123456789abcdef01234567","binary_sha256":"bbbbbbbbbbbbbbbbbbbbbbbbbbbbbbbbbbbbbbbbbbbbbbbbbbbbbbbbbbbbbbbb","fixture_manifest_id":"fixtures/builtins/v1/MANIFEST.tsv","fixture_manifest_sha256":"b244da45d88d670951205098b7516af20387a141eccb3bf60edb61e8ba57a919","input_fixture_id":"fixtures/builtins/v1/benchmark/prepare_256_tracks-48000.toml","input_fixture_sha256":"a1dec8525c20505a9b440e6cf93fa6ffa1144896c889fa3abd94f76224f3e210","output_sha256":"cccccccccccccccccccccccccccccccccccccccccccccccccccccccccccccccc","render_errors":"not_applicable","render_allocations":"not_applicable","render_deallocations":"not_applicable","render_locks":"not_applicable","render_logs":"not_applicable","render_file_io":"not_applicable","render_network_io":"not_applicable","render_syscalls":"not_applicable","render_feature_detection":"not_applicable","render_panic_unwind":"not_applicable","render_total_forbidden_operations":"not_applicable","cpu_model":null,"cpu_architecture":null,"logical_core_count":null,"physical_core_count":null,"os":null,"kernel":null,"governor_or_power_mode":null,"rust_version":null,"llvm_version":null,"target_triple":null,"target_features":null,"profile":null,"opt_level":null,"lto":null,"codegen_units":null,"background_load_note":null,"missing_metadata":["background_load_note","codegen_units","cpu_architecture","cpu_model","governor_or_power_mode","kernel","llvm_version","logical_core_count","lto","opt_level","os","physical_core_count","profile","rust_version","target_features","target_triple"]},{"schema_version":1,"issue":35,"workload_kind":"prepare_256_tracks","workload_id":"issue035.prepare_256_tracks.48000hz.q128","sample_rate_hz":48000,"quantum_frames":128,"round":2,"render_scope":"not_applicable_preparation","warmup_batches":16,"measured_batches":128,"operations_per_batch":1,"total_operations":128,"frames_per_operation":null,"tracks":256,"meter_observers":56,"meter_queue_capacity":4,"retained_payload_bytes":0,"percentile_method":"nearest_rank","units":"ns_per_operation","min_ns":1,"p50_ns":2,"p95_ns":3,"p99_ns":4,"p99_9_ns":5,"max_ns":6,"descriptive_only":true,"candidate_commit":"0123456789abcdef0123456789abcdef01234567","binary_sha256":"bbbbbbbbbbbbbbbbbbbbbbbbbbbbbbbbbbbbbbbbbbbbbbbbbbbbbbbbbbbbbbbb","fixture_manifest_id":"fixtures/builtins/v1/MANIFEST.tsv","fixture_manifest_sha256":"b244da45d88d670951205098b7516af20387a141eccb3bf60edb61e8ba57a919","input_fixture_id":"fixtures/builtins/v1/benchmark/prepare_256_tracks-48000.toml","input_fixture_sha256":"a1dec8525c20505a9b440e6cf93fa6ffa1144896c889fa3abd94f76224f3e210","output_sha256":"cccccccccccccccccccccccccccccccccccccccccccccccccccccccccccccccc","render_errors":"not_applicable","render_allocations":"not_applicable","render_deallocations":"not_applicable","render_locks":"not_applicable","render_logs":"not_applicable","render_file_io":"not_applicable","render_network_io":"not_applicable","render_syscalls":"not_applicable","render_feature_detection":"not_applicable","render_panic_unwind":"not_applicable","render_total_forbidden_operations":"not_applicable","cpu_model":null,"cpu_architecture":null,"logical_core_count":null,"physical_core_count":null,"os":null,"kernel":null,"governor_or_power_mode":null,"rust_version":null,"llvm_version":null,"target_triple":null,"target_features":null,"profile":null,"opt_level":null,"lto":null,"codegen_units":null,"background_load_note":null,"missing_metadata":["background_load_note","codegen_units","cpu_architecture","cpu_model","governor_or_power_mode","kernel","llvm_version","logical_core_count","lto","opt_level","os","physical_core_count","profile","rust_version","target_features","target_triple"]},{"schema_version":1,"issue":35,"workload_kind":"prepare_256_tracks","workload_id":"issue035.prepare_256_tracks.96000hz.q128","sample_rate_hz":96000,"quantum_frames":128,"round":1,"render_scope":"not_applicable_preparation","warmup_batches":16,"measured_batches":128,"operations_per_batch":1,"total_operations":128,"frames_per_operation":null,"tracks":256,"meter_observers":56,"meter_queue_capacity":4,"retained_payload_bytes":0,"percentile_method":"nearest_rank","units":"ns_per_operation","min_ns":1,"p50_ns":2,"p95_ns":3,"p99_ns":4,"p99_9_ns":5,"max_ns":6,"descriptive_only":true,"candidate_commit":"0123456789abcdef0123456789abcdef01234567","binary_sha256":"bbbbbbbbbbbbbbbbbbbbbbbbbbbbbbbbbbbbbbbbbbbbbbbbbbbbbbbbbbbbbbbb","fixture_manifest_id":"fixtures/builtins/v1/MANIFEST.tsv","fixture_manifest_sha256":"b244da45d88d670951205098b7516af20387a141eccb3bf60edb61e8ba57a919","input_fixture_id":"fixtures/builtins/v1/benchmark/prepare_256_tracks-96000.toml","input_fixture_sha256":"880faace46cfa2e9f454d625e54206aa752a9947292057a6b58f64224ea13f30","output_sha256":"cccccccccccccccccccccccccccccccccccccccccccccccccccccccccccccccc","render_errors":"not_applicable","render_allocations":"not_applicable","render_deallocations":"not_applicable","render_locks":"not_applicable","render_logs":"not_applicable","render_file_io":"not_applicable","render_network_io":"not_applicable","render_syscalls":"not_applicable","render_feature_detection":"not_applicable","render_panic_unwind":"not_applicable","render_total_forbidden_operations":"not_applicable","cpu_model":null,"cpu_architecture":null,"logical_core_count":null,"physical_core_count":null,"os":null,"kernel":null,"governor_or_power_mode":null,"rust_version":null,"llvm_version":null,"target_triple":null,"target_features":null,"profile":null,"opt_level":null,"lto":null,"codegen_units":null,"background_load_note":null,"missing_metadata":["background_load_note","codegen_units","cpu_architecture","cpu_model","governor_or_power_mode","kernel","llvm_version","logical_core_count","lto","opt_level","os","physical_core_count","profile","rust_version","target_features","target_triple"]},{"schema_version":1,"issue":35,"workload_kind":"prepare_256_tracks","workload_id":"issue035.prepare_256_tracks.96000hz.q128","sample_rate_hz":96000,"quantum_frames":128,"round":2,"render_scope":"not_applicable_preparation","warmup_batches":16,"measured_batches":128,"operations_per_batch":1,"total_operations":128,"frames_per_operation":null,"tracks":256,"meter_observers":56,"meter_queue_capacity":4,"retained_payload_bytes":0,"percentile_method":"nearest_rank","units":"ns_per_operation","min_ns":1,"p50_ns":2,"p95_ns":3,"p99_ns":4,"p99_9_ns":5,"max_ns":6,"descriptive_only":true,"candidate_commit":"0123456789abcdef0123456789abcdef01234567","binary_sha256":"bbbbbbbbbbbbbbbbbbbbbbbbbbbbbbbbbbbbbbbbbbbbbbbbbbbbbbbbbbbbbbbb","fixture_manifest_id":"fixtures/builtins/v1/MANIFEST.tsv","fixture_manifest_sha256":"b244da45d88d670951205098b7516af20387a141eccb3bf60edb61e8ba57a919","input_fixture_id":"fixtures/builtins/v1/benchmark/prepare_256_tracks-96000.toml","input_fixture_sha256":"880faace46cfa2e9f454d625e54206aa752a9947292057a6b58f64224ea13f30","output_sha256":"cccccccccccccccccccccccccccccccccccccccccccccccccccccccccccccccc","render_errors":"not_applicable","render_allocations":"not_applicable","render_deallocations":"not_applicable","render_locks":"not_applicable","render_logs":"not_applicable","render_file_io":"not_applicable","render_network_io":"not_applicable","render_syscalls":"not_applicable","render_feature_detection":"not_applicable","render_panic_unwind":"not_applicable","render_total_forbidden_operations":"not_applicable","cpu_model":null,"cpu_architecture":null,"logical_core_count":null,"physical_core_count":null,"os":null,"kernel":null,"governor_or_power_mode":null,"rust_version":null,"llvm_version":null,"target_triple":null,"target_features":null,"profile":null,"opt_level":null,"lto":null,"codegen_units":null,"background_load_note":null,"missing_metadata":["background_load_note","codegen_units","cpu_architecture","cpu_model","governor_or_power_mode","kernel","llvm_version","logical_core_count","lto","opt_level","os","physical_core_count","profile","rust_version","target_features","target_triple"]}]'
+ aggregate_valid
+ jq -e -L /home/bl/misofm/engine-480-proof/scripts -f /home/bl/misofm/engine-480-proof/scripts/builtins-current-benchmark-validator.jq
+ for mutation in 'del(.[0])' '.[20] = .[0]' '.[1].round = 1' '.[1].candidate_commit = "1111111111111111111111111111111111111111"' '.[1].binary_sha256 = "eeeeeeeeeeeeeeeeeeeeeeeeeeeeeeeeeeeeeeeeeeeeeeeeeeeeeeeeeeeeeeee"' '.[1].fixture_manifest_sha256 = "eeeeeeeeeeeeeeeeeeeeeeeeeeeeeeeeeeeeeeeeeeeeeeeeeeeeeeeeeeeeeeee"' '.[1].input_fixture_sha256 = "eeeeeeeeeeeeeeeeeeeeeeeeeeeeeeeeeeeeeeeeeeeeeeeeeeeeeeeeeeeeeeee"' '.[1].output_sha256 = "eeeeeeeeeeeeeeeeeeeeeeeeeeeeeeeeeeeeeeeeeeeeeeeeeeeeeeeeeeeeeeee"'
+ reject_aggregate_mutation 'del(.[0])'
+ local 'mutation=del(.[0])'
+ jq 'del(.[0])'
+ aggregate_valid
+ jq -e -L /home/bl/misofm/engine-480-proof/scripts -f /home/bl/misofm/engine-480-proof/scripts/builtins-current-benchmark-validator.jq
+ for mutation in 'del(.[0])' '.[20] = .[0]' '.[1].round = 1' '.[1].candidate_commit = "1111111111111111111111111111111111111111"' '.[1].binary_sha256 = "eeeeeeeeeeeeeeeeeeeeeeeeeeeeeeeeeeeeeeeeeeeeeeeeeeeeeeeeeeeeeeee"' '.[1].fixture_manifest_sha256 = "eeeeeeeeeeeeeeeeeeeeeeeeeeeeeeeeeeeeeeeeeeeeeeeeeeeeeeeeeeeeeeee"' '.[1].input_fixture_sha256 = "eeeeeeeeeeeeeeeeeeeeeeeeeeeeeeeeeeeeeeeeeeeeeeeeeeeeeeeeeeeeeeee"' '.[1].output_sha256 = "eeeeeeeeeeeeeeeeeeeeeeeeeeeeeeeeeeeeeeeeeeeeeeeeeeeeeeeeeeeeeeee"'
+ reject_aggregate_mutation '.[20] = .[0]'
+ local 'mutation=.[20] = .[0]'
+ jq '.[20] = .[0]'
+ aggregate_valid
+ jq -e -L /home/bl/misofm/engine-480-proof/scripts -f /home/bl/misofm/engine-480-proof/scripts/builtins-current-benchmark-validator.jq
+ for mutation in 'del(.[0])' '.[20] = .[0]' '.[1].round = 1' '.[1].candidate_commit = "1111111111111111111111111111111111111111"' '.[1].binary_sha256 = "eeeeeeeeeeeeeeeeeeeeeeeeeeeeeeeeeeeeeeeeeeeeeeeeeeeeeeeeeeeeeeee"' '.[1].fixture_manifest_sha256 = "eeeeeeeeeeeeeeeeeeeeeeeeeeeeeeeeeeeeeeeeeeeeeeeeeeeeeeeeeeeeeeee"' '.[1].input_fixture_sha256 = "eeeeeeeeeeeeeeeeeeeeeeeeeeeeeeeeeeeeeeeeeeeeeeeeeeeeeeeeeeeeeeee"' '.[1].output_sha256 = "eeeeeeeeeeeeeeeeeeeeeeeeeeeeeeeeeeeeeeeeeeeeeeeeeeeeeeeeeeeeeeee"'
+ reject_aggregate_mutation '.[1].round = 1'
+ local 'mutation=.[1].round = 1'
+ jq '.[1].round = 1'
+ aggregate_valid
+ jq -e -L /home/bl/misofm/engine-480-proof/scripts -f /home/bl/misofm/engine-480-proof/scripts/builtins-current-benchmark-validator.jq
+ for mutation in 'del(.[0])' '.[20] = .[0]' '.[1].round = 1' '.[1].candidate_commit = "1111111111111111111111111111111111111111"' '.[1].binary_sha256 = "eeeeeeeeeeeeeeeeeeeeeeeeeeeeeeeeeeeeeeeeeeeeeeeeeeeeeeeeeeeeeeee"' '.[1].fixture_manifest_sha256 = "eeeeeeeeeeeeeeeeeeeeeeeeeeeeeeeeeeeeeeeeeeeeeeeeeeeeeeeeeeeeeeee"' '.[1].input_fixture_sha256 = "eeeeeeeeeeeeeeeeeeeeeeeeeeeeeeeeeeeeeeeeeeeeeeeeeeeeeeeeeeeeeeee"' '.[1].output_sha256 = "eeeeeeeeeeeeeeeeeeeeeeeeeeeeeeeeeeeeeeeeeeeeeeeeeeeeeeeeeeeeeeee"'
+ reject_aggregate_mutation '.[1].candidate_commit = "1111111111111111111111111111111111111111"'
+ local 'mutation=.[1].candidate_commit = "1111111111111111111111111111111111111111"'
+ jq '.[1].candidate_commit = "1111111111111111111111111111111111111111"'
+ aggregate_valid
+ jq -e -L /home/bl/misofm/engine-480-proof/scripts -f /home/bl/misofm/engine-480-proof/scripts/builtins-current-benchmark-validator.jq
+ for mutation in 'del(.[0])' '.[20] = .[0]' '.[1].round = 1' '.[1].candidate_commit = "1111111111111111111111111111111111111111"' '.[1].binary_sha256 = "eeeeeeeeeeeeeeeeeeeeeeeeeeeeeeeeeeeeeeeeeeeeeeeeeeeeeeeeeeeeeeee"' '.[1].fixture_manifest_sha256 = "eeeeeeeeeeeeeeeeeeeeeeeeeeeeeeeeeeeeeeeeeeeeeeeeeeeeeeeeeeeeeeee"' '.[1].input_fixture_sha256 = "eeeeeeeeeeeeeeeeeeeeeeeeeeeeeeeeeeeeeeeeeeeeeeeeeeeeeeeeeeeeeeee"' '.[1].output_sha256 = "eeeeeeeeeeeeeeeeeeeeeeeeeeeeeeeeeeeeeeeeeeeeeeeeeeeeeeeeeeeeeeee"'
+ reject_aggregate_mutation '.[1].binary_sha256 = "eeeeeeeeeeeeeeeeeeeeeeeeeeeeeeeeeeeeeeeeeeeeeeeeeeeeeeeeeeeeeeee"'
+ local 'mutation=.[1].binary_sha256 = "eeeeeeeeeeeeeeeeeeeeeeeeeeeeeeeeeeeeeeeeeeeeeeeeeeeeeeeeeeeeeeee"'
+ jq '.[1].binary_sha256 = "eeeeeeeeeeeeeeeeeeeeeeeeeeeeeeeeeeeeeeeeeeeeeeeeeeeeeeeeeeeeeeee"'
+ aggregate_valid
+ jq -e -L /home/bl/misofm/engine-480-proof/scripts -f /home/bl/misofm/engine-480-proof/scripts/builtins-current-benchmark-validator.jq
+ for mutation in 'del(.[0])' '.[20] = .[0]' '.[1].round = 1' '.[1].candidate_commit = "1111111111111111111111111111111111111111"' '.[1].binary_sha256 = "eeeeeeeeeeeeeeeeeeeeeeeeeeeeeeeeeeeeeeeeeeeeeeeeeeeeeeeeeeeeeeee"' '.[1].fixture_manifest_sha256 = "eeeeeeeeeeeeeeeeeeeeeeeeeeeeeeeeeeeeeeeeeeeeeeeeeeeeeeeeeeeeeeee"' '.[1].input_fixture_sha256 = "eeeeeeeeeeeeeeeeeeeeeeeeeeeeeeeeeeeeeeeeeeeeeeeeeeeeeeeeeeeeeeee"' '.[1].output_sha256 = "eeeeeeeeeeeeeeeeeeeeeeeeeeeeeeeeeeeeeeeeeeeeeeeeeeeeeeeeeeeeeeee"'
+ reject_aggregate_mutation '.[1].fixture_manifest_sha256 = "eeeeeeeeeeeeeeeeeeeeeeeeeeeeeeeeeeeeeeeeeeeeeeeeeeeeeeeeeeeeeeee"'
+ local 'mutation=.[1].fixture_manifest_sha256 = "eeeeeeeeeeeeeeeeeeeeeeeeeeeeeeeeeeeeeeeeeeeeeeeeeeeeeeeeeeeeeeee"'
+ jq '.[1].fixture_manifest_sha256 = "eeeeeeeeeeeeeeeeeeeeeeeeeeeeeeeeeeeeeeeeeeeeeeeeeeeeeeeeeeeeeeee"'
+ aggregate_valid
+ jq -e -L /home/bl/misofm/engine-480-proof/scripts -f /home/bl/misofm/engine-480-proof/scripts/builtins-current-benchmark-validator.jq
+ for mutation in 'del(.[0])' '.[20] = .[0]' '.[1].round = 1' '.[1].candidate_commit = "1111111111111111111111111111111111111111"' '.[1].binary_sha256 = "eeeeeeeeeeeeeeeeeeeeeeeeeeeeeeeeeeeeeeeeeeeeeeeeeeeeeeeeeeeeeeee"' '.[1].fixture_manifest_sha256 = "eeeeeeeeeeeeeeeeeeeeeeeeeeeeeeeeeeeeeeeeeeeeeeeeeeeeeeeeeeeeeeee"' '.[1].input_fixture_sha256 = "eeeeeeeeeeeeeeeeeeeeeeeeeeeeeeeeeeeeeeeeeeeeeeeeeeeeeeeeeeeeeeee"' '.[1].output_sha256 = "eeeeeeeeeeeeeeeeeeeeeeeeeeeeeeeeeeeeeeeeeeeeeeeeeeeeeeeeeeeeeeee"'
+ reject_aggregate_mutation '.[1].input_fixture_sha256 = "eeeeeeeeeeeeeeeeeeeeeeeeeeeeeeeeeeeeeeeeeeeeeeeeeeeeeeeeeeeeeeee"'
+ local 'mutation=.[1].input_fixture_sha256 = "eeeeeeeeeeeeeeeeeeeeeeeeeeeeeeeeeeeeeeeeeeeeeeeeeeeeeeeeeeeeeeee"'
+ jq '.[1].input_fixture_sha256 = "eeeeeeeeeeeeeeeeeeeeeeeeeeeeeeeeeeeeeeeeeeeeeeeeeeeeeeeeeeeeeeee"'
+ aggregate_valid
+ jq -e -L /home/bl/misofm/engine-480-proof/scripts -f /home/bl/misofm/engine-480-proof/scripts/builtins-current-benchmark-validator.jq
+ for mutation in 'del(.[0])' '.[20] = .[0]' '.[1].round = 1' '.[1].candidate_commit = "1111111111111111111111111111111111111111"' '.[1].binary_sha256 = "eeeeeeeeeeeeeeeeeeeeeeeeeeeeeeeeeeeeeeeeeeeeeeeeeeeeeeeeeeeeeeee"' '.[1].fixture_manifest_sha256 = "eeeeeeeeeeeeeeeeeeeeeeeeeeeeeeeeeeeeeeeeeeeeeeeeeeeeeeeeeeeeeeee"' '.[1].input_fixture_sha256 = "eeeeeeeeeeeeeeeeeeeeeeeeeeeeeeeeeeeeeeeeeeeeeeeeeeeeeeeeeeeeeeee"' '.[1].output_sha256 = "eeeeeeeeeeeeeeeeeeeeeeeeeeeeeeeeeeeeeeeeeeeeeeeeeeeeeeeeeeeeeeee"'
+ reject_aggregate_mutation '.[1].output_sha256 = "eeeeeeeeeeeeeeeeeeeeeeeeeeeeeeeeeeeeeeeeeeeeeeeeeeeeeeeeeeeeeeee"'
+ local 'mutation=.[1].output_sha256 = "eeeeeeeeeeeeeeeeeeeeeeeeeeeeeeeeeeeeeeeeeeeeeeeeeeeeeeeeeeeeeeee"'
+ jq '.[1].output_sha256 = "eeeeeeeeeeeeeeeeeeeeeeeeeeeeeeeeeeeeeeeeeeeeeeeeeeeeeeeeeeeeeeee"'
+ aggregate_valid
+ jq -e -L /home/bl/misofm/engine-480-proof/scripts -f /home/bl/misofm/engine-480-proof/scripts/builtins-current-benchmark-validator.jq
++ mktemp -d
+ delta_scratch=/tmp/tmp.dZyKvPwme8
+ trap 'rm -rf -- "$delta_scratch"' EXIT
+ sed -e s/ddb4b201dcd4cc00ad445013c9a1b29d9d5f6071f018e649748963c74af4c55b/b244da45d88d670951205098b7516af20387a141eccb3bf60edb61e8ba57a919/ -e s/4e5e2c9fc8e2c2400b816715273879f3635f2374133e5775ade18dabee1f6ad9/6a1633442678cfdecb2872deacd053e727c47f0bc94039a84b4e950949e195d0/ -e s/cc4f23f6579cc255a1282797de2b78c93951f947c7b0ab72fa2ca713780f8a1e/ac9e825b5051a161ca731b04bd9b9b825bad6484c3a3f911551051e316224fa0/ -e s/65232ba5a59f54a22762a6ebc82620be6332f9d583c0e61fe4c5d82ede23e7ac/15dfc8b6d918d01a5d6e46417e37a10023d31a85391e8fb2371af0cdc055dd95/ -e s/9bc765fb84d94dd31f83137e2aa091fd09a28a8dab8fbe1d18a0b4a9a60c85a7/962bc24d4104cb5a30e3a5aa158a5ca1075cae01f08433d2c7cbe8c1271cd99a/ -e s/0c2130e5f3563e011cc7251a4a42d27b2a84f5871a81facae49be0a5c1cf21ff/a1dec8525c20505a9b440e6cf93fa6ffa1144896c889fa3abd94f76224f3e210/ -e s/5ca5e3b6e0080b66c53f0a12753e3681ea1caf6571ff3747e2303ac8cf0779a6/880faace46cfa2e9f454d625e54206aa752a9947292057a6b58f64224ea13f30/ /home/bl/misofm/engine-480-proof/scripts/builtins-benchmark-record-validator.jq
+ cmp -s /tmp/tmp.dZyKvPwme8/record.expected /home/bl/misofm/engine-480-proof/scripts/builtins-current-benchmark-record-validator.jq
+ sed 's/include "builtins-benchmark-record-validator";/include "builtins-current-benchmark-record-validator";/' /home/bl/misofm/engine-480-proof/scripts/builtins-benchmark-validator.jq
+ cmp -s /tmp/tmp.dZyKvPwme8/aggregate.expected /home/bl/misofm/engine-480-proof/scripts/builtins-current-benchmark-validator.jq
+ lifecycle_scratch=/tmp/tmp.dZyKvPwme8/lifecycle
+ template=/tmp/tmp.dZyKvPwme8/lifecycle/template
+ mkdir -p /tmp/tmp.dZyKvPwme8/lifecycle/template/scripts /tmp/tmp.dZyKvPwme8/lifecycle/template/bin /tmp/tmp.dZyKvPwme8/lifecycle/template/tools/bench/src /tmp/tmp.dZyKvPwme8/lifecycle/template/fixtures/builtins/v1 /tmp/tmp.dZyKvPwme8/lifecycle/template/fixtures/session/v1 /tmp/tmp.dZyKvPwme8/lifecycle/template/.cargo
+ cp /home/bl/misofm/engine-480-proof/scripts/preflight-builtins-current-benchmark.sh /home/bl/misofm/engine-480-proof/scripts/run-builtins-current-benchmark.sh /home/bl/misofm/engine-480-proof/scripts/test-builtins-current-benchmark.sh /home/bl/misofm/engine-480-proof/scripts/builtins-current-benchmark-record-validator.jq /home/bl/misofm/engine-480-proof/scripts/builtins-current-benchmark-validator.jq /home/bl/misofm/engine-480-proof/scripts/check-bench-preconditions.sh /tmp/tmp.dZyKvPwme8/lifecycle/template/scripts/
+ cp /home/bl/misofm/engine-480-proof/tools/bench/src/builtins.rs /tmp/tmp.dZyKvPwme8/lifecycle/template/tools/bench/src/
+ cp /home/bl/misofm/engine-480-proof/Cargo.lock /tmp/tmp.dZyKvPwme8/lifecycle/template/
+ cp /home/bl/misofm/engine-480-proof/.cargo/config.toml /tmp/tmp.dZyKvPwme8/lifecycle/template/.cargo/
+ cp -a /home/bl/misofm/engine-480-proof/fixtures/builtins/v1/. /tmp/tmp.dZyKvPwme8/lifecycle/template/fixtures/builtins/v1/
+ cp /home/bl/misofm/engine-480-proof/fixtures/session/v1/canonical.json /tmp/tmp.dZyKvPwme8/lifecycle/template/fixtures/session/v1/
+ printf '[workspace]\nmembers=[]\n[profile.release]\nopt-level=3\nlto="fat"\ncodegen-units=1\n'
+ jq -c '.[]'
+ printf '%s\n' '[{"schema_version":1,"issue":35,"workload_kind":"full_chain_filters","workload_id":"issue035.full_chain_filters.48000hz.q128","sample_rate_hz":48000,"quantum_frames":128,"round":1,"render_scope":"render","warmup_batches":64,"measured_batches":512,"operations_per_batch":8,"total_operations":4096,"frames_per_operation":128,"tracks":1,"meter_observers":0,"meter_queue_capacity":null,"retained_payload_bytes":0,"percentile_method":"nearest_rank","units":"ns_per_operation","min_ns":1,"p50_ns":2,"p95_ns":3,"p99_ns":4,"p99_9_ns":5,"max_ns":6,"descriptive_only":true,"candidate_commit":"0123456789abcdef0123456789abcdef01234567","binary_sha256":"bbbbbbbbbbbbbbbbbbbbbbbbbbbbbbbbbbbbbbbbbbbbbbbbbbbbbbbbbbbbbbbb","fixture_manifest_id":"fixtures/builtins/v1/MANIFEST.tsv","fixture_manifest_sha256":"b244da45d88d670951205098b7516af20387a141eccb3bf60edb61e8ba57a919","input_fixture_id":"fixtures/builtins/v1/benchmark/full_chain_filters-48000.toml","input_fixture_sha256":"6a1633442678cfdecb2872deacd053e727c47f0bc94039a84b4e950949e195d0","output_sha256":"cccccccccccccccccccccccccccccccccccccccccccccccccccccccccccccccc","render_errors":0,"render_allocations":0,"render_deallocations":0,"render_locks":0,"render_logs":0,"render_file_io":0,"render_network_io":0,"render_syscalls":0,"render_feature_detection":0,"render_panic_unwind":0,"render_total_forbidden_operations":0,"cpu_model":null,"cpu_architecture":null,"logical_core_count":null,"physical_core_count":null,"os":null,"kernel":null,"governor_or_power_mode":null,"rust_version":null,"llvm_version":null,"target_triple":null,"target_features":null,"profile":null,"opt_level":null,"lto":null,"codegen_units":null,"background_load_note":null,"missing_metadata":["background_load_note","codegen_units","cpu_architecture","cpu_model","governor_or_power_mode","kernel","llvm_version","logical_core_count","lto","opt_level","os","physical_core_count","profile","rust_version","target_features","target_triple"]},{"schema_version":1,"issue":35,"workload_kind":"full_chain_filters","workload_id":"issue035.full_chain_filters.48000hz.q128","sample_rate_hz":48000,"quantum_frames":128,"round":2,"render_scope":"render","warmup_batches":64,"measured_batches":512,"operations_per_batch":8,"total_operations":4096,"frames_per_operation":128,"tracks":1,"meter_observers":0,"meter_queue_capacity":null,"retained_payload_bytes":0,"percentile_method":"nearest_rank","units":"ns_per_operation","min_ns":1,"p50_ns":2,"p95_ns":3,"p99_ns":4,"p99_9_ns":5,"max_ns":6,"descriptive_only":true,"candidate_commit":"0123456789abcdef0123456789abcdef01234567","binary_sha256":"bbbbbbbbbbbbbbbbbbbbbbbbbbbbbbbbbbbbbbbbbbbbbbbbbbbbbbbbbbbbbbbb","fixture_manifest_id":"fixtures/builtins/v1/MANIFEST.tsv","fixture_manifest_sha256":"b244da45d88d670951205098b7516af20387a141eccb3bf60edb61e8ba57a919","input_fixture_id":"fixtures/builtins/v1/benchmark/full_chain_filters-48000.toml","input_fixture_sha256":"6a1633442678cfdecb2872deacd053e727c47f0bc94039a84b4e950949e195d0","output_sha256":"cccccccccccccccccccccccccccccccccccccccccccccccccccccccccccccccc","render_errors":0,"render_allocations":0,"render_deallocations":0,"render_locks":0,"render_logs":0,"render_file_io":0,"render_network_io":0,"render_syscalls":0,"render_feature_detection":0,"render_panic_unwind":0,"render_total_forbidden_operations":0,"cpu_model":null,"cpu_architecture":null,"logical_core_count":null,"physical_core_count":null,"os":null,"kernel":null,"governor_or_power_mode":null,"rust_version":null,"llvm_version":null,"target_triple":null,"target_features":null,"profile":null,"opt_level":null,"lto":null,"codegen_units":null,"background_load_note":null,"missing_metadata":["background_load_note","codegen_units","cpu_architecture","cpu_model","governor_or_power_mode","kernel","llvm_version","logical_core_count","lto","opt_level","os","physical_core_count","profile","rust_version","target_features","target_triple"]},{"schema_version":1,"issue":35,"workload_kind":"full_chain_filters","workload_id":"issue035.full_chain_filters.96000hz.q128","sample_rate_hz":96000,"quantum_frames":128,"round":1,"render_scope":"render","warmup_batches":64,"measured_batches":512,"operations_per_batch":8,"total_operations":4096,"frames_per_operation":128,"tracks":1,"meter_observers":0,"meter_queue_capacity":null,"retained_payload_bytes":0,"percentile_method":"nearest_rank","units":"ns_per_operation","min_ns":1,"p50_ns":2,"p95_ns":3,"p99_ns":4,"p99_9_ns":5,"max_ns":6,"descriptive_only":true,"candidate_commit":"0123456789abcdef0123456789abcdef01234567","binary_sha256":"bbbbbbbbbbbbbbbbbbbbbbbbbbbbbbbbbbbbbbbbbbbbbbbbbbbbbbbbbbbbbbbb","fixture_manifest_id":"fixtures/builtins/v1/MANIFEST.tsv","fixture_manifest_sha256":"b244da45d88d670951205098b7516af20387a141eccb3bf60edb61e8ba57a919","input_fixture_id":"fixtures/builtins/v1/benchmark/full_chain_filters-96000.toml","input_fixture_sha256":"ac9e825b5051a161ca731b04bd9b9b825bad6484c3a3f911551051e316224fa0","output_sha256":"cccccccccccccccccccccccccccccccccccccccccccccccccccccccccccccccc","render_errors":0,"render_allocations":0,"render_deallocations":0,"render_locks":0,"render_logs":0,"render_file_io":0,"render_network_io":0,"render_syscalls":0,"render_feature_detection":0,"render_panic_unwind":0,"render_total_forbidden_operations":0,"cpu_model":null,"cpu_architecture":null,"logical_core_count":null,"physical_core_count":null,"os":null,"kernel":null,"governor_or_power_mode":null,"rust_version":null,"llvm_version":null,"target_triple":null,"target_features":null,"profile":null,"opt_level":null,"lto":null,"codegen_units":null,"background_load_note":null,"missing_metadata":["background_load_note","codegen_units","cpu_architecture","cpu_model","governor_or_power_mode","kernel","llvm_version","logical_core_count","lto","opt_level","os","physical_core_count","profile","rust_version","target_features","target_triple"]},{"schema_version":1,"issue":35,"workload_kind":"full_chain_filters","workload_id":"issue035.full_chain_filters.96000hz.q128","sample_rate_hz":96000,"quantum_frames":128,"round":2,"render_scope":"render","warmup_batches":64,"measured_batches":512,"operations_per_batch":8,"total_operations":4096,"frames_per_operation":128,"tracks":1,"meter_observers":0,"meter_queue_capacity":null,"retained_payload_bytes":0,"percentile_method":"nearest_rank","units":"ns_per_operation","min_ns":1,"p50_ns":2,"p95_ns":3,"p99_ns":4,"p99_9_ns":5,"max_ns":6,"descriptive_only":true,"candidate_commit":"0123456789abcdef0123456789abcdef01234567","binary_sha256":"bbbbbbbbbbbbbbbbbbbbbbbbbbbbbbbbbbbbbbbbbbbbbbbbbbbbbbbbbbbbbbbb","fixture_manifest_id":"fixtures/builtins/v1/MANIFEST.tsv","fixture_manifest_sha256":"b244da45d88d670951205098b7516af20387a141eccb3bf60edb61e8ba57a919","input_fixture_id":"fixtures/builtins/v1/benchmark/full_chain_filters-96000.toml","input_fixture_sha256":"ac9e825b5051a161ca731b04bd9b9b825bad6484c3a3f911551051e316224fa0","output_sha256":"cccccccccccccccccccccccccccccccccccccccccccccccccccccccccccccccc","render_errors":0,"render_allocations":0,"render_deallocations":0,"render_locks":0,"render_logs":0,"render_file_io":0,"render_network_io":0,"render_syscalls":0,"render_feature_detection":0,"render_panic_unwind":0,"render_total_forbidden_operations":0,"cpu_model":null,"cpu_architecture":null,"logical_core_count":null,"physical_core_count":null,"os":null,"kernel":null,"governor_or_power_mode":null,"rust_version":null,"llvm_version":null,"target_triple":null,"target_features":null,"profile":null,"opt_level":null,"lto":null,"codegen_units":null,"background_load_note":null,"missing_metadata":["background_load_note","codegen_units","cpu_architecture","cpu_model","governor_or_power_mode","kernel","llvm_version","logical_core_count","lto","opt_level","os","physical_core_count","profile","rust_version","target_features","target_triple"]},{"schema_version":1,"issue":35,"workload_kind":"identity_chain","workload_id":"issue035.identity_chain.48000hz.q128","sample_rate_hz":48000,"quantum_frames":128,"round":1,"render_scope":"render","warmup_batches":64,"measured_batches":512,"operations_per_batch":8,"total_operations":4096,"frames_per_operation":128,"tracks":1,"meter_observers":0,"meter_queue_capacity":null,"retained_payload_bytes":0,"percentile_method":"nearest_rank","units":"ns_per_operation","min_ns":1,"p50_ns":2,"p95_ns":3,"p99_ns":4,"p99_9_ns":5,"max_ns":6,"descriptive_only":true,"candidate_commit":"0123456789abcdef0123456789abcdef01234567","binary_sha256":"bbbbbbbbbbbbbbbbbbbbbbbbbbbbbbbbbbbbbbbbbbbbbbbbbbbbbbbbbbbbbbbb","fixture_manifest_id":"fixtures/builtins/v1/MANIFEST.tsv","fixture_manifest_sha256":"b244da45d88d670951205098b7516af20387a141eccb3bf60edb61e8ba57a919","input_fixture_id":"fixtures/builtins/v1/benchmark/identity_chain-48000.toml","input_fixture_sha256":"15dfc8b6d918d01a5d6e46417e37a10023d31a85391e8fb2371af0cdc055dd95","output_sha256":"cccccccccccccccccccccccccccccccccccccccccccccccccccccccccccccccc","render_errors":0,"render_allocations":0,"render_deallocations":0,"render_locks":0,"render_logs":0,"render_file_io":0,"render_network_io":0,"render_syscalls":0,"render_feature_detection":0,"render_panic_unwind":0,"render_total_forbidden_operations":0,"cpu_model":null,"cpu_architecture":null,"logical_core_count":null,"physical_core_count":null,"os":null,"kernel":null,"governor_or_power_mode":null,"rust_version":null,"llvm_version":null,"target_triple":null,"target_features":null,"profile":null,"opt_level":null,"lto":null,"codegen_units":null,"background_load_note":null,"missing_metadata":["background_load_note","codegen_units","cpu_architecture","cpu_model","governor_or_power_mode","kernel","llvm_version","logical_core_count","lto","opt_level","os","physical_core_count","profile","rust_version","target_features","target_triple"]},{"schema_version":1,"issue":35,"workload_kind":"identity_chain","workload_id":"issue035.identity_chain.48000hz.q128","sample_rate_hz":48000,"quantum_frames":128,"round":2,"render_scope":"render","warmup_batches":64,"measured_batches":512,"operations_per_batch":8,"total_operations":4096,"frames_per_operation":128,"tracks":1,"meter_observers":0,"meter_queue_capacity":null,"retained_payload_bytes":0,"percentile_method":"nearest_rank","units":"ns_per_operation","min_ns":1,"p50_ns":2,"p95_ns":3,"p99_ns":4,"p99_9_ns":5,"max_ns":6,"descriptive_only":true,"candidate_commit":"0123456789abcdef0123456789abcdef01234567","binary_sha256":"bbbbbbbbbbbbbbbbbbbbbbbbbbbbbbbbbbbbbbbbbbbbbbbbbbbbbbbbbbbbbbbb","fixture_manifest_id":"fixtures/builtins/v1/MANIFEST.tsv","fixture_manifest_sha256":"b244da45d88d670951205098b7516af20387a141eccb3bf60edb61e8ba57a919","input_fixture_id":"fixtures/builtins/v1/benchmark/identity_chain-48000.toml","input_fixture_sha256":"15dfc8b6d918d01a5d6e46417e37a10023d31a85391e8fb2371af0cdc055dd95","output_sha256":"cccccccccccccccccccccccccccccccccccccccccccccccccccccccccccccccc","render_errors":0,"render_allocations":0,"render_deallocations":0,"render_locks":0,"render_logs":0,"render_file_io":0,"render_network_io":0,"render_syscalls":0,"render_feature_detection":0,"render_panic_unwind":0,"render_total_forbidden_operations":0,"cpu_model":null,"cpu_architecture":null,"logical_core_count":null,"physical_core_count":null,"os":null,"kernel":null,"governor_or_power_mode":null,"rust_version":null,"llvm_version":null,"target_triple":null,"target_features":null,"profile":null,"opt_level":null,"lto":null,"codegen_units":null,"background_load_note":null,"missing_metadata":["background_load_note","codegen_units","cpu_architecture","cpu_model","governor_or_power_mode","kernel","llvm_version","logical_core_count","lto","opt_level","os","physical_core_count","profile","rust_version","target_features","target_triple"]},{"schema_version":1,"issue":35,"workload_kind":"identity_chain","workload_id":"issue035.identity_chain.96000hz.q128","sample_rate_hz":96000,"quantum_frames":128,"round":1,"render_scope":"render","warmup_batches":64,"measured_batches":512,"operations_per_batch":8,"total_operations":4096,"frames_per_operation":128,"tracks":1,"meter_observers":0,"meter_queue_capacity":null,"retained_payload_bytes":0,"percentile_method":"nearest_rank","units":"ns_per_operation","min_ns":1,"p50_ns":2,"p95_ns":3,"p99_ns":4,"p99_9_ns":5,"max_ns":6,"descriptive_only":true,"candidate_commit":"0123456789abcdef0123456789abcdef01234567","binary_sha256":"bbbbbbbbbbbbbbbbbbbbbbbbbbbbbbbbbbbbbbbbbbbbbbbbbbbbbbbbbbbbbbbb","fixture_manifest_id":"fixtures/builtins/v1/MANIFEST.tsv","fixture_manifest_sha256":"b244da45d88d670951205098b7516af20387a141eccb3bf60edb61e8ba57a919","input_fixture_id":"fixtures/builtins/v1/benchmark/identity_chain-96000.toml","input_fixture_sha256":"962bc24d4104cb5a30e3a5aa158a5ca1075cae01f08433d2c7cbe8c1271cd99a","output_sha256":"cccccccccccccccccccccccccccccccccccccccccccccccccccccccccccccccc","render_errors":0,"render_allocations":0,"render_deallocations":0,"render_locks":0,"render_logs":0,"render_file_io":0,"render_network_io":0,"render_syscalls":0,"render_feature_detection":0,"render_panic_unwind":0,"render_total_forbidden_operations":0,"cpu_model":null,"cpu_architecture":null,"logical_core_count":null,"physical_core_count":null,"os":null,"kernel":null,"governor_or_power_mode":null,"rust_version":null,"llvm_version":null,"target_triple":null,"target_features":null,"profile":null,"opt_level":null,"lto":null,"codegen_units":null,"background_load_note":null,"missing_metadata":["background_load_note","codegen_units","cpu_architecture","cpu_model","governor_or_power_mode","kernel","llvm_version","logical_core_count","lto","opt_level","os","physical_core_count","profile","rust_version","target_features","target_triple"]},{"schema_version":1,"issue":35,"workload_kind":"identity_chain","workload_id":"issue035.identity_chain.96000hz.q128","sample_rate_hz":96000,"quantum_frames":128,"round":2,"render_scope":"render","warmup_batches":64,"measured_batches":512,"operations_per_batch":8,"total_operations":4096,"frames_per_operation":128,"tracks":1,"meter_observers":0,"meter_queue_capacity":null,"retained_payload_bytes":0,"percentile_method":"nearest_rank","units":"ns_per_operation","min_ns":1,"p50_ns":2,"p95_ns":3,"p99_ns":4,"p99_9_ns":5,"max_ns":6,"descriptive_only":true,"candidate_commit":"0123456789abcdef0123456789abcdef01234567","binary_sha256":"bbbbbbbbbbbbbbbbbbbbbbbbbbbbbbbbbbbbbbbbbbbbbbbbbbbbbbbbbbbbbbbb","fixture_manifest_id":"fixtures/builtins/v1/MANIFEST.tsv","fixture_manifest_sha256":"b244da45d88d670951205098b7516af20387a141eccb3bf60edb61e8ba57a919","input_fixture_id":"fixtures/builtins/v1/benchmark/identity_chain-96000.toml","input_fixture_sha256":"962bc24d4104cb5a30e3a5aa158a5ca1075cae01f08433d2c7cbe8c1271cd99a","output_sha256":"cccccccccccccccccccccccccccccccccccccccccccccccccccccccccccccccc","render_errors":0,"render_allocations":0,"render_deallocations":0,"render_locks":0,"render_logs":0,"render_file_io":0,"render_network_io":0,"render_syscalls":0,"render_feature_detection":0,"render_panic_unwind":0,"render_total_forbidden_operations":0,"cpu_model":null,"cpu_architecture":null,"logical_core_count":null,"physical_core_count":null,"os":null,"kernel":null,"governor_or_power_mode":null,"rust_version":null,"llvm_version":null,"target_triple":null,"target_features":null,"profile":null,"opt_level":null,"lto":null,"codegen_units":null,"background_load_note":null,"missing_metadata":["background_load_note","codegen_units","cpu_architecture","cpu_model","governor_or_power_mode","kernel","llvm_version","logical_core_count","lto","opt_level","os","physical_core_count","profile","rust_version","target_features","target_triple"]},{"schema_version":1,"issue":35,"workload_kind":"matrix_ramp","workload_id":"issue035.matrix_ramp.48000hz.q128","sample_rate_hz":48000,"quantum_frames":128,"round":1,"render_scope":"render","warmup_batches":64,"measured_batches":512,"operations_per_batch":8,"total_operations":4096,"frames_per_operation":128,"tracks":1,"meter_observers":0,"meter_queue_capacity":null,"retained_payload_bytes":0,"percentile_method":"nearest_rank","units":"ns_per_operation","min_ns":1,"p50_ns":2,"p95_ns":3,"p99_ns":4,"p99_9_ns":5,"max_ns":6,"descriptive_only":true,"candidate_commit":"0123456789abcdef0123456789abcdef01234567","binary_sha256":"bbbbbbbbbbbbbbbbbbbbbbbbbbbbbbbbbbbbbbbbbbbbbbbbbbbbbbbbbbbbbbbb","fixture_manifest_id":"fixtures/builtins/v1/MANIFEST.tsv","fixture_manifest_sha256":"b244da45d88d670951205098b7516af20387a141eccb3bf60edb61e8ba57a919","input_fixture_id":"fixtures/builtins/v1/benchmark/matrix_ramp-48000.toml","input_fixture_sha256":"f0d94928bed16804a26befde5eaabd3a8c233afa194a5cdcb259141af78c831b","output_sha256":"cccccccccccccccccccccccccccccccccccccccccccccccccccccccccccccccc","render_errors":0,"render_allocations":0,"render_deallocations":0,"render_locks":0,"render_logs":0,"render_file_io":0,"render_network_io":0,"render_syscalls":0,"render_feature_detection":0,"render_panic_unwind":0,"render_total_forbidden_operations":0,"cpu_model":null,"cpu_architecture":null,"logical_core_count":null,"physical_core_count":null,"os":null,"kernel":null,"governor_or_power_mode":null,"rust_version":null,"llvm_version":null,"target_triple":null,"target_features":null,"profile":null,"opt_level":null,"lto":null,"codegen_units":null,"background_load_note":null,"missing_metadata":["background_load_note","codegen_units","cpu_architecture","cpu_model","governor_or_power_mode","kernel","llvm_version","logical_core_count","lto","opt_level","os","physical_core_count","profile","rust_version","target_features","target_triple"]},{"schema_version":1,"issue":35,"workload_kind":"matrix_ramp","workload_id":"issue035.matrix_ramp.48000hz.q128","sample_rate_hz":48000,"quantum_frames":128,"round":2,"render_scope":"render","warmup_batches":64,"measured_batches":512,"operations_per_batch":8,"total_operations":4096,"frames_per_operation":128,"tracks":1,"meter_observers":0,"meter_queue_capacity":null,"retained_payload_bytes":0,"percentile_method":"nearest_rank","units":"ns_per_operation","min_ns":1,"p50_ns":2,"p95_ns":3,"p99_ns":4,"p99_9_ns":5,"max_ns":6,"descriptive_only":true,"candidate_commit":"0123456789abcdef0123456789abcdef01234567","binary_sha256":"bbbbbbbbbbbbbbbbbbbbbbbbbbbbbbbbbbbbbbbbbbbbbbbbbbbbbbbbbbbbbbbb","fixture_manifest_id":"fixtures/builtins/v1/MANIFEST.tsv","fixture_manifest_sha256":"b244da45d88d670951205098b7516af20387a141eccb3bf60edb61e8ba57a919","input_fixture_id":"fixtures/builtins/v1/benchmark/matrix_ramp-48000.toml","input_fixture_sha256":"f0d94928bed16804a26befde5eaabd3a8c233afa194a5cdcb259141af78c831b","output_sha256":"cccccccccccccccccccccccccccccccccccccccccccccccccccccccccccccccc","render_errors":0,"render_allocations":0,"render_deallocations":0,"render_locks":0,"render_logs":0,"render_file_io":0,"render_network_io":0,"render_syscalls":0,"render_feature_detection":0,"render_panic_unwind":0,"render_total_forbidden_operations":0,"cpu_model":null,"cpu_architecture":null,"logical_core_count":null,"physical_core_count":null,"os":null,"kernel":null,"governor_or_power_mode":null,"rust_version":null,"llvm_version":null,"target_triple":null,"target_features":null,"profile":null,"opt_level":null,"lto":null,"codegen_units":null,"background_load_note":null,"missing_metadata":["background_load_note","codegen_units","cpu_architecture","cpu_model","governor_or_power_mode","kernel","llvm_version","logical_core_count","lto","opt_level","os","physical_core_count","profile","rust_version","target_features","target_triple"]},{"schema_version":1,"issue":35,"workload_kind":"matrix_ramp","workload_id":"issue035.matrix_ramp.96000hz.q128","sample_rate_hz":96000,"quantum_frames":128,"round":1,"render_scope":"render","warmup_batches":64,"measured_batches":512,"operations_per_batch":8,"total_operations":4096,"frames_per_operation":128,"tracks":1,"meter_observers":0,"meter_queue_capacity":null,"retained_payload_bytes":0,"percentile_method":"nearest_rank","units":"ns_per_operation","min_ns":1,"p50_ns":2,"p95_ns":3,"p99_ns":4,"p99_9_ns":5,"max_ns":6,"descriptive_only":true,"candidate_commit":"0123456789abcdef0123456789abcdef01234567","binary_sha256":"bbbbbbbbbbbbbbbbbbbbbbbbbbbbbbbbbbbbbbbbbbbbbbbbbbbbbbbbbbbbbbbb","fixture_manifest_id":"fixtures/builtins/v1/MANIFEST.tsv","fixture_manifest_sha256":"b244da45d88d670951205098b7516af20387a141eccb3bf60edb61e8ba57a919","input_fixture_id":"fixtures/builtins/v1/benchmark/matrix_ramp-96000.toml","input_fixture_sha256":"ef5bf8c4e954c1e497eea997bffeb85fabad69ac6966f2798bd34ce2fa5ced6f","output_sha256":"cccccccccccccccccccccccccccccccccccccccccccccccccccccccccccccccc","render_errors":0,"render_allocations":0,"render_deallocations":0,"render_locks":0,"render_logs":0,"render_file_io":0,"render_network_io":0,"render_syscalls":0,"render_feature_detection":0,"render_panic_unwind":0,"render_total_forbidden_operations":0,"cpu_model":null,"cpu_architecture":null,"logical_core_count":null,"physical_core_count":null,"os":null,"kernel":null,"governor_or_power_mode":null,"rust_version":null,"llvm_version":null,"target_triple":null,"target_features":null,"profile":null,"opt_level":null,"lto":null,"codegen_units":null,"background_load_note":null,"missing_metadata":["background_load_note","codegen_units","cpu_architecture","cpu_model","governor_or_power_mode","kernel","llvm_version","logical_core_count","lto","opt_level","os","physical_core_count","profile","rust_version","target_features","target_triple"]},{"schema_version":1,"issue":35,"workload_kind":"matrix_ramp","workload_id":"issue035.matrix_ramp.96000hz.q128","sample_rate_hz":96000,"quantum_frames":128,"round":2,"render_scope":"render","warmup_batches":64,"measured_batches":512,"operations_per_batch":8,"total_operations":4096,"frames_per_operation":128,"tracks":1,"meter_observers":0,"meter_queue_capacity":null,"retained_payload_bytes":0,"percentile_method":"nearest_rank","units":"ns_per_operation","min_ns":1,"p50_ns":2,"p95_ns":3,"p99_ns":4,"p99_9_ns":5,"max_ns":6,"descriptive_only":true,"candidate_commit":"0123456789abcdef0123456789abcdef01234567","binary_sha256":"bbbbbbbbbbbbbbbbbbbbbbbbbbbbbbbbbbbbbbbbbbbbbbbbbbbbbbbbbbbbbbbb","fixture_manifest_id":"fixtures/builtins/v1/MANIFEST.tsv","fixture_manifest_sha256":"b244da45d88d670951205098b7516af20387a141eccb3bf60edb61e8ba57a919","input_fixture_id":"fixtures/builtins/v1/benchmark/matrix_ramp-96000.toml","input_fixture_sha256":"ef5bf8c4e954c1e497eea997bffeb85fabad69ac6966f2798bd34ce2fa5ced6f","output_sha256":"cccccccccccccccccccccccccccccccccccccccccccccccccccccccccccccccc","render_errors":0,"render_allocations":0,"render_deallocations":0,"render_locks":0,"render_logs":0,"render_file_io":0,"render_network_io":0,"render_syscalls":0,"render_feature_detection":0,"render_panic_unwind":0,"render_total_forbidden_operations":0,"cpu_model":null,"cpu_architecture":null,"logical_core_count":null,"physical_core_count":null,"os":null,"kernel":null,"governor_or_power_mode":null,"rust_version":null,"llvm_version":null,"target_triple":null,"target_features":null,"profile":null,"opt_level":null,"lto":null,"codegen_units":null,"background_load_note":null,"missing_metadata":["background_load_note","codegen_units","cpu_architecture","cpu_model","governor_or_power_mode","kernel","llvm_version","logical_core_count","lto","opt_level","os","physical_core_count","profile","rust_version","target_features","target_triple"]},{"schema_version":1,"issue":35,"workload_kind":"meter_success_full","workload_id":"issue035.meter_success_full.48000hz.q128","sample_rate_hz":48000,"quantum_frames":128,"round":1,"render_scope":"render","warmup_batches":64,"measured_batches":512,"operations_per_batch":8,"total_operations":4096,"frames_per_operation":128,"tracks":1,"meter_observers":14,"meter_queue_capacity":1,"retained_payload_bytes":0,"percentile_method":"nearest_rank","units":"ns_per_operation","min_ns":1,"p50_ns":2,"p95_ns":3,"p99_ns":4,"p99_9_ns":5,"max_ns":6,"descriptive_only":true,"candidate_commit":"0123456789abcdef0123456789abcdef01234567","binary_sha256":"bbbbbbbbbbbbbbbbbbbbbbbbbbbbbbbbbbbbbbbbbbbbbbbbbbbbbbbbbbbbbbbb","fixture_manifest_id":"fixtures/builtins/v1/MANIFEST.tsv","fixture_manifest_sha256":"b244da45d88d670951205098b7516af20387a141eccb3bf60edb61e8ba57a919","input_fixture_id":"fixtures/builtins/v1/benchmark/meter_success_full-48000.toml","input_fixture_sha256":"ded3579ee8ffbf79d920648a33a7e2f35fa9c9b386e98ef469d583830ef992de","output_sha256":"cccccccccccccccccccccccccccccccccccccccccccccccccccccccccccccccc","render_errors":0,"render_allocations":0,"render_deallocations":0,"render_locks":0,"render_logs":0,"render_file_io":0,"render_network_io":0,"render_syscalls":0,"render_feature_detection":0,"render_panic_unwind":0,"render_total_forbidden_operations":0,"cpu_model":null,"cpu_architecture":null,"logical_core_count":null,"physical_core_count":null,"os":null,"kernel":null,"governor_or_power_mode":null,"rust_version":null,"llvm_version":null,"target_triple":null,"target_features":null,"profile":null,"opt_level":null,"lto":null,"codegen_units":null,"background_load_note":null,"missing_metadata":["background_load_note","codegen_units","cpu_architecture","cpu_model","governor_or_power_mode","kernel","llvm_version","logical_core_count","lto","opt_level","os","physical_core_count","profile","rust_version","target_features","target_triple"]},{"schema_version":1,"issue":35,"workload_kind":"meter_success_full","workload_id":"issue035.meter_success_full.48000hz.q128","sample_rate_hz":48000,"quantum_frames":128,"round":2,"render_scope":"render","warmup_batches":64,"measured_batches":512,"operations_per_batch":8,"total_operations":4096,"frames_per_operation":128,"tracks":1,"meter_observers":14,"meter_queue_capacity":1,"retained_payload_bytes":0,"percentile_method":"nearest_rank","units":"ns_per_operation","min_ns":1,"p50_ns":2,"p95_ns":3,"p99_ns":4,"p99_9_ns":5,"max_ns":6,"descriptive_only":true,"candidate_commit":"0123456789abcdef0123456789abcdef01234567","binary_sha256":"bbbbbbbbbbbbbbbbbbbbbbbbbbbbbbbbbbbbbbbbbbbbbbbbbbbbbbbbbbbbbbbb","fixture_manifest_id":"fixtures/builtins/v1/MANIFEST.tsv","fixture_manifest_sha256":"b244da45d88d670951205098b7516af20387a141eccb3bf60edb61e8ba57a919","input_fixture_id":"fixtures/builtins/v1/benchmark/meter_success_full-48000.toml","input_fixture_sha256":"ded3579ee8ffbf79d920648a33a7e2f35fa9c9b386e98ef469d583830ef992de","output_sha256":"cccccccccccccccccccccccccccccccccccccccccccccccccccccccccccccccc","render_errors":0,"render_allocations":0,"render_deallocations":0,"render_locks":0,"render_logs":0,"render_file_io":0,"render_network_io":0,"render_syscalls":0,"render_feature_detection":0,"render_panic_unwind":0,"render_total_forbidden_operations":0,"cpu_model":null,"cpu_architecture":null,"logical_core_count":null,"physical_core_count":null,"os":null,"kernel":null,"governor_or_power_mode":null,"rust_version":null,"llvm_version":null,"target_triple":null,"target_features":null,"profile":null,"opt_level":null,"lto":null,"codegen_units":null,"background_load_note":null,"missing_metadata":["background_load_note","codegen_units","cpu_architecture","cpu_model","governor_or_power_mode","kernel","llvm_version","logical_core_count","lto","opt_level","os","physical_core_count","profile","rust_version","target_features","target_triple"]},{"schema_version":1,"issue":35,"workload_kind":"meter_success_full","workload_id":"issue035.meter_success_full.96000hz.q128","sample_rate_hz":96000,"quantum_frames":128,"round":1,"render_scope":"render","warmup_batches":64,"measured_batches":512,"operations_per_batch":8,"total_operations":4096,"frames_per_operation":128,"tracks":1,"meter_observers":14,"meter_queue_capacity":1,"retained_payload_bytes":0,"percentile_method":"nearest_rank","units":"ns_per_operation","min_ns":1,"p50_ns":2,"p95_ns":3,"p99_ns":4,"p99_9_ns":5,"max_ns":6,"descriptive_only":true,"candidate_commit":"0123456789abcdef0123456789abcdef01234567","binary_sha256":"bbbbbbbbbbbbbbbbbbbbbbbbbbbbbbbbbbbbbbbbbbbbbbbbbbbbbbbbbbbbbbbb","fixture_manifest_id":"fixtures/builtins/v1/MANIFEST.tsv","fixture_manifest_sha256":"b244da45d88d670951205098b7516af20387a141eccb3bf60edb61e8ba57a919","input_fixture_id":"fixtures/builtins/v1/benchmark/meter_success_full-96000.toml","input_fixture_sha256":"aa1c4d8835753ce290d7abcf1cbf3ffdb98b79a58f0ec6cd0cce6614f5befef9","output_sha256":"cccccccccccccccccccccccccccccccccccccccccccccccccccccccccccccccc","render_errors":0,"render_allocations":0,"render_deallocations":0,"render_locks":0,"render_logs":0,"render_file_io":0,"render_network_io":0,"render_syscalls":0,"render_feature_detection":0,"render_panic_unwind":0,"render_total_forbidden_operations":0,"cpu_model":null,"cpu_architecture":null,"logical_core_count":null,"physical_core_count":null,"os":null,"kernel":null,"governor_or_power_mode":null,"rust_version":null,"llvm_version":null,"target_triple":null,"target_features":null,"profile":null,"opt_level":null,"lto":null,"codegen_units":null,"background_load_note":null,"missing_metadata":["background_load_note","codegen_units","cpu_architecture","cpu_model","governor_or_power_mode","kernel","llvm_version","logical_core_count","lto","opt_level","os","physical_core_count","profile","rust_version","target_features","target_triple"]},{"schema_version":1,"issue":35,"workload_kind":"meter_success_full","workload_id":"issue035.meter_success_full.96000hz.q128","sample_rate_hz":96000,"quantum_frames":128,"round":2,"render_scope":"render","warmup_batches":64,"measured_batches":512,"operations_per_batch":8,"total_operations":4096,"frames_per_operation":128,"tracks":1,"meter_observers":14,"meter_queue_capacity":1,"retained_payload_bytes":0,"percentile_method":"nearest_rank","units":"ns_per_operation","min_ns":1,"p50_ns":2,"p95_ns":3,"p99_ns":4,"p99_9_ns":5,"max_ns":6,"descriptive_only":true,"candidate_commit":"0123456789abcdef0123456789abcdef01234567","binary_sha256":"bbbbbbbbbbbbbbbbbbbbbbbbbbbbbbbbbbbbbbbbbbbbbbbbbbbbbbbbbbbbbbbb","fixture_manifest_id":"fixtures/builtins/v1/MANIFEST.tsv","fixture_manifest_sha256":"b244da45d88d670951205098b7516af20387a141eccb3bf60edb61e8ba57a919","input_fixture_id":"fixtures/builtins/v1/benchmark/meter_success_full-96000.toml","input_fixture_sha256":"aa1c4d8835753ce290d7abcf1cbf3ffdb98b79a58f0ec6cd0cce6614f5befef9","output_sha256":"cccccccccccccccccccccccccccccccccccccccccccccccccccccccccccccccc","render_errors":0,"render_allocations":0,"render_deallocations":0,"render_locks":0,"render_logs":0,"render_file_io":0,"render_network_io":0,"render_syscalls":0,"render_feature_detection":0,"render_panic_unwind":0,"render_total_forbidden_operations":0,"cpu_model":null,"cpu_architecture":null,"logical_core_count":null,"physical_core_count":null,"os":null,"kernel":null,"governor_or_power_mode":null,"rust_version":null,"llvm_version":null,"target_triple":null,"target_features":null,"profile":null,"opt_level":null,"lto":null,"codegen_units":null,"background_load_note":null,"missing_metadata":["background_load_note","codegen_units","cpu_architecture","cpu_model","governor_or_power_mode","kernel","llvm_version","logical_core_count","lto","opt_level","os","physical_core_count","profile","rust_version","target_features","target_triple"]},{"schema_version":1,"issue":35,"workload_kind":"prepare_256_tracks","workload_id":"issue035.prepare_256_tracks.48000hz.q128","sample_rate_hz":48000,"quantum_frames":128,"round":1,"render_scope":"not_applicable_preparation","warmup_batches":16,"measured_batches":128,"operations_per_batch":1,"total_operations":128,"frames_per_operation":null,"tracks":256,"meter_observers":56,"meter_queue_capacity":4,"retained_payload_bytes":0,"percentile_method":"nearest_rank","units":"ns_per_operation","min_ns":1,"p50_ns":2,"p95_ns":3,"p99_ns":4,"p99_9_ns":5,"max_ns":6,"descriptive_only":true,"candidate_commit":"0123456789abcdef0123456789abcdef01234567","binary_sha256":"bbbbbbbbbbbbbbbbbbbbbbbbbbbbbbbbbbbbbbbbbbbbbbbbbbbbbbbbbbbbbbbb","fixture_manifest_id":"fixtures/builtins/v1/MANIFEST.tsv","fixture_manifest_sha256":"b244da45d88d670951205098b7516af20387a141eccb3bf60edb61e8ba57a919","input_fixture_id":"fixtures/builtins/v1/benchmark/prepare_256_tracks-48000.toml","input_fixture_sha256":"a1dec8525c20505a9b440e6cf93fa6ffa1144896c889fa3abd94f76224f3e210","output_sha256":"cccccccccccccccccccccccccccccccccccccccccccccccccccccccccccccccc","render_errors":"not_applicable","render_allocations":"not_applicable","render_deallocations":"not_applicable","render_locks":"not_applicable","render_logs":"not_applicable","render_file_io":"not_applicable","render_network_io":"not_applicable","render_syscalls":"not_applicable","render_feature_detection":"not_applicable","render_panic_unwind":"not_applicable","render_total_forbidden_operations":"not_applicable","cpu_model":null,"cpu_architecture":null,"logical_core_count":null,"physical_core_count":null,"os":null,"kernel":null,"governor_or_power_mode":null,"rust_version":null,"llvm_version":null,"target_triple":null,"target_features":null,"profile":null,"opt_level":null,"lto":null,"codegen_units":null,"background_load_note":null,"missing_metadata":["background_load_note","codegen_units","cpu_architecture","cpu_model","governor_or_power_mode","kernel","llvm_version","logical_core_count","lto","opt_level","os","physical_core_count","profile","rust_version","target_features","target_triple"]},{"schema_version":1,"issue":35,"workload_kind":"prepare_256_tracks","workload_id":"issue035.prepare_256_tracks.48000hz.q128","sample_rate_hz":48000,"quantum_frames":128,"round":2,"render_scope":"not_applicable_preparation","warmup_batches":16,"measured_batches":128,"operations_per_batch":1,"total_operations":128,"frames_per_operation":null,"tracks":256,"meter_observers":56,"meter_queue_capacity":4,"retained_payload_bytes":0,"percentile_method":"nearest_rank","units":"ns_per_operation","min_ns":1,"p50_ns":2,"p95_ns":3,"p99_ns":4,"p99_9_ns":5,"max_ns":6,"descriptive_only":true,"candidate_commit":"0123456789abcdef0123456789abcdef01234567","binary_sha256":"bbbbbbbbbbbbbbbbbbbbbbbbbbbbbbbbbbbbbbbbbbbbbbbbbbbbbbbbbbbbbbbb","fixture_manifest_id":"fixtures/builtins/v1/MANIFEST.tsv","fixture_manifest_sha256":"b244da45d88d670951205098b7516af20387a141eccb3bf60edb61e8ba57a919","input_fixture_id":"fixtures/builtins/v1/benchmark/prepare_256_tracks-48000.toml","input_fixture_sha256":"a1dec8525c20505a9b440e6cf93fa6ffa1144896c889fa3abd94f76224f3e210","output_sha256":"cccccccccccccccccccccccccccccccccccccccccccccccccccccccccccccccc","render_errors":"not_applicable","render_allocations":"not_applicable","render_deallocations":"not_applicable","render_locks":"not_applicable","render_logs":"not_applicable","render_file_io":"not_applicable","render_network_io":"not_applicable","render_syscalls":"not_applicable","render_feature_detection":"not_applicable","render_panic_unwind":"not_applicable","render_total_forbidden_operations":"not_applicable","cpu_model":null,"cpu_architecture":null,"logical_core_count":null,"physical_core_count":null,"os":null,"kernel":null,"governor_or_power_mode":null,"rust_version":null,"llvm_version":null,"target_triple":null,"target_features":null,"profile":null,"opt_level":null,"lto":null,"codegen_units":null,"background_load_note":null,"missing_metadata":["background_load_note","codegen_units","cpu_architecture","cpu_model","governor_or_power_mode","kernel","llvm_version","logical_core_count","lto","opt_level","os","physical_core_count","profile","rust_version","target_features","target_triple"]},{"schema_version":1,"issue":35,"workload_kind":"prepare_256_tracks","workload_id":"issue035.prepare_256_tracks.96000hz.q128","sample_rate_hz":96000,"quantum_frames":128,"round":1,"render_scope":"not_applicable_preparation","warmup_batches":16,"measured_batches":128,"operations_per_batch":1,"total_operations":128,"frames_per_operation":null,"tracks":256,"meter_observers":56,"meter_queue_capacity":4,"retained_payload_bytes":0,"percentile_method":"nearest_rank","units":"ns_per_operation","min_ns":1,"p50_ns":2,"p95_ns":3,"p99_ns":4,"p99_9_ns":5,"max_ns":6,"descriptive_only":true,"candidate_commit":"0123456789abcdef0123456789abcdef01234567","binary_sha256":"bbbbbbbbbbbbbbbbbbbbbbbbbbbbbbbbbbbbbbbbbbbbbbbbbbbbbbbbbbbbbbbb","fixture_manifest_id":"fixtures/builtins/v1/MANIFEST.tsv","fixture_manifest_sha256":"b244da45d88d670951205098b7516af20387a141eccb3bf60edb61e8ba57a919","input_fixture_id":"fixtures/builtins/v1/benchmark/prepare_256_tracks-96000.toml","input_fixture_sha256":"880faace46cfa2e9f454d625e54206aa752a9947292057a6b58f64224ea13f30","output_sha256":"cccccccccccccccccccccccccccccccccccccccccccccccccccccccccccccccc","render_errors":"not_applicable","render_allocations":"not_applicable","render_deallocations":"not_applicable","render_locks":"not_applicable","render_logs":"not_applicable","render_file_io":"not_applicable","render_network_io":"not_applicable","render_syscalls":"not_applicable","render_feature_detection":"not_applicable","render_panic_unwind":"not_applicable","render_total_forbidden_operations":"not_applicable","cpu_model":null,"cpu_architecture":null,"logical_core_count":null,"physical_core_count":null,"os":null,"kernel":null,"governor_or_power_mode":null,"rust_version":null,"llvm_version":null,"target_triple":null,"target_features":null,"profile":null,"opt_level":null,"lto":null,"codegen_units":null,"background_load_note":null,"missing_metadata":["background_load_note","codegen_units","cpu_architecture","cpu_model","governor_or_power_mode","kernel","llvm_version","logical_core_count","lto","opt_level","os","physical_core_count","profile","rust_version","target_features","target_triple"]},{"schema_version":1,"issue":35,"workload_kind":"prepare_256_tracks","workload_id":"issue035.prepare_256_tracks.96000hz.q128","sample_rate_hz":96000,"quantum_frames":128,"round":2,"render_scope":"not_applicable_preparation","warmup_batches":16,"measured_batches":128,"operations_per_batch":1,"total_operations":128,"frames_per_operation":null,"tracks":256,"meter_observers":56,"meter_queue_capacity":4,"retained_payload_bytes":0,"percentile_method":"nearest_rank","units":"ns_per_operation","min_ns":1,"p50_ns":2,"p95_ns":3,"p99_ns":4,"p99_9_ns":5,"max_ns":6,"descriptive_only":true,"candidate_commit":"0123456789abcdef0123456789abcdef01234567","binary_sha256":"bbbbbbbbbbbbbbbbbbbbbbbbbbbbbbbbbbbbbbbbbbbbbbbbbbbbbbbbbbbbbbbb","fixture_manifest_id":"fixtures/builtins/v1/MANIFEST.tsv","fixture_manifest_sha256":"b244da45d88d670951205098b7516af20387a141eccb3bf60edb61e8ba57a919","input_fixture_id":"fixtures/builtins/v1/benchmark/prepare_256_tracks-96000.toml","input_fixture_sha256":"880faace46cfa2e9f454d625e54206aa752a9947292057a6b58f64224ea13f30","output_sha256":"cccccccccccccccccccccccccccccccccccccccccccccccccccccccccccccccc","render_errors":"not_applicable","render_allocations":"not_applicable","render_deallocations":"not_applicable","render_locks":"not_applicable","render_logs":"not_applicable","render_file_io":"not_applicable","render_network_io":"not_applicable","render_syscalls":"not_applicable","render_feature_detection":"not_applicable","render_panic_unwind":"not_applicable","render_total_forbidden_operations":"not_applicable","cpu_model":null,"cpu_architecture":null,"logical_core_count":null,"physical_core_count":null,"os":null,"kernel":null,"governor_or_power_mode":null,"rust_version":null,"llvm_version":null,"target_triple":null,"target_features":null,"profile":null,"opt_level":null,"lto":null,"codegen_units":null,"background_load_note":null,"missing_metadata":["background_load_note","codegen_units","cpu_architecture","cpu_model","governor_or_power_mode","kernel","llvm_version","logical_core_count","lto","opt_level","os","physical_core_count","profile","rust_version","target_features","target_triple"]}]'
+ cat
+ cat
+ cat
+ cat
+ cat
+ cat
+ cat
+ cat
+ cat
+ chmod 755 /tmp/tmp.dZyKvPwme8/lifecycle/template/bin/cargo /tmp/tmp.dZyKvPwme8/lifecycle/template/bin/cat /tmp/tmp.dZyKvPwme8/lifecycle/template/bin/git /tmp/tmp.dZyKvPwme8/lifecycle/template/bin/mktemp /tmp/tmp.dZyKvPwme8/lifecycle/template/bin/mv /tmp/tmp.dZyKvPwme8/lifecycle/template/bin/rustc /tmp/tmp.dZyKvPwme8/lifecycle/template/bin/sleep /tmp/tmp.dZyKvPwme8/lifecycle/template/bin/taskset /tmp/tmp.dZyKvPwme8/lifecycle/template/synthetic-emitter.sh
+ command -v cat
+ command -v mktemp
+ command -v mv
+ new_case preflight
+ local name=preflight
+ case_root=/tmp/tmp.dZyKvPwme8/lifecycle/preflight
+ cp -a /tmp/tmp.dZyKvPwme8/lifecycle/template /tmp/tmp.dZyKvPwme8/lifecycle/preflight
+ printf 'success\n'
+ printf 'pass\n'
+ run_preflight extra
+ [[ ! -e /tmp/tmp.dZyKvPwme8/lifecycle/preflight/synthetic-launches ]]
+ [[ ! -e /tmp/tmp.dZyKvPwme8/lifecycle/preflight/artifacts/issue431-full-chain/builtins-benchmark.preflight.json ]]
+ run_preflight
+ assert_fakes
+ local tool selected
+ for tool in cargo git rustc taskset sleep cat mktemp mv
++ PATH=/tmp/tmp.dZyKvPwme8/lifecycle/preflight/bin:/home/bl/.local/bin:/home/bl/.codex/packages/standalone/releases/0.153.2-x86_64-unknown-linux-musl/codex-path:/home/bl/.codex/tmp/arg0/codex-arg0CWD760:/home/bl/.local/bin:/home/bl/.opencode/bin:/home/bl/.local/bin:/home/bl/.local/bin:/home/bl/.opencode/bin:/home/bl/.local/bin:/usr/local/sbin:/usr/local/bin:/usr/sbin:/usr/bin:/sbin:/bin:/usr/games:/usr/local/games:/snap/bin
++ command -v cargo
+ selected=/tmp/tmp.dZyKvPwme8/lifecycle/preflight/bin/cargo
+ [[ /tmp/tmp.dZyKvPwme8/lifecycle/preflight/bin/cargo == \/\t\m\p\/\t\m\p\.\d\Z\y\K\v\P\w\m\e\8\/\l\i\f\e\c\y\c\l\e\/\p\r\e\f\l\i\g\h\t\/\b\i\n\/\c\a\r\g\o ]]
+ for tool in cargo git rustc taskset sleep cat mktemp mv
++ PATH=/tmp/tmp.dZyKvPwme8/lifecycle/preflight/bin:/home/bl/.local/bin:/home/bl/.codex/packages/standalone/releases/0.153.2-x86_64-unknown-linux-musl/codex-path:/home/bl/.codex/tmp/arg0/codex-arg0CWD760:/home/bl/.local/bin:/home/bl/.opencode/bin:/home/bl/.local/bin:/home/bl/.local/bin:/home/bl/.opencode/bin:/home/bl/.local/bin:/usr/local/sbin:/usr/local/bin:/usr/sbin:/usr/bin:/sbin:/bin:/usr/games:/usr/local/games:/snap/bin
++ command -v git
+ selected=/tmp/tmp.dZyKvPwme8/lifecycle/preflight/bin/git
+ [[ /tmp/tmp.dZyKvPwme8/lifecycle/preflight/bin/git == \/\t\m\p\/\t\m\p\.\d\Z\y\K\v\P\w\m\e\8\/\l\i\f\e\c\y\c\l\e\/\p\r\e\f\l\i\g\h\t\/\b\i\n\/\g\i\t ]]
+ for tool in cargo git rustc taskset sleep cat mktemp mv
++ PATH=/tmp/tmp.dZyKvPwme8/lifecycle/preflight/bin:/home/bl/.local/bin:/home/bl/.codex/packages/standalone/releases/0.153.2-x86_64-unknown-linux-musl/codex-path:/home/bl/.codex/tmp/arg0/codex-arg0CWD760:/home/bl/.local/bin:/home/bl/.opencode/bin:/home/bl/.local/bin:/home/bl/.local/bin:/home/bl/.opencode/bin:/home/bl/.local/bin:/usr/local/sbin:/usr/local/bin:/usr/sbin:/usr/bin:/sbin:/bin:/usr/games:/usr/local/games:/snap/bin
++ command -v rustc
+ selected=/tmp/tmp.dZyKvPwme8/lifecycle/preflight/bin/rustc
+ [[ /tmp/tmp.dZyKvPwme8/lifecycle/preflight/bin/rustc == \/\t\m\p\/\t\m\p\.\d\Z\y\K\v\P\w\m\e\8\/\l\i\f\e\c\y\c\l\e\/\p\r\e\f\l\i\g\h\t\/\b\i\n\/\r\u\s\t\c ]]
+ for tool in cargo git rustc taskset sleep cat mktemp mv
++ PATH=/tmp/tmp.dZyKvPwme8/lifecycle/preflight/bin:/home/bl/.local/bin:/home/bl/.codex/packages/standalone/releases/0.153.2-x86_64-unknown-linux-musl/codex-path:/home/bl/.codex/tmp/arg0/codex-arg0CWD760:/home/bl/.local/bin:/home/bl/.opencode/bin:/home/bl/.local/bin:/home/bl/.local/bin:/home/bl/.opencode/bin:/home/bl/.local/bin:/usr/local/sbin:/usr/local/bin:/usr/sbin:/usr/bin:/sbin:/bin:/usr/games:/usr/local/games:/snap/bin
++ command -v taskset
+ selected=/tmp/tmp.dZyKvPwme8/lifecycle/preflight/bin/taskset
+ [[ /tmp/tmp.dZyKvPwme8/lifecycle/preflight/bin/taskset == \/\t\m\p\/\t\m\p\.\d\Z\y\K\v\P\w\m\e\8\/\l\i\f\e\c\y\c\l\e\/\p\r\e\f\l\i\g\h\t\/\b\i\n\/\t\a\s\k\s\e\t ]]
+ for tool in cargo git rustc taskset sleep cat mktemp mv
++ PATH=/tmp/tmp.dZyKvPwme8/lifecycle/preflight/bin:/home/bl/.local/bin:/home/bl/.codex/packages/standalone/releases/0.153.2-x86_64-unknown-linux-musl/codex-path:/home/bl/.codex/tmp/arg0/codex-arg0CWD760:/home/bl/.local/bin:/home/bl/.opencode/bin:/home/bl/.local/bin:/home/bl/.local/bin:/home/bl/.opencode/bin:/home/bl/.local/bin:/usr/local/sbin:/usr/local/bin:/usr/sbin:/usr/bin:/sbin:/bin:/usr/games:/usr/local/games:/snap/bin
++ command -v sleep
+ selected=/tmp/tmp.dZyKvPwme8/lifecycle/preflight/bin/sleep
+ [[ /tmp/tmp.dZyKvPwme8/lifecycle/preflight/bin/sleep == \/\t\m\p\/\t\m\p\.\d\Z\y\K\v\P\w\m\e\8\/\l\i\f\e\c\y\c\l\e\/\p\r\e\f\l\i\g\h\t\/\b\i\n\/\s\l\e\e\p ]]
+ for tool in cargo git rustc taskset sleep cat mktemp mv
++ PATH=/tmp/tmp.dZyKvPwme8/lifecycle/preflight/bin:/home/bl/.local/bin:/home/bl/.codex/packages/standalone/releases/0.153.2-x86_64-unknown-linux-musl/codex-path:/home/bl/.codex/tmp/arg0/codex-arg0CWD760:/home/bl/.local/bin:/home/bl/.opencode/bin:/home/bl/.local/bin:/home/bl/.local/bin:/home/bl/.opencode/bin:/home/bl/.local/bin:/usr/local/sbin:/usr/local/bin:/usr/sbin:/usr/bin:/sbin:/bin:/usr/games:/usr/local/games:/snap/bin
++ command -v cat
+ selected=/tmp/tmp.dZyKvPwme8/lifecycle/preflight/bin/cat
+ [[ /tmp/tmp.dZyKvPwme8/lifecycle/preflight/bin/cat == \/\t\m\p\/\t\m\p\.\d\Z\y\K\v\P\w\m\e\8\/\l\i\f\e\c\y\c\l\e\/\p\r\e\f\l\i\g\h\t\/\b\i\n\/\c\a\t ]]
+ for tool in cargo git rustc taskset sleep cat mktemp mv
++ PATH=/tmp/tmp.dZyKvPwme8/lifecycle/preflight/bin:/home/bl/.local/bin:/home/bl/.codex/packages/standalone/releases/0.153.2-x86_64-unknown-linux-musl/codex-path:/home/bl/.codex/tmp/arg0/codex-arg0CWD760:/home/bl/.local/bin:/home/bl/.opencode/bin:/home/bl/.local/bin:/home/bl/.local/bin:/home/bl/.opencode/bin:/home/bl/.local/bin:/usr/local/sbin:/usr/local/bin:/usr/sbin:/usr/bin:/sbin:/bin:/usr/games:/usr/local/games:/snap/bin
++ command -v mktemp
+ selected=/tmp/tmp.dZyKvPwme8/lifecycle/preflight/bin/mktemp
+ [[ /tmp/tmp.dZyKvPwme8/lifecycle/preflight/bin/mktemp == \/\t\m\p\/\t\m\p\.\d\Z\y\K\v\P\w\m\e\8\/\l\i\f\e\c\y\c\l\e\/\p\r\e\f\l\i\g\h\t\/\b\i\n\/\m\k\t\e\m\p ]]
+ for tool in cargo git rustc taskset sleep cat mktemp mv
++ PATH=/tmp/tmp.dZyKvPwme8/lifecycle/preflight/bin:/home/bl/.local/bin:/home/bl/.codex/packages/standalone/releases/0.153.2-x86_64-unknown-linux-musl/codex-path:/home/bl/.codex/tmp/arg0/codex-arg0CWD760:/home/bl/.local/bin:/home/bl/.opencode/bin:/home/bl/.local/bin:/home/bl/.local/bin:/home/bl/.opencode/bin:/home/bl/.local/bin:/usr/local/sbin:/usr/local/bin:/usr/sbin:/usr/bin:/sbin:/bin:/usr/games:/usr/local/games:/snap/bin
++ command -v mv
+ selected=/tmp/tmp.dZyKvPwme8/lifecycle/preflight/bin/mv
+ [[ /tmp/tmp.dZyKvPwme8/lifecycle/preflight/bin/mv == \/\t\m\p\/\t\m\p\.\d\Z\y\K\v\P\w\m\e\8\/\l\i\f\e\c\y\c\l\e\/\p\r\e\f\l\i\g\h\t\/\b\i\n\/\m\v ]]
+ [[ -x /tmp/tmp.dZyKvPwme8/lifecycle/preflight/synthetic-emitter.sh ]]
+ cd /
+ PATH=/tmp/tmp.dZyKvPwme8/lifecycle/preflight/bin:/home/bl/.local/bin:/home/bl/.codex/packages/standalone/releases/0.153.2-x86_64-unknown-linux-musl/codex-path:/home/bl/.codex/tmp/arg0/codex-arg0CWD760:/home/bl/.local/bin:/home/bl/.opencode/bin:/home/bl/.local/bin:/home/bl/.local/bin:/home/bl/.opencode/bin:/home/bl/.local/bin:/usr/local/sbin:/usr/local/bin:/usr/sbin:/usr/bin:/sbin:/bin:/usr/games:/usr/local/games:/snap/bin
+ bash /tmp/tmp.dZyKvPwme8/lifecycle/preflight/scripts/preflight-builtins-current-benchmark.sh
+ [[ ! -e /tmp/tmp.dZyKvPwme8/lifecycle/preflight/synthetic-launches ]]
+ jq -e '.status=="READY" and .issue==431 and .records_required==20 and
 .workload_invocations==0 and .timed_benchmark_invocations==0 and
 .profile=="release" and .opt_level=="3" and .lto=="fat" and .codegen_units==1 and
 .target_features=="+avx2,+fma" and .cargo_version=="cargo 1.99.0 (fake)" and
 .rust_version=="rustc 1.99.0 (fake)" and .llvm_version=="20.1.0" and
 .target_triple=="x86_64-unknown-linux-gnu" and
 (.cargo_executable|endswith("/bin/cargo")) and (.rustc_executable|endswith("/bin/rustc"))' /tmp/tmp.dZyKvPwme8/lifecycle/preflight/artifacts/issue431-full-chain/builtins-benchmark.preflight.json
+ for selected in cargo git
++ PATH=/tmp/tmp.dZyKvPwme8/lifecycle/preflight/bin:/home/bl/.local/bin:/home/bl/.codex/packages/standalone/releases/0.153.2-x86_64-unknown-linux-musl/codex-path:/home/bl/.codex/tmp/arg0/codex-arg0CWD760:/home/bl/.local/bin:/home/bl/.opencode/bin:/home/bl/.local/bin:/home/bl/.local/bin:/home/bl/.opencode/bin:/home/bl/.local/bin:/usr/local/sbin:/usr/local/bin:/usr/sbin:/usr/bin:/sbin:/bin:/usr/games:/usr/local/games:/snap/bin
++ command -v cargo
+ [[ /tmp/tmp.dZyKvPwme8/lifecycle/preflight/bin/cargo == \/\t\m\p\/\t\m\p\.\d\Z\y\K\v\P\w\m\e\8\/\l\i\f\e\c\y\c\l\e\/\p\r\e\f\l\i\g\h\t\/\b\i\n\/\c\a\r\g\o ]]
+ for selected in cargo git
++ PATH=/tmp/tmp.dZyKvPwme8/lifecycle/preflight/bin:/home/bl/.local/bin:/home/bl/.codex/packages/standalone/releases/0.153.2-x86_64-unknown-linux-musl/codex-path:/home/bl/.codex/tmp/arg0/codex-arg0CWD760:/home/bl/.local/bin:/home/bl/.opencode/bin:/home/bl/.local/bin:/home/bl/.local/bin:/home/bl/.opencode/bin:/home/bl/.local/bin:/usr/local/sbin:/usr/local/bin:/usr/sbin:/usr/bin:/sbin:/bin:/usr/games:/usr/local/games:/snap/bin
++ command -v git
+ [[ /tmp/tmp.dZyKvPwme8/lifecycle/preflight/bin/git == \/\t\m\p\/\t\m\p\.\d\Z\y\K\v\P\w\m\e\8\/\l\i\f\e\c\y\c\l\e\/\p\r\e\f\l\i\g\h\t\/\b\i\n\/\g\i\t ]]
+ new_case preflight-existing
+ local name=preflight-existing
+ case_root=/tmp/tmp.dZyKvPwme8/lifecycle/preflight-existing
+ cp -a /tmp/tmp.dZyKvPwme8/lifecycle/template /tmp/tmp.dZyKvPwme8/lifecycle/preflight-existing
+ printf 'success\n'
+ printf 'pass\n'
+ mkdir -p /tmp/tmp.dZyKvPwme8/lifecycle/preflight-existing/artifacts/issue431-full-chain
+ printf 'protected\n'
+ run_preflight
+ [[ protected == protected ]]
+ [[ ! -e /tmp/tmp.dZyKvPwme8/lifecycle/preflight-existing/synthetic-launches ]]
+ for override in RUSTFLAGS CARGO_PROFILE_RELEASE_LTO CARGO_TARGET_X86_64_UNKNOWN_LINUX_GNU_RUSTFLAGS RUSTC_WRAPPER
+ new_case build-env-RUSTFLAGS
+ local name=build-env-RUSTFLAGS
+ case_root=/tmp/tmp.dZyKvPwme8/lifecycle/build-env-RUSTFLAGS
+ cp -a /tmp/tmp.dZyKvPwme8/lifecycle/template /tmp/tmp.dZyKvPwme8/lifecycle/build-env-RUSTFLAGS
+ printf 'success\n'
+ printf 'pass\n'
+ env RUSTFLAGS=conflict PATH=/tmp/tmp.dZyKvPwme8/lifecycle/build-env-RUSTFLAGS/bin:/home/bl/.local/bin:/home/bl/.codex/packages/standalone/releases/0.153.2-x86_64-unknown-linux-musl/codex-path:/home/bl/.codex/tmp/arg0/codex-arg0CWD760:/home/bl/.local/bin:/home/bl/.opencode/bin:/home/bl/.local/bin:/home/bl/.local/bin:/home/bl/.opencode/bin:/home/bl/.local/bin:/usr/local/sbin:/usr/local/bin:/usr/sbin:/usr/bin:/sbin:/bin:/usr/games:/usr/local/games:/snap/bin bash /tmp/tmp.dZyKvPwme8/lifecycle/build-env-RUSTFLAGS/scripts/preflight-builtins-current-benchmark.sh
+ [[ ! -e /tmp/tmp.dZyKvPwme8/lifecycle/build-env-RUSTFLAGS/synthetic-launches ]]
+ [[ ! -e /tmp/tmp.dZyKvPwme8/lifecycle/build-env-RUSTFLAGS/target/issue431-prepared/bench ]]
+ for override in RUSTFLAGS CARGO_PROFILE_RELEASE_LTO CARGO_TARGET_X86_64_UNKNOWN_LINUX_GNU_RUSTFLAGS RUSTC_WRAPPER
+ new_case build-env-CARGO_PROFILE_RELEASE_LTO
+ local name=build-env-CARGO_PROFILE_RELEASE_LTO
+ case_root=/tmp/tmp.dZyKvPwme8/lifecycle/build-env-CARGO_PROFILE_RELEASE_LTO
+ cp -a /tmp/tmp.dZyKvPwme8/lifecycle/template /tmp/tmp.dZyKvPwme8/lifecycle/build-env-CARGO_PROFILE_RELEASE_LTO
+ printf 'success\n'
+ printf 'pass\n'
+ env CARGO_PROFILE_RELEASE_LTO=conflict PATH=/tmp/tmp.dZyKvPwme8/lifecycle/build-env-CARGO_PROFILE_RELEASE_LTO/bin:/home/bl/.local/bin:/home/bl/.codex/packages/standalone/releases/0.153.2-x86_64-unknown-linux-musl/codex-path:/home/bl/.codex/tmp/arg0/codex-arg0CWD760:/home/bl/.local/bin:/home/bl/.opencode/bin:/home/bl/.local/bin:/home/bl/.local/bin:/home/bl/.opencode/bin:/home/bl/.local/bin:/usr/local/sbin:/usr/local/bin:/usr/sbin:/usr/bin:/sbin:/bin:/usr/games:/usr/local/games:/snap/bin bash /tmp/tmp.dZyKvPwme8/lifecycle/build-env-CARGO_PROFILE_RELEASE_LTO/scripts/preflight-builtins-current-benchmark.sh
+ [[ ! -e /tmp/tmp.dZyKvPwme8/lifecycle/build-env-CARGO_PROFILE_RELEASE_LTO/synthetic-launches ]]
+ [[ ! -e /tmp/tmp.dZyKvPwme8/lifecycle/build-env-CARGO_PROFILE_RELEASE_LTO/target/issue431-prepared/bench ]]
+ for override in RUSTFLAGS CARGO_PROFILE_RELEASE_LTO CARGO_TARGET_X86_64_UNKNOWN_LINUX_GNU_RUSTFLAGS RUSTC_WRAPPER
+ new_case build-env-CARGO_TARGET_X86_64_UNKNOWN_LINUX_GNU_RUSTFLAGS
+ local name=build-env-CARGO_TARGET_X86_64_UNKNOWN_LINUX_GNU_RUSTFLAGS
+ case_root=/tmp/tmp.dZyKvPwme8/lifecycle/build-env-CARGO_TARGET_X86_64_UNKNOWN_LINUX_GNU_RUSTFLAGS
+ cp -a /tmp/tmp.dZyKvPwme8/lifecycle/template /tmp/tmp.dZyKvPwme8/lifecycle/build-env-CARGO_TARGET_X86_64_UNKNOWN_LINUX_GNU_RUSTFLAGS
+ printf 'success\n'
+ printf 'pass\n'
+ env CARGO_TARGET_X86_64_UNKNOWN_LINUX_GNU_RUSTFLAGS=conflict PATH=/tmp/tmp.dZyKvPwme8/lifecycle/build-env-CARGO_TARGET_X86_64_UNKNOWN_LINUX_GNU_RUSTFLAGS/bin:/home/bl/.local/bin:/home/bl/.codex/packages/standalone/releases/0.153.2-x86_64-unknown-linux-musl/codex-path:/home/bl/.codex/tmp/arg0/codex-arg0CWD760:/home/bl/.local/bin:/home/bl/.opencode/bin:/home/bl/.local/bin:/home/bl/.local/bin:/home/bl/.opencode/bin:/home/bl/.local/bin:/usr/local/sbin:/usr/local/bin:/usr/sbin:/usr/bin:/sbin:/bin:/usr/games:/usr/local/games:/snap/bin bash /tmp/tmp.dZyKvPwme8/lifecycle/build-env-CARGO_TARGET_X86_64_UNKNOWN_LINUX_GNU_RUSTFLAGS/scripts/preflight-builtins-current-benchmark.sh
+ [[ ! -e /tmp/tmp.dZyKvPwme8/lifecycle/build-env-CARGO_TARGET_X86_64_UNKNOWN_LINUX_GNU_RUSTFLAGS/synthetic-launches ]]
+ [[ ! -e /tmp/tmp.dZyKvPwme8/lifecycle/build-env-CARGO_TARGET_X86_64_UNKNOWN_LINUX_GNU_RUSTFLAGS/target/issue431-prepared/bench ]]
+ for override in RUSTFLAGS CARGO_PROFILE_RELEASE_LTO CARGO_TARGET_X86_64_UNKNOWN_LINUX_GNU_RUSTFLAGS RUSTC_WRAPPER
+ new_case build-env-RUSTC_WRAPPER
+ local name=build-env-RUSTC_WRAPPER
+ case_root=/tmp/tmp.dZyKvPwme8/lifecycle/build-env-RUSTC_WRAPPER
+ cp -a /tmp/tmp.dZyKvPwme8/lifecycle/template /tmp/tmp.dZyKvPwme8/lifecycle/build-env-RUSTC_WRAPPER
+ printf 'success\n'
+ printf 'pass\n'
+ env RUSTC_WRAPPER=conflict PATH=/tmp/tmp.dZyKvPwme8/lifecycle/build-env-RUSTC_WRAPPER/bin:/home/bl/.local/bin:/home/bl/.codex/packages/standalone/releases/0.153.2-x86_64-unknown-linux-musl/codex-path:/home/bl/.codex/tmp/arg0/codex-arg0CWD760:/home/bl/.local/bin:/home/bl/.opencode/bin:/home/bl/.local/bin:/home/bl/.local/bin:/home/bl/.opencode/bin:/home/bl/.local/bin:/usr/local/sbin:/usr/local/bin:/usr/sbin:/usr/bin:/sbin:/bin:/usr/games:/usr/local/games:/snap/bin bash /tmp/tmp.dZyKvPwme8/lifecycle/build-env-RUSTC_WRAPPER/scripts/preflight-builtins-current-benchmark.sh
+ [[ ! -e /tmp/tmp.dZyKvPwme8/lifecycle/build-env-RUSTC_WRAPPER/synthetic-launches ]]
+ [[ ! -e /tmp/tmp.dZyKvPwme8/lifecycle/build-env-RUSTC_WRAPPER/target/issue431-prepared/bench ]]
+ for override in CARGO_PROFILE_RELEASE_PANIC CARGO_PROFILE_RELEASE_DEBUG_ASSERTIONS CARGO_PROFILE_RELEASE_OVERFLOW_CHECKS CARGO_PROFILE_SOMETHING
+ new_case profile-family-CARGO_PROFILE_RELEASE_PANIC
+ local name=profile-family-CARGO_PROFILE_RELEASE_PANIC
+ case_root=/tmp/tmp.dZyKvPwme8/lifecycle/profile-family-CARGO_PROFILE_RELEASE_PANIC
+ cp -a /tmp/tmp.dZyKvPwme8/lifecycle/template /tmp/tmp.dZyKvPwme8/lifecycle/profile-family-CARGO_PROFILE_RELEASE_PANIC
+ printf 'success\n'
+ printf 'pass\n'
+ env CARGO_PROFILE_RELEASE_PANIC=conflict PATH=/tmp/tmp.dZyKvPwme8/lifecycle/profile-family-CARGO_PROFILE_RELEASE_PANIC/bin:/home/bl/.local/bin:/home/bl/.codex/packages/standalone/releases/0.153.2-x86_64-unknown-linux-musl/codex-path:/home/bl/.codex/tmp/arg0/codex-arg0CWD760:/home/bl/.local/bin:/home/bl/.opencode/bin:/home/bl/.local/bin:/home/bl/.local/bin:/home/bl/.opencode/bin:/home/bl/.local/bin:/usr/local/sbin:/usr/local/bin:/usr/sbin:/usr/bin:/sbin:/bin:/usr/games:/usr/local/games:/snap/bin bash /tmp/tmp.dZyKvPwme8/lifecycle/profile-family-CARGO_PROFILE_RELEASE_PANIC/scripts/preflight-builtins-current-benchmark.sh
+ [[ ! -e /tmp/tmp.dZyKvPwme8/lifecycle/profile-family-CARGO_PROFILE_RELEASE_PANIC/build-calls ]]
+ [[ ! -e /tmp/tmp.dZyKvPwme8/lifecycle/profile-family-CARGO_PROFILE_RELEASE_PANIC/target/issue431-prepared/bench ]]
+ for override in CARGO_PROFILE_RELEASE_PANIC CARGO_PROFILE_RELEASE_DEBUG_ASSERTIONS CARGO_PROFILE_RELEASE_OVERFLOW_CHECKS CARGO_PROFILE_SOMETHING
+ new_case profile-family-CARGO_PROFILE_RELEASE_DEBUG_ASSERTIONS
+ local name=profile-family-CARGO_PROFILE_RELEASE_DEBUG_ASSERTIONS
+ case_root=/tmp/tmp.dZyKvPwme8/lifecycle/profile-family-CARGO_PROFILE_RELEASE_DEBUG_ASSERTIONS
+ cp -a /tmp/tmp.dZyKvPwme8/lifecycle/template /tmp/tmp.dZyKvPwme8/lifecycle/profile-family-CARGO_PROFILE_RELEASE_DEBUG_ASSERTIONS
+ printf 'success\n'
+ printf 'pass\n'
+ env CARGO_PROFILE_RELEASE_DEBUG_ASSERTIONS=conflict PATH=/tmp/tmp.dZyKvPwme8/lifecycle/profile-family-CARGO_PROFILE_RELEASE_DEBUG_ASSERTIONS/bin:/home/bl/.local/bin:/home/bl/.codex/packages/standalone/releases/0.153.2-x86_64-unknown-linux-musl/codex-path:/home/bl/.codex/tmp/arg0/codex-arg0CWD760:/home/bl/.local/bin:/home/bl/.opencode/bin:/home/bl/.local/bin:/home/bl/.local/bin:/home/bl/.opencode/bin:/home/bl/.local/bin:/usr/local/sbin:/usr/local/bin:/usr/sbin:/usr/bin:/sbin:/bin:/usr/games:/usr/local/games:/snap/bin bash /tmp/tmp.dZyKvPwme8/lifecycle/profile-family-CARGO_PROFILE_RELEASE_DEBUG_ASSERTIONS/scripts/preflight-builtins-current-benchmark.sh
+ [[ ! -e /tmp/tmp.dZyKvPwme8/lifecycle/profile-family-CARGO_PROFILE_RELEASE_DEBUG_ASSERTIONS/build-calls ]]
+ [[ ! -e /tmp/tmp.dZyKvPwme8/lifecycle/profile-family-CARGO_PROFILE_RELEASE_DEBUG_ASSERTIONS/target/issue431-prepared/bench ]]
+ for override in CARGO_PROFILE_RELEASE_PANIC CARGO_PROFILE_RELEASE_DEBUG_ASSERTIONS CARGO_PROFILE_RELEASE_OVERFLOW_CHECKS CARGO_PROFILE_SOMETHING
+ new_case profile-family-CARGO_PROFILE_RELEASE_OVERFLOW_CHECKS
+ local name=profile-family-CARGO_PROFILE_RELEASE_OVERFLOW_CHECKS
+ case_root=/tmp/tmp.dZyKvPwme8/lifecycle/profile-family-CARGO_PROFILE_RELEASE_OVERFLOW_CHECKS
+ cp -a /tmp/tmp.dZyKvPwme8/lifecycle/template /tmp/tmp.dZyKvPwme8/lifecycle/profile-family-CARGO_PROFILE_RELEASE_OVERFLOW_CHECKS
+ printf 'success\n'
+ printf 'pass\n'
+ env CARGO_PROFILE_RELEASE_OVERFLOW_CHECKS=conflict PATH=/tmp/tmp.dZyKvPwme8/lifecycle/profile-family-CARGO_PROFILE_RELEASE_OVERFLOW_CHECKS/bin:/home/bl/.local/bin:/home/bl/.codex/packages/standalone/releases/0.153.2-x86_64-unknown-linux-musl/codex-path:/home/bl/.codex/tmp/arg0/codex-arg0CWD760:/home/bl/.local/bin:/home/bl/.opencode/bin:/home/bl/.local/bin:/home/bl/.local/bin:/home/bl/.opencode/bin:/home/bl/.local/bin:/usr/local/sbin:/usr/local/bin:/usr/sbin:/usr/bin:/sbin:/bin:/usr/games:/usr/local/games:/snap/bin bash /tmp/tmp.dZyKvPwme8/lifecycle/profile-family-CARGO_PROFILE_RELEASE_OVERFLOW_CHECKS/scripts/preflight-builtins-current-benchmark.sh
+ [[ ! -e /tmp/tmp.dZyKvPwme8/lifecycle/profile-family-CARGO_PROFILE_RELEASE_OVERFLOW_CHECKS/build-calls ]]
+ [[ ! -e /tmp/tmp.dZyKvPwme8/lifecycle/profile-family-CARGO_PROFILE_RELEASE_OVERFLOW_CHECKS/target/issue431-prepared/bench ]]
+ for override in CARGO_PROFILE_RELEASE_PANIC CARGO_PROFILE_RELEASE_DEBUG_ASSERTIONS CARGO_PROFILE_RELEASE_OVERFLOW_CHECKS CARGO_PROFILE_SOMETHING
+ new_case profile-family-CARGO_PROFILE_SOMETHING
+ local name=profile-family-CARGO_PROFILE_SOMETHING
+ case_root=/tmp/tmp.dZyKvPwme8/lifecycle/profile-family-CARGO_PROFILE_SOMETHING
+ cp -a /tmp/tmp.dZyKvPwme8/lifecycle/template /tmp/tmp.dZyKvPwme8/lifecycle/profile-family-CARGO_PROFILE_SOMETHING
+ printf 'success\n'
+ printf 'pass\n'
+ env CARGO_PROFILE_SOMETHING=conflict PATH=/tmp/tmp.dZyKvPwme8/lifecycle/profile-family-CARGO_PROFILE_SOMETHING/bin:/home/bl/.local/bin:/home/bl/.codex/packages/standalone/releases/0.153.2-x86_64-unknown-linux-musl/codex-path:/home/bl/.codex/tmp/arg0/codex-arg0CWD760:/home/bl/.local/bin:/home/bl/.opencode/bin:/home/bl/.local/bin:/home/bl/.local/bin:/home/bl/.opencode/bin:/home/bl/.local/bin:/usr/local/sbin:/usr/local/bin:/usr/sbin:/usr/bin:/sbin:/bin:/usr/games:/usr/local/games:/snap/bin bash /tmp/tmp.dZyKvPwme8/lifecycle/profile-family-CARGO_PROFILE_SOMETHING/scripts/preflight-builtins-current-benchmark.sh
+ [[ ! -e /tmp/tmp.dZyKvPwme8/lifecycle/profile-family-CARGO_PROFILE_SOMETHING/build-calls ]]
+ [[ ! -e /tmp/tmp.dZyKvPwme8/lifecycle/profile-family-CARGO_PROFILE_SOMETHING/target/issue431-prepared/bench ]]
+ new_case unsupported-host
+ local name=unsupported-host
+ case_root=/tmp/tmp.dZyKvPwme8/lifecycle/unsupported-host
+ cp -a /tmp/tmp.dZyKvPwme8/lifecycle/template /tmp/tmp.dZyKvPwme8/lifecycle/unsupported-host
+ printf 'success\n'
+ printf 'pass\n'
+ printf '%s\n' aarch64-unknown-linux-gnu
+ run_preflight
+ [[ ! -e /tmp/tmp.dZyKvPwme8/lifecycle/unsupported-host/build-calls ]]
+ [[ ! -e /tmp/tmp.dZyKvPwme8/lifecycle/unsupported-host/target/issue431-prepared/bench ]]
+ new_case malformed-host
+ local name=malformed-host
+ case_root=/tmp/tmp.dZyKvPwme8/lifecycle/malformed-host
+ cp -a /tmp/tmp.dZyKvPwme8/lifecycle/template /tmp/tmp.dZyKvPwme8/lifecycle/malformed-host
+ printf 'success\n'
+ printf 'pass\n'
+ printf '%s\n' malformed
+ run_preflight
+ [[ ! -e /tmp/tmp.dZyKvPwme8/lifecycle/malformed-host/build-calls ]]
+ [[ ! -e /tmp/tmp.dZyKvPwme8/lifecycle/malformed-host/target/issue431-prepared/bench ]]
+ new_case bad-args
+ local name=bad-args
+ case_root=/tmp/tmp.dZyKvPwme8/lifecycle/bad-args
+ cp -a /tmp/tmp.dZyKvPwme8/lifecycle/template /tmp/tmp.dZyKvPwme8/lifecycle/bad-args
+ printf 'success\n'
+ printf 'pass\n'
+ run_preflight
+ assert_fakes
+ local tool selected
+ for tool in cargo git rustc taskset sleep cat mktemp mv
++ PATH=/tmp/tmp.dZyKvPwme8/lifecycle/bad-args/bin:/home/bl/.local/bin:/home/bl/.codex/packages/standalone/releases/0.153.2-x86_64-unknown-linux-musl/codex-path:/home/bl/.codex/tmp/arg0/codex-arg0CWD760:/home/bl/.local/bin:/home/bl/.opencode/bin:/home/bl/.local/bin:/home/bl/.local/bin:/home/bl/.opencode/bin:/home/bl/.local/bin:/usr/local/sbin:/usr/local/bin:/usr/sbin:/usr/bin:/sbin:/bin:/usr/games:/usr/local/games:/snap/bin
++ command -v cargo
+ selected=/tmp/tmp.dZyKvPwme8/lifecycle/bad-args/bin/cargo
+ [[ /tmp/tmp.dZyKvPwme8/lifecycle/bad-args/bin/cargo == \/\t\m\p\/\t\m\p\.\d\Z\y\K\v\P\w\m\e\8\/\l\i\f\e\c\y\c\l\e\/\b\a\d\-\a\r\g\s\/\b\i\n\/\c\a\r\g\o ]]
+ for tool in cargo git rustc taskset sleep cat mktemp mv
++ PATH=/tmp/tmp.dZyKvPwme8/lifecycle/bad-args/bin:/home/bl/.local/bin:/home/bl/.codex/packages/standalone/releases/0.153.2-x86_64-unknown-linux-musl/codex-path:/home/bl/.codex/tmp/arg0/codex-arg0CWD760:/home/bl/.local/bin:/home/bl/.opencode/bin:/home/bl/.local/bin:/home/bl/.local/bin:/home/bl/.opencode/bin:/home/bl/.local/bin:/usr/local/sbin:/usr/local/bin:/usr/sbin:/usr/bin:/sbin:/bin:/usr/games:/usr/local/games:/snap/bin
++ command -v git
+ selected=/tmp/tmp.dZyKvPwme8/lifecycle/bad-args/bin/git
+ [[ /tmp/tmp.dZyKvPwme8/lifecycle/bad-args/bin/git == \/\t\m\p\/\t\m\p\.\d\Z\y\K\v\P\w\m\e\8\/\l\i\f\e\c\y\c\l\e\/\b\a\d\-\a\r\g\s\/\b\i\n\/\g\i\t ]]
+ for tool in cargo git rustc taskset sleep cat mktemp mv
++ PATH=/tmp/tmp.dZyKvPwme8/lifecycle/bad-args/bin:/home/bl/.local/bin:/home/bl/.codex/packages/standalone/releases/0.153.2-x86_64-unknown-linux-musl/codex-path:/home/bl/.codex/tmp/arg0/codex-arg0CWD760:/home/bl/.local/bin:/home/bl/.opencode/bin:/home/bl/.local/bin:/home/bl/.local/bin:/home/bl/.opencode/bin:/home/bl/.local/bin:/usr/local/sbin:/usr/local/bin:/usr/sbin:/usr/bin:/sbin:/bin:/usr/games:/usr/local/games:/snap/bin
++ command -v rustc
+ selected=/tmp/tmp.dZyKvPwme8/lifecycle/bad-args/bin/rustc
+ [[ /tmp/tmp.dZyKvPwme8/lifecycle/bad-args/bin/rustc == \/\t\m\p\/\t\m\p\.\d\Z\y\K\v\P\w\m\e\8\/\l\i\f\e\c\y\c\l\e\/\b\a\d\-\a\r\g\s\/\b\i\n\/\r\u\s\t\c ]]
+ for tool in cargo git rustc taskset sleep cat mktemp mv
++ PATH=/tmp/tmp.dZyKvPwme8/lifecycle/bad-args/bin:/home/bl/.local/bin:/home/bl/.codex/packages/standalone/releases/0.153.2-x86_64-unknown-linux-musl/codex-path:/home/bl/.codex/tmp/arg0/codex-arg0CWD760:/home/bl/.local/bin:/home/bl/.opencode/bin:/home/bl/.local/bin:/home/bl/.local/bin:/home/bl/.opencode/bin:/home/bl/.local/bin:/usr/local/sbin:/usr/local/bin:/usr/sbin:/usr/bin:/sbin:/bin:/usr/games:/usr/local/games:/snap/bin
++ command -v taskset
+ selected=/tmp/tmp.dZyKvPwme8/lifecycle/bad-args/bin/taskset
+ [[ /tmp/tmp.dZyKvPwme8/lifecycle/bad-args/bin/taskset == \/\t\m\p\/\t\m\p\.\d\Z\y\K\v\P\w\m\e\8\/\l\i\f\e\c\y\c\l\e\/\b\a\d\-\a\r\g\s\/\b\i\n\/\t\a\s\k\s\e\t ]]
+ for tool in cargo git rustc taskset sleep cat mktemp mv
++ PATH=/tmp/tmp.dZyKvPwme8/lifecycle/bad-args/bin:/home/bl/.local/bin:/home/bl/.codex/packages/standalone/releases/0.153.2-x86_64-unknown-linux-musl/codex-path:/home/bl/.codex/tmp/arg0/codex-arg0CWD760:/home/bl/.local/bin:/home/bl/.opencode/bin:/home/bl/.local/bin:/home/bl/.local/bin:/home/bl/.opencode/bin:/home/bl/.local/bin:/usr/local/sbin:/usr/local/bin:/usr/sbin:/usr/bin:/sbin:/bin:/usr/games:/usr/local/games:/snap/bin
++ command -v sleep
+ selected=/tmp/tmp.dZyKvPwme8/lifecycle/bad-args/bin/sleep
+ [[ /tmp/tmp.dZyKvPwme8/lifecycle/bad-args/bin/sleep == \/\t\m\p\/\t\m\p\.\d\Z\y\K\v\P\w\m\e\8\/\l\i\f\e\c\y\c\l\e\/\b\a\d\-\a\r\g\s\/\b\i\n\/\s\l\e\e\p ]]
+ for tool in cargo git rustc taskset sleep cat mktemp mv
++ PATH=/tmp/tmp.dZyKvPwme8/lifecycle/bad-args/bin:/home/bl/.local/bin:/home/bl/.codex/packages/standalone/releases/0.153.2-x86_64-unknown-linux-musl/codex-path:/home/bl/.codex/tmp/arg0/codex-arg0CWD760:/home/bl/.local/bin:/home/bl/.opencode/bin:/home/bl/.local/bin:/home/bl/.local/bin:/home/bl/.opencode/bin:/home/bl/.local/bin:/usr/local/sbin:/usr/local/bin:/usr/sbin:/usr/bin:/sbin:/bin:/usr/games:/usr/local/games:/snap/bin
++ command -v cat
+ selected=/tmp/tmp.dZyKvPwme8/lifecycle/bad-args/bin/cat
+ [[ /tmp/tmp.dZyKvPwme8/lifecycle/bad-args/bin/cat == \/\t\m\p\/\t\m\p\.\d\Z\y\K\v\P\w\m\e\8\/\l\i\f\e\c\y\c\l\e\/\b\a\d\-\a\r\g\s\/\b\i\n\/\c\a\t ]]
+ for tool in cargo git rustc taskset sleep cat mktemp mv
++ PATH=/tmp/tmp.dZyKvPwme8/lifecycle/bad-args/bin:/home/bl/.local/bin:/home/bl/.codex/packages/standalone/releases/0.153.2-x86_64-unknown-linux-musl/codex-path:/home/bl/.codex/tmp/arg0/codex-arg0CWD760:/home/bl/.local/bin:/home/bl/.opencode/bin:/home/bl/.local/bin:/home/bl/.local/bin:/home/bl/.opencode/bin:/home/bl/.local/bin:/usr/local/sbin:/usr/local/bin:/usr/sbin:/usr/bin:/sbin:/bin:/usr/games:/usr/local/games:/snap/bin
++ command -v mktemp
+ selected=/tmp/tmp.dZyKvPwme8/lifecycle/bad-args/bin/mktemp
+ [[ /tmp/tmp.dZyKvPwme8/lifecycle/bad-args/bin/mktemp == \/\t\m\p\/\t\m\p\.\d\Z\y\K\v\P\w\m\e\8\/\l\i\f\e\c\y\c\l\e\/\b\a\d\-\a\r\g\s\/\b\i\n\/\m\k\t\e\m\p ]]
+ for tool in cargo git rustc taskset sleep cat mktemp mv
++ PATH=/tmp/tmp.dZyKvPwme8/lifecycle/bad-args/bin:/home/bl/.local/bin:/home/bl/.codex/packages/standalone/releases/0.153.2-x86_64-unknown-linux-musl/codex-path:/home/bl/.codex/tmp/arg0/codex-arg0CWD760:/home/bl/.local/bin:/home/bl/.opencode/bin:/home/bl/.local/bin:/home/bl/.local/bin:/home/bl/.opencode/bin:/home/bl/.local/bin:/usr/local/sbin:/usr/local/bin:/usr/sbin:/usr/bin:/sbin:/bin:/usr/games:/usr/local/games:/snap/bin
++ command -v mv
+ selected=/tmp/tmp.dZyKvPwme8/lifecycle/bad-args/bin/mv
+ [[ /tmp/tmp.dZyKvPwme8/lifecycle/bad-args/bin/mv == \/\t\m\p\/\t\m\p\.\d\Z\y\K\v\P\w\m\e\8\/\l\i\f\e\c\y\c\l\e\/\b\a\d\-\a\r\g\s\/\b\i\n\/\m\v ]]
+ [[ -x /tmp/tmp.dZyKvPwme8/lifecycle/bad-args/synthetic-emitter.sh ]]
+ cd /
+ PATH=/tmp/tmp.dZyKvPwme8/lifecycle/bad-args/bin:/home/bl/.local/bin:/home/bl/.codex/packages/standalone/releases/0.153.2-x86_64-unknown-linux-musl/codex-path:/home/bl/.codex/tmp/arg0/codex-arg0CWD760:/home/bl/.local/bin:/home/bl/.opencode/bin:/home/bl/.local/bin:/home/bl/.local/bin:/home/bl/.opencode/bin:/home/bl/.local/bin:/usr/local/sbin:/usr/local/bin:/usr/sbin:/usr/bin:/sbin:/bin:/usr/games:/usr/local/games:/snap/bin
+ bash /tmp/tmp.dZyKvPwme8/lifecycle/bad-args/scripts/preflight-builtins-current-benchmark.sh
+ run_benchmark extra
+ disposition_reason FAIL invalid_arguments
+ jq -e --arg status FAIL --arg reason invalid_arguments '.status==$status and .reason==$reason and .runner_invocations==1' /tmp/tmp.dZyKvPwme8/lifecycle/bad-args/artifacts/issue431-full-chain/builtins-benchmark.disposition.json
+ [[ ! -e /tmp/tmp.dZyKvPwme8/lifecycle/bad-args/synthetic-launches ]]
+ for output_name in builtins-benchmark.raw.jsonl builtins-benchmark.jsonl builtins-benchmark.stderr
+ new_case existing-builtins-benchmark.raw.jsonl
+ local name=existing-builtins-benchmark.raw.jsonl
+ case_root=/tmp/tmp.dZyKvPwme8/lifecycle/existing-builtins-benchmark.raw.jsonl
+ cp -a /tmp/tmp.dZyKvPwme8/lifecycle/template /tmp/tmp.dZyKvPwme8/lifecycle/existing-builtins-benchmark.raw.jsonl
+ printf 'success\n'
+ printf 'pass\n'
+ run_preflight
+ assert_fakes
+ local tool selected
+ for tool in cargo git rustc taskset sleep cat mktemp mv
++ PATH=/tmp/tmp.dZyKvPwme8/lifecycle/existing-builtins-benchmark.raw.jsonl/bin:/home/bl/.local/bin:/home/bl/.codex/packages/standalone/releases/0.153.2-x86_64-unknown-linux-musl/codex-path:/home/bl/.codex/tmp/arg0/codex-arg0CWD760:/home/bl/.local/bin:/home/bl/.opencode/bin:/home/bl/.local/bin:/home/bl/.local/bin:/home/bl/.opencode/bin:/home/bl/.local/bin:/usr/local/sbin:/usr/local/bin:/usr/sbin:/usr/bin:/sbin:/bin:/usr/games:/usr/local/games:/snap/bin
++ command -v cargo
+ selected=/tmp/tmp.dZyKvPwme8/lifecycle/existing-builtins-benchmark.raw.jsonl/bin/cargo
+ [[ /tmp/tmp.dZyKvPwme8/lifecycle/existing-builtins-benchmark.raw.jsonl/bin/cargo == \/\t\m\p\/\t\m\p\.\d\Z\y\K\v\P\w\m\e\8\/\l\i\f\e\c\y\c\l\e\/\e\x\i\s\t\i\n\g\-\b\u\i\l\t\i\n\s\-\b\e\n\c\h\m\a\r\k\.\r\a\w\.\j\s\o\n\l\/\b\i\n\/\c\a\r\g\o ]]
+ for tool in cargo git rustc taskset sleep cat mktemp mv
++ PATH=/tmp/tmp.dZyKvPwme8/lifecycle/existing-builtins-benchmark.raw.jsonl/bin:/home/bl/.local/bin:/home/bl/.codex/packages/standalone/releases/0.153.2-x86_64-unknown-linux-musl/codex-path:/home/bl/.codex/tmp/arg0/codex-arg0CWD760:/home/bl/.local/bin:/home/bl/.opencode/bin:/home/bl/.local/bin:/home/bl/.local/bin:/home/bl/.opencode/bin:/home/bl/.local/bin:/usr/local/sbin:/usr/local/bin:/usr/sbin:/usr/bin:/sbin:/bin:/usr/games:/usr/local/games:/snap/bin
++ command -v git
+ selected=/tmp/tmp.dZyKvPwme8/lifecycle/existing-builtins-benchmark.raw.jsonl/bin/git
+ [[ /tmp/tmp.dZyKvPwme8/lifecycle/existing-builtins-benchmark.raw.jsonl/bin/git == \/\t\m\p\/\t\m\p\.\d\Z\y\K\v\P\w\m\e\8\/\l\i\f\e\c\y\c\l\e\/\e\x\i\s\t\i\n\g\-\b\u\i\l\t\i\n\s\-\b\e\n\c\h\m\a\r\k\.\r\a\w\.\j\s\o\n\l\/\b\i\n\/\g\i\t ]]
+ for tool in cargo git rustc taskset sleep cat mktemp mv
++ PATH=/tmp/tmp.dZyKvPwme8/lifecycle/existing-builtins-benchmark.raw.jsonl/bin:/home/bl/.local/bin:/home/bl/.codex/packages/standalone/releases/0.153.2-x86_64-unknown-linux-musl/codex-path:/home/bl/.codex/tmp/arg0/codex-arg0CWD760:/home/bl/.local/bin:/home/bl/.opencode/bin:/home/bl/.local/bin:/home/bl/.local/bin:/home/bl/.opencode/bin:/home/bl/.local/bin:/usr/local/sbin:/usr/local/bin:/usr/sbin:/usr/bin:/sbin:/bin:/usr/games:/usr/local/games:/snap/bin
++ command -v rustc
+ selected=/tmp/tmp.dZyKvPwme8/lifecycle/existing-builtins-benchmark.raw.jsonl/bin/rustc
+ [[ /tmp/tmp.dZyKvPwme8/lifecycle/existing-builtins-benchmark.raw.jsonl/bin/rustc == \/\t\m\p\/\t\m\p\.\d\Z\y\K\v\P\w\m\e\8\/\l\i\f\e\c\y\c\l\e\/\e\x\i\s\t\i\n\g\-\b\u\i\l\t\i\n\s\-\b\e\n\c\h\m\a\r\k\.\r\a\w\.\j\s\o\n\l\/\b\i\n\/\r\u\s\t\c ]]
+ for tool in cargo git rustc taskset sleep cat mktemp mv
++ PATH=/tmp/tmp.dZyKvPwme8/lifecycle/existing-builtins-benchmark.raw.jsonl/bin:/home/bl/.local/bin:/home/bl/.codex/packages/standalone/releases/0.153.2-x86_64-unknown-linux-musl/codex-path:/home/bl/.codex/tmp/arg0/codex-arg0CWD760:/home/bl/.local/bin:/home/bl/.opencode/bin:/home/bl/.local/bin:/home/bl/.local/bin:/home/bl/.opencode/bin:/home/bl/.local/bin:/usr/local/sbin:/usr/local/bin:/usr/sbin:/usr/bin:/sbin:/bin:/usr/games:/usr/local/games:/snap/bin
++ command -v taskset
+ selected=/tmp/tmp.dZyKvPwme8/lifecycle/existing-builtins-benchmark.raw.jsonl/bin/taskset
+ [[ /tmp/tmp.dZyKvPwme8/lifecycle/existing-builtins-benchmark.raw.jsonl/bin/taskset == \/\t\m\p\/\t\m\p\.\d\Z\y\K\v\P\w\m\e\8\/\l\i\f\e\c\y\c\l\e\/\e\x\i\s\t\i\n\g\-\b\u\i\l\t\i\n\s\-\b\e\n\c\h\m\a\r\k\.\r\a\w\.\j\s\o\n\l\/\b\i\n\/\t\a\s\k\s\e\t ]]
+ for tool in cargo git rustc taskset sleep cat mktemp mv
++ PATH=/tmp/tmp.dZyKvPwme8/lifecycle/existing-builtins-benchmark.raw.jsonl/bin:/home/bl/.local/bin:/home/bl/.codex/packages/standalone/releases/0.153.2-x86_64-unknown-linux-musl/codex-path:/home/bl/.codex/tmp/arg0/codex-arg0CWD760:/home/bl/.local/bin:/home/bl/.opencode/bin:/home/bl/.local/bin:/home/bl/.local/bin:/home/bl/.opencode/bin:/home/bl/.local/bin:/usr/local/sbin:/usr/local/bin:/usr/sbin:/usr/bin:/sbin:/bin:/usr/games:/usr/local/games:/snap/bin
++ command -v sleep
+ selected=/tmp/tmp.dZyKvPwme8/lifecycle/existing-builtins-benchmark.raw.jsonl/bin/sleep
+ [[ /tmp/tmp.dZyKvPwme8/lifecycle/existing-builtins-benchmark.raw.jsonl/bin/sleep == \/\t\m\p\/\t\m\p\.\d\Z\y\K\v\P\w\m\e\8\/\l\i\f\e\c\y\c\l\e\/\e\x\i\s\t\i\n\g\-\b\u\i\l\t\i\n\s\-\b\e\n\c\h\m\a\r\k\.\r\a\w\.\j\s\o\n\l\/\b\i\n\/\s\l\e\e\p ]]
+ for tool in cargo git rustc taskset sleep cat mktemp mv
++ PATH=/tmp/tmp.dZyKvPwme8/lifecycle/existing-builtins-benchmark.raw.jsonl/bin:/home/bl/.local/bin:/home/bl/.codex/packages/standalone/releases/0.153.2-x86_64-unknown-linux-musl/codex-path:/home/bl/.codex/tmp/arg0/codex-arg0CWD760:/home/bl/.local/bin:/home/bl/.opencode/bin:/home/bl/.local/bin:/home/bl/.local/bin:/home/bl/.opencode/bin:/home/bl/.local/bin:/usr/local/sbin:/usr/local/bin:/usr/sbin:/usr/bin:/sbin:/bin:/usr/games:/usr/local/games:/snap/bin
++ command -v cat
+ selected=/tmp/tmp.dZyKvPwme8/lifecycle/existing-builtins-benchmark.raw.jsonl/bin/cat
+ [[ /tmp/tmp.dZyKvPwme8/lifecycle/existing-builtins-benchmark.raw.jsonl/bin/cat == \/\t\m\p\/\t\m\p\.\d\Z\y\K\v\P\w\m\e\8\/\l\i\f\e\c\y\c\l\e\/\e\x\i\s\t\i\n\g\-\b\u\i\l\t\i\n\s\-\b\e\n\c\h\m\a\r\k\.\r\a\w\.\j\s\o\n\l\/\b\i\n\/\c\a\t ]]
+ for tool in cargo git rustc taskset sleep cat mktemp mv
++ PATH=/tmp/tmp.dZyKvPwme8/lifecycle/existing-builtins-benchmark.raw.jsonl/bin:/home/bl/.local/bin:/home/bl/.codex/packages/standalone/releases/0.153.2-x86_64-unknown-linux-musl/codex-path:/home/bl/.codex/tmp/arg0/codex-arg0CWD760:/home/bl/.local/bin:/home/bl/.opencode/bin:/home/bl/.local/bin:/home/bl/.local/bin:/home/bl/.opencode/bin:/home/bl/.local/bin:/usr/local/sbin:/usr/local/bin:/usr/sbin:/usr/bin:/sbin:/bin:/usr/games:/usr/local/games:/snap/bin
++ command -v mktemp
+ selected=/tmp/tmp.dZyKvPwme8/lifecycle/existing-builtins-benchmark.raw.jsonl/bin/mktemp
+ [[ /tmp/tmp.dZyKvPwme8/lifecycle/existing-builtins-benchmark.raw.jsonl/bin/mktemp == \/\t\m\p\/\t\m\p\.\d\Z\y\K\v\P\w\m\e\8\/\l\i\f\e\c\y\c\l\e\/\e\x\i\s\t\i\n\g\-\b\u\i\l\t\i\n\s\-\b\e\n\c\h\m\a\r\k\.\r\a\w\.\j\s\o\n\l\/\b\i\n\/\m\k\t\e\m\p ]]
+ for tool in cargo git rustc taskset sleep cat mktemp mv
++ PATH=/tmp/tmp.dZyKvPwme8/lifecycle/existing-builtins-benchmark.raw.jsonl/bin:/home/bl/.local/bin:/home/bl/.codex/packages/standalone/releases/0.153.2-x86_64-unknown-linux-musl/codex-path:/home/bl/.codex/tmp/arg0/codex-arg0CWD760:/home/bl/.local/bin:/home/bl/.opencode/bin:/home/bl/.local/bin:/home/bl/.local/bin:/home/bl/.opencode/bin:/home/bl/.local/bin:/usr/local/sbin:/usr/local/bin:/usr/sbin:/usr/bin:/sbin:/bin:/usr/games:/usr/local/games:/snap/bin
++ command -v mv
+ selected=/tmp/tmp.dZyKvPwme8/lifecycle/existing-builtins-benchmark.raw.jsonl/bin/mv
+ [[ /tmp/tmp.dZyKvPwme8/lifecycle/existing-builtins-benchmark.raw.jsonl/bin/mv == \/\t\m\p\/\t\m\p\.\d\Z\y\K\v\P\w\m\e\8\/\l\i\f\e\c\y\c\l\e\/\e\x\i\s\t\i\n\g\-\b\u\i\l\t\i\n\s\-\b\e\n\c\h\m\a\r\k\.\r\a\w\.\j\s\o\n\l\/\b\i\n\/\m\v ]]
+ [[ -x /tmp/tmp.dZyKvPwme8/lifecycle/existing-builtins-benchmark.raw.jsonl/synthetic-emitter.sh ]]
+ cd /
+ PATH=/tmp/tmp.dZyKvPwme8/lifecycle/existing-builtins-benchmark.raw.jsonl/bin:/home/bl/.local/bin:/home/bl/.codex/packages/standalone/releases/0.153.2-x86_64-unknown-linux-musl/codex-path:/home/bl/.codex/tmp/arg0/codex-arg0CWD760:/home/bl/.local/bin:/home/bl/.opencode/bin:/home/bl/.local/bin:/home/bl/.local/bin:/home/bl/.opencode/bin:/home/bl/.local/bin:/usr/local/sbin:/usr/local/bin:/usr/sbin:/usr/bin:/sbin:/bin:/usr/games:/usr/local/games:/snap/bin
+ bash /tmp/tmp.dZyKvPwme8/lifecycle/existing-builtins-benchmark.raw.jsonl/scripts/preflight-builtins-current-benchmark.sh
+ printf 'protected\n'
+ run_benchmark
+ disposition_reason FAIL existing_output
+ jq -e --arg status FAIL --arg reason existing_output '.status==$status and .reason==$reason and .runner_invocations==1' /tmp/tmp.dZyKvPwme8/lifecycle/existing-builtins-benchmark.raw.jsonl/artifacts/issue431-full-chain/builtins-benchmark.disposition.json
+ [[ protected == protected ]]
+ [[ ! -e /tmp/tmp.dZyKvPwme8/lifecycle/existing-builtins-benchmark.raw.jsonl/synthetic-launches ]]
+ for output_name in builtins-benchmark.raw.jsonl builtins-benchmark.jsonl builtins-benchmark.stderr
+ new_case existing-builtins-benchmark.jsonl
+ local name=existing-builtins-benchmark.jsonl
+ case_root=/tmp/tmp.dZyKvPwme8/lifecycle/existing-builtins-benchmark.jsonl
+ cp -a /tmp/tmp.dZyKvPwme8/lifecycle/template /tmp/tmp.dZyKvPwme8/lifecycle/existing-builtins-benchmark.jsonl
+ printf 'success\n'
+ printf 'pass\n'
+ run_preflight
+ assert_fakes
+ local tool selected
+ for tool in cargo git rustc taskset sleep cat mktemp mv
++ PATH=/tmp/tmp.dZyKvPwme8/lifecycle/existing-builtins-benchmark.jsonl/bin:/home/bl/.local/bin:/home/bl/.codex/packages/standalone/releases/0.153.2-x86_64-unknown-linux-musl/codex-path:/home/bl/.codex/tmp/arg0/codex-arg0CWD760:/home/bl/.local/bin:/home/bl/.opencode/bin:/home/bl/.local/bin:/home/bl/.local/bin:/home/bl/.opencode/bin:/home/bl/.local/bin:/usr/local/sbin:/usr/local/bin:/usr/sbin:/usr/bin:/sbin:/bin:/usr/games:/usr/local/games:/snap/bin
++ command -v cargo
+ selected=/tmp/tmp.dZyKvPwme8/lifecycle/existing-builtins-benchmark.jsonl/bin/cargo
+ [[ /tmp/tmp.dZyKvPwme8/lifecycle/existing-builtins-benchmark.jsonl/bin/cargo == \/\t\m\p\/\t\m\p\.\d\Z\y\K\v\P\w\m\e\8\/\l\i\f\e\c\y\c\l\e\/\e\x\i\s\t\i\n\g\-\b\u\i\l\t\i\n\s\-\b\e\n\c\h\m\a\r\k\.\j\s\o\n\l\/\b\i\n\/\c\a\r\g\o ]]
+ for tool in cargo git rustc taskset sleep cat mktemp mv
++ PATH=/tmp/tmp.dZyKvPwme8/lifecycle/existing-builtins-benchmark.jsonl/bin:/home/bl/.local/bin:/home/bl/.codex/packages/standalone/releases/0.153.2-x86_64-unknown-linux-musl/codex-path:/home/bl/.codex/tmp/arg0/codex-arg0CWD760:/home/bl/.local/bin:/home/bl/.opencode/bin:/home/bl/.local/bin:/home/bl/.local/bin:/home/bl/.opencode/bin:/home/bl/.local/bin:/usr/local/sbin:/usr/local/bin:/usr/sbin:/usr/bin:/sbin:/bin:/usr/games:/usr/local/games:/snap/bin
++ command -v git
+ selected=/tmp/tmp.dZyKvPwme8/lifecycle/existing-builtins-benchmark.jsonl/bin/git
+ [[ /tmp/tmp.dZyKvPwme8/lifecycle/existing-builtins-benchmark.jsonl/bin/git == \/\t\m\p\/\t\m\p\.\d\Z\y\K\v\P\w\m\e\8\/\l\i\f\e\c\y\c\l\e\/\e\x\i\s\t\i\n\g\-\b\u\i\l\t\i\n\s\-\b\e\n\c\h\m\a\r\k\.\j\s\o\n\l\/\b\i\n\/\g\i\t ]]
+ for tool in cargo git rustc taskset sleep cat mktemp mv
++ PATH=/tmp/tmp.dZyKvPwme8/lifecycle/existing-builtins-benchmark.jsonl/bin:/home/bl/.local/bin:/home/bl/.codex/packages/standalone/releases/0.153.2-x86_64-unknown-linux-musl/codex-path:/home/bl/.codex/tmp/arg0/codex-arg0CWD760:/home/bl/.local/bin:/home/bl/.opencode/bin:/home/bl/.local/bin:/home/bl/.local/bin:/home/bl/.opencode/bin:/home/bl/.local/bin:/usr/local/sbin:/usr/local/bin:/usr/sbin:/usr/bin:/sbin:/bin:/usr/games:/usr/local/games:/snap/bin
++ command -v rustc
+ selected=/tmp/tmp.dZyKvPwme8/lifecycle/existing-builtins-benchmark.jsonl/bin/rustc
+ [[ /tmp/tmp.dZyKvPwme8/lifecycle/existing-builtins-benchmark.jsonl/bin/rustc == \/\t\m\p\/\t\m\p\.\d\Z\y\K\v\P\w\m\e\8\/\l\i\f\e\c\y\c\l\e\/\e\x\i\s\t\i\n\g\-\b\u\i\l\t\i\n\s\-\b\e\n\c\h\m\a\r\k\.\j\s\o\n\l\/\b\i\n\/\r\u\s\t\c ]]
+ for tool in cargo git rustc taskset sleep cat mktemp mv
++ PATH=/tmp/tmp.dZyKvPwme8/lifecycle/existing-builtins-benchmark.jsonl/bin:/home/bl/.local/bin:/home/bl/.codex/packages/standalone/releases/0.153.2-x86_64-unknown-linux-musl/codex-path:/home/bl/.codex/tmp/arg0/codex-arg0CWD760:/home/bl/.local/bin:/home/bl/.opencode/bin:/home/bl/.local/bin:/home/bl/.local/bin:/home/bl/.opencode/bin:/home/bl/.local/bin:/usr/local/sbin:/usr/local/bin:/usr/sbin:/usr/bin:/sbin:/bin:/usr/games:/usr/local/games:/snap/bin
++ command -v taskset
+ selected=/tmp/tmp.dZyKvPwme8/lifecycle/existing-builtins-benchmark.jsonl/bin/taskset
+ [[ /tmp/tmp.dZyKvPwme8/lifecycle/existing-builtins-benchmark.jsonl/bin/taskset == \/\t\m\p\/\t\m\p\.\d\Z\y\K\v\P\w\m\e\8\/\l\i\f\e\c\y\c\l\e\/\e\x\i\s\t\i\n\g\-\b\u\i\l\t\i\n\s\-\b\e\n\c\h\m\a\r\k\.\j\s\o\n\l\/\b\i\n\/\t\a\s\k\s\e\t ]]
+ for tool in cargo git rustc taskset sleep cat mktemp mv
++ PATH=/tmp/tmp.dZyKvPwme8/lifecycle/existing-builtins-benchmark.jsonl/bin:/home/bl/.local/bin:/home/bl/.codex/packages/standalone/releases/0.153.2-x86_64-unknown-linux-musl/codex-path:/home/bl/.codex/tmp/arg0/codex-arg0CWD760:/home/bl/.local/bin:/home/bl/.opencode/bin:/home/bl/.local/bin:/home/bl/.local/bin:/home/bl/.opencode/bin:/home/bl/.local/bin:/usr/local/sbin:/usr/local/bin:/usr/sbin:/usr/bin:/sbin:/bin:/usr/games:/usr/local/games:/snap/bin
++ command -v sleep
+ selected=/tmp/tmp.dZyKvPwme8/lifecycle/existing-builtins-benchmark.jsonl/bin/sleep
+ [[ /tmp/tmp.dZyKvPwme8/lifecycle/existing-builtins-benchmark.jsonl/bin/sleep == \/\t\m\p\/\t\m\p\.\d\Z\y\K\v\P\w\m\e\8\/\l\i\f\e\c\y\c\l\e\/\e\x\i\s\t\i\n\g\-\b\u\i\l\t\i\n\s\-\b\e\n\c\h\m\a\r\k\.\j\s\o\n\l\/\b\i\n\/\s\l\e\e\p ]]
+ for tool in cargo git rustc taskset sleep cat mktemp mv
++ PATH=/tmp/tmp.dZyKvPwme8/lifecycle/existing-builtins-benchmark.jsonl/bin:/home/bl/.local/bin:/home/bl/.codex/packages/standalone/releases/0.153.2-x86_64-unknown-linux-musl/codex-path:/home/bl/.codex/tmp/arg0/codex-arg0CWD760:/home/bl/.local/bin:/home/bl/.opencode/bin:/home/bl/.local/bin:/home/bl/.local/bin:/home/bl/.opencode/bin:/home/bl/.local/bin:/usr/local/sbin:/usr/local/bin:/usr/sbin:/usr/bin:/sbin:/bin:/usr/games:/usr/local/games:/snap/bin
++ command -v cat
+ selected=/tmp/tmp.dZyKvPwme8/lifecycle/existing-builtins-benchmark.jsonl/bin/cat
+ [[ /tmp/tmp.dZyKvPwme8/lifecycle/existing-builtins-benchmark.jsonl/bin/cat == \/\t\m\p\/\t\m\p\.\d\Z\y\K\v\P\w\m\e\8\/\l\i\f\e\c\y\c\l\e\/\e\x\i\s\t\i\n\g\-\b\u\i\l\t\i\n\s\-\b\e\n\c\h\m\a\r\k\.\j\s\o\n\l\/\b\i\n\/\c\a\t ]]
+ for tool in cargo git rustc taskset sleep cat mktemp mv
++ PATH=/tmp/tmp.dZyKvPwme8/lifecycle/existing-builtins-benchmark.jsonl/bin:/home/bl/.local/bin:/home/bl/.codex/packages/standalone/releases/0.153.2-x86_64-unknown-linux-musl/codex-path:/home/bl/.codex/tmp/arg0/codex-arg0CWD760:/home/bl/.local/bin:/home/bl/.opencode/bin:/home/bl/.local/bin:/home/bl/.local/bin:/home/bl/.opencode/bin:/home/bl/.local/bin:/usr/local/sbin:/usr/local/bin:/usr/sbin:/usr/bin:/sbin:/bin:/usr/games:/usr/local/games:/snap/bin
++ command -v mktemp
+ selected=/tmp/tmp.dZyKvPwme8/lifecycle/existing-builtins-benchmark.jsonl/bin/mktemp
+ [[ /tmp/tmp.dZyKvPwme8/lifecycle/existing-builtins-benchmark.jsonl/bin/mktemp == \/\t\m\p\/\t\m\p\.\d\Z\y\K\v\P\w\m\e\8\/\l\i\f\e\c\y\c\l\e\/\e\x\i\s\t\i\n\g\-\b\u\i\l\t\i\n\s\-\b\e\n\c\h\m\a\r\k\.\j\s\o\n\l\/\b\i\n\/\m\k\t\e\m\p ]]
+ for tool in cargo git rustc taskset sleep cat mktemp mv
++ PATH=/tmp/tmp.dZyKvPwme8/lifecycle/existing-builtins-benchmark.jsonl/bin:/home/bl/.local/bin:/home/bl/.codex/packages/standalone/releases/0.153.2-x86_64-unknown-linux-musl/codex-path:/home/bl/.codex/tmp/arg0/codex-arg0CWD760:/home/bl/.local/bin:/home/bl/.opencode/bin:/home/bl/.local/bin:/home/bl/.local/bin:/home/bl/.opencode/bin:/home/bl/.local/bin:/usr/local/sbin:/usr/local/bin:/usr/sbin:/usr/bin:/sbin:/bin:/usr/games:/usr/local/games:/snap/bin
++ command -v mv
+ selected=/tmp/tmp.dZyKvPwme8/lifecycle/existing-builtins-benchmark.jsonl/bin/mv
+ [[ /tmp/tmp.dZyKvPwme8/lifecycle/existing-builtins-benchmark.jsonl/bin/mv == \/\t\m\p\/\t\m\p\.\d\Z\y\K\v\P\w\m\e\8\/\l\i\f\e\c\y\c\l\e\/\e\x\i\s\t\i\n\g\-\b\u\i\l\t\i\n\s\-\b\e\n\c\h\m\a\r\k\.\j\s\o\n\l\/\b\i\n\/\m\v ]]
+ [[ -x /tmp/tmp.dZyKvPwme8/lifecycle/existing-builtins-benchmark.jsonl/synthetic-emitter.sh ]]
+ cd /
+ PATH=/tmp/tmp.dZyKvPwme8/lifecycle/existing-builtins-benchmark.jsonl/bin:/home/bl/.local/bin:/home/bl/.codex/packages/standalone/releases/0.153.2-x86_64-unknown-linux-musl/codex-path:/home/bl/.codex/tmp/arg0/codex-arg0CWD760:/home/bl/.local/bin:/home/bl/.opencode/bin:/home/bl/.local/bin:/home/bl/.local/bin:/home/bl/.opencode/bin:/home/bl/.local/bin:/usr/local/sbin:/usr/local/bin:/usr/sbin:/usr/bin:/sbin:/bin:/usr/games:/usr/local/games:/snap/bin
+ bash /tmp/tmp.dZyKvPwme8/lifecycle/existing-builtins-benchmark.jsonl/scripts/preflight-builtins-current-benchmark.sh
+ printf 'protected\n'
+ run_benchmark
+ disposition_reason FAIL existing_output
+ jq -e --arg status FAIL --arg reason existing_output '.status==$status and .reason==$reason and .runner_invocations==1' /tmp/tmp.dZyKvPwme8/lifecycle/existing-builtins-benchmark.jsonl/artifacts/issue431-full-chain/builtins-benchmark.disposition.json
+ [[ protected == protected ]]
+ [[ ! -e /tmp/tmp.dZyKvPwme8/lifecycle/existing-builtins-benchmark.jsonl/synthetic-launches ]]
+ for output_name in builtins-benchmark.raw.jsonl builtins-benchmark.jsonl builtins-benchmark.stderr
+ new_case existing-builtins-benchmark.stderr
+ local name=existing-builtins-benchmark.stderr
+ case_root=/tmp/tmp.dZyKvPwme8/lifecycle/existing-builtins-benchmark.stderr
+ cp -a /tmp/tmp.dZyKvPwme8/lifecycle/template /tmp/tmp.dZyKvPwme8/lifecycle/existing-builtins-benchmark.stderr
+ printf 'success\n'
+ printf 'pass\n'
+ run_preflight
+ assert_fakes
+ local tool selected
+ for tool in cargo git rustc taskset sleep cat mktemp mv
++ PATH=/tmp/tmp.dZyKvPwme8/lifecycle/existing-builtins-benchmark.stderr/bin:/home/bl/.local/bin:/home/bl/.codex/packages/standalone/releases/0.153.2-x86_64-unknown-linux-musl/codex-path:/home/bl/.codex/tmp/arg0/codex-arg0CWD760:/home/bl/.local/bin:/home/bl/.opencode/bin:/home/bl/.local/bin:/home/bl/.local/bin:/home/bl/.opencode/bin:/home/bl/.local/bin:/usr/local/sbin:/usr/local/bin:/usr/sbin:/usr/bin:/sbin:/bin:/usr/games:/usr/local/games:/snap/bin
++ command -v cargo
+ selected=/tmp/tmp.dZyKvPwme8/lifecycle/existing-builtins-benchmark.stderr/bin/cargo
+ [[ /tmp/tmp.dZyKvPwme8/lifecycle/existing-builtins-benchmark.stderr/bin/cargo == \/\t\m\p\/\t\m\p\.\d\Z\y\K\v\P\w\m\e\8\/\l\i\f\e\c\y\c\l\e\/\e\x\i\s\t\i\n\g\-\b\u\i\l\t\i\n\s\-\b\e\n\c\h\m\a\r\k\.\s\t\d\e\r\r\/\b\i\n\/\c\a\r\g\o ]]
+ for tool in cargo git rustc taskset sleep cat mktemp mv
++ PATH=/tmp/tmp.dZyKvPwme8/lifecycle/existing-builtins-benchmark.stderr/bin:/home/bl/.local/bin:/home/bl/.codex/packages/standalone/releases/0.153.2-x86_64-unknown-linux-musl/codex-path:/home/bl/.codex/tmp/arg0/codex-arg0CWD760:/home/bl/.local/bin:/home/bl/.opencode/bin:/home/bl/.local/bin:/home/bl/.local/bin:/home/bl/.opencode/bin:/home/bl/.local/bin:/usr/local/sbin:/usr/local/bin:/usr/sbin:/usr/bin:/sbin:/bin:/usr/games:/usr/local/games:/snap/bin
++ command -v git
+ selected=/tmp/tmp.dZyKvPwme8/lifecycle/existing-builtins-benchmark.stderr/bin/git
+ [[ /tmp/tmp.dZyKvPwme8/lifecycle/existing-builtins-benchmark.stderr/bin/git == \/\t\m\p\/\t\m\p\.\d\Z\y\K\v\P\w\m\e\8\/\l\i\f\e\c\y\c\l\e\/\e\x\i\s\t\i\n\g\-\b\u\i\l\t\i\n\s\-\b\e\n\c\h\m\a\r\k\.\s\t\d\e\r\r\/\b\i\n\/\g\i\t ]]
+ for tool in cargo git rustc taskset sleep cat mktemp mv
++ PATH=/tmp/tmp.dZyKvPwme8/lifecycle/existing-builtins-benchmark.stderr/bin:/home/bl/.local/bin:/home/bl/.codex/packages/standalone/releases/0.153.2-x86_64-unknown-linux-musl/codex-path:/home/bl/.codex/tmp/arg0/codex-arg0CWD760:/home/bl/.local/bin:/home/bl/.opencode/bin:/home/bl/.local/bin:/home/bl/.local/bin:/home/bl/.opencode/bin:/home/bl/.local/bin:/usr/local/sbin:/usr/local/bin:/usr/sbin:/usr/bin:/sbin:/bin:/usr/games:/usr/local/games:/snap/bin
++ command -v rustc
+ selected=/tmp/tmp.dZyKvPwme8/lifecycle/existing-builtins-benchmark.stderr/bin/rustc
+ [[ /tmp/tmp.dZyKvPwme8/lifecycle/existing-builtins-benchmark.stderr/bin/rustc == \/\t\m\p\/\t\m\p\.\d\Z\y\K\v\P\w\m\e\8\/\l\i\f\e\c\y\c\l\e\/\e\x\i\s\t\i\n\g\-\b\u\i\l\t\i\n\s\-\b\e\n\c\h\m\a\r\k\.\s\t\d\e\r\r\/\b\i\n\/\r\u\s\t\c ]]
+ for tool in cargo git rustc taskset sleep cat mktemp mv
++ PATH=/tmp/tmp.dZyKvPwme8/lifecycle/existing-builtins-benchmark.stderr/bin:/home/bl/.local/bin:/home/bl/.codex/packages/standalone/releases/0.153.2-x86_64-unknown-linux-musl/codex-path:/home/bl/.codex/tmp/arg0/codex-arg0CWD760:/home/bl/.local/bin:/home/bl/.opencode/bin:/home/bl/.local/bin:/home/bl/.local/bin:/home/bl/.opencode/bin:/home/bl/.local/bin:/usr/local/sbin:/usr/local/bin:/usr/sbin:/usr/bin:/sbin:/bin:/usr/games:/usr/local/games:/snap/bin
++ command -v taskset
+ selected=/tmp/tmp.dZyKvPwme8/lifecycle/existing-builtins-benchmark.stderr/bin/taskset
+ [[ /tmp/tmp.dZyKvPwme8/lifecycle/existing-builtins-benchmark.stderr/bin/taskset == \/\t\m\p\/\t\m\p\.\d\Z\y\K\v\P\w\m\e\8\/\l\i\f\e\c\y\c\l\e\/\e\x\i\s\t\i\n\g\-\b\u\i\l\t\i\n\s\-\b\e\n\c\h\m\a\r\k\.\s\t\d\e\r\r\/\b\i\n\/\t\a\s\k\s\e\t ]]
+ for tool in cargo git rustc taskset sleep cat mktemp mv
++ PATH=/tmp/tmp.dZyKvPwme8/lifecycle/existing-builtins-benchmark.stderr/bin:/home/bl/.local/bin:/home/bl/.codex/packages/standalone/releases/0.153.2-x86_64-unknown-linux-musl/codex-path:/home/bl/.codex/tmp/arg0/codex-arg0CWD760:/home/bl/.local/bin:/home/bl/.opencode/bin:/home/bl/.local/bin:/home/bl/.local/bin:/home/bl/.opencode/bin:/home/bl/.local/bin:/usr/local/sbin:/usr/local/bin:/usr/sbin:/usr/bin:/sbin:/bin:/usr/games:/usr/local/games:/snap/bin
++ command -v sleep
+ selected=/tmp/tmp.dZyKvPwme8/lifecycle/existing-builtins-benchmark.stderr/bin/sleep
+ [[ /tmp/tmp.dZyKvPwme8/lifecycle/existing-builtins-benchmark.stderr/bin/sleep == \/\t\m\p\/\t\m\p\.\d\Z\y\K\v\P\w\m\e\8\/\l\i\f\e\c\y\c\l\e\/\e\x\i\s\t\i\n\g\-\b\u\i\l\t\i\n\s\-\b\e\n\c\h\m\a\r\k\.\s\t\d\e\r\r\/\b\i\n\/\s\l\e\e\p ]]
+ for tool in cargo git rustc taskset sleep cat mktemp mv
++ PATH=/tmp/tmp.dZyKvPwme8/lifecycle/existing-builtins-benchmark.stderr/bin:/home/bl/.local/bin:/home/bl/.codex/packages/standalone/releases/0.153.2-x86_64-unknown-linux-musl/codex-path:/home/bl/.codex/tmp/arg0/codex-arg0CWD760:/home/bl/.local/bin:/home/bl/.opencode/bin:/home/bl/.local/bin:/home/bl/.local/bin:/home/bl/.opencode/bin:/home/bl/.local/bin:/usr/local/sbin:/usr/local/bin:/usr/sbin:/usr/bin:/sbin:/bin:/usr/games:/usr/local/games:/snap/bin
++ command -v cat
+ selected=/tmp/tmp.dZyKvPwme8/lifecycle/existing-builtins-benchmark.stderr/bin/cat
+ [[ /tmp/tmp.dZyKvPwme8/lifecycle/existing-builtins-benchmark.stderr/bin/cat == \/\t\m\p\/\t\m\p\.\d\Z\y\K\v\P\w\m\e\8\/\l\i\f\e\c\y\c\l\e\/\e\x\i\s\t\i\n\g\-\b\u\i\l\t\i\n\s\-\b\e\n\c\h\m\a\r\k\.\s\t\d\e\r\r\/\b\i\n\/\c\a\t ]]
+ for tool in cargo git rustc taskset sleep cat mktemp mv
++ PATH=/tmp/tmp.dZyKvPwme8/lifecycle/existing-builtins-benchmark.stderr/bin:/home/bl/.local/bin:/home/bl/.codex/packages/standalone/releases/0.153.2-x86_64-unknown-linux-musl/codex-path:/home/bl/.codex/tmp/arg0/codex-arg0CWD760:/home/bl/.local/bin:/home/bl/.opencode/bin:/home/bl/.local/bin:/home/bl/.local/bin:/home/bl/.opencode/bin:/home/bl/.local/bin:/usr/local/sbin:/usr/local/bin:/usr/sbin:/usr/bin:/sbin:/bin:/usr/games:/usr/local/games:/snap/bin
++ command -v mktemp
+ selected=/tmp/tmp.dZyKvPwme8/lifecycle/existing-builtins-benchmark.stderr/bin/mktemp
+ [[ /tmp/tmp.dZyKvPwme8/lifecycle/existing-builtins-benchmark.stderr/bin/mktemp == \/\t\m\p\/\t\m\p\.\d\Z\y\K\v\P\w\m\e\8\/\l\i\f\e\c\y\c\l\e\/\e\x\i\s\t\i\n\g\-\b\u\i\l\t\i\n\s\-\b\e\n\c\h\m\a\r\k\.\s\t\d\e\r\r\/\b\i\n\/\m\k\t\e\m\p ]]
+ for tool in cargo git rustc taskset sleep cat mktemp mv
++ PATH=/tmp/tmp.dZyKvPwme8/lifecycle/existing-builtins-benchmark.stderr/bin:/home/bl/.local/bin:/home/bl/.codex/packages/standalone/releases/0.153.2-x86_64-unknown-linux-musl/codex-path:/home/bl/.codex/tmp/arg0/codex-arg0CWD760:/home/bl/.local/bin:/home/bl/.opencode/bin:/home/bl/.local/bin:/home/bl/.local/bin:/home/bl/.opencode/bin:/home/bl/.local/bin:/usr/local/sbin:/usr/local/bin:/usr/sbin:/usr/bin:/sbin:/bin:/usr/games:/usr/local/games:/snap/bin
++ command -v mv
+ selected=/tmp/tmp.dZyKvPwme8/lifecycle/existing-builtins-benchmark.stderr/bin/mv
+ [[ /tmp/tmp.dZyKvPwme8/lifecycle/existing-builtins-benchmark.stderr/bin/mv == \/\t\m\p\/\t\m\p\.\d\Z\y\K\v\P\w\m\e\8\/\l\i\f\e\c\y\c\l\e\/\e\x\i\s\t\i\n\g\-\b\u\i\l\t\i\n\s\-\b\e\n\c\h\m\a\r\k\.\s\t\d\e\r\r\/\b\i\n\/\m\v ]]
+ [[ -x /tmp/tmp.dZyKvPwme8/lifecycle/existing-builtins-benchmark.stderr/synthetic-emitter.sh ]]
+ cd /
+ PATH=/tmp/tmp.dZyKvPwme8/lifecycle/existing-builtins-benchmark.stderr/bin:/home/bl/.local/bin:/home/bl/.codex/packages/standalone/releases/0.153.2-x86_64-unknown-linux-musl/codex-path:/home/bl/.codex/tmp/arg0/codex-arg0CWD760:/home/bl/.local/bin:/home/bl/.opencode/bin:/home/bl/.local/bin:/home/bl/.local/bin:/home/bl/.opencode/bin:/home/bl/.local/bin:/usr/local/sbin:/usr/local/bin:/usr/sbin:/usr/bin:/sbin:/bin:/usr/games:/usr/local/games:/snap/bin
+ bash /tmp/tmp.dZyKvPwme8/lifecycle/existing-builtins-benchmark.stderr/scripts/preflight-builtins-current-benchmark.sh
+ printf 'protected\n'
+ run_benchmark
+ disposition_reason FAIL existing_output
+ jq -e --arg status FAIL --arg reason existing_output '.status==$status and .reason==$reason and .runner_invocations==1' /tmp/tmp.dZyKvPwme8/lifecycle/existing-builtins-benchmark.stderr/artifacts/issue431-full-chain/builtins-benchmark.disposition.json
+ [[ protected == protected ]]
+ [[ ! -e /tmp/tmp.dZyKvPwme8/lifecycle/existing-builtins-benchmark.stderr/synthetic-launches ]]
+ new_case symlink-output
+ local name=symlink-output
+ case_root=/tmp/tmp.dZyKvPwme8/lifecycle/symlink-output
+ cp -a /tmp/tmp.dZyKvPwme8/lifecycle/template /tmp/tmp.dZyKvPwme8/lifecycle/symlink-output
+ printf 'success\n'
+ printf 'pass\n'
+ run_preflight
+ assert_fakes
+ local tool selected
+ for tool in cargo git rustc taskset sleep cat mktemp mv
++ PATH=/tmp/tmp.dZyKvPwme8/lifecycle/symlink-output/bin:/home/bl/.local/bin:/home/bl/.codex/packages/standalone/releases/0.153.2-x86_64-unknown-linux-musl/codex-path:/home/bl/.codex/tmp/arg0/codex-arg0CWD760:/home/bl/.local/bin:/home/bl/.opencode/bin:/home/bl/.local/bin:/home/bl/.local/bin:/home/bl/.opencode/bin:/home/bl/.local/bin:/usr/local/sbin:/usr/local/bin:/usr/sbin:/usr/bin:/sbin:/bin:/usr/games:/usr/local/games:/snap/bin
++ command -v cargo
+ selected=/tmp/tmp.dZyKvPwme8/lifecycle/symlink-output/bin/cargo
+ [[ /tmp/tmp.dZyKvPwme8/lifecycle/symlink-output/bin/cargo == \/\t\m\p\/\t\m\p\.\d\Z\y\K\v\P\w\m\e\8\/\l\i\f\e\c\y\c\l\e\/\s\y\m\l\i\n\k\-\o\u\t\p\u\t\/\b\i\n\/\c\a\r\g\o ]]
+ for tool in cargo git rustc taskset sleep cat mktemp mv
++ PATH=/tmp/tmp.dZyKvPwme8/lifecycle/symlink-output/bin:/home/bl/.local/bin:/home/bl/.codex/packages/standalone/releases/0.153.2-x86_64-unknown-linux-musl/codex-path:/home/bl/.codex/tmp/arg0/codex-arg0CWD760:/home/bl/.local/bin:/home/bl/.opencode/bin:/home/bl/.local/bin:/home/bl/.local/bin:/home/bl/.opencode/bin:/home/bl/.local/bin:/usr/local/sbin:/usr/local/bin:/usr/sbin:/usr/bin:/sbin:/bin:/usr/games:/usr/local/games:/snap/bin
++ command -v git
+ selected=/tmp/tmp.dZyKvPwme8/lifecycle/symlink-output/bin/git
+ [[ /tmp/tmp.dZyKvPwme8/lifecycle/symlink-output/bin/git == \/\t\m\p\/\t\m\p\.\d\Z\y\K\v\P\w\m\e\8\/\l\i\f\e\c\y\c\l\e\/\s\y\m\l\i\n\k\-\o\u\t\p\u\t\/\b\i\n\/\g\i\t ]]
+ for tool in cargo git rustc taskset sleep cat mktemp mv
++ PATH=/tmp/tmp.dZyKvPwme8/lifecycle/symlink-output/bin:/home/bl/.local/bin:/home/bl/.codex/packages/standalone/releases/0.153.2-x86_64-unknown-linux-musl/codex-path:/home/bl/.codex/tmp/arg0/codex-arg0CWD760:/home/bl/.local/bin:/home/bl/.opencode/bin:/home/bl/.local/bin:/home/bl/.local/bin:/home/bl/.opencode/bin:/home/bl/.local/bin:/usr/local/sbin:/usr/local/bin:/usr/sbin:/usr/bin:/sbin:/bin:/usr/games:/usr/local/games:/snap/bin
++ command -v rustc
+ selected=/tmp/tmp.dZyKvPwme8/lifecycle/symlink-output/bin/rustc
+ [[ /tmp/tmp.dZyKvPwme8/lifecycle/symlink-output/bin/rustc == \/\t\m\p\/\t\m\p\.\d\Z\y\K\v\P\w\m\e\8\/\l\i\f\e\c\y\c\l\e\/\s\y\m\l\i\n\k\-\o\u\t\p\u\t\/\b\i\n\/\r\u\s\t\c ]]
+ for tool in cargo git rustc taskset sleep cat mktemp mv
++ PATH=/tmp/tmp.dZyKvPwme8/lifecycle/symlink-output/bin:/home/bl/.local/bin:/home/bl/.codex/packages/standalone/releases/0.153.2-x86_64-unknown-linux-musl/codex-path:/home/bl/.codex/tmp/arg0/codex-arg0CWD760:/home/bl/.local/bin:/home/bl/.opencode/bin:/home/bl/.local/bin:/home/bl/.local/bin:/home/bl/.opencode/bin:/home/bl/.local/bin:/usr/local/sbin:/usr/local/bin:/usr/sbin:/usr/bin:/sbin:/bin:/usr/games:/usr/local/games:/snap/bin
++ command -v taskset
+ selected=/tmp/tmp.dZyKvPwme8/lifecycle/symlink-output/bin/taskset
+ [[ /tmp/tmp.dZyKvPwme8/lifecycle/symlink-output/bin/taskset == \/\t\m\p\/\t\m\p\.\d\Z\y\K\v\P\w\m\e\8\/\l\i\f\e\c\y\c\l\e\/\s\y\m\l\i\n\k\-\o\u\t\p\u\t\/\b\i\n\/\t\a\s\k\s\e\t ]]
+ for tool in cargo git rustc taskset sleep cat mktemp mv
++ PATH=/tmp/tmp.dZyKvPwme8/lifecycle/symlink-output/bin:/home/bl/.local/bin:/home/bl/.codex/packages/standalone/releases/0.153.2-x86_64-unknown-linux-musl/codex-path:/home/bl/.codex/tmp/arg0/codex-arg0CWD760:/home/bl/.local/bin:/home/bl/.opencode/bin:/home/bl/.local/bin:/home/bl/.local/bin:/home/bl/.opencode/bin:/home/bl/.local/bin:/usr/local/sbin:/usr/local/bin:/usr/sbin:/usr/bin:/sbin:/bin:/usr/games:/usr/local/games:/snap/bin
++ command -v sleep
+ selected=/tmp/tmp.dZyKvPwme8/lifecycle/symlink-output/bin/sleep
+ [[ /tmp/tmp.dZyKvPwme8/lifecycle/symlink-output/bin/sleep == \/\t\m\p\/\t\m\p\.\d\Z\y\K\v\P\w\m\e\8\/\l\i\f\e\c\y\c\l\e\/\s\y\m\l\i\n\k\-\o\u\t\p\u\t\/\b\i\n\/\s\l\e\e\p ]]
+ for tool in cargo git rustc taskset sleep cat mktemp mv
++ PATH=/tmp/tmp.dZyKvPwme8/lifecycle/symlink-output/bin:/home/bl/.local/bin:/home/bl/.codex/packages/standalone/releases/0.153.2-x86_64-unknown-linux-musl/codex-path:/home/bl/.codex/tmp/arg0/codex-arg0CWD760:/home/bl/.local/bin:/home/bl/.opencode/bin:/home/bl/.local/bin:/home/bl/.local/bin:/home/bl/.opencode/bin:/home/bl/.local/bin:/usr/local/sbin:/usr/local/bin:/usr/sbin:/usr/bin:/sbin:/bin:/usr/games:/usr/local/games:/snap/bin
++ command -v cat
+ selected=/tmp/tmp.dZyKvPwme8/lifecycle/symlink-output/bin/cat
+ [[ /tmp/tmp.dZyKvPwme8/lifecycle/symlink-output/bin/cat == \/\t\m\p\/\t\m\p\.\d\Z\y\K\v\P\w\m\e\8\/\l\i\f\e\c\y\c\l\e\/\s\y\m\l\i\n\k\-\o\u\t\p\u\t\/\b\i\n\/\c\a\t ]]
+ for tool in cargo git rustc taskset sleep cat mktemp mv
++ PATH=/tmp/tmp.dZyKvPwme8/lifecycle/symlink-output/bin:/home/bl/.local/bin:/home/bl/.codex/packages/standalone/releases/0.153.2-x86_64-unknown-linux-musl/codex-path:/home/bl/.codex/tmp/arg0/codex-arg0CWD760:/home/bl/.local/bin:/home/bl/.opencode/bin:/home/bl/.local/bin:/home/bl/.local/bin:/home/bl/.opencode/bin:/home/bl/.local/bin:/usr/local/sbin:/usr/local/bin:/usr/sbin:/usr/bin:/sbin:/bin:/usr/games:/usr/local/games:/snap/bin
++ command -v mktemp
+ selected=/tmp/tmp.dZyKvPwme8/lifecycle/symlink-output/bin/mktemp
+ [[ /tmp/tmp.dZyKvPwme8/lifecycle/symlink-output/bin/mktemp == \/\t\m\p\/\t\m\p\.\d\Z\y\K\v\P\w\m\e\8\/\l\i\f\e\c\y\c\l\e\/\s\y\m\l\i\n\k\-\o\u\t\p\u\t\/\b\i\n\/\m\k\t\e\m\p ]]
+ for tool in cargo git rustc taskset sleep cat mktemp mv
++ PATH=/tmp/tmp.dZyKvPwme8/lifecycle/symlink-output/bin:/home/bl/.local/bin:/home/bl/.codex/packages/standalone/releases/0.153.2-x86_64-unknown-linux-musl/codex-path:/home/bl/.codex/tmp/arg0/codex-arg0CWD760:/home/bl/.local/bin:/home/bl/.opencode/bin:/home/bl/.local/bin:/home/bl/.local/bin:/home/bl/.opencode/bin:/home/bl/.local/bin:/usr/local/sbin:/usr/local/bin:/usr/sbin:/usr/bin:/sbin:/bin:/usr/games:/usr/local/games:/snap/bin
++ command -v mv
+ selected=/tmp/tmp.dZyKvPwme8/lifecycle/symlink-output/bin/mv
+ [[ /tmp/tmp.dZyKvPwme8/lifecycle/symlink-output/bin/mv == \/\t\m\p\/\t\m\p\.\d\Z\y\K\v\P\w\m\e\8\/\l\i\f\e\c\y\c\l\e\/\s\y\m\l\i\n\k\-\o\u\t\p\u\t\/\b\i\n\/\m\v ]]
+ [[ -x /tmp/tmp.dZyKvPwme8/lifecycle/symlink-output/synthetic-emitter.sh ]]
+ cd /
+ PATH=/tmp/tmp.dZyKvPwme8/lifecycle/symlink-output/bin:/home/bl/.local/bin:/home/bl/.codex/packages/standalone/releases/0.153.2-x86_64-unknown-linux-musl/codex-path:/home/bl/.codex/tmp/arg0/codex-arg0CWD760:/home/bl/.local/bin:/home/bl/.opencode/bin:/home/bl/.local/bin:/home/bl/.local/bin:/home/bl/.opencode/bin:/home/bl/.local/bin:/usr/local/sbin:/usr/local/bin:/usr/sbin:/usr/bin:/sbin:/bin:/usr/games:/usr/local/games:/snap/bin
+ bash /tmp/tmp.dZyKvPwme8/lifecycle/symlink-output/scripts/preflight-builtins-current-benchmark.sh
+ ln -s /tmp/tmp.dZyKvPwme8/lifecycle/symlink-output/protected /tmp/tmp.dZyKvPwme8/lifecycle/symlink-output/artifacts/issue431-full-chain/builtins-benchmark.raw.jsonl
+ run_benchmark
+ disposition_reason FAIL existing_output
+ jq -e --arg status FAIL --arg reason existing_output '.status==$status and .reason==$reason and .runner_invocations==1' /tmp/tmp.dZyKvPwme8/lifecycle/symlink-output/artifacts/issue431-full-chain/builtins-benchmark.disposition.json
+ [[ ! -e /tmp/tmp.dZyKvPwme8/lifecycle/symlink-output/synthetic-launches ]]
+ new_case reservation-race
+ local name=reservation-race
+ case_root=/tmp/tmp.dZyKvPwme8/lifecycle/reservation-race
+ cp -a /tmp/tmp.dZyKvPwme8/lifecycle/template /tmp/tmp.dZyKvPwme8/lifecycle/reservation-race
+ printf 'success\n'
+ printf 'pass\n'
+ run_preflight
+ assert_fakes
+ local tool selected
+ for tool in cargo git rustc taskset sleep cat mktemp mv
++ PATH=/tmp/tmp.dZyKvPwme8/lifecycle/reservation-race/bin:/home/bl/.local/bin:/home/bl/.codex/packages/standalone/releases/0.153.2-x86_64-unknown-linux-musl/codex-path:/home/bl/.codex/tmp/arg0/codex-arg0CWD760:/home/bl/.local/bin:/home/bl/.opencode/bin:/home/bl/.local/bin:/home/bl/.local/bin:/home/bl/.opencode/bin:/home/bl/.local/bin:/usr/local/sbin:/usr/local/bin:/usr/sbin:/usr/bin:/sbin:/bin:/usr/games:/usr/local/games:/snap/bin
++ command -v cargo
+ selected=/tmp/tmp.dZyKvPwme8/lifecycle/reservation-race/bin/cargo
+ [[ /tmp/tmp.dZyKvPwme8/lifecycle/reservation-race/bin/cargo == \/\t\m\p\/\t\m\p\.\d\Z\y\K\v\P\w\m\e\8\/\l\i\f\e\c\y\c\l\e\/\r\e\s\e\r\v\a\t\i\o\n\-\r\a\c\e\/\b\i\n\/\c\a\r\g\o ]]
+ for tool in cargo git rustc taskset sleep cat mktemp mv
++ PATH=/tmp/tmp.dZyKvPwme8/lifecycle/reservation-race/bin:/home/bl/.local/bin:/home/bl/.codex/packages/standalone/releases/0.153.2-x86_64-unknown-linux-musl/codex-path:/home/bl/.codex/tmp/arg0/codex-arg0CWD760:/home/bl/.local/bin:/home/bl/.opencode/bin:/home/bl/.local/bin:/home/bl/.local/bin:/home/bl/.opencode/bin:/home/bl/.local/bin:/usr/local/sbin:/usr/local/bin:/usr/sbin:/usr/bin:/sbin:/bin:/usr/games:/usr/local/games:/snap/bin
++ command -v git
+ selected=/tmp/tmp.dZyKvPwme8/lifecycle/reservation-race/bin/git
+ [[ /tmp/tmp.dZyKvPwme8/lifecycle/reservation-race/bin/git == \/\t\m\p\/\t\m\p\.\d\Z\y\K\v\P\w\m\e\8\/\l\i\f\e\c\y\c\l\e\/\r\e\s\e\r\v\a\t\i\o\n\-\r\a\c\e\/\b\i\n\/\g\i\t ]]
+ for tool in cargo git rustc taskset sleep cat mktemp mv
++ PATH=/tmp/tmp.dZyKvPwme8/lifecycle/reservation-race/bin:/home/bl/.local/bin:/home/bl/.codex/packages/standalone/releases/0.153.2-x86_64-unknown-linux-musl/codex-path:/home/bl/.codex/tmp/arg0/codex-arg0CWD760:/home/bl/.local/bin:/home/bl/.opencode/bin:/home/bl/.local/bin:/home/bl/.local/bin:/home/bl/.opencode/bin:/home/bl/.local/bin:/usr/local/sbin:/usr/local/bin:/usr/sbin:/usr/bin:/sbin:/bin:/usr/games:/usr/local/games:/snap/bin
++ command -v rustc
+ selected=/tmp/tmp.dZyKvPwme8/lifecycle/reservation-race/bin/rustc
+ [[ /tmp/tmp.dZyKvPwme8/lifecycle/reservation-race/bin/rustc == \/\t\m\p\/\t\m\p\.\d\Z\y\K\v\P\w\m\e\8\/\l\i\f\e\c\y\c\l\e\/\r\e\s\e\r\v\a\t\i\o\n\-\r\a\c\e\/\b\i\n\/\r\u\s\t\c ]]
+ for tool in cargo git rustc taskset sleep cat mktemp mv
++ PATH=/tmp/tmp.dZyKvPwme8/lifecycle/reservation-race/bin:/home/bl/.local/bin:/home/bl/.codex/packages/standalone/releases/0.153.2-x86_64-unknown-linux-musl/codex-path:/home/bl/.codex/tmp/arg0/codex-arg0CWD760:/home/bl/.local/bin:/home/bl/.opencode/bin:/home/bl/.local/bin:/home/bl/.local/bin:/home/bl/.opencode/bin:/home/bl/.local/bin:/usr/local/sbin:/usr/local/bin:/usr/sbin:/usr/bin:/sbin:/bin:/usr/games:/usr/local/games:/snap/bin
++ command -v taskset
+ selected=/tmp/tmp.dZyKvPwme8/lifecycle/reservation-race/bin/taskset
+ [[ /tmp/tmp.dZyKvPwme8/lifecycle/reservation-race/bin/taskset == \/\t\m\p\/\t\m\p\.\d\Z\y\K\v\P\w\m\e\8\/\l\i\f\e\c\y\c\l\e\/\r\e\s\e\r\v\a\t\i\o\n\-\r\a\c\e\/\b\i\n\/\t\a\s\k\s\e\t ]]
+ for tool in cargo git rustc taskset sleep cat mktemp mv
++ PATH=/tmp/tmp.dZyKvPwme8/lifecycle/reservation-race/bin:/home/bl/.local/bin:/home/bl/.codex/packages/standalone/releases/0.153.2-x86_64-unknown-linux-musl/codex-path:/home/bl/.codex/tmp/arg0/codex-arg0CWD760:/home/bl/.local/bin:/home/bl/.opencode/bin:/home/bl/.local/bin:/home/bl/.local/bin:/home/bl/.opencode/bin:/home/bl/.local/bin:/usr/local/sbin:/usr/local/bin:/usr/sbin:/usr/bin:/sbin:/bin:/usr/games:/usr/local/games:/snap/bin
++ command -v sleep
+ selected=/tmp/tmp.dZyKvPwme8/lifecycle/reservation-race/bin/sleep
+ [[ /tmp/tmp.dZyKvPwme8/lifecycle/reservation-race/bin/sleep == \/\t\m\p\/\t\m\p\.\d\Z\y\K\v\P\w\m\e\8\/\l\i\f\e\c\y\c\l\e\/\r\e\s\e\r\v\a\t\i\o\n\-\r\a\c\e\/\b\i\n\/\s\l\e\e\p ]]
+ for tool in cargo git rustc taskset sleep cat mktemp mv
++ PATH=/tmp/tmp.dZyKvPwme8/lifecycle/reservation-race/bin:/home/bl/.local/bin:/home/bl/.codex/packages/standalone/releases/0.153.2-x86_64-unknown-linux-musl/codex-path:/home/bl/.codex/tmp/arg0/codex-arg0CWD760:/home/bl/.local/bin:/home/bl/.opencode/bin:/home/bl/.local/bin:/home/bl/.local/bin:/home/bl/.opencode/bin:/home/bl/.local/bin:/usr/local/sbin:/usr/local/bin:/usr/sbin:/usr/bin:/sbin:/bin:/usr/games:/usr/local/games:/snap/bin
++ command -v cat
+ selected=/tmp/tmp.dZyKvPwme8/lifecycle/reservation-race/bin/cat
+ [[ /tmp/tmp.dZyKvPwme8/lifecycle/reservation-race/bin/cat == \/\t\m\p\/\t\m\p\.\d\Z\y\K\v\P\w\m\e\8\/\l\i\f\e\c\y\c\l\e\/\r\e\s\e\r\v\a\t\i\o\n\-\r\a\c\e\/\b\i\n\/\c\a\t ]]
+ for tool in cargo git rustc taskset sleep cat mktemp mv
++ PATH=/tmp/tmp.dZyKvPwme8/lifecycle/reservation-race/bin:/home/bl/.local/bin:/home/bl/.codex/packages/standalone/releases/0.153.2-x86_64-unknown-linux-musl/codex-path:/home/bl/.codex/tmp/arg0/codex-arg0CWD760:/home/bl/.local/bin:/home/bl/.opencode/bin:/home/bl/.local/bin:/home/bl/.local/bin:/home/bl/.opencode/bin:/home/bl/.local/bin:/usr/local/sbin:/usr/local/bin:/usr/sbin:/usr/bin:/sbin:/bin:/usr/games:/usr/local/games:/snap/bin
++ command -v mktemp
+ selected=/tmp/tmp.dZyKvPwme8/lifecycle/reservation-race/bin/mktemp
+ [[ /tmp/tmp.dZyKvPwme8/lifecycle/reservation-race/bin/mktemp == \/\t\m\p\/\t\m\p\.\d\Z\y\K\v\P\w\m\e\8\/\l\i\f\e\c\y\c\l\e\/\r\e\s\e\r\v\a\t\i\o\n\-\r\a\c\e\/\b\i\n\/\m\k\t\e\m\p ]]
+ for tool in cargo git rustc taskset sleep cat mktemp mv
++ PATH=/tmp/tmp.dZyKvPwme8/lifecycle/reservation-race/bin:/home/bl/.local/bin:/home/bl/.codex/packages/standalone/releases/0.153.2-x86_64-unknown-linux-musl/codex-path:/home/bl/.codex/tmp/arg0/codex-arg0CWD760:/home/bl/.local/bin:/home/bl/.opencode/bin:/home/bl/.local/bin:/home/bl/.local/bin:/home/bl/.opencode/bin:/home/bl/.local/bin:/usr/local/sbin:/usr/local/bin:/usr/sbin:/usr/bin:/sbin:/bin:/usr/games:/usr/local/games:/snap/bin
++ command -v mv
+ selected=/tmp/tmp.dZyKvPwme8/lifecycle/reservation-race/bin/mv
+ [[ /tmp/tmp.dZyKvPwme8/lifecycle/reservation-race/bin/mv == \/\t\m\p\/\t\m\p\.\d\Z\y\K\v\P\w\m\e\8\/\l\i\f\e\c\y\c\l\e\/\r\e\s\e\r\v\a\t\i\o\n\-\r\a\c\e\/\b\i\n\/\m\v ]]
+ [[ -x /tmp/tmp.dZyKvPwme8/lifecycle/reservation-race/synthetic-emitter.sh ]]
+ cd /
+ PATH=/tmp/tmp.dZyKvPwme8/lifecycle/reservation-race/bin:/home/bl/.local/bin:/home/bl/.codex/packages/standalone/releases/0.153.2-x86_64-unknown-linux-musl/codex-path:/home/bl/.codex/tmp/arg0/codex-arg0CWD760:/home/bl/.local/bin:/home/bl/.opencode/bin:/home/bl/.local/bin:/home/bl/.local/bin:/home/bl/.opencode/bin:/home/bl/.local/bin:/usr/local/sbin:/usr/local/bin:/usr/sbin:/usr/bin:/sbin:/bin:/usr/games:/usr/local/games:/snap/bin
+ bash /tmp/tmp.dZyKvPwme8/lifecycle/reservation-race/scripts/preflight-builtins-current-benchmark.sh
+ printf 'race\n'
+ run_benchmark
+ [[ {"winner":"first"} == \{\"\w\i\n\n\e\r\"\:\"\f\i\r\s\t\"\} ]]
+ [[ ! -e /tmp/tmp.dZyKvPwme8/lifecycle/reservation-race/synthetic-launches ]]
+ new_case artifact-parent-symlink
+ local name=artifact-parent-symlink
+ case_root=/tmp/tmp.dZyKvPwme8/lifecycle/artifact-parent-symlink
+ cp -a /tmp/tmp.dZyKvPwme8/lifecycle/template /tmp/tmp.dZyKvPwme8/lifecycle/artifact-parent-symlink
+ printf 'success\n'
+ printf 'pass\n'
+ run_preflight
+ assert_fakes
+ local tool selected
+ for tool in cargo git rustc taskset sleep cat mktemp mv
++ PATH=/tmp/tmp.dZyKvPwme8/lifecycle/artifact-parent-symlink/bin:/home/bl/.local/bin:/home/bl/.codex/packages/standalone/releases/0.153.2-x86_64-unknown-linux-musl/codex-path:/home/bl/.codex/tmp/arg0/codex-arg0CWD760:/home/bl/.local/bin:/home/bl/.opencode/bin:/home/bl/.local/bin:/home/bl/.local/bin:/home/bl/.opencode/bin:/home/bl/.local/bin:/usr/local/sbin:/usr/local/bin:/usr/sbin:/usr/bin:/sbin:/bin:/usr/games:/usr/local/games:/snap/bin
++ command -v cargo
+ selected=/tmp/tmp.dZyKvPwme8/lifecycle/artifact-parent-symlink/bin/cargo
+ [[ /tmp/tmp.dZyKvPwme8/lifecycle/artifact-parent-symlink/bin/cargo == \/\t\m\p\/\t\m\p\.\d\Z\y\K\v\P\w\m\e\8\/\l\i\f\e\c\y\c\l\e\/\a\r\t\i\f\a\c\t\-\p\a\r\e\n\t\-\s\y\m\l\i\n\k\/\b\i\n\/\c\a\r\g\o ]]
+ for tool in cargo git rustc taskset sleep cat mktemp mv
++ PATH=/tmp/tmp.dZyKvPwme8/lifecycle/artifact-parent-symlink/bin:/home/bl/.local/bin:/home/bl/.codex/packages/standalone/releases/0.153.2-x86_64-unknown-linux-musl/codex-path:/home/bl/.codex/tmp/arg0/codex-arg0CWD760:/home/bl/.local/bin:/home/bl/.opencode/bin:/home/bl/.local/bin:/home/bl/.local/bin:/home/bl/.opencode/bin:/home/bl/.local/bin:/usr/local/sbin:/usr/local/bin:/usr/sbin:/usr/bin:/sbin:/bin:/usr/games:/usr/local/games:/snap/bin
++ command -v git
+ selected=/tmp/tmp.dZyKvPwme8/lifecycle/artifact-parent-symlink/bin/git
+ [[ /tmp/tmp.dZyKvPwme8/lifecycle/artifact-parent-symlink/bin/git == \/\t\m\p\/\t\m\p\.\d\Z\y\K\v\P\w\m\e\8\/\l\i\f\e\c\y\c\l\e\/\a\r\t\i\f\a\c\t\-\p\a\r\e\n\t\-\s\y\m\l\i\n\k\/\b\i\n\/\g\i\t ]]
+ for tool in cargo git rustc taskset sleep cat mktemp mv
++ PATH=/tmp/tmp.dZyKvPwme8/lifecycle/artifact-parent-symlink/bin:/home/bl/.local/bin:/home/bl/.codex/packages/standalone/releases/0.153.2-x86_64-unknown-linux-musl/codex-path:/home/bl/.codex/tmp/arg0/codex-arg0CWD760:/home/bl/.local/bin:/home/bl/.opencode/bin:/home/bl/.local/bin:/home/bl/.local/bin:/home/bl/.opencode/bin:/home/bl/.local/bin:/usr/local/sbin:/usr/local/bin:/usr/sbin:/usr/bin:/sbin:/bin:/usr/games:/usr/local/games:/snap/bin
++ command -v rustc
+ selected=/tmp/tmp.dZyKvPwme8/lifecycle/artifact-parent-symlink/bin/rustc
+ [[ /tmp/tmp.dZyKvPwme8/lifecycle/artifact-parent-symlink/bin/rustc == \/\t\m\p\/\t\m\p\.\d\Z\y\K\v\P\w\m\e\8\/\l\i\f\e\c\y\c\l\e\/\a\r\t\i\f\a\c\t\-\p\a\r\e\n\t\-\s\y\m\l\i\n\k\/\b\i\n\/\r\u\s\t\c ]]
+ for tool in cargo git rustc taskset sleep cat mktemp mv
++ PATH=/tmp/tmp.dZyKvPwme8/lifecycle/artifact-parent-symlink/bin:/home/bl/.local/bin:/home/bl/.codex/packages/standalone/releases/0.153.2-x86_64-unknown-linux-musl/codex-path:/home/bl/.codex/tmp/arg0/codex-arg0CWD760:/home/bl/.local/bin:/home/bl/.opencode/bin:/home/bl/.local/bin:/home/bl/.local/bin:/home/bl/.opencode/bin:/home/bl/.local/bin:/usr/local/sbin:/usr/local/bin:/usr/sbin:/usr/bin:/sbin:/bin:/usr/games:/usr/local/games:/snap/bin
++ command -v taskset
+ selected=/tmp/tmp.dZyKvPwme8/lifecycle/artifact-parent-symlink/bin/taskset
+ [[ /tmp/tmp.dZyKvPwme8/lifecycle/artifact-parent-symlink/bin/taskset == \/\t\m\p\/\t\m\p\.\d\Z\y\K\v\P\w\m\e\8\/\l\i\f\e\c\y\c\l\e\/\a\r\t\i\f\a\c\t\-\p\a\r\e\n\t\-\s\y\m\l\i\n\k\/\b\i\n\/\t\a\s\k\s\e\t ]]
+ for tool in cargo git rustc taskset sleep cat mktemp mv
++ PATH=/tmp/tmp.dZyKvPwme8/lifecycle/artifact-parent-symlink/bin:/home/bl/.local/bin:/home/bl/.codex/packages/standalone/releases/0.153.2-x86_64-unknown-linux-musl/codex-path:/home/bl/.codex/tmp/arg0/codex-arg0CWD760:/home/bl/.local/bin:/home/bl/.opencode/bin:/home/bl/.local/bin:/home/bl/.local/bin:/home/bl/.opencode/bin:/home/bl/.local/bin:/usr/local/sbin:/usr/local/bin:/usr/sbin:/usr/bin:/sbin:/bin:/usr/games:/usr/local/games:/snap/bin
++ command -v sleep
+ selected=/tmp/tmp.dZyKvPwme8/lifecycle/artifact-parent-symlink/bin/sleep
+ [[ /tmp/tmp.dZyKvPwme8/lifecycle/artifact-parent-symlink/bin/sleep == \/\t\m\p\/\t\m\p\.\d\Z\y\K\v\P\w\m\e\8\/\l\i\f\e\c\y\c\l\e\/\a\r\t\i\f\a\c\t\-\p\a\r\e\n\t\-\s\y\m\l\i\n\k\/\b\i\n\/\s\l\e\e\p ]]
+ for tool in cargo git rustc taskset sleep cat mktemp mv
++ PATH=/tmp/tmp.dZyKvPwme8/lifecycle/artifact-parent-symlink/bin:/home/bl/.local/bin:/home/bl/.codex/packages/standalone/releases/0.153.2-x86_64-unknown-linux-musl/codex-path:/home/bl/.codex/tmp/arg0/codex-arg0CWD760:/home/bl/.local/bin:/home/bl/.opencode/bin:/home/bl/.local/bin:/home/bl/.local/bin:/home/bl/.opencode/bin:/home/bl/.local/bin:/usr/local/sbin:/usr/local/bin:/usr/sbin:/usr/bin:/sbin:/bin:/usr/games:/usr/local/games:/snap/bin
++ command -v cat
+ selected=/tmp/tmp.dZyKvPwme8/lifecycle/artifact-parent-symlink/bin/cat
+ [[ /tmp/tmp.dZyKvPwme8/lifecycle/artifact-parent-symlink/bin/cat == \/\t\m\p\/\t\m\p\.\d\Z\y\K\v\P\w\m\e\8\/\l\i\f\e\c\y\c\l\e\/\a\r\t\i\f\a\c\t\-\p\a\r\e\n\t\-\s\y\m\l\i\n\k\/\b\i\n\/\c\a\t ]]
+ for tool in cargo git rustc taskset sleep cat mktemp mv
++ PATH=/tmp/tmp.dZyKvPwme8/lifecycle/artifact-parent-symlink/bin:/home/bl/.local/bin:/home/bl/.codex/packages/standalone/releases/0.153.2-x86_64-unknown-linux-musl/codex-path:/home/bl/.codex/tmp/arg0/codex-arg0CWD760:/home/bl/.local/bin:/home/bl/.opencode/bin:/home/bl/.local/bin:/home/bl/.local/bin:/home/bl/.opencode/bin:/home/bl/.local/bin:/usr/local/sbin:/usr/local/bin:/usr/sbin:/usr/bin:/sbin:/bin:/usr/games:/usr/local/games:/snap/bin
++ command -v mktemp
+ selected=/tmp/tmp.dZyKvPwme8/lifecycle/artifact-parent-symlink/bin/mktemp
+ [[ /tmp/tmp.dZyKvPwme8/lifecycle/artifact-parent-symlink/bin/mktemp == \/\t\m\p\/\t\m\p\.\d\Z\y\K\v\P\w\m\e\8\/\l\i\f\e\c\y\c\l\e\/\a\r\t\i\f\a\c\t\-\p\a\r\e\n\t\-\s\y\m\l\i\n\k\/\b\i\n\/\m\k\t\e\m\p ]]
+ for tool in cargo git rustc taskset sleep cat mktemp mv
++ PATH=/tmp/tmp.dZyKvPwme8/lifecycle/artifact-parent-symlink/bin:/home/bl/.local/bin:/home/bl/.codex/packages/standalone/releases/0.153.2-x86_64-unknown-linux-musl/codex-path:/home/bl/.codex/tmp/arg0/codex-arg0CWD760:/home/bl/.local/bin:/home/bl/.opencode/bin:/home/bl/.local/bin:/home/bl/.local/bin:/home/bl/.opencode/bin:/home/bl/.local/bin:/usr/local/sbin:/usr/local/bin:/usr/sbin:/usr/bin:/sbin:/bin:/usr/games:/usr/local/games:/snap/bin
++ command -v mv
+ selected=/tmp/tmp.dZyKvPwme8/lifecycle/artifact-parent-symlink/bin/mv
+ [[ /tmp/tmp.dZyKvPwme8/lifecycle/artifact-parent-symlink/bin/mv == \/\t\m\p\/\t\m\p\.\d\Z\y\K\v\P\w\m\e\8\/\l\i\f\e\c\y\c\l\e\/\a\r\t\i\f\a\c\t\-\p\a\r\e\n\t\-\s\y\m\l\i\n\k\/\b\i\n\/\m\v ]]
+ [[ -x /tmp/tmp.dZyKvPwme8/lifecycle/artifact-parent-symlink/synthetic-emitter.sh ]]
+ cd /
+ PATH=/tmp/tmp.dZyKvPwme8/lifecycle/artifact-parent-symlink/bin:/home/bl/.local/bin:/home/bl/.codex/packages/standalone/releases/0.153.2-x86_64-unknown-linux-musl/codex-path:/home/bl/.codex/tmp/arg0/codex-arg0CWD760:/home/bl/.local/bin:/home/bl/.opencode/bin:/home/bl/.local/bin:/home/bl/.local/bin:/home/bl/.opencode/bin:/home/bl/.local/bin:/usr/local/sbin:/usr/local/bin:/usr/sbin:/usr/bin:/sbin:/bin:/usr/games:/usr/local/games:/snap/bin
+ bash /tmp/tmp.dZyKvPwme8/lifecycle/artifact-parent-symlink/scripts/preflight-builtins-current-benchmark.sh
++ sha256sum /tmp/tmp.dZyKvPwme8/lifecycle/artifact-parent-symlink/artifacts/issue431-full-chain/builtins-benchmark.preflight.json
++ awk '{print $1}'
+ seal_before=569b426f34aff422a1429bb65aabd5fff2900c294d2cf66ac7f8c373215add69
+ mv /tmp/tmp.dZyKvPwme8/lifecycle/artifact-parent-symlink/artifacts /tmp/tmp.dZyKvPwme8/lifecycle/artifact-parent-symlink/artifacts-physical
+ ln -s artifacts-physical /tmp/tmp.dZyKvPwme8/lifecycle/artifact-parent-symlink/artifacts
+ run_benchmark
++ sha256sum /tmp/tmp.dZyKvPwme8/lifecycle/artifact-parent-symlink/artifacts-physical/issue431-full-chain/builtins-benchmark.preflight.json
++ awk '{print $1}'
+ [[ 569b426f34aff422a1429bb65aabd5fff2900c294d2cf66ac7f8c373215add69 == \5\6\9\b\4\2\6\f\3\4\a\f\f\4\2\2\a\1\4\2\9\b\b\6\5\a\a\b\d\5\f\f\f\2\9\0\0\c\2\9\4\d\2\c\f\6\6\a\c\7\f\8\c\3\7\3\2\1\5\a\d\d\6\9 ]]
+ [[ ! -e /tmp/tmp.dZyKvPwme8/lifecycle/artifact-parent-symlink/synthetic-launches ]]
+ new_case prepared-directory-symlink
+ local name=prepared-directory-symlink
+ case_root=/tmp/tmp.dZyKvPwme8/lifecycle/prepared-directory-symlink
+ cp -a /tmp/tmp.dZyKvPwme8/lifecycle/template /tmp/tmp.dZyKvPwme8/lifecycle/prepared-directory-symlink
+ printf 'success\n'
+ printf 'pass\n'
+ run_preflight
+ assert_fakes
+ local tool selected
+ for tool in cargo git rustc taskset sleep cat mktemp mv
++ PATH=/tmp/tmp.dZyKvPwme8/lifecycle/prepared-directory-symlink/bin:/home/bl/.local/bin:/home/bl/.codex/packages/standalone/releases/0.153.2-x86_64-unknown-linux-musl/codex-path:/home/bl/.codex/tmp/arg0/codex-arg0CWD760:/home/bl/.local/bin:/home/bl/.opencode/bin:/home/bl/.local/bin:/home/bl/.local/bin:/home/bl/.opencode/bin:/home/bl/.local/bin:/usr/local/sbin:/usr/local/bin:/usr/sbin:/usr/bin:/sbin:/bin:/usr/games:/usr/local/games:/snap/bin
++ command -v cargo
+ selected=/tmp/tmp.dZyKvPwme8/lifecycle/prepared-directory-symlink/bin/cargo
+ [[ /tmp/tmp.dZyKvPwme8/lifecycle/prepared-directory-symlink/bin/cargo == \/\t\m\p\/\t\m\p\.\d\Z\y\K\v\P\w\m\e\8\/\l\i\f\e\c\y\c\l\e\/\p\r\e\p\a\r\e\d\-\d\i\r\e\c\t\o\r\y\-\s\y\m\l\i\n\k\/\b\i\n\/\c\a\r\g\o ]]
+ for tool in cargo git rustc taskset sleep cat mktemp mv
++ PATH=/tmp/tmp.dZyKvPwme8/lifecycle/prepared-directory-symlink/bin:/home/bl/.local/bin:/home/bl/.codex/packages/standalone/releases/0.153.2-x86_64-unknown-linux-musl/codex-path:/home/bl/.codex/tmp/arg0/codex-arg0CWD760:/home/bl/.local/bin:/home/bl/.opencode/bin:/home/bl/.local/bin:/home/bl/.local/bin:/home/bl/.opencode/bin:/home/bl/.local/bin:/usr/local/sbin:/usr/local/bin:/usr/sbin:/usr/bin:/sbin:/bin:/usr/games:/usr/local/games:/snap/bin
++ command -v git
+ selected=/tmp/tmp.dZyKvPwme8/lifecycle/prepared-directory-symlink/bin/git
+ [[ /tmp/tmp.dZyKvPwme8/lifecycle/prepared-directory-symlink/bin/git == \/\t\m\p\/\t\m\p\.\d\Z\y\K\v\P\w\m\e\8\/\l\i\f\e\c\y\c\l\e\/\p\r\e\p\a\r\e\d\-\d\i\r\e\c\t\o\r\y\-\s\y\m\l\i\n\k\/\b\i\n\/\g\i\t ]]
+ for tool in cargo git rustc taskset sleep cat mktemp mv
++ PATH=/tmp/tmp.dZyKvPwme8/lifecycle/prepared-directory-symlink/bin:/home/bl/.local/bin:/home/bl/.codex/packages/standalone/releases/0.153.2-x86_64-unknown-linux-musl/codex-path:/home/bl/.codex/tmp/arg0/codex-arg0CWD760:/home/bl/.local/bin:/home/bl/.opencode/bin:/home/bl/.local/bin:/home/bl/.local/bin:/home/bl/.opencode/bin:/home/bl/.local/bin:/usr/local/sbin:/usr/local/bin:/usr/sbin:/usr/bin:/sbin:/bin:/usr/games:/usr/local/games:/snap/bin
++ command -v rustc
+ selected=/tmp/tmp.dZyKvPwme8/lifecycle/prepared-directory-symlink/bin/rustc
+ [[ /tmp/tmp.dZyKvPwme8/lifecycle/prepared-directory-symlink/bin/rustc == \/\t\m\p\/\t\m\p\.\d\Z\y\K\v\P\w\m\e\8\/\l\i\f\e\c\y\c\l\e\/\p\r\e\p\a\r\e\d\-\d\i\r\e\c\t\o\r\y\-\s\y\m\l\i\n\k\/\b\i\n\/\r\u\s\t\c ]]
+ for tool in cargo git rustc taskset sleep cat mktemp mv
++ PATH=/tmp/tmp.dZyKvPwme8/lifecycle/prepared-directory-symlink/bin:/home/bl/.local/bin:/home/bl/.codex/packages/standalone/releases/0.153.2-x86_64-unknown-linux-musl/codex-path:/home/bl/.codex/tmp/arg0/codex-arg0CWD760:/home/bl/.local/bin:/home/bl/.opencode/bin:/home/bl/.local/bin:/home/bl/.local/bin:/home/bl/.opencode/bin:/home/bl/.local/bin:/usr/local/sbin:/usr/local/bin:/usr/sbin:/usr/bin:/sbin:/bin:/usr/games:/usr/local/games:/snap/bin
++ command -v taskset
+ selected=/tmp/tmp.dZyKvPwme8/lifecycle/prepared-directory-symlink/bin/taskset
+ [[ /tmp/tmp.dZyKvPwme8/lifecycle/prepared-directory-symlink/bin/taskset == \/\t\m\p\/\t\m\p\.\d\Z\y\K\v\P\w\m\e\8\/\l\i\f\e\c\y\c\l\e\/\p\r\e\p\a\r\e\d\-\d\i\r\e\c\t\o\r\y\-\s\y\m\l\i\n\k\/\b\i\n\/\t\a\s\k\s\e\t ]]
+ for tool in cargo git rustc taskset sleep cat mktemp mv
++ PATH=/tmp/tmp.dZyKvPwme8/lifecycle/prepared-directory-symlink/bin:/home/bl/.local/bin:/home/bl/.codex/packages/standalone/releases/0.153.2-x86_64-unknown-linux-musl/codex-path:/home/bl/.codex/tmp/arg0/codex-arg0CWD760:/home/bl/.local/bin:/home/bl/.opencode/bin:/home/bl/.local/bin:/home/bl/.local/bin:/home/bl/.opencode/bin:/home/bl/.local/bin:/usr/local/sbin:/usr/local/bin:/usr/sbin:/usr/bin:/sbin:/bin:/usr/games:/usr/local/games:/snap/bin
++ command -v sleep
+ selected=/tmp/tmp.dZyKvPwme8/lifecycle/prepared-directory-symlink/bin/sleep
+ [[ /tmp/tmp.dZyKvPwme8/lifecycle/prepared-directory-symlink/bin/sleep == \/\t\m\p\/\t\m\p\.\d\Z\y\K\v\P\w\m\e\8\/\l\i\f\e\c\y\c\l\e\/\p\r\e\p\a\r\e\d\-\d\i\r\e\c\t\o\r\y\-\s\y\m\l\i\n\k\/\b\i\n\/\s\l\e\e\p ]]
+ for tool in cargo git rustc taskset sleep cat mktemp mv
++ PATH=/tmp/tmp.dZyKvPwme8/lifecycle/prepared-directory-symlink/bin:/home/bl/.local/bin:/home/bl/.codex/packages/standalone/releases/0.153.2-x86_64-unknown-linux-musl/codex-path:/home/bl/.codex/tmp/arg0/codex-arg0CWD760:/home/bl/.local/bin:/home/bl/.opencode/bin:/home/bl/.local/bin:/home/bl/.local/bin:/home/bl/.opencode/bin:/home/bl/.local/bin:/usr/local/sbin:/usr/local/bin:/usr/sbin:/usr/bin:/sbin:/bin:/usr/games:/usr/local/games:/snap/bin
++ command -v cat
+ selected=/tmp/tmp.dZyKvPwme8/lifecycle/prepared-directory-symlink/bin/cat
+ [[ /tmp/tmp.dZyKvPwme8/lifecycle/prepared-directory-symlink/bin/cat == \/\t\m\p\/\t\m\p\.\d\Z\y\K\v\P\w\m\e\8\/\l\i\f\e\c\y\c\l\e\/\p\r\e\p\a\r\e\d\-\d\i\r\e\c\t\o\r\y\-\s\y\m\l\i\n\k\/\b\i\n\/\c\a\t ]]
+ for tool in cargo git rustc taskset sleep cat mktemp mv
++ PATH=/tmp/tmp.dZyKvPwme8/lifecycle/prepared-directory-symlink/bin:/home/bl/.local/bin:/home/bl/.codex/packages/standalone/releases/0.153.2-x86_64-unknown-linux-musl/codex-path:/home/bl/.codex/tmp/arg0/codex-arg0CWD760:/home/bl/.local/bin:/home/bl/.opencode/bin:/home/bl/.local/bin:/home/bl/.local/bin:/home/bl/.opencode/bin:/home/bl/.local/bin:/usr/local/sbin:/usr/local/bin:/usr/sbin:/usr/bin:/sbin:/bin:/usr/games:/usr/local/games:/snap/bin
++ command -v mktemp
+ selected=/tmp/tmp.dZyKvPwme8/lifecycle/prepared-directory-symlink/bin/mktemp
+ [[ /tmp/tmp.dZyKvPwme8/lifecycle/prepared-directory-symlink/bin/mktemp == \/\t\m\p\/\t\m\p\.\d\Z\y\K\v\P\w\m\e\8\/\l\i\f\e\c\y\c\l\e\/\p\r\e\p\a\r\e\d\-\d\i\r\e\c\t\o\r\y\-\s\y\m\l\i\n\k\/\b\i\n\/\m\k\t\e\m\p ]]
+ for tool in cargo git rustc taskset sleep cat mktemp mv
++ PATH=/tmp/tmp.dZyKvPwme8/lifecycle/prepared-directory-symlink/bin:/home/bl/.local/bin:/home/bl/.codex/packages/standalone/releases/0.153.2-x86_64-unknown-linux-musl/codex-path:/home/bl/.codex/tmp/arg0/codex-arg0CWD760:/home/bl/.local/bin:/home/bl/.opencode/bin:/home/bl/.local/bin:/home/bl/.local/bin:/home/bl/.opencode/bin:/home/bl/.local/bin:/usr/local/sbin:/usr/local/bin:/usr/sbin:/usr/bin:/sbin:/bin:/usr/games:/usr/local/games:/snap/bin
++ command -v mv
+ selected=/tmp/tmp.dZyKvPwme8/lifecycle/prepared-directory-symlink/bin/mv
+ [[ /tmp/tmp.dZyKvPwme8/lifecycle/prepared-directory-symlink/bin/mv == \/\t\m\p\/\t\m\p\.\d\Z\y\K\v\P\w\m\e\8\/\l\i\f\e\c\y\c\l\e\/\p\r\e\p\a\r\e\d\-\d\i\r\e\c\t\o\r\y\-\s\y\m\l\i\n\k\/\b\i\n\/\m\v ]]
+ [[ -x /tmp/tmp.dZyKvPwme8/lifecycle/prepared-directory-symlink/synthetic-emitter.sh ]]
+ cd /
+ PATH=/tmp/tmp.dZyKvPwme8/lifecycle/prepared-directory-symlink/bin:/home/bl/.local/bin:/home/bl/.codex/packages/standalone/releases/0.153.2-x86_64-unknown-linux-musl/codex-path:/home/bl/.codex/tmp/arg0/codex-arg0CWD760:/home/bl/.local/bin:/home/bl/.opencode/bin:/home/bl/.local/bin:/home/bl/.local/bin:/home/bl/.opencode/bin:/home/bl/.local/bin:/usr/local/sbin:/usr/local/bin:/usr/sbin:/usr/bin:/sbin:/bin:/usr/games:/usr/local/games:/snap/bin
+ bash /tmp/tmp.dZyKvPwme8/lifecycle/prepared-directory-symlink/scripts/preflight-builtins-current-benchmark.sh
++ sha256sum /tmp/tmp.dZyKvPwme8/lifecycle/prepared-directory-symlink/target/issue431-prepared/bench
++ awk '{print $1}'
+ binary_before=88c1238e84221cca291a06e85220e7f66c6e323a4e66d0e6431de0aae9f58457
+ mv /tmp/tmp.dZyKvPwme8/lifecycle/prepared-directory-symlink/target/issue431-prepared /tmp/tmp.dZyKvPwme8/lifecycle/prepared-directory-symlink/target/issue431-prepared-physical
+ ln -s issue431-prepared-physical /tmp/tmp.dZyKvPwme8/lifecycle/prepared-directory-symlink/target/issue431-prepared
+ run_benchmark
++ sha256sum /tmp/tmp.dZyKvPwme8/lifecycle/prepared-directory-symlink/target/issue431-prepared-physical/bench
++ awk '{print $1}'
+ [[ 88c1238e84221cca291a06e85220e7f66c6e323a4e66d0e6431de0aae9f58457 == \8\8\c\1\2\3\8\e\8\4\2\2\1\c\c\a\2\9\1\a\0\6\e\8\5\2\2\0\e\7\f\6\6\c\6\e\3\2\3\a\4\e\6\6\d\0\e\6\4\3\1\d\e\0\a\a\e\9\f\5\8\4\5\7 ]]
+ [[ ! -e /tmp/tmp.dZyKvPwme8/lifecycle/prepared-directory-symlink/synthetic-launches ]]
+ for drift in binary source validator
+ new_case drift-binary
+ local name=drift-binary
+ case_root=/tmp/tmp.dZyKvPwme8/lifecycle/drift-binary
+ cp -a /tmp/tmp.dZyKvPwme8/lifecycle/template /tmp/tmp.dZyKvPwme8/lifecycle/drift-binary
+ printf 'success\n'
+ printf 'pass\n'
+ run_preflight
+ assert_fakes
+ local tool selected
+ for tool in cargo git rustc taskset sleep cat mktemp mv
++ PATH=/tmp/tmp.dZyKvPwme8/lifecycle/drift-binary/bin:/home/bl/.local/bin:/home/bl/.codex/packages/standalone/releases/0.153.2-x86_64-unknown-linux-musl/codex-path:/home/bl/.codex/tmp/arg0/codex-arg0CWD760:/home/bl/.local/bin:/home/bl/.opencode/bin:/home/bl/.local/bin:/home/bl/.local/bin:/home/bl/.opencode/bin:/home/bl/.local/bin:/usr/local/sbin:/usr/local/bin:/usr/sbin:/usr/bin:/sbin:/bin:/usr/games:/usr/local/games:/snap/bin
++ command -v cargo
+ selected=/tmp/tmp.dZyKvPwme8/lifecycle/drift-binary/bin/cargo
+ [[ /tmp/tmp.dZyKvPwme8/lifecycle/drift-binary/bin/cargo == \/\t\m\p\/\t\m\p\.\d\Z\y\K\v\P\w\m\e\8\/\l\i\f\e\c\y\c\l\e\/\d\r\i\f\t\-\b\i\n\a\r\y\/\b\i\n\/\c\a\r\g\o ]]
+ for tool in cargo git rustc taskset sleep cat mktemp mv
++ PATH=/tmp/tmp.dZyKvPwme8/lifecycle/drift-binary/bin:/home/bl/.local/bin:/home/bl/.codex/packages/standalone/releases/0.153.2-x86_64-unknown-linux-musl/codex-path:/home/bl/.codex/tmp/arg0/codex-arg0CWD760:/home/bl/.local/bin:/home/bl/.opencode/bin:/home/bl/.local/bin:/home/bl/.local/bin:/home/bl/.opencode/bin:/home/bl/.local/bin:/usr/local/sbin:/usr/local/bin:/usr/sbin:/usr/bin:/sbin:/bin:/usr/games:/usr/local/games:/snap/bin
++ command -v git
+ selected=/tmp/tmp.dZyKvPwme8/lifecycle/drift-binary/bin/git
+ [[ /tmp/tmp.dZyKvPwme8/lifecycle/drift-binary/bin/git == \/\t\m\p\/\t\m\p\.\d\Z\y\K\v\P\w\m\e\8\/\l\i\f\e\c\y\c\l\e\/\d\r\i\f\t\-\b\i\n\a\r\y\/\b\i\n\/\g\i\t ]]
+ for tool in cargo git rustc taskset sleep cat mktemp mv
++ PATH=/tmp/tmp.dZyKvPwme8/lifecycle/drift-binary/bin:/home/bl/.local/bin:/home/bl/.codex/packages/standalone/releases/0.153.2-x86_64-unknown-linux-musl/codex-path:/home/bl/.codex/tmp/arg0/codex-arg0CWD760:/home/bl/.local/bin:/home/bl/.opencode/bin:/home/bl/.local/bin:/home/bl/.local/bin:/home/bl/.opencode/bin:/home/bl/.local/bin:/usr/local/sbin:/usr/local/bin:/usr/sbin:/usr/bin:/sbin:/bin:/usr/games:/usr/local/games:/snap/bin
++ command -v rustc
+ selected=/tmp/tmp.dZyKvPwme8/lifecycle/drift-binary/bin/rustc
+ [[ /tmp/tmp.dZyKvPwme8/lifecycle/drift-binary/bin/rustc == \/\t\m\p\/\t\m\p\.\d\Z\y\K\v\P\w\m\e\8\/\l\i\f\e\c\y\c\l\e\/\d\r\i\f\t\-\b\i\n\a\r\y\/\b\i\n\/\r\u\s\t\c ]]
+ for tool in cargo git rustc taskset sleep cat mktemp mv
++ PATH=/tmp/tmp.dZyKvPwme8/lifecycle/drift-binary/bin:/home/bl/.local/bin:/home/bl/.codex/packages/standalone/releases/0.153.2-x86_64-unknown-linux-musl/codex-path:/home/bl/.codex/tmp/arg0/codex-arg0CWD760:/home/bl/.local/bin:/home/bl/.opencode/bin:/home/bl/.local/bin:/home/bl/.local/bin:/home/bl/.opencode/bin:/home/bl/.local/bin:/usr/local/sbin:/usr/local/bin:/usr/sbin:/usr/bin:/sbin:/bin:/usr/games:/usr/local/games:/snap/bin
++ command -v taskset
+ selected=/tmp/tmp.dZyKvPwme8/lifecycle/drift-binary/bin/taskset
+ [[ /tmp/tmp.dZyKvPwme8/lifecycle/drift-binary/bin/taskset == \/\t\m\p\/\t\m\p\.\d\Z\y\K\v\P\w\m\e\8\/\l\i\f\e\c\y\c\l\e\/\d\r\i\f\t\-\b\i\n\a\r\y\/\b\i\n\/\t\a\s\k\s\e\t ]]
+ for tool in cargo git rustc taskset sleep cat mktemp mv
++ PATH=/tmp/tmp.dZyKvPwme8/lifecycle/drift-binary/bin:/home/bl/.local/bin:/home/bl/.codex/packages/standalone/releases/0.153.2-x86_64-unknown-linux-musl/codex-path:/home/bl/.codex/tmp/arg0/codex-arg0CWD760:/home/bl/.local/bin:/home/bl/.opencode/bin:/home/bl/.local/bin:/home/bl/.local/bin:/home/bl/.opencode/bin:/home/bl/.local/bin:/usr/local/sbin:/usr/local/bin:/usr/sbin:/usr/bin:/sbin:/bin:/usr/games:/usr/local/games:/snap/bin
++ command -v sleep
+ selected=/tmp/tmp.dZyKvPwme8/lifecycle/drift-binary/bin/sleep
+ [[ /tmp/tmp.dZyKvPwme8/lifecycle/drift-binary/bin/sleep == \/\t\m\p\/\t\m\p\.\d\Z\y\K\v\P\w\m\e\8\/\l\i\f\e\c\y\c\l\e\/\d\r\i\f\t\-\b\i\n\a\r\y\/\b\i\n\/\s\l\e\e\p ]]
+ for tool in cargo git rustc taskset sleep cat mktemp mv
++ PATH=/tmp/tmp.dZyKvPwme8/lifecycle/drift-binary/bin:/home/bl/.local/bin:/home/bl/.codex/packages/standalone/releases/0.153.2-x86_64-unknown-linux-musl/codex-path:/home/bl/.codex/tmp/arg0/codex-arg0CWD760:/home/bl/.local/bin:/home/bl/.opencode/bin:/home/bl/.local/bin:/home/bl/.local/bin:/home/bl/.opencode/bin:/home/bl/.local/bin:/usr/local/sbin:/usr/local/bin:/usr/sbin:/usr/bin:/sbin:/bin:/usr/games:/usr/local/games:/snap/bin
++ command -v cat
+ selected=/tmp/tmp.dZyKvPwme8/lifecycle/drift-binary/bin/cat
+ [[ /tmp/tmp.dZyKvPwme8/lifecycle/drift-binary/bin/cat == \/\t\m\p\/\t\m\p\.\d\Z\y\K\v\P\w\m\e\8\/\l\i\f\e\c\y\c\l\e\/\d\r\i\f\t\-\b\i\n\a\r\y\/\b\i\n\/\c\a\t ]]
+ for tool in cargo git rustc taskset sleep cat mktemp mv
++ PATH=/tmp/tmp.dZyKvPwme8/lifecycle/drift-binary/bin:/home/bl/.local/bin:/home/bl/.codex/packages/standalone/releases/0.153.2-x86_64-unknown-linux-musl/codex-path:/home/bl/.codex/tmp/arg0/codex-arg0CWD760:/home/bl/.local/bin:/home/bl/.opencode/bin:/home/bl/.local/bin:/home/bl/.local/bin:/home/bl/.opencode/bin:/home/bl/.local/bin:/usr/local/sbin:/usr/local/bin:/usr/sbin:/usr/bin:/sbin:/bin:/usr/games:/usr/local/games:/snap/bin
++ command -v mktemp
+ selected=/tmp/tmp.dZyKvPwme8/lifecycle/drift-binary/bin/mktemp
+ [[ /tmp/tmp.dZyKvPwme8/lifecycle/drift-binary/bin/mktemp == \/\t\m\p\/\t\m\p\.\d\Z\y\K\v\P\w\m\e\8\/\l\i\f\e\c\y\c\l\e\/\d\r\i\f\t\-\b\i\n\a\r\y\/\b\i\n\/\m\k\t\e\m\p ]]
+ for tool in cargo git rustc taskset sleep cat mktemp mv
++ PATH=/tmp/tmp.dZyKvPwme8/lifecycle/drift-binary/bin:/home/bl/.local/bin:/home/bl/.codex/packages/standalone/releases/0.153.2-x86_64-unknown-linux-musl/codex-path:/home/bl/.codex/tmp/arg0/codex-arg0CWD760:/home/bl/.local/bin:/home/bl/.opencode/bin:/home/bl/.local/bin:/home/bl/.local/bin:/home/bl/.opencode/bin:/home/bl/.local/bin:/usr/local/sbin:/usr/local/bin:/usr/sbin:/usr/bin:/sbin:/bin:/usr/games:/usr/local/games:/snap/bin
++ command -v mv
+ selected=/tmp/tmp.dZyKvPwme8/lifecycle/drift-binary/bin/mv
+ [[ /tmp/tmp.dZyKvPwme8/lifecycle/drift-binary/bin/mv == \/\t\m\p\/\t\m\p\.\d\Z\y\K\v\P\w\m\e\8\/\l\i\f\e\c\y\c\l\e\/\d\r\i\f\t\-\b\i\n\a\r\y\/\b\i\n\/\m\v ]]
+ [[ -x /tmp/tmp.dZyKvPwme8/lifecycle/drift-binary/synthetic-emitter.sh ]]
+ cd /
+ PATH=/tmp/tmp.dZyKvPwme8/lifecycle/drift-binary/bin:/home/bl/.local/bin:/home/bl/.codex/packages/standalone/releases/0.153.2-x86_64-unknown-linux-musl/codex-path:/home/bl/.codex/tmp/arg0/codex-arg0CWD760:/home/bl/.local/bin:/home/bl/.opencode/bin:/home/bl/.local/bin:/home/bl/.local/bin:/home/bl/.opencode/bin:/home/bl/.local/bin:/usr/local/sbin:/usr/local/bin:/usr/sbin:/usr/bin:/sbin:/bin:/usr/games:/usr/local/games:/snap/bin
+ bash /tmp/tmp.dZyKvPwme8/lifecycle/drift-binary/scripts/preflight-builtins-current-benchmark.sh
+ case "$drift" in
+ printf 'drift\n'
+ run_benchmark
+ disposition_reason FAIL preflight_seal_mismatch
+ jq -e --arg status FAIL --arg reason preflight_seal_mismatch '.status==$status and .reason==$reason and .runner_invocations==1' /tmp/tmp.dZyKvPwme8/lifecycle/drift-binary/artifacts/issue431-full-chain/builtins-benchmark.disposition.json
+ [[ ! -e /tmp/tmp.dZyKvPwme8/lifecycle/drift-binary/synthetic-launches ]]
+ for drift in binary source validator
+ new_case drift-source
+ local name=drift-source
+ case_root=/tmp/tmp.dZyKvPwme8/lifecycle/drift-source
+ cp -a /tmp/tmp.dZyKvPwme8/lifecycle/template /tmp/tmp.dZyKvPwme8/lifecycle/drift-source
+ printf 'success\n'
+ printf 'pass\n'
+ run_preflight
+ assert_fakes
+ local tool selected
+ for tool in cargo git rustc taskset sleep cat mktemp mv
++ PATH=/tmp/tmp.dZyKvPwme8/lifecycle/drift-source/bin:/home/bl/.local/bin:/home/bl/.codex/packages/standalone/releases/0.153.2-x86_64-unknown-linux-musl/codex-path:/home/bl/.codex/tmp/arg0/codex-arg0CWD760:/home/bl/.local/bin:/home/bl/.opencode/bin:/home/bl/.local/bin:/home/bl/.local/bin:/home/bl/.opencode/bin:/home/bl/.local/bin:/usr/local/sbin:/usr/local/bin:/usr/sbin:/usr/bin:/sbin:/bin:/usr/games:/usr/local/games:/snap/bin
++ command -v cargo
+ selected=/tmp/tmp.dZyKvPwme8/lifecycle/drift-source/bin/cargo
+ [[ /tmp/tmp.dZyKvPwme8/lifecycle/drift-source/bin/cargo == \/\t\m\p\/\t\m\p\.\d\Z\y\K\v\P\w\m\e\8\/\l\i\f\e\c\y\c\l\e\/\d\r\i\f\t\-\s\o\u\r\c\e\/\b\i\n\/\c\a\r\g\o ]]
+ for tool in cargo git rustc taskset sleep cat mktemp mv
++ PATH=/tmp/tmp.dZyKvPwme8/lifecycle/drift-source/bin:/home/bl/.local/bin:/home/bl/.codex/packages/standalone/releases/0.153.2-x86_64-unknown-linux-musl/codex-path:/home/bl/.codex/tmp/arg0/codex-arg0CWD760:/home/bl/.local/bin:/home/bl/.opencode/bin:/home/bl/.local/bin:/home/bl/.local/bin:/home/bl/.opencode/bin:/home/bl/.local/bin:/usr/local/sbin:/usr/local/bin:/usr/sbin:/usr/bin:/sbin:/bin:/usr/games:/usr/local/games:/snap/bin
++ command -v git
+ selected=/tmp/tmp.dZyKvPwme8/lifecycle/drift-source/bin/git
+ [[ /tmp/tmp.dZyKvPwme8/lifecycle/drift-source/bin/git == \/\t\m\p\/\t\m\p\.\d\Z\y\K\v\P\w\m\e\8\/\l\i\f\e\c\y\c\l\e\/\d\r\i\f\t\-\s\o\u\r\c\e\/\b\i\n\/\g\i\t ]]
+ for tool in cargo git rustc taskset sleep cat mktemp mv
++ PATH=/tmp/tmp.dZyKvPwme8/lifecycle/drift-source/bin:/home/bl/.local/bin:/home/bl/.codex/packages/standalone/releases/0.153.2-x86_64-unknown-linux-musl/codex-path:/home/bl/.codex/tmp/arg0/codex-arg0CWD760:/home/bl/.local/bin:/home/bl/.opencode/bin:/home/bl/.local/bin:/home/bl/.local/bin:/home/bl/.opencode/bin:/home/bl/.local/bin:/usr/local/sbin:/usr/local/bin:/usr/sbin:/usr/bin:/sbin:/bin:/usr/games:/usr/local/games:/snap/bin
++ command -v rustc
+ selected=/tmp/tmp.dZyKvPwme8/lifecycle/drift-source/bin/rustc
+ [[ /tmp/tmp.dZyKvPwme8/lifecycle/drift-source/bin/rustc == \/\t\m\p\/\t\m\p\.\d\Z\y\K\v\P\w\m\e\8\/\l\i\f\e\c\y\c\l\e\/\d\r\i\f\t\-\s\o\u\r\c\e\/\b\i\n\/\r\u\s\t\c ]]
+ for tool in cargo git rustc taskset sleep cat mktemp mv
++ PATH=/tmp/tmp.dZyKvPwme8/lifecycle/drift-source/bin:/home/bl/.local/bin:/home/bl/.codex/packages/standalone/releases/0.153.2-x86_64-unknown-linux-musl/codex-path:/home/bl/.codex/tmp/arg0/codex-arg0CWD760:/home/bl/.local/bin:/home/bl/.opencode/bin:/home/bl/.local/bin:/home/bl/.local/bin:/home/bl/.opencode/bin:/home/bl/.local/bin:/usr/local/sbin:/usr/local/bin:/usr/sbin:/usr/bin:/sbin:/bin:/usr/games:/usr/local/games:/snap/bin
++ command -v taskset
+ selected=/tmp/tmp.dZyKvPwme8/lifecycle/drift-source/bin/taskset
+ [[ /tmp/tmp.dZyKvPwme8/lifecycle/drift-source/bin/taskset == \/\t\m\p\/\t\m\p\.\d\Z\y\K\v\P\w\m\e\8\/\l\i\f\e\c\y\c\l\e\/\d\r\i\f\t\-\s\o\u\r\c\e\/\b\i\n\/\t\a\s\k\s\e\t ]]
+ for tool in cargo git rustc taskset sleep cat mktemp mv
++ PATH=/tmp/tmp.dZyKvPwme8/lifecycle/drift-source/bin:/home/bl/.local/bin:/home/bl/.codex/packages/standalone/releases/0.153.2-x86_64-unknown-linux-musl/codex-path:/home/bl/.codex/tmp/arg0/codex-arg0CWD760:/home/bl/.local/bin:/home/bl/.opencode/bin:/home/bl/.local/bin:/home/bl/.local/bin:/home/bl/.opencode/bin:/home/bl/.local/bin:/usr/local/sbin:/usr/local/bin:/usr/sbin:/usr/bin:/sbin:/bin:/usr/games:/usr/local/games:/snap/bin
++ command -v sleep
+ selected=/tmp/tmp.dZyKvPwme8/lifecycle/drift-source/bin/sleep
+ [[ /tmp/tmp.dZyKvPwme8/lifecycle/drift-source/bin/sleep == \/\t\m\p\/\t\m\p\.\d\Z\y\K\v\P\w\m\e\8\/\l\i\f\e\c\y\c\l\e\/\d\r\i\f\t\-\s\o\u\r\c\e\/\b\i\n\/\s\l\e\e\p ]]
+ for tool in cargo git rustc taskset sleep cat mktemp mv
++ PATH=/tmp/tmp.dZyKvPwme8/lifecycle/drift-source/bin:/home/bl/.local/bin:/home/bl/.codex/packages/standalone/releases/0.153.2-x86_64-unknown-linux-musl/codex-path:/home/bl/.codex/tmp/arg0/codex-arg0CWD760:/home/bl/.local/bin:/home/bl/.opencode/bin:/home/bl/.local/bin:/home/bl/.local/bin:/home/bl/.opencode/bin:/home/bl/.local/bin:/usr/local/sbin:/usr/local/bin:/usr/sbin:/usr/bin:/sbin:/bin:/usr/games:/usr/local/games:/snap/bin
++ command -v cat
+ selected=/tmp/tmp.dZyKvPwme8/lifecycle/drift-source/bin/cat
+ [[ /tmp/tmp.dZyKvPwme8/lifecycle/drift-source/bin/cat == \/\t\m\p\/\t\m\p\.\d\Z\y\K\v\P\w\m\e\8\/\l\i\f\e\c\y\c\l\e\/\d\r\i\f\t\-\s\o\u\r\c\e\/\b\i\n\/\c\a\t ]]
+ for tool in cargo git rustc taskset sleep cat mktemp mv
++ PATH=/tmp/tmp.dZyKvPwme8/lifecycle/drift-source/bin:/home/bl/.local/bin:/home/bl/.codex/packages/standalone/releases/0.153.2-x86_64-unknown-linux-musl/codex-path:/home/bl/.codex/tmp/arg0/codex-arg0CWD760:/home/bl/.local/bin:/home/bl/.opencode/bin:/home/bl/.local/bin:/home/bl/.local/bin:/home/bl/.opencode/bin:/home/bl/.local/bin:/usr/local/sbin:/usr/local/bin:/usr/sbin:/usr/bin:/sbin:/bin:/usr/games:/usr/local/games:/snap/bin
++ command -v mktemp
+ selected=/tmp/tmp.dZyKvPwme8/lifecycle/drift-source/bin/mktemp
+ [[ /tmp/tmp.dZyKvPwme8/lifecycle/drift-source/bin/mktemp == \/\t\m\p\/\t\m\p\.\d\Z\y\K\v\P\w\m\e\8\/\l\i\f\e\c\y\c\l\e\/\d\r\i\f\t\-\s\o\u\r\c\e\/\b\i\n\/\m\k\t\e\m\p ]]
+ for tool in cargo git rustc taskset sleep cat mktemp mv
++ PATH=/tmp/tmp.dZyKvPwme8/lifecycle/drift-source/bin:/home/bl/.local/bin:/home/bl/.codex/packages/standalone/releases/0.153.2-x86_64-unknown-linux-musl/codex-path:/home/bl/.codex/tmp/arg0/codex-arg0CWD760:/home/bl/.local/bin:/home/bl/.opencode/bin:/home/bl/.local/bin:/home/bl/.local/bin:/home/bl/.opencode/bin:/home/bl/.local/bin:/usr/local/sbin:/usr/local/bin:/usr/sbin:/usr/bin:/sbin:/bin:/usr/games:/usr/local/games:/snap/bin
++ command -v mv
+ selected=/tmp/tmp.dZyKvPwme8/lifecycle/drift-source/bin/mv
+ [[ /tmp/tmp.dZyKvPwme8/lifecycle/drift-source/bin/mv == \/\t\m\p\/\t\m\p\.\d\Z\y\K\v\P\w\m\e\8\/\l\i\f\e\c\y\c\l\e\/\d\r\i\f\t\-\s\o\u\r\c\e\/\b\i\n\/\m\v ]]
+ [[ -x /tmp/tmp.dZyKvPwme8/lifecycle/drift-source/synthetic-emitter.sh ]]
+ cd /
+ PATH=/tmp/tmp.dZyKvPwme8/lifecycle/drift-source/bin:/home/bl/.local/bin:/home/bl/.codex/packages/standalone/releases/0.153.2-x86_64-unknown-linux-musl/codex-path:/home/bl/.codex/tmp/arg0/codex-arg0CWD760:/home/bl/.local/bin:/home/bl/.opencode/bin:/home/bl/.local/bin:/home/bl/.local/bin:/home/bl/.opencode/bin:/home/bl/.local/bin:/usr/local/sbin:/usr/local/bin:/usr/sbin:/usr/bin:/sbin:/bin:/usr/games:/usr/local/games:/snap/bin
+ bash /tmp/tmp.dZyKvPwme8/lifecycle/drift-source/scripts/preflight-builtins-current-benchmark.sh
+ case "$drift" in
+ printf '// drift\n'
+ run_benchmark
+ disposition_reason FAIL preflight_seal_mismatch
+ jq -e --arg status FAIL --arg reason preflight_seal_mismatch '.status==$status and .reason==$reason and .runner_invocations==1' /tmp/tmp.dZyKvPwme8/lifecycle/drift-source/artifacts/issue431-full-chain/builtins-benchmark.disposition.json
+ [[ ! -e /tmp/tmp.dZyKvPwme8/lifecycle/drift-source/synthetic-launches ]]
+ for drift in binary source validator
+ new_case drift-validator
+ local name=drift-validator
+ case_root=/tmp/tmp.dZyKvPwme8/lifecycle/drift-validator
+ cp -a /tmp/tmp.dZyKvPwme8/lifecycle/template /tmp/tmp.dZyKvPwme8/lifecycle/drift-validator
+ printf 'success\n'
+ printf 'pass\n'
+ run_preflight
+ assert_fakes
+ local tool selected
+ for tool in cargo git rustc taskset sleep cat mktemp mv
++ PATH=/tmp/tmp.dZyKvPwme8/lifecycle/drift-validator/bin:/home/bl/.local/bin:/home/bl/.codex/packages/standalone/releases/0.153.2-x86_64-unknown-linux-musl/codex-path:/home/bl/.codex/tmp/arg0/codex-arg0CWD760:/home/bl/.local/bin:/home/bl/.opencode/bin:/home/bl/.local/bin:/home/bl/.local/bin:/home/bl/.opencode/bin:/home/bl/.local/bin:/usr/local/sbin:/usr/local/bin:/usr/sbin:/usr/bin:/sbin:/bin:/usr/games:/usr/local/games:/snap/bin
++ command -v cargo
+ selected=/tmp/tmp.dZyKvPwme8/lifecycle/drift-validator/bin/cargo
+ [[ /tmp/tmp.dZyKvPwme8/lifecycle/drift-validator/bin/cargo == \/\t\m\p\/\t\m\p\.\d\Z\y\K\v\P\w\m\e\8\/\l\i\f\e\c\y\c\l\e\/\d\r\i\f\t\-\v\a\l\i\d\a\t\o\r\/\b\i\n\/\c\a\r\g\o ]]
+ for tool in cargo git rustc taskset sleep cat mktemp mv
++ PATH=/tmp/tmp.dZyKvPwme8/lifecycle/drift-validator/bin:/home/bl/.local/bin:/home/bl/.codex/packages/standalone/releases/0.153.2-x86_64-unknown-linux-musl/codex-path:/home/bl/.codex/tmp/arg0/codex-arg0CWD760:/home/bl/.local/bin:/home/bl/.opencode/bin:/home/bl/.local/bin:/home/bl/.local/bin:/home/bl/.opencode/bin:/home/bl/.local/bin:/usr/local/sbin:/usr/local/bin:/usr/sbin:/usr/bin:/sbin:/bin:/usr/games:/usr/local/games:/snap/bin
++ command -v git
+ selected=/tmp/tmp.dZyKvPwme8/lifecycle/drift-validator/bin/git
+ [[ /tmp/tmp.dZyKvPwme8/lifecycle/drift-validator/bin/git == \/\t\m\p\/\t\m\p\.\d\Z\y\K\v\P\w\m\e\8\/\l\i\f\e\c\y\c\l\e\/\d\r\i\f\t\-\v\a\l\i\d\a\t\o\r\/\b\i\n\/\g\i\t ]]
+ for tool in cargo git rustc taskset sleep cat mktemp mv
++ PATH=/tmp/tmp.dZyKvPwme8/lifecycle/drift-validator/bin:/home/bl/.local/bin:/home/bl/.codex/packages/standalone/releases/0.153.2-x86_64-unknown-linux-musl/codex-path:/home/bl/.codex/tmp/arg0/codex-arg0CWD760:/home/bl/.local/bin:/home/bl/.opencode/bin:/home/bl/.local/bin:/home/bl/.local/bin:/home/bl/.opencode/bin:/home/bl/.local/bin:/usr/local/sbin:/usr/local/bin:/usr/sbin:/usr/bin:/sbin:/bin:/usr/games:/usr/local/games:/snap/bin
++ command -v rustc
+ selected=/tmp/tmp.dZyKvPwme8/lifecycle/drift-validator/bin/rustc
+ [[ /tmp/tmp.dZyKvPwme8/lifecycle/drift-validator/bin/rustc == \/\t\m\p\/\t\m\p\.\d\Z\y\K\v\P\w\m\e\8\/\l\i\f\e\c\y\c\l\e\/\d\r\i\f\t\-\v\a\l\i\d\a\t\o\r\/\b\i\n\/\r\u\s\t\c ]]
+ for tool in cargo git rustc taskset sleep cat mktemp mv
++ PATH=/tmp/tmp.dZyKvPwme8/lifecycle/drift-validator/bin:/home/bl/.local/bin:/home/bl/.codex/packages/standalone/releases/0.153.2-x86_64-unknown-linux-musl/codex-path:/home/bl/.codex/tmp/arg0/codex-arg0CWD760:/home/bl/.local/bin:/home/bl/.opencode/bin:/home/bl/.local/bin:/home/bl/.local/bin:/home/bl/.opencode/bin:/home/bl/.local/bin:/usr/local/sbin:/usr/local/bin:/usr/sbin:/usr/bin:/sbin:/bin:/usr/games:/usr/local/games:/snap/bin
++ command -v taskset
+ selected=/tmp/tmp.dZyKvPwme8/lifecycle/drift-validator/bin/taskset
+ [[ /tmp/tmp.dZyKvPwme8/lifecycle/drift-validator/bin/taskset == \/\t\m\p\/\t\m\p\.\d\Z\y\K\v\P\w\m\e\8\/\l\i\f\e\c\y\c\l\e\/\d\r\i\f\t\-\v\a\l\i\d\a\t\o\r\/\b\i\n\/\t\a\s\k\s\e\t ]]
+ for tool in cargo git rustc taskset sleep cat mktemp mv
++ PATH=/tmp/tmp.dZyKvPwme8/lifecycle/drift-validator/bin:/home/bl/.local/bin:/home/bl/.codex/packages/standalone/releases/0.153.2-x86_64-unknown-linux-musl/codex-path:/home/bl/.codex/tmp/arg0/codex-arg0CWD760:/home/bl/.local/bin:/home/bl/.opencode/bin:/home/bl/.local/bin:/home/bl/.local/bin:/home/bl/.opencode/bin:/home/bl/.local/bin:/usr/local/sbin:/usr/local/bin:/usr/sbin:/usr/bin:/sbin:/bin:/usr/games:/usr/local/games:/snap/bin
++ command -v sleep
+ selected=/tmp/tmp.dZyKvPwme8/lifecycle/drift-validator/bin/sleep
+ [[ /tmp/tmp.dZyKvPwme8/lifecycle/drift-validator/bin/sleep == \/\t\m\p\/\t\m\p\.\d\Z\y\K\v\P\w\m\e\8\/\l\i\f\e\c\y\c\l\e\/\d\r\i\f\t\-\v\a\l\i\d\a\t\o\r\/\b\i\n\/\s\l\e\e\p ]]
+ for tool in cargo git rustc taskset sleep cat mktemp mv
++ PATH=/tmp/tmp.dZyKvPwme8/lifecycle/drift-validator/bin:/home/bl/.local/bin:/home/bl/.codex/packages/standalone/releases/0.153.2-x86_64-unknown-linux-musl/codex-path:/home/bl/.codex/tmp/arg0/codex-arg0CWD760:/home/bl/.local/bin:/home/bl/.opencode/bin:/home/bl/.local/bin:/home/bl/.local/bin:/home/bl/.opencode/bin:/home/bl/.local/bin:/usr/local/sbin:/usr/local/bin:/usr/sbin:/usr/bin:/sbin:/bin:/usr/games:/usr/local/games:/snap/bin
++ command -v cat
+ selected=/tmp/tmp.dZyKvPwme8/lifecycle/drift-validator/bin/cat
+ [[ /tmp/tmp.dZyKvPwme8/lifecycle/drift-validator/bin/cat == \/\t\m\p\/\t\m\p\.\d\Z\y\K\v\P\w\m\e\8\/\l\i\f\e\c\y\c\l\e\/\d\r\i\f\t\-\v\a\l\i\d\a\t\o\r\/\b\i\n\/\c\a\t ]]
+ for tool in cargo git rustc taskset sleep cat mktemp mv
++ PATH=/tmp/tmp.dZyKvPwme8/lifecycle/drift-validator/bin:/home/bl/.local/bin:/home/bl/.codex/packages/standalone/releases/0.153.2-x86_64-unknown-linux-musl/codex-path:/home/bl/.codex/tmp/arg0/codex-arg0CWD760:/home/bl/.local/bin:/home/bl/.opencode/bin:/home/bl/.local/bin:/home/bl/.local/bin:/home/bl/.opencode/bin:/home/bl/.local/bin:/usr/local/sbin:/usr/local/bin:/usr/sbin:/usr/bin:/sbin:/bin:/usr/games:/usr/local/games:/snap/bin
++ command -v mktemp
+ selected=/tmp/tmp.dZyKvPwme8/lifecycle/drift-validator/bin/mktemp
+ [[ /tmp/tmp.dZyKvPwme8/lifecycle/drift-validator/bin/mktemp == \/\t\m\p\/\t\m\p\.\d\Z\y\K\v\P\w\m\e\8\/\l\i\f\e\c\y\c\l\e\/\d\r\i\f\t\-\v\a\l\i\d\a\t\o\r\/\b\i\n\/\m\k\t\e\m\p ]]
+ for tool in cargo git rustc taskset sleep cat mktemp mv
++ PATH=/tmp/tmp.dZyKvPwme8/lifecycle/drift-validator/bin:/home/bl/.local/bin:/home/bl/.codex/packages/standalone/releases/0.153.2-x86_64-unknown-linux-musl/codex-path:/home/bl/.codex/tmp/arg0/codex-arg0CWD760:/home/bl/.local/bin:/home/bl/.opencode/bin:/home/bl/.local/bin:/home/bl/.local/bin:/home/bl/.opencode/bin:/home/bl/.local/bin:/usr/local/sbin:/usr/local/bin:/usr/sbin:/usr/bin:/sbin:/bin:/usr/games:/usr/local/games:/snap/bin
++ command -v mv
+ selected=/tmp/tmp.dZyKvPwme8/lifecycle/drift-validator/bin/mv
+ [[ /tmp/tmp.dZyKvPwme8/lifecycle/drift-validator/bin/mv == \/\t\m\p\/\t\m\p\.\d\Z\y\K\v\P\w\m\e\8\/\l\i\f\e\c\y\c\l\e\/\d\r\i\f\t\-\v\a\l\i\d\a\t\o\r\/\b\i\n\/\m\v ]]
+ [[ -x /tmp/tmp.dZyKvPwme8/lifecycle/drift-validator/synthetic-emitter.sh ]]
+ cd /
+ PATH=/tmp/tmp.dZyKvPwme8/lifecycle/drift-validator/bin:/home/bl/.local/bin:/home/bl/.codex/packages/standalone/releases/0.153.2-x86_64-unknown-linux-musl/codex-path:/home/bl/.codex/tmp/arg0/codex-arg0CWD760:/home/bl/.local/bin:/home/bl/.opencode/bin:/home/bl/.local/bin:/home/bl/.local/bin:/home/bl/.opencode/bin:/home/bl/.local/bin:/usr/local/sbin:/usr/local/bin:/usr/sbin:/usr/bin:/sbin:/bin:/usr/games:/usr/local/games:/snap/bin
+ bash /tmp/tmp.dZyKvPwme8/lifecycle/drift-validator/scripts/preflight-builtins-current-benchmark.sh
+ case "$drift" in
+ printf '# drift\n'
+ run_benchmark
+ disposition_reason FAIL preflight_seal_mismatch
+ jq -e --arg status FAIL --arg reason preflight_seal_mismatch '.status==$status and .reason==$reason and .runner_invocations==1' /tmp/tmp.dZyKvPwme8/lifecycle/drift-validator/artifacts/issue431-full-chain/builtins-benchmark.disposition.json
+ [[ ! -e /tmp/tmp.dZyKvPwme8/lifecycle/drift-validator/synthetic-launches ]]
+ for build_tool in cargo rustc
+ new_case drift-cargo
+ local name=drift-cargo
+ case_root=/tmp/tmp.dZyKvPwme8/lifecycle/drift-cargo
+ cp -a /tmp/tmp.dZyKvPwme8/lifecycle/template /tmp/tmp.dZyKvPwme8/lifecycle/drift-cargo
+ printf 'success\n'
+ printf 'pass\n'
+ run_preflight
+ assert_fakes
+ local tool selected
+ for tool in cargo git rustc taskset sleep cat mktemp mv
++ PATH=/tmp/tmp.dZyKvPwme8/lifecycle/drift-cargo/bin:/home/bl/.local/bin:/home/bl/.codex/packages/standalone/releases/0.153.2-x86_64-unknown-linux-musl/codex-path:/home/bl/.codex/tmp/arg0/codex-arg0CWD760:/home/bl/.local/bin:/home/bl/.opencode/bin:/home/bl/.local/bin:/home/bl/.local/bin:/home/bl/.opencode/bin:/home/bl/.local/bin:/usr/local/sbin:/usr/local/bin:/usr/sbin:/usr/bin:/sbin:/bin:/usr/games:/usr/local/games:/snap/bin
++ command -v cargo
+ selected=/tmp/tmp.dZyKvPwme8/lifecycle/drift-cargo/bin/cargo
+ [[ /tmp/tmp.dZyKvPwme8/lifecycle/drift-cargo/bin/cargo == \/\t\m\p\/\t\m\p\.\d\Z\y\K\v\P\w\m\e\8\/\l\i\f\e\c\y\c\l\e\/\d\r\i\f\t\-\c\a\r\g\o\/\b\i\n\/\c\a\r\g\o ]]
+ for tool in cargo git rustc taskset sleep cat mktemp mv
++ PATH=/tmp/tmp.dZyKvPwme8/lifecycle/drift-cargo/bin:/home/bl/.local/bin:/home/bl/.codex/packages/standalone/releases/0.153.2-x86_64-unknown-linux-musl/codex-path:/home/bl/.codex/tmp/arg0/codex-arg0CWD760:/home/bl/.local/bin:/home/bl/.opencode/bin:/home/bl/.local/bin:/home/bl/.local/bin:/home/bl/.opencode/bin:/home/bl/.local/bin:/usr/local/sbin:/usr/local/bin:/usr/sbin:/usr/bin:/sbin:/bin:/usr/games:/usr/local/games:/snap/bin
++ command -v git
+ selected=/tmp/tmp.dZyKvPwme8/lifecycle/drift-cargo/bin/git
+ [[ /tmp/tmp.dZyKvPwme8/lifecycle/drift-cargo/bin/git == \/\t\m\p\/\t\m\p\.\d\Z\y\K\v\P\w\m\e\8\/\l\i\f\e\c\y\c\l\e\/\d\r\i\f\t\-\c\a\r\g\o\/\b\i\n\/\g\i\t ]]
+ for tool in cargo git rustc taskset sleep cat mktemp mv
++ PATH=/tmp/tmp.dZyKvPwme8/lifecycle/drift-cargo/bin:/home/bl/.local/bin:/home/bl/.codex/packages/standalone/releases/0.153.2-x86_64-unknown-linux-musl/codex-path:/home/bl/.codex/tmp/arg0/codex-arg0CWD760:/home/bl/.local/bin:/home/bl/.opencode/bin:/home/bl/.local/bin:/home/bl/.local/bin:/home/bl/.opencode/bin:/home/bl/.local/bin:/usr/local/sbin:/usr/local/bin:/usr/sbin:/usr/bin:/sbin:/bin:/usr/games:/usr/local/games:/snap/bin
++ command -v rustc
+ selected=/tmp/tmp.dZyKvPwme8/lifecycle/drift-cargo/bin/rustc
+ [[ /tmp/tmp.dZyKvPwme8/lifecycle/drift-cargo/bin/rustc == \/\t\m\p\/\t\m\p\.\d\Z\y\K\v\P\w\m\e\8\/\l\i\f\e\c\y\c\l\e\/\d\r\i\f\t\-\c\a\r\g\o\/\b\i\n\/\r\u\s\t\c ]]
+ for tool in cargo git rustc taskset sleep cat mktemp mv
++ PATH=/tmp/tmp.dZyKvPwme8/lifecycle/drift-cargo/bin:/home/bl/.local/bin:/home/bl/.codex/packages/standalone/releases/0.153.2-x86_64-unknown-linux-musl/codex-path:/home/bl/.codex/tmp/arg0/codex-arg0CWD760:/home/bl/.local/bin:/home/bl/.opencode/bin:/home/bl/.local/bin:/home/bl/.local/bin:/home/bl/.opencode/bin:/home/bl/.local/bin:/usr/local/sbin:/usr/local/bin:/usr/sbin:/usr/bin:/sbin:/bin:/usr/games:/usr/local/games:/snap/bin
++ command -v taskset
+ selected=/tmp/tmp.dZyKvPwme8/lifecycle/drift-cargo/bin/taskset
+ [[ /tmp/tmp.dZyKvPwme8/lifecycle/drift-cargo/bin/taskset == \/\t\m\p\/\t\m\p\.\d\Z\y\K\v\P\w\m\e\8\/\l\i\f\e\c\y\c\l\e\/\d\r\i\f\t\-\c\a\r\g\o\/\b\i\n\/\t\a\s\k\s\e\t ]]
+ for tool in cargo git rustc taskset sleep cat mktemp mv
++ PATH=/tmp/tmp.dZyKvPwme8/lifecycle/drift-cargo/bin:/home/bl/.local/bin:/home/bl/.codex/packages/standalone/releases/0.153.2-x86_64-unknown-linux-musl/codex-path:/home/bl/.codex/tmp/arg0/codex-arg0CWD760:/home/bl/.local/bin:/home/bl/.opencode/bin:/home/bl/.local/bin:/home/bl/.local/bin:/home/bl/.opencode/bin:/home/bl/.local/bin:/usr/local/sbin:/usr/local/bin:/usr/sbin:/usr/bin:/sbin:/bin:/usr/games:/usr/local/games:/snap/bin
++ command -v sleep
+ selected=/tmp/tmp.dZyKvPwme8/lifecycle/drift-cargo/bin/sleep
+ [[ /tmp/tmp.dZyKvPwme8/lifecycle/drift-cargo/bin/sleep == \/\t\m\p\/\t\m\p\.\d\Z\y\K\v\P\w\m\e\8\/\l\i\f\e\c\y\c\l\e\/\d\r\i\f\t\-\c\a\r\g\o\/\b\i\n\/\s\l\e\e\p ]]
+ for tool in cargo git rustc taskset sleep cat mktemp mv
++ PATH=/tmp/tmp.dZyKvPwme8/lifecycle/drift-cargo/bin:/home/bl/.local/bin:/home/bl/.codex/packages/standalone/releases/0.153.2-x86_64-unknown-linux-musl/codex-path:/home/bl/.codex/tmp/arg0/codex-arg0CWD760:/home/bl/.local/bin:/home/bl/.opencode/bin:/home/bl/.local/bin:/home/bl/.local/bin:/home/bl/.opencode/bin:/home/bl/.local/bin:/usr/local/sbin:/usr/local/bin:/usr/sbin:/usr/bin:/sbin:/bin:/usr/games:/usr/local/games:/snap/bin
++ command -v cat
+ selected=/tmp/tmp.dZyKvPwme8/lifecycle/drift-cargo/bin/cat
+ [[ /tmp/tmp.dZyKvPwme8/lifecycle/drift-cargo/bin/cat == \/\t\m\p\/\t\m\p\.\d\Z\y\K\v\P\w\m\e\8\/\l\i\f\e\c\y\c\l\e\/\d\r\i\f\t\-\c\a\r\g\o\/\b\i\n\/\c\a\t ]]
+ for tool in cargo git rustc taskset sleep cat mktemp mv
++ PATH=/tmp/tmp.dZyKvPwme8/lifecycle/drift-cargo/bin:/home/bl/.local/bin:/home/bl/.codex/packages/standalone/releases/0.153.2-x86_64-unknown-linux-musl/codex-path:/home/bl/.codex/tmp/arg0/codex-arg0CWD760:/home/bl/.local/bin:/home/bl/.opencode/bin:/home/bl/.local/bin:/home/bl/.local/bin:/home/bl/.opencode/bin:/home/bl/.local/bin:/usr/local/sbin:/usr/local/bin:/usr/sbin:/usr/bin:/sbin:/bin:/usr/games:/usr/local/games:/snap/bin
++ command -v mktemp
+ selected=/tmp/tmp.dZyKvPwme8/lifecycle/drift-cargo/bin/mktemp
+ [[ /tmp/tmp.dZyKvPwme8/lifecycle/drift-cargo/bin/mktemp == \/\t\m\p\/\t\m\p\.\d\Z\y\K\v\P\w\m\e\8\/\l\i\f\e\c\y\c\l\e\/\d\r\i\f\t\-\c\a\r\g\o\/\b\i\n\/\m\k\t\e\m\p ]]
+ for tool in cargo git rustc taskset sleep cat mktemp mv
++ PATH=/tmp/tmp.dZyKvPwme8/lifecycle/drift-cargo/bin:/home/bl/.local/bin:/home/bl/.codex/packages/standalone/releases/0.153.2-x86_64-unknown-linux-musl/codex-path:/home/bl/.codex/tmp/arg0/codex-arg0CWD760:/home/bl/.local/bin:/home/bl/.opencode/bin:/home/bl/.local/bin:/home/bl/.local/bin:/home/bl/.opencode/bin:/home/bl/.local/bin:/usr/local/sbin:/usr/local/bin:/usr/sbin:/usr/bin:/sbin:/bin:/usr/games:/usr/local/games:/snap/bin
++ command -v mv
+ selected=/tmp/tmp.dZyKvPwme8/lifecycle/drift-cargo/bin/mv
+ [[ /tmp/tmp.dZyKvPwme8/lifecycle/drift-cargo/bin/mv == \/\t\m\p\/\t\m\p\.\d\Z\y\K\v\P\w\m\e\8\/\l\i\f\e\c\y\c\l\e\/\d\r\i\f\t\-\c\a\r\g\o\/\b\i\n\/\m\v ]]
+ [[ -x /tmp/tmp.dZyKvPwme8/lifecycle/drift-cargo/synthetic-emitter.sh ]]
+ cd /
+ PATH=/tmp/tmp.dZyKvPwme8/lifecycle/drift-cargo/bin:/home/bl/.local/bin:/home/bl/.codex/packages/standalone/releases/0.153.2-x86_64-unknown-linux-musl/codex-path:/home/bl/.codex/tmp/arg0/codex-arg0CWD760:/home/bl/.local/bin:/home/bl/.opencode/bin:/home/bl/.local/bin:/home/bl/.local/bin:/home/bl/.opencode/bin:/home/bl/.local/bin:/usr/local/sbin:/usr/local/bin:/usr/sbin:/usr/bin:/sbin:/bin:/usr/games:/usr/local/games:/snap/bin
+ bash /tmp/tmp.dZyKvPwme8/lifecycle/drift-cargo/scripts/preflight-builtins-current-benchmark.sh
+ printf '# drift\n'
+ run_benchmark
+ disposition_reason FAIL preflight_seal_mismatch
+ jq -e --arg status FAIL --arg reason preflight_seal_mismatch '.status==$status and .reason==$reason and .runner_invocations==1' /tmp/tmp.dZyKvPwme8/lifecycle/drift-cargo/artifacts/issue431-full-chain/builtins-benchmark.disposition.json
+ [[ ! -e /tmp/tmp.dZyKvPwme8/lifecycle/drift-cargo/synthetic-launches ]]
+ for build_tool in cargo rustc
+ new_case drift-rustc
+ local name=drift-rustc
+ case_root=/tmp/tmp.dZyKvPwme8/lifecycle/drift-rustc
+ cp -a /tmp/tmp.dZyKvPwme8/lifecycle/template /tmp/tmp.dZyKvPwme8/lifecycle/drift-rustc
+ printf 'success\n'
+ printf 'pass\n'
+ run_preflight
+ assert_fakes
+ local tool selected
+ for tool in cargo git rustc taskset sleep cat mktemp mv
++ PATH=/tmp/tmp.dZyKvPwme8/lifecycle/drift-rustc/bin:/home/bl/.local/bin:/home/bl/.codex/packages/standalone/releases/0.153.2-x86_64-unknown-linux-musl/codex-path:/home/bl/.codex/tmp/arg0/codex-arg0CWD760:/home/bl/.local/bin:/home/bl/.opencode/bin:/home/bl/.local/bin:/home/bl/.local/bin:/home/bl/.opencode/bin:/home/bl/.local/bin:/usr/local/sbin:/usr/local/bin:/usr/sbin:/usr/bin:/sbin:/bin:/usr/games:/usr/local/games:/snap/bin
++ command -v cargo
+ selected=/tmp/tmp.dZyKvPwme8/lifecycle/drift-rustc/bin/cargo
+ [[ /tmp/tmp.dZyKvPwme8/lifecycle/drift-rustc/bin/cargo == \/\t\m\p\/\t\m\p\.\d\Z\y\K\v\P\w\m\e\8\/\l\i\f\e\c\y\c\l\e\/\d\r\i\f\t\-\r\u\s\t\c\/\b\i\n\/\c\a\r\g\o ]]
+ for tool in cargo git rustc taskset sleep cat mktemp mv
++ PATH=/tmp/tmp.dZyKvPwme8/lifecycle/drift-rustc/bin:/home/bl/.local/bin:/home/bl/.codex/packages/standalone/releases/0.153.2-x86_64-unknown-linux-musl/codex-path:/home/bl/.codex/tmp/arg0/codex-arg0CWD760:/home/bl/.local/bin:/home/bl/.opencode/bin:/home/bl/.local/bin:/home/bl/.local/bin:/home/bl/.opencode/bin:/home/bl/.local/bin:/usr/local/sbin:/usr/local/bin:/usr/sbin:/usr/bin:/sbin:/bin:/usr/games:/usr/local/games:/snap/bin
++ command -v git
+ selected=/tmp/tmp.dZyKvPwme8/lifecycle/drift-rustc/bin/git
+ [[ /tmp/tmp.dZyKvPwme8/lifecycle/drift-rustc/bin/git == \/\t\m\p\/\t\m\p\.\d\Z\y\K\v\P\w\m\e\8\/\l\i\f\e\c\y\c\l\e\/\d\r\i\f\t\-\r\u\s\t\c\/\b\i\n\/\g\i\t ]]
+ for tool in cargo git rustc taskset sleep cat mktemp mv
++ PATH=/tmp/tmp.dZyKvPwme8/lifecycle/drift-rustc/bin:/home/bl/.local/bin:/home/bl/.codex/packages/standalone/releases/0.153.2-x86_64-unknown-linux-musl/codex-path:/home/bl/.codex/tmp/arg0/codex-arg0CWD760:/home/bl/.local/bin:/home/bl/.opencode/bin:/home/bl/.local/bin:/home/bl/.local/bin:/home/bl/.opencode/bin:/home/bl/.local/bin:/usr/local/sbin:/usr/local/bin:/usr/sbin:/usr/bin:/sbin:/bin:/usr/games:/usr/local/games:/snap/bin
++ command -v rustc
+ selected=/tmp/tmp.dZyKvPwme8/lifecycle/drift-rustc/bin/rustc
+ [[ /tmp/tmp.dZyKvPwme8/lifecycle/drift-rustc/bin/rustc == \/\t\m\p\/\t\m\p\.\d\Z\y\K\v\P\w\m\e\8\/\l\i\f\e\c\y\c\l\e\/\d\r\i\f\t\-\r\u\s\t\c\/\b\i\n\/\r\u\s\t\c ]]
+ for tool in cargo git rustc taskset sleep cat mktemp mv
++ PATH=/tmp/tmp.dZyKvPwme8/lifecycle/drift-rustc/bin:/home/bl/.local/bin:/home/bl/.codex/packages/standalone/releases/0.153.2-x86_64-unknown-linux-musl/codex-path:/home/bl/.codex/tmp/arg0/codex-arg0CWD760:/home/bl/.local/bin:/home/bl/.opencode/bin:/home/bl/.local/bin:/home/bl/.local/bin:/home/bl/.opencode/bin:/home/bl/.local/bin:/usr/local/sbin:/usr/local/bin:/usr/sbin:/usr/bin:/sbin:/bin:/usr/games:/usr/local/games:/snap/bin
++ command -v taskset
+ selected=/tmp/tmp.dZyKvPwme8/lifecycle/drift-rustc/bin/taskset
+ [[ /tmp/tmp.dZyKvPwme8/lifecycle/drift-rustc/bin/taskset == \/\t\m\p\/\t\m\p\.\d\Z\y\K\v\P\w\m\e\8\/\l\i\f\e\c\y\c\l\e\/\d\r\i\f\t\-\r\u\s\t\c\/\b\i\n\/\t\a\s\k\s\e\t ]]
+ for tool in cargo git rustc taskset sleep cat mktemp mv
++ PATH=/tmp/tmp.dZyKvPwme8/lifecycle/drift-rustc/bin:/home/bl/.local/bin:/home/bl/.codex/packages/standalone/releases/0.153.2-x86_64-unknown-linux-musl/codex-path:/home/bl/.codex/tmp/arg0/codex-arg0CWD760:/home/bl/.local/bin:/home/bl/.opencode/bin:/home/bl/.local/bin:/home/bl/.local/bin:/home/bl/.opencode/bin:/home/bl/.local/bin:/usr/local/sbin:/usr/local/bin:/usr/sbin:/usr/bin:/sbin:/bin:/usr/games:/usr/local/games:/snap/bin
++ command -v sleep
+ selected=/tmp/tmp.dZyKvPwme8/lifecycle/drift-rustc/bin/sleep
+ [[ /tmp/tmp.dZyKvPwme8/lifecycle/drift-rustc/bin/sleep == \/\t\m\p\/\t\m\p\.\d\Z\y\K\v\P\w\m\e\8\/\l\i\f\e\c\y\c\l\e\/\d\r\i\f\t\-\r\u\s\t\c\/\b\i\n\/\s\l\e\e\p ]]
+ for tool in cargo git rustc taskset sleep cat mktemp mv
++ PATH=/tmp/tmp.dZyKvPwme8/lifecycle/drift-rustc/bin:/home/bl/.local/bin:/home/bl/.codex/packages/standalone/releases/0.153.2-x86_64-unknown-linux-musl/codex-path:/home/bl/.codex/tmp/arg0/codex-arg0CWD760:/home/bl/.local/bin:/home/bl/.opencode/bin:/home/bl/.local/bin:/home/bl/.local/bin:/home/bl/.opencode/bin:/home/bl/.local/bin:/usr/local/sbin:/usr/local/bin:/usr/sbin:/usr/bin:/sbin:/bin:/usr/games:/usr/local/games:/snap/bin
++ command -v cat
+ selected=/tmp/tmp.dZyKvPwme8/lifecycle/drift-rustc/bin/cat
+ [[ /tmp/tmp.dZyKvPwme8/lifecycle/drift-rustc/bin/cat == \/\t\m\p\/\t\m\p\.\d\Z\y\K\v\P\w\m\e\8\/\l\i\f\e\c\y\c\l\e\/\d\r\i\f\t\-\r\u\s\t\c\/\b\i\n\/\c\a\t ]]
+ for tool in cargo git rustc taskset sleep cat mktemp mv
++ PATH=/tmp/tmp.dZyKvPwme8/lifecycle/drift-rustc/bin:/home/bl/.local/bin:/home/bl/.codex/packages/standalone/releases/0.153.2-x86_64-unknown-linux-musl/codex-path:/home/bl/.codex/tmp/arg0/codex-arg0CWD760:/home/bl/.local/bin:/home/bl/.opencode/bin:/home/bl/.local/bin:/home/bl/.local/bin:/home/bl/.opencode/bin:/home/bl/.local/bin:/usr/local/sbin:/usr/local/bin:/usr/sbin:/usr/bin:/sbin:/bin:/usr/games:/usr/local/games:/snap/bin
++ command -v mktemp
+ selected=/tmp/tmp.dZyKvPwme8/lifecycle/drift-rustc/bin/mktemp
+ [[ /tmp/tmp.dZyKvPwme8/lifecycle/drift-rustc/bin/mktemp == \/\t\m\p\/\t\m\p\.\d\Z\y\K\v\P\w\m\e\8\/\l\i\f\e\c\y\c\l\e\/\d\r\i\f\t\-\r\u\s\t\c\/\b\i\n\/\m\k\t\e\m\p ]]
+ for tool in cargo git rustc taskset sleep cat mktemp mv
++ PATH=/tmp/tmp.dZyKvPwme8/lifecycle/drift-rustc/bin:/home/bl/.local/bin:/home/bl/.codex/packages/standalone/releases/0.153.2-x86_64-unknown-linux-musl/codex-path:/home/bl/.codex/tmp/arg0/codex-arg0CWD760:/home/bl/.local/bin:/home/bl/.opencode/bin:/home/bl/.local/bin:/home/bl/.local/bin:/home/bl/.opencode/bin:/home/bl/.local/bin:/usr/local/sbin:/usr/local/bin:/usr/sbin:/usr/bin:/sbin:/bin:/usr/games:/usr/local/games:/snap/bin
++ command -v mv
+ selected=/tmp/tmp.dZyKvPwme8/lifecycle/drift-rustc/bin/mv
+ [[ /tmp/tmp.dZyKvPwme8/lifecycle/drift-rustc/bin/mv == \/\t\m\p\/\t\m\p\.\d\Z\y\K\v\P\w\m\e\8\/\l\i\f\e\c\y\c\l\e\/\d\r\i\f\t\-\r\u\s\t\c\/\b\i\n\/\m\v ]]
+ [[ -x /tmp/tmp.dZyKvPwme8/lifecycle/drift-rustc/synthetic-emitter.sh ]]
+ cd /
+ PATH=/tmp/tmp.dZyKvPwme8/lifecycle/drift-rustc/bin:/home/bl/.local/bin:/home/bl/.codex/packages/standalone/releases/0.153.2-x86_64-unknown-linux-musl/codex-path:/home/bl/.codex/tmp/arg0/codex-arg0CWD760:/home/bl/.local/bin:/home/bl/.opencode/bin:/home/bl/.local/bin:/home/bl/.local/bin:/home/bl/.opencode/bin:/home/bl/.local/bin:/usr/local/sbin:/usr/local/bin:/usr/sbin:/usr/bin:/sbin:/bin:/usr/games:/usr/local/games:/snap/bin
+ bash /tmp/tmp.dZyKvPwme8/lifecycle/drift-rustc/scripts/preflight-builtins-current-benchmark.sh
+ printf '# drift\n'
+ run_benchmark
+ disposition_reason FAIL preflight_seal_mismatch
+ jq -e --arg status FAIL --arg reason preflight_seal_mismatch '.status==$status and .reason==$reason and .runner_invocations==1' /tmp/tmp.dZyKvPwme8/lifecycle/drift-rustc/artifacts/issue431-full-chain/builtins-benchmark.disposition.json
+ [[ ! -e /tmp/tmp.dZyKvPwme8/lifecycle/drift-rustc/synthetic-launches ]]
+ new_case controlled-refusal
+ local name=controlled-refusal
+ case_root=/tmp/tmp.dZyKvPwme8/lifecycle/controlled-refusal
+ cp -a /tmp/tmp.dZyKvPwme8/lifecycle/template /tmp/tmp.dZyKvPwme8/lifecycle/controlled-refusal
+ printf 'success\n'
+ printf 'pass\n'
+ run_preflight
+ assert_fakes
+ local tool selected
+ for tool in cargo git rustc taskset sleep cat mktemp mv
++ PATH=/tmp/tmp.dZyKvPwme8/lifecycle/controlled-refusal/bin:/home/bl/.local/bin:/home/bl/.codex/packages/standalone/releases/0.153.2-x86_64-unknown-linux-musl/codex-path:/home/bl/.codex/tmp/arg0/codex-arg0CWD760:/home/bl/.local/bin:/home/bl/.opencode/bin:/home/bl/.local/bin:/home/bl/.local/bin:/home/bl/.opencode/bin:/home/bl/.local/bin:/usr/local/sbin:/usr/local/bin:/usr/sbin:/usr/bin:/sbin:/bin:/usr/games:/usr/local/games:/snap/bin
++ command -v cargo
+ selected=/tmp/tmp.dZyKvPwme8/lifecycle/controlled-refusal/bin/cargo
+ [[ /tmp/tmp.dZyKvPwme8/lifecycle/controlled-refusal/bin/cargo == \/\t\m\p\/\t\m\p\.\d\Z\y\K\v\P\w\m\e\8\/\l\i\f\e\c\y\c\l\e\/\c\o\n\t\r\o\l\l\e\d\-\r\e\f\u\s\a\l\/\b\i\n\/\c\a\r\g\o ]]
+ for tool in cargo git rustc taskset sleep cat mktemp mv
++ PATH=/tmp/tmp.dZyKvPwme8/lifecycle/controlled-refusal/bin:/home/bl/.local/bin:/home/bl/.codex/packages/standalone/releases/0.153.2-x86_64-unknown-linux-musl/codex-path:/home/bl/.codex/tmp/arg0/codex-arg0CWD760:/home/bl/.local/bin:/home/bl/.opencode/bin:/home/bl/.local/bin:/home/bl/.local/bin:/home/bl/.opencode/bin:/home/bl/.local/bin:/usr/local/sbin:/usr/local/bin:/usr/sbin:/usr/bin:/sbin:/bin:/usr/games:/usr/local/games:/snap/bin
++ command -v git
+ selected=/tmp/tmp.dZyKvPwme8/lifecycle/controlled-refusal/bin/git
+ [[ /tmp/tmp.dZyKvPwme8/lifecycle/controlled-refusal/bin/git == \/\t\m\p\/\t\m\p\.\d\Z\y\K\v\P\w\m\e\8\/\l\i\f\e\c\y\c\l\e\/\c\o\n\t\r\o\l\l\e\d\-\r\e\f\u\s\a\l\/\b\i\n\/\g\i\t ]]
+ for tool in cargo git rustc taskset sleep cat mktemp mv
++ PATH=/tmp/tmp.dZyKvPwme8/lifecycle/controlled-refusal/bin:/home/bl/.local/bin:/home/bl/.codex/packages/standalone/releases/0.153.2-x86_64-unknown-linux-musl/codex-path:/home/bl/.codex/tmp/arg0/codex-arg0CWD760:/home/bl/.local/bin:/home/bl/.opencode/bin:/home/bl/.local/bin:/home/bl/.local/bin:/home/bl/.opencode/bin:/home/bl/.local/bin:/usr/local/sbin:/usr/local/bin:/usr/sbin:/usr/bin:/sbin:/bin:/usr/games:/usr/local/games:/snap/bin
++ command -v rustc
+ selected=/tmp/tmp.dZyKvPwme8/lifecycle/controlled-refusal/bin/rustc
+ [[ /tmp/tmp.dZyKvPwme8/lifecycle/controlled-refusal/bin/rustc == \/\t\m\p\/\t\m\p\.\d\Z\y\K\v\P\w\m\e\8\/\l\i\f\e\c\y\c\l\e\/\c\o\n\t\r\o\l\l\e\d\-\r\e\f\u\s\a\l\/\b\i\n\/\r\u\s\t\c ]]
+ for tool in cargo git rustc taskset sleep cat mktemp mv
++ PATH=/tmp/tmp.dZyKvPwme8/lifecycle/controlled-refusal/bin:/home/bl/.local/bin:/home/bl/.codex/packages/standalone/releases/0.153.2-x86_64-unknown-linux-musl/codex-path:/home/bl/.codex/tmp/arg0/codex-arg0CWD760:/home/bl/.local/bin:/home/bl/.opencode/bin:/home/bl/.local/bin:/home/bl/.local/bin:/home/bl/.opencode/bin:/home/bl/.local/bin:/usr/local/sbin:/usr/local/bin:/usr/sbin:/usr/bin:/sbin:/bin:/usr/games:/usr/local/games:/snap/bin
++ command -v taskset
+ selected=/tmp/tmp.dZyKvPwme8/lifecycle/controlled-refusal/bin/taskset
+ [[ /tmp/tmp.dZyKvPwme8/lifecycle/controlled-refusal/bin/taskset == \/\t\m\p\/\t\m\p\.\d\Z\y\K\v\P\w\m\e\8\/\l\i\f\e\c\y\c\l\e\/\c\o\n\t\r\o\l\l\e\d\-\r\e\f\u\s\a\l\/\b\i\n\/\t\a\s\k\s\e\t ]]
+ for tool in cargo git rustc taskset sleep cat mktemp mv
++ PATH=/tmp/tmp.dZyKvPwme8/lifecycle/controlled-refusal/bin:/home/bl/.local/bin:/home/bl/.codex/packages/standalone/releases/0.153.2-x86_64-unknown-linux-musl/codex-path:/home/bl/.codex/tmp/arg0/codex-arg0CWD760:/home/bl/.local/bin:/home/bl/.opencode/bin:/home/bl/.local/bin:/home/bl/.local/bin:/home/bl/.opencode/bin:/home/bl/.local/bin:/usr/local/sbin:/usr/local/bin:/usr/sbin:/usr/bin:/sbin:/bin:/usr/games:/usr/local/games:/snap/bin
++ command -v sleep
+ selected=/tmp/tmp.dZyKvPwme8/lifecycle/controlled-refusal/bin/sleep
+ [[ /tmp/tmp.dZyKvPwme8/lifecycle/controlled-refusal/bin/sleep == \/\t\m\p\/\t\m\p\.\d\Z\y\K\v\P\w\m\e\8\/\l\i\f\e\c\y\c\l\e\/\c\o\n\t\r\o\l\l\e\d\-\r\e\f\u\s\a\l\/\b\i\n\/\s\l\e\e\p ]]
+ for tool in cargo git rustc taskset sleep cat mktemp mv
++ PATH=/tmp/tmp.dZyKvPwme8/lifecycle/controlled-refusal/bin:/home/bl/.local/bin:/home/bl/.codex/packages/standalone/releases/0.153.2-x86_64-unknown-linux-musl/codex-path:/home/bl/.codex/tmp/arg0/codex-arg0CWD760:/home/bl/.local/bin:/home/bl/.opencode/bin:/home/bl/.local/bin:/home/bl/.local/bin:/home/bl/.opencode/bin:/home/bl/.local/bin:/usr/local/sbin:/usr/local/bin:/usr/sbin:/usr/bin:/sbin:/bin:/usr/games:/usr/local/games:/snap/bin
++ command -v cat
+ selected=/tmp/tmp.dZyKvPwme8/lifecycle/controlled-refusal/bin/cat
+ [[ /tmp/tmp.dZyKvPwme8/lifecycle/controlled-refusal/bin/cat == \/\t\m\p\/\t\m\p\.\d\Z\y\K\v\P\w\m\e\8\/\l\i\f\e\c\y\c\l\e\/\c\o\n\t\r\o\l\l\e\d\-\r\e\f\u\s\a\l\/\b\i\n\/\c\a\t ]]
+ for tool in cargo git rustc taskset sleep cat mktemp mv
++ PATH=/tmp/tmp.dZyKvPwme8/lifecycle/controlled-refusal/bin:/home/bl/.local/bin:/home/bl/.codex/packages/standalone/releases/0.153.2-x86_64-unknown-linux-musl/codex-path:/home/bl/.codex/tmp/arg0/codex-arg0CWD760:/home/bl/.local/bin:/home/bl/.opencode/bin:/home/bl/.local/bin:/home/bl/.local/bin:/home/bl/.opencode/bin:/home/bl/.local/bin:/usr/local/sbin:/usr/local/bin:/usr/sbin:/usr/bin:/sbin:/bin:/usr/games:/usr/local/games:/snap/bin
++ command -v mktemp
+ selected=/tmp/tmp.dZyKvPwme8/lifecycle/controlled-refusal/bin/mktemp
+ [[ /tmp/tmp.dZyKvPwme8/lifecycle/controlled-refusal/bin/mktemp == \/\t\m\p\/\t\m\p\.\d\Z\y\K\v\P\w\m\e\8\/\l\i\f\e\c\y\c\l\e\/\c\o\n\t\r\o\l\l\e\d\-\r\e\f\u\s\a\l\/\b\i\n\/\m\k\t\e\m\p ]]
+ for tool in cargo git rustc taskset sleep cat mktemp mv
++ PATH=/tmp/tmp.dZyKvPwme8/lifecycle/controlled-refusal/bin:/home/bl/.local/bin:/home/bl/.codex/packages/standalone/releases/0.153.2-x86_64-unknown-linux-musl/codex-path:/home/bl/.codex/tmp/arg0/codex-arg0CWD760:/home/bl/.local/bin:/home/bl/.opencode/bin:/home/bl/.local/bin:/home/bl/.local/bin:/home/bl/.opencode/bin:/home/bl/.local/bin:/usr/local/sbin:/usr/local/bin:/usr/sbin:/usr/bin:/sbin:/bin:/usr/games:/usr/local/games:/snap/bin
++ command -v mv
+ selected=/tmp/tmp.dZyKvPwme8/lifecycle/controlled-refusal/bin/mv
+ [[ /tmp/tmp.dZyKvPwme8/lifecycle/controlled-refusal/bin/mv == \/\t\m\p\/\t\m\p\.\d\Z\y\K\v\P\w\m\e\8\/\l\i\f\e\c\y\c\l\e\/\c\o\n\t\r\o\l\l\e\d\-\r\e\f\u\s\a\l\/\b\i\n\/\m\v ]]
+ [[ -x /tmp/tmp.dZyKvPwme8/lifecycle/controlled-refusal/synthetic-emitter.sh ]]
+ cd /
+ PATH=/tmp/tmp.dZyKvPwme8/lifecycle/controlled-refusal/bin:/home/bl/.local/bin:/home/bl/.codex/packages/standalone/releases/0.153.2-x86_64-unknown-linux-musl/codex-path:/home/bl/.codex/tmp/arg0/codex-arg0CWD760:/home/bl/.local/bin:/home/bl/.opencode/bin:/home/bl/.local/bin:/home/bl/.local/bin:/home/bl/.opencode/bin:/home/bl/.local/bin:/usr/local/sbin:/usr/local/bin:/usr/sbin:/usr/bin:/sbin:/bin:/usr/games:/usr/local/games:/snap/bin
+ bash /tmp/tmp.dZyKvPwme8/lifecycle/controlled-refusal/scripts/preflight-builtins-current-benchmark.sh
+ printf 'refuse\n'
+ run_benchmark
+ disposition_reason FAIL loadavg_above_ceiling
+ jq -e --arg status FAIL --arg reason loadavg_above_ceiling '.status==$status and .reason==$reason and .runner_invocations==1' /tmp/tmp.dZyKvPwme8/lifecycle/controlled-refusal/artifacts/issue431-full-chain/builtins-benchmark.disposition.json
+ [[ ! -e /tmp/tmp.dZyKvPwme8/lifecycle/controlled-refusal/synthetic-launches ]]
+ new_case uncontrolled
+ local name=uncontrolled
+ case_root=/tmp/tmp.dZyKvPwme8/lifecycle/uncontrolled
+ cp -a /tmp/tmp.dZyKvPwme8/lifecycle/template /tmp/tmp.dZyKvPwme8/lifecycle/uncontrolled
+ printf 'success\n'
+ printf 'pass\n'
+ run_preflight
+ assert_fakes
+ local tool selected
+ for tool in cargo git rustc taskset sleep cat mktemp mv
++ PATH=/tmp/tmp.dZyKvPwme8/lifecycle/uncontrolled/bin:/home/bl/.local/bin:/home/bl/.codex/packages/standalone/releases/0.153.2-x86_64-unknown-linux-musl/codex-path:/home/bl/.codex/tmp/arg0/codex-arg0CWD760:/home/bl/.local/bin:/home/bl/.opencode/bin:/home/bl/.local/bin:/home/bl/.local/bin:/home/bl/.opencode/bin:/home/bl/.local/bin:/usr/local/sbin:/usr/local/bin:/usr/sbin:/usr/bin:/sbin:/bin:/usr/games:/usr/local/games:/snap/bin
++ command -v cargo
+ selected=/tmp/tmp.dZyKvPwme8/lifecycle/uncontrolled/bin/cargo
+ [[ /tmp/tmp.dZyKvPwme8/lifecycle/uncontrolled/bin/cargo == \/\t\m\p\/\t\m\p\.\d\Z\y\K\v\P\w\m\e\8\/\l\i\f\e\c\y\c\l\e\/\u\n\c\o\n\t\r\o\l\l\e\d\/\b\i\n\/\c\a\r\g\o ]]
+ for tool in cargo git rustc taskset sleep cat mktemp mv
++ PATH=/tmp/tmp.dZyKvPwme8/lifecycle/uncontrolled/bin:/home/bl/.local/bin:/home/bl/.codex/packages/standalone/releases/0.153.2-x86_64-unknown-linux-musl/codex-path:/home/bl/.codex/tmp/arg0/codex-arg0CWD760:/home/bl/.local/bin:/home/bl/.opencode/bin:/home/bl/.local/bin:/home/bl/.local/bin:/home/bl/.opencode/bin:/home/bl/.local/bin:/usr/local/sbin:/usr/local/bin:/usr/sbin:/usr/bin:/sbin:/bin:/usr/games:/usr/local/games:/snap/bin
++ command -v git
+ selected=/tmp/tmp.dZyKvPwme8/lifecycle/uncontrolled/bin/git
+ [[ /tmp/tmp.dZyKvPwme8/lifecycle/uncontrolled/bin/git == \/\t\m\p\/\t\m\p\.\d\Z\y\K\v\P\w\m\e\8\/\l\i\f\e\c\y\c\l\e\/\u\n\c\o\n\t\r\o\l\l\e\d\/\b\i\n\/\g\i\t ]]
+ for tool in cargo git rustc taskset sleep cat mktemp mv
++ PATH=/tmp/tmp.dZyKvPwme8/lifecycle/uncontrolled/bin:/home/bl/.local/bin:/home/bl/.codex/packages/standalone/releases/0.153.2-x86_64-unknown-linux-musl/codex-path:/home/bl/.codex/tmp/arg0/codex-arg0CWD760:/home/bl/.local/bin:/home/bl/.opencode/bin:/home/bl/.local/bin:/home/bl/.local/bin:/home/bl/.opencode/bin:/home/bl/.local/bin:/usr/local/sbin:/usr/local/bin:/usr/sbin:/usr/bin:/sbin:/bin:/usr/games:/usr/local/games:/snap/bin
++ command -v rustc
+ selected=/tmp/tmp.dZyKvPwme8/lifecycle/uncontrolled/bin/rustc
+ [[ /tmp/tmp.dZyKvPwme8/lifecycle/uncontrolled/bin/rustc == \/\t\m\p\/\t\m\p\.\d\Z\y\K\v\P\w\m\e\8\/\l\i\f\e\c\y\c\l\e\/\u\n\c\o\n\t\r\o\l\l\e\d\/\b\i\n\/\r\u\s\t\c ]]
+ for tool in cargo git rustc taskset sleep cat mktemp mv
++ PATH=/tmp/tmp.dZyKvPwme8/lifecycle/uncontrolled/bin:/home/bl/.local/bin:/home/bl/.codex/packages/standalone/releases/0.153.2-x86_64-unknown-linux-musl/codex-path:/home/bl/.codex/tmp/arg0/codex-arg0CWD760:/home/bl/.local/bin:/home/bl/.opencode/bin:/home/bl/.local/bin:/home/bl/.local/bin:/home/bl/.opencode/bin:/home/bl/.local/bin:/usr/local/sbin:/usr/local/bin:/usr/sbin:/usr/bin:/sbin:/bin:/usr/games:/usr/local/games:/snap/bin
++ command -v taskset
+ selected=/tmp/tmp.dZyKvPwme8/lifecycle/uncontrolled/bin/taskset
+ [[ /tmp/tmp.dZyKvPwme8/lifecycle/uncontrolled/bin/taskset == \/\t\m\p\/\t\m\p\.\d\Z\y\K\v\P\w\m\e\8\/\l\i\f\e\c\y\c\l\e\/\u\n\c\o\n\t\r\o\l\l\e\d\/\b\i\n\/\t\a\s\k\s\e\t ]]
+ for tool in cargo git rustc taskset sleep cat mktemp mv
++ PATH=/tmp/tmp.dZyKvPwme8/lifecycle/uncontrolled/bin:/home/bl/.local/bin:/home/bl/.codex/packages/standalone/releases/0.153.2-x86_64-unknown-linux-musl/codex-path:/home/bl/.codex/tmp/arg0/codex-arg0CWD760:/home/bl/.local/bin:/home/bl/.opencode/bin:/home/bl/.local/bin:/home/bl/.local/bin:/home/bl/.opencode/bin:/home/bl/.local/bin:/usr/local/sbin:/usr/local/bin:/usr/sbin:/usr/bin:/sbin:/bin:/usr/games:/usr/local/games:/snap/bin
++ command -v sleep
+ selected=/tmp/tmp.dZyKvPwme8/lifecycle/uncontrolled/bin/sleep
+ [[ /tmp/tmp.dZyKvPwme8/lifecycle/uncontrolled/bin/sleep == \/\t\m\p\/\t\m\p\.\d\Z\y\K\v\P\w\m\e\8\/\l\i\f\e\c\y\c\l\e\/\u\n\c\o\n\t\r\o\l\l\e\d\/\b\i\n\/\s\l\e\e\p ]]
+ for tool in cargo git rustc taskset sleep cat mktemp mv
++ PATH=/tmp/tmp.dZyKvPwme8/lifecycle/uncontrolled/bin:/home/bl/.local/bin:/home/bl/.codex/packages/standalone/releases/0.153.2-x86_64-unknown-linux-musl/codex-path:/home/bl/.codex/tmp/arg0/codex-arg0CWD760:/home/bl/.local/bin:/home/bl/.opencode/bin:/home/bl/.local/bin:/home/bl/.local/bin:/home/bl/.opencode/bin:/home/bl/.local/bin:/usr/local/sbin:/usr/local/bin:/usr/sbin:/usr/bin:/sbin:/bin:/usr/games:/usr/local/games:/snap/bin
++ command -v cat
+ selected=/tmp/tmp.dZyKvPwme8/lifecycle/uncontrolled/bin/cat
+ [[ /tmp/tmp.dZyKvPwme8/lifecycle/uncontrolled/bin/cat == \/\t\m\p\/\t\m\p\.\d\Z\y\K\v\P\w\m\e\8\/\l\i\f\e\c\y\c\l\e\/\u\n\c\o\n\t\r\o\l\l\e\d\/\b\i\n\/\c\a\t ]]
+ for tool in cargo git rustc taskset sleep cat mktemp mv
++ PATH=/tmp/tmp.dZyKvPwme8/lifecycle/uncontrolled/bin:/home/bl/.local/bin:/home/bl/.codex/packages/standalone/releases/0.153.2-x86_64-unknown-linux-musl/codex-path:/home/bl/.codex/tmp/arg0/codex-arg0CWD760:/home/bl/.local/bin:/home/bl/.opencode/bin:/home/bl/.local/bin:/home/bl/.local/bin:/home/bl/.opencode/bin:/home/bl/.local/bin:/usr/local/sbin:/usr/local/bin:/usr/sbin:/usr/bin:/sbin:/bin:/usr/games:/usr/local/games:/snap/bin
++ command -v mktemp
+ selected=/tmp/tmp.dZyKvPwme8/lifecycle/uncontrolled/bin/mktemp
+ [[ /tmp/tmp.dZyKvPwme8/lifecycle/uncontrolled/bin/mktemp == \/\t\m\p\/\t\m\p\.\d\Z\y\K\v\P\w\m\e\8\/\l\i\f\e\c\y\c\l\e\/\u\n\c\o\n\t\r\o\l\l\e\d\/\b\i\n\/\m\k\t\e\m\p ]]
+ for tool in cargo git rustc taskset sleep cat mktemp mv
++ PATH=/tmp/tmp.dZyKvPwme8/lifecycle/uncontrolled/bin:/home/bl/.local/bin:/home/bl/.codex/packages/standalone/releases/0.153.2-x86_64-unknown-linux-musl/codex-path:/home/bl/.codex/tmp/arg0/codex-arg0CWD760:/home/bl/.local/bin:/home/bl/.opencode/bin:/home/bl/.local/bin:/home/bl/.local/bin:/home/bl/.opencode/bin:/home/bl/.local/bin:/usr/local/sbin:/usr/local/bin:/usr/sbin:/usr/bin:/sbin:/bin:/usr/games:/usr/local/games:/snap/bin
++ command -v mv
+ selected=/tmp/tmp.dZyKvPwme8/lifecycle/uncontrolled/bin/mv
+ [[ /tmp/tmp.dZyKvPwme8/lifecycle/uncontrolled/bin/mv == \/\t\m\p\/\t\m\p\.\d\Z\y\K\v\P\w\m\e\8\/\l\i\f\e\c\y\c\l\e\/\u\n\c\o\n\t\r\o\l\l\e\d\/\b\i\n\/\m\v ]]
+ [[ -x /tmp/tmp.dZyKvPwme8/lifecycle/uncontrolled/synthetic-emitter.sh ]]
+ cd /
+ PATH=/tmp/tmp.dZyKvPwme8/lifecycle/uncontrolled/bin:/home/bl/.local/bin:/home/bl/.codex/packages/standalone/releases/0.153.2-x86_64-unknown-linux-musl/codex-path:/home/bl/.codex/tmp/arg0/codex-arg0CWD760:/home/bl/.local/bin:/home/bl/.opencode/bin:/home/bl/.local/bin:/home/bl/.local/bin:/home/bl/.opencode/bin:/home/bl/.local/bin:/usr/local/sbin:/usr/local/bin:/usr/sbin:/usr/bin:/sbin:/bin:/usr/games:/usr/local/games:/snap/bin
+ bash /tmp/tmp.dZyKvPwme8/lifecycle/uncontrolled/scripts/preflight-builtins-current-benchmark.sh
+ MISO_ENGINE_BENCH_ALLOW_UNCONTROLLED=1
+ run_benchmark
+ disposition_reason FAIL uncontrolled_override_forbidden
+ jq -e --arg status FAIL --arg reason uncontrolled_override_forbidden '.status==$status and .reason==$reason and .runner_invocations==1' /tmp/tmp.dZyKvPwme8/lifecycle/uncontrolled/artifacts/issue431-full-chain/builtins-benchmark.disposition.json
+ [[ ! -e /tmp/tmp.dZyKvPwme8/lifecycle/uncontrolled/synthetic-launches ]]
+ new_case metadata-override
+ local name=metadata-override
+ case_root=/tmp/tmp.dZyKvPwme8/lifecycle/metadata-override
+ cp -a /tmp/tmp.dZyKvPwme8/lifecycle/template /tmp/tmp.dZyKvPwme8/lifecycle/metadata-override
+ printf 'success\n'
+ printf 'pass\n'
+ run_preflight
+ assert_fakes
+ local tool selected
+ for tool in cargo git rustc taskset sleep cat mktemp mv
++ PATH=/tmp/tmp.dZyKvPwme8/lifecycle/metadata-override/bin:/home/bl/.local/bin:/home/bl/.codex/packages/standalone/releases/0.153.2-x86_64-unknown-linux-musl/codex-path:/home/bl/.codex/tmp/arg0/codex-arg0CWD760:/home/bl/.local/bin:/home/bl/.opencode/bin:/home/bl/.local/bin:/home/bl/.local/bin:/home/bl/.opencode/bin:/home/bl/.local/bin:/usr/local/sbin:/usr/local/bin:/usr/sbin:/usr/bin:/sbin:/bin:/usr/games:/usr/local/games:/snap/bin
++ command -v cargo
+ selected=/tmp/tmp.dZyKvPwme8/lifecycle/metadata-override/bin/cargo
+ [[ /tmp/tmp.dZyKvPwme8/lifecycle/metadata-override/bin/cargo == \/\t\m\p\/\t\m\p\.\d\Z\y\K\v\P\w\m\e\8\/\l\i\f\e\c\y\c\l\e\/\m\e\t\a\d\a\t\a\-\o\v\e\r\r\i\d\e\/\b\i\n\/\c\a\r\g\o ]]
+ for tool in cargo git rustc taskset sleep cat mktemp mv
++ PATH=/tmp/tmp.dZyKvPwme8/lifecycle/metadata-override/bin:/home/bl/.local/bin:/home/bl/.codex/packages/standalone/releases/0.153.2-x86_64-unknown-linux-musl/codex-path:/home/bl/.codex/tmp/arg0/codex-arg0CWD760:/home/bl/.local/bin:/home/bl/.opencode/bin:/home/bl/.local/bin:/home/bl/.local/bin:/home/bl/.opencode/bin:/home/bl/.local/bin:/usr/local/sbin:/usr/local/bin:/usr/sbin:/usr/bin:/sbin:/bin:/usr/games:/usr/local/games:/snap/bin
++ command -v git
+ selected=/tmp/tmp.dZyKvPwme8/lifecycle/metadata-override/bin/git
+ [[ /tmp/tmp.dZyKvPwme8/lifecycle/metadata-override/bin/git == \/\t\m\p\/\t\m\p\.\d\Z\y\K\v\P\w\m\e\8\/\l\i\f\e\c\y\c\l\e\/\m\e\t\a\d\a\t\a\-\o\v\e\r\r\i\d\e\/\b\i\n\/\g\i\t ]]
+ for tool in cargo git rustc taskset sleep cat mktemp mv
++ PATH=/tmp/tmp.dZyKvPwme8/lifecycle/metadata-override/bin:/home/bl/.local/bin:/home/bl/.codex/packages/standalone/releases/0.153.2-x86_64-unknown-linux-musl/codex-path:/home/bl/.codex/tmp/arg0/codex-arg0CWD760:/home/bl/.local/bin:/home/bl/.opencode/bin:/home/bl/.local/bin:/home/bl/.local/bin:/home/bl/.opencode/bin:/home/bl/.local/bin:/usr/local/sbin:/usr/local/bin:/usr/sbin:/usr/bin:/sbin:/bin:/usr/games:/usr/local/games:/snap/bin
++ command -v rustc
+ selected=/tmp/tmp.dZyKvPwme8/lifecycle/metadata-override/bin/rustc
+ [[ /tmp/tmp.dZyKvPwme8/lifecycle/metadata-override/bin/rustc == \/\t\m\p\/\t\m\p\.\d\Z\y\K\v\P\w\m\e\8\/\l\i\f\e\c\y\c\l\e\/\m\e\t\a\d\a\t\a\-\o\v\e\r\r\i\d\e\/\b\i\n\/\r\u\s\t\c ]]
+ for tool in cargo git rustc taskset sleep cat mktemp mv
++ PATH=/tmp/tmp.dZyKvPwme8/lifecycle/metadata-override/bin:/home/bl/.local/bin:/home/bl/.codex/packages/standalone/releases/0.153.2-x86_64-unknown-linux-musl/codex-path:/home/bl/.codex/tmp/arg0/codex-arg0CWD760:/home/bl/.local/bin:/home/bl/.opencode/bin:/home/bl/.local/bin:/home/bl/.local/bin:/home/bl/.opencode/bin:/home/bl/.local/bin:/usr/local/sbin:/usr/local/bin:/usr/sbin:/usr/bin:/sbin:/bin:/usr/games:/usr/local/games:/snap/bin
++ command -v taskset
+ selected=/tmp/tmp.dZyKvPwme8/lifecycle/metadata-override/bin/taskset
+ [[ /tmp/tmp.dZyKvPwme8/lifecycle/metadata-override/bin/taskset == \/\t\m\p\/\t\m\p\.\d\Z\y\K\v\P\w\m\e\8\/\l\i\f\e\c\y\c\l\e\/\m\e\t\a\d\a\t\a\-\o\v\e\r\r\i\d\e\/\b\i\n\/\t\a\s\k\s\e\t ]]
+ for tool in cargo git rustc taskset sleep cat mktemp mv
++ PATH=/tmp/tmp.dZyKvPwme8/lifecycle/metadata-override/bin:/home/bl/.local/bin:/home/bl/.codex/packages/standalone/releases/0.153.2-x86_64-unknown-linux-musl/codex-path:/home/bl/.codex/tmp/arg0/codex-arg0CWD760:/home/bl/.local/bin:/home/bl/.opencode/bin:/home/bl/.local/bin:/home/bl/.local/bin:/home/bl/.opencode/bin:/home/bl/.local/bin:/usr/local/sbin:/usr/local/bin:/usr/sbin:/usr/bin:/sbin:/bin:/usr/games:/usr/local/games:/snap/bin
++ command -v sleep
+ selected=/tmp/tmp.dZyKvPwme8/lifecycle/metadata-override/bin/sleep
+ [[ /tmp/tmp.dZyKvPwme8/lifecycle/metadata-override/bin/sleep == \/\t\m\p\/\t\m\p\.\d\Z\y\K\v\P\w\m\e\8\/\l\i\f\e\c\y\c\l\e\/\m\e\t\a\d\a\t\a\-\o\v\e\r\r\i\d\e\/\b\i\n\/\s\l\e\e\p ]]
+ for tool in cargo git rustc taskset sleep cat mktemp mv
++ PATH=/tmp/tmp.dZyKvPwme8/lifecycle/metadata-override/bin:/home/bl/.local/bin:/home/bl/.codex/packages/standalone/releases/0.153.2-x86_64-unknown-linux-musl/codex-path:/home/bl/.codex/tmp/arg0/codex-arg0CWD760:/home/bl/.local/bin:/home/bl/.opencode/bin:/home/bl/.local/bin:/home/bl/.local/bin:/home/bl/.opencode/bin:/home/bl/.local/bin:/usr/local/sbin:/usr/local/bin:/usr/sbin:/usr/bin:/sbin:/bin:/usr/games:/usr/local/games:/snap/bin
++ command -v cat
+ selected=/tmp/tmp.dZyKvPwme8/lifecycle/metadata-override/bin/cat
+ [[ /tmp/tmp.dZyKvPwme8/lifecycle/metadata-override/bin/cat == \/\t\m\p\/\t\m\p\.\d\Z\y\K\v\P\w\m\e\8\/\l\i\f\e\c\y\c\l\e\/\m\e\t\a\d\a\t\a\-\o\v\e\r\r\i\d\e\/\b\i\n\/\c\a\t ]]
+ for tool in cargo git rustc taskset sleep cat mktemp mv
++ PATH=/tmp/tmp.dZyKvPwme8/lifecycle/metadata-override/bin:/home/bl/.local/bin:/home/bl/.codex/packages/standalone/releases/0.153.2-x86_64-unknown-linux-musl/codex-path:/home/bl/.codex/tmp/arg0/codex-arg0CWD760:/home/bl/.local/bin:/home/bl/.opencode/bin:/home/bl/.local/bin:/home/bl/.local/bin:/home/bl/.opencode/bin:/home/bl/.local/bin:/usr/local/sbin:/usr/local/bin:/usr/sbin:/usr/bin:/sbin:/bin:/usr/games:/usr/local/games:/snap/bin
++ command -v mktemp
+ selected=/tmp/tmp.dZyKvPwme8/lifecycle/metadata-override/bin/mktemp
+ [[ /tmp/tmp.dZyKvPwme8/lifecycle/metadata-override/bin/mktemp == \/\t\m\p\/\t\m\p\.\d\Z\y\K\v\P\w\m\e\8\/\l\i\f\e\c\y\c\l\e\/\m\e\t\a\d\a\t\a\-\o\v\e\r\r\i\d\e\/\b\i\n\/\m\k\t\e\m\p ]]
+ for tool in cargo git rustc taskset sleep cat mktemp mv
++ PATH=/tmp/tmp.dZyKvPwme8/lifecycle/metadata-override/bin:/home/bl/.local/bin:/home/bl/.codex/packages/standalone/releases/0.153.2-x86_64-unknown-linux-musl/codex-path:/home/bl/.codex/tmp/arg0/codex-arg0CWD760:/home/bl/.local/bin:/home/bl/.opencode/bin:/home/bl/.local/bin:/home/bl/.local/bin:/home/bl/.opencode/bin:/home/bl/.local/bin:/usr/local/sbin:/usr/local/bin:/usr/sbin:/usr/bin:/sbin:/bin:/usr/games:/usr/local/games:/snap/bin
++ command -v mv
+ selected=/tmp/tmp.dZyKvPwme8/lifecycle/metadata-override/bin/mv
+ [[ /tmp/tmp.dZyKvPwme8/lifecycle/metadata-override/bin/mv == \/\t\m\p\/\t\m\p\.\d\Z\y\K\v\P\w\m\e\8\/\l\i\f\e\c\y\c\l\e\/\m\e\t\a\d\a\t\a\-\o\v\e\r\r\i\d\e\/\b\i\n\/\m\v ]]
+ [[ -x /tmp/tmp.dZyKvPwme8/lifecycle/metadata-override/synthetic-emitter.sh ]]
+ cd /
+ PATH=/tmp/tmp.dZyKvPwme8/lifecycle/metadata-override/bin:/home/bl/.local/bin:/home/bl/.codex/packages/standalone/releases/0.153.2-x86_64-unknown-linux-musl/codex-path:/home/bl/.codex/tmp/arg0/codex-arg0CWD760:/home/bl/.local/bin:/home/bl/.opencode/bin:/home/bl/.local/bin:/home/bl/.local/bin:/home/bl/.opencode/bin:/home/bl/.local/bin:/usr/local/sbin:/usr/local/bin:/usr/sbin:/usr/bin:/sbin:/bin:/usr/games:/usr/local/games:/snap/bin
+ bash /tmp/tmp.dZyKvPwme8/lifecycle/metadata-override/scripts/preflight-builtins-current-benchmark.sh
+ MISO_ENGINE_BENCH_PROFILE=caller-value
+ run_benchmark
+ disposition_reason FAIL environment_override_forbidden
+ jq -e --arg status FAIL --arg reason environment_override_forbidden '.status==$status and .reason==$reason and .runner_invocations==1' /tmp/tmp.dZyKvPwme8/lifecycle/metadata-override/artifacts/issue431-full-chain/builtins-benchmark.disposition.json
+ [[ ! -e /tmp/tmp.dZyKvPwme8/lifecycle/metadata-override/synthetic-launches ]]
+ new_case runner-profile-override
+ local name=runner-profile-override
+ case_root=/tmp/tmp.dZyKvPwme8/lifecycle/runner-profile-override
+ cp -a /tmp/tmp.dZyKvPwme8/lifecycle/template /tmp/tmp.dZyKvPwme8/lifecycle/runner-profile-override
+ printf 'success\n'
+ printf 'pass\n'
+ run_preflight
+ assert_fakes
+ local tool selected
+ for tool in cargo git rustc taskset sleep cat mktemp mv
++ PATH=/tmp/tmp.dZyKvPwme8/lifecycle/runner-profile-override/bin:/home/bl/.local/bin:/home/bl/.codex/packages/standalone/releases/0.153.2-x86_64-unknown-linux-musl/codex-path:/home/bl/.codex/tmp/arg0/codex-arg0CWD760:/home/bl/.local/bin:/home/bl/.opencode/bin:/home/bl/.local/bin:/home/bl/.local/bin:/home/bl/.opencode/bin:/home/bl/.local/bin:/usr/local/sbin:/usr/local/bin:/usr/sbin:/usr/bin:/sbin:/bin:/usr/games:/usr/local/games:/snap/bin
++ command -v cargo
+ selected=/tmp/tmp.dZyKvPwme8/lifecycle/runner-profile-override/bin/cargo
+ [[ /tmp/tmp.dZyKvPwme8/lifecycle/runner-profile-override/bin/cargo == \/\t\m\p\/\t\m\p\.\d\Z\y\K\v\P\w\m\e\8\/\l\i\f\e\c\y\c\l\e\/\r\u\n\n\e\r\-\p\r\o\f\i\l\e\-\o\v\e\r\r\i\d\e\/\b\i\n\/\c\a\r\g\o ]]
+ for tool in cargo git rustc taskset sleep cat mktemp mv
++ PATH=/tmp/tmp.dZyKvPwme8/lifecycle/runner-profile-override/bin:/home/bl/.local/bin:/home/bl/.codex/packages/standalone/releases/0.153.2-x86_64-unknown-linux-musl/codex-path:/home/bl/.codex/tmp/arg0/codex-arg0CWD760:/home/bl/.local/bin:/home/bl/.opencode/bin:/home/bl/.local/bin:/home/bl/.local/bin:/home/bl/.opencode/bin:/home/bl/.local/bin:/usr/local/sbin:/usr/local/bin:/usr/sbin:/usr/bin:/sbin:/bin:/usr/games:/usr/local/games:/snap/bin
++ command -v git
+ selected=/tmp/tmp.dZyKvPwme8/lifecycle/runner-profile-override/bin/git
+ [[ /tmp/tmp.dZyKvPwme8/lifecycle/runner-profile-override/bin/git == \/\t\m\p\/\t\m\p\.\d\Z\y\K\v\P\w\m\e\8\/\l\i\f\e\c\y\c\l\e\/\r\u\n\n\e\r\-\p\r\o\f\i\l\e\-\o\v\e\r\r\i\d\e\/\b\i\n\/\g\i\t ]]
+ for tool in cargo git rustc taskset sleep cat mktemp mv
++ PATH=/tmp/tmp.dZyKvPwme8/lifecycle/runner-profile-override/bin:/home/bl/.local/bin:/home/bl/.codex/packages/standalone/releases/0.153.2-x86_64-unknown-linux-musl/codex-path:/home/bl/.codex/tmp/arg0/codex-arg0CWD760:/home/bl/.local/bin:/home/bl/.opencode/bin:/home/bl/.local/bin:/home/bl/.local/bin:/home/bl/.opencode/bin:/home/bl/.local/bin:/usr/local/sbin:/usr/local/bin:/usr/sbin:/usr/bin:/sbin:/bin:/usr/games:/usr/local/games:/snap/bin
++ command -v rustc
+ selected=/tmp/tmp.dZyKvPwme8/lifecycle/runner-profile-override/bin/rustc
+ [[ /tmp/tmp.dZyKvPwme8/lifecycle/runner-profile-override/bin/rustc == \/\t\m\p\/\t\m\p\.\d\Z\y\K\v\P\w\m\e\8\/\l\i\f\e\c\y\c\l\e\/\r\u\n\n\e\r\-\p\r\o\f\i\l\e\-\o\v\e\r\r\i\d\e\/\b\i\n\/\r\u\s\t\c ]]
+ for tool in cargo git rustc taskset sleep cat mktemp mv
++ PATH=/tmp/tmp.dZyKvPwme8/lifecycle/runner-profile-override/bin:/home/bl/.local/bin:/home/bl/.codex/packages/standalone/releases/0.153.2-x86_64-unknown-linux-musl/codex-path:/home/bl/.codex/tmp/arg0/codex-arg0CWD760:/home/bl/.local/bin:/home/bl/.opencode/bin:/home/bl/.local/bin:/home/bl/.local/bin:/home/bl/.opencode/bin:/home/bl/.local/bin:/usr/local/sbin:/usr/local/bin:/usr/sbin:/usr/bin:/sbin:/bin:/usr/games:/usr/local/games:/snap/bin
++ command -v taskset
+ selected=/tmp/tmp.dZyKvPwme8/lifecycle/runner-profile-override/bin/taskset
+ [[ /tmp/tmp.dZyKvPwme8/lifecycle/runner-profile-override/bin/taskset == \/\t\m\p\/\t\m\p\.\d\Z\y\K\v\P\w\m\e\8\/\l\i\f\e\c\y\c\l\e\/\r\u\n\n\e\r\-\p\r\o\f\i\l\e\-\o\v\e\r\r\i\d\e\/\b\i\n\/\t\a\s\k\s\e\t ]]
+ for tool in cargo git rustc taskset sleep cat mktemp mv
++ PATH=/tmp/tmp.dZyKvPwme8/lifecycle/runner-profile-override/bin:/home/bl/.local/bin:/home/bl/.codex/packages/standalone/releases/0.153.2-x86_64-unknown-linux-musl/codex-path:/home/bl/.codex/tmp/arg0/codex-arg0CWD760:/home/bl/.local/bin:/home/bl/.opencode/bin:/home/bl/.local/bin:/home/bl/.local/bin:/home/bl/.opencode/bin:/home/bl/.local/bin:/usr/local/sbin:/usr/local/bin:/usr/sbin:/usr/bin:/sbin:/bin:/usr/games:/usr/local/games:/snap/bin
++ command -v sleep
+ selected=/tmp/tmp.dZyKvPwme8/lifecycle/runner-profile-override/bin/sleep
+ [[ /tmp/tmp.dZyKvPwme8/lifecycle/runner-profile-override/bin/sleep == \/\t\m\p\/\t\m\p\.\d\Z\y\K\v\P\w\m\e\8\/\l\i\f\e\c\y\c\l\e\/\r\u\n\n\e\r\-\p\r\o\f\i\l\e\-\o\v\e\r\r\i\d\e\/\b\i\n\/\s\l\e\e\p ]]
+ for tool in cargo git rustc taskset sleep cat mktemp mv
++ PATH=/tmp/tmp.dZyKvPwme8/lifecycle/runner-profile-override/bin:/home/bl/.local/bin:/home/bl/.codex/packages/standalone/releases/0.153.2-x86_64-unknown-linux-musl/codex-path:/home/bl/.codex/tmp/arg0/codex-arg0CWD760:/home/bl/.local/bin:/home/bl/.opencode/bin:/home/bl/.local/bin:/home/bl/.local/bin:/home/bl/.opencode/bin:/home/bl/.local/bin:/usr/local/sbin:/usr/local/bin:/usr/sbin:/usr/bin:/sbin:/bin:/usr/games:/usr/local/games:/snap/bin
++ command -v cat
+ selected=/tmp/tmp.dZyKvPwme8/lifecycle/runner-profile-override/bin/cat
+ [[ /tmp/tmp.dZyKvPwme8/lifecycle/runner-profile-override/bin/cat == \/\t\m\p\/\t\m\p\.\d\Z\y\K\v\P\w\m\e\8\/\l\i\f\e\c\y\c\l\e\/\r\u\n\n\e\r\-\p\r\o\f\i\l\e\-\o\v\e\r\r\i\d\e\/\b\i\n\/\c\a\t ]]
+ for tool in cargo git rustc taskset sleep cat mktemp mv
++ PATH=/tmp/tmp.dZyKvPwme8/lifecycle/runner-profile-override/bin:/home/bl/.local/bin:/home/bl/.codex/packages/standalone/releases/0.153.2-x86_64-unknown-linux-musl/codex-path:/home/bl/.codex/tmp/arg0/codex-arg0CWD760:/home/bl/.local/bin:/home/bl/.opencode/bin:/home/bl/.local/bin:/home/bl/.local/bin:/home/bl/.opencode/bin:/home/bl/.local/bin:/usr/local/sbin:/usr/local/bin:/usr/sbin:/usr/bin:/sbin:/bin:/usr/games:/usr/local/games:/snap/bin
++ command -v mktemp
+ selected=/tmp/tmp.dZyKvPwme8/lifecycle/runner-profile-override/bin/mktemp
+ [[ /tmp/tmp.dZyKvPwme8/lifecycle/runner-profile-override/bin/mktemp == \/\t\m\p\/\t\m\p\.\d\Z\y\K\v\P\w\m\e\8\/\l\i\f\e\c\y\c\l\e\/\r\u\n\n\e\r\-\p\r\o\f\i\l\e\-\o\v\e\r\r\i\d\e\/\b\i\n\/\m\k\t\e\m\p ]]
+ for tool in cargo git rustc taskset sleep cat mktemp mv
++ PATH=/tmp/tmp.dZyKvPwme8/lifecycle/runner-profile-override/bin:/home/bl/.local/bin:/home/bl/.codex/packages/standalone/releases/0.153.2-x86_64-unknown-linux-musl/codex-path:/home/bl/.codex/tmp/arg0/codex-arg0CWD760:/home/bl/.local/bin:/home/bl/.opencode/bin:/home/bl/.local/bin:/home/bl/.local/bin:/home/bl/.opencode/bin:/home/bl/.local/bin:/usr/local/sbin:/usr/local/bin:/usr/sbin:/usr/bin:/sbin:/bin:/usr/games:/usr/local/games:/snap/bin
++ command -v mv
+ selected=/tmp/tmp.dZyKvPwme8/lifecycle/runner-profile-override/bin/mv
+ [[ /tmp/tmp.dZyKvPwme8/lifecycle/runner-profile-override/bin/mv == \/\t\m\p\/\t\m\p\.\d\Z\y\K\v\P\w\m\e\8\/\l\i\f\e\c\y\c\l\e\/\r\u\n\n\e\r\-\p\r\o\f\i\l\e\-\o\v\e\r\r\i\d\e\/\b\i\n\/\m\v ]]
+ [[ -x /tmp/tmp.dZyKvPwme8/lifecycle/runner-profile-override/synthetic-emitter.sh ]]
+ cd /
+ PATH=/tmp/tmp.dZyKvPwme8/lifecycle/runner-profile-override/bin:/home/bl/.local/bin:/home/bl/.codex/packages/standalone/releases/0.153.2-x86_64-unknown-linux-musl/codex-path:/home/bl/.codex/tmp/arg0/codex-arg0CWD760:/home/bl/.local/bin:/home/bl/.opencode/bin:/home/bl/.local/bin:/home/bl/.local/bin:/home/bl/.opencode/bin:/home/bl/.local/bin:/usr/local/sbin:/usr/local/bin:/usr/sbin:/usr/bin:/sbin:/bin:/usr/games:/usr/local/games:/snap/bin
+ bash /tmp/tmp.dZyKvPwme8/lifecycle/runner-profile-override/scripts/preflight-builtins-current-benchmark.sh
+ env CARGO_PROFILE_RELEASE_PANIC=unwind PATH=/tmp/tmp.dZyKvPwme8/lifecycle/runner-profile-override/bin:/home/bl/.local/bin:/home/bl/.codex/packages/standalone/releases/0.153.2-x86_64-unknown-linux-musl/codex-path:/home/bl/.codex/tmp/arg0/codex-arg0CWD760:/home/bl/.local/bin:/home/bl/.opencode/bin:/home/bl/.local/bin:/home/bl/.local/bin:/home/bl/.opencode/bin:/home/bl/.local/bin:/usr/local/sbin:/usr/local/bin:/usr/sbin:/usr/bin:/sbin:/bin:/usr/games:/usr/local/games:/snap/bin bash /tmp/tmp.dZyKvPwme8/lifecycle/runner-profile-override/scripts/run-builtins-current-benchmark.sh
+ disposition_reason FAIL environment_override_forbidden
+ jq -e --arg status FAIL --arg reason environment_override_forbidden '.status==$status and .reason==$reason and .runner_invocations==1' /tmp/tmp.dZyKvPwme8/lifecycle/runner-profile-override/artifacts/issue431-full-chain/builtins-benchmark.disposition.json
+ [[ ! -e /tmp/tmp.dZyKvPwme8/lifecycle/runner-profile-override/synthetic-launches ]]
+ new_case seal-profile-tamper
+ local name=seal-profile-tamper
+ case_root=/tmp/tmp.dZyKvPwme8/lifecycle/seal-profile-tamper
+ cp -a /tmp/tmp.dZyKvPwme8/lifecycle/template /tmp/tmp.dZyKvPwme8/lifecycle/seal-profile-tamper
+ printf 'success\n'
+ printf 'pass\n'
+ run_preflight
+ assert_fakes
+ local tool selected
+ for tool in cargo git rustc taskset sleep cat mktemp mv
++ PATH=/tmp/tmp.dZyKvPwme8/lifecycle/seal-profile-tamper/bin:/home/bl/.local/bin:/home/bl/.codex/packages/standalone/releases/0.153.2-x86_64-unknown-linux-musl/codex-path:/home/bl/.codex/tmp/arg0/codex-arg0CWD760:/home/bl/.local/bin:/home/bl/.opencode/bin:/home/bl/.local/bin:/home/bl/.local/bin:/home/bl/.opencode/bin:/home/bl/.local/bin:/usr/local/sbin:/usr/local/bin:/usr/sbin:/usr/bin:/sbin:/bin:/usr/games:/usr/local/games:/snap/bin
++ command -v cargo
+ selected=/tmp/tmp.dZyKvPwme8/lifecycle/seal-profile-tamper/bin/cargo
+ [[ /tmp/tmp.dZyKvPwme8/lifecycle/seal-profile-tamper/bin/cargo == \/\t\m\p\/\t\m\p\.\d\Z\y\K\v\P\w\m\e\8\/\l\i\f\e\c\y\c\l\e\/\s\e\a\l\-\p\r\o\f\i\l\e\-\t\a\m\p\e\r\/\b\i\n\/\c\a\r\g\o ]]
+ for tool in cargo git rustc taskset sleep cat mktemp mv
++ PATH=/tmp/tmp.dZyKvPwme8/lifecycle/seal-profile-tamper/bin:/home/bl/.local/bin:/home/bl/.codex/packages/standalone/releases/0.153.2-x86_64-unknown-linux-musl/codex-path:/home/bl/.codex/tmp/arg0/codex-arg0CWD760:/home/bl/.local/bin:/home/bl/.opencode/bin:/home/bl/.local/bin:/home/bl/.local/bin:/home/bl/.opencode/bin:/home/bl/.local/bin:/usr/local/sbin:/usr/local/bin:/usr/sbin:/usr/bin:/sbin:/bin:/usr/games:/usr/local/games:/snap/bin
++ command -v git
+ selected=/tmp/tmp.dZyKvPwme8/lifecycle/seal-profile-tamper/bin/git
+ [[ /tmp/tmp.dZyKvPwme8/lifecycle/seal-profile-tamper/bin/git == \/\t\m\p\/\t\m\p\.\d\Z\y\K\v\P\w\m\e\8\/\l\i\f\e\c\y\c\l\e\/\s\e\a\l\-\p\r\o\f\i\l\e\-\t\a\m\p\e\r\/\b\i\n\/\g\i\t ]]
+ for tool in cargo git rustc taskset sleep cat mktemp mv
++ PATH=/tmp/tmp.dZyKvPwme8/lifecycle/seal-profile-tamper/bin:/home/bl/.local/bin:/home/bl/.codex/packages/standalone/releases/0.153.2-x86_64-unknown-linux-musl/codex-path:/home/bl/.codex/tmp/arg0/codex-arg0CWD760:/home/bl/.local/bin:/home/bl/.opencode/bin:/home/bl/.local/bin:/home/bl/.local/bin:/home/bl/.opencode/bin:/home/bl/.local/bin:/usr/local/sbin:/usr/local/bin:/usr/sbin:/usr/bin:/sbin:/bin:/usr/games:/usr/local/games:/snap/bin
++ command -v rustc
+ selected=/tmp/tmp.dZyKvPwme8/lifecycle/seal-profile-tamper/bin/rustc
+ [[ /tmp/tmp.dZyKvPwme8/lifecycle/seal-profile-tamper/bin/rustc == \/\t\m\p\/\t\m\p\.\d\Z\y\K\v\P\w\m\e\8\/\l\i\f\e\c\y\c\l\e\/\s\e\a\l\-\p\r\o\f\i\l\e\-\t\a\m\p\e\r\/\b\i\n\/\r\u\s\t\c ]]
+ for tool in cargo git rustc taskset sleep cat mktemp mv
++ PATH=/tmp/tmp.dZyKvPwme8/lifecycle/seal-profile-tamper/bin:/home/bl/.local/bin:/home/bl/.codex/packages/standalone/releases/0.153.2-x86_64-unknown-linux-musl/codex-path:/home/bl/.codex/tmp/arg0/codex-arg0CWD760:/home/bl/.local/bin:/home/bl/.opencode/bin:/home/bl/.local/bin:/home/bl/.local/bin:/home/bl/.opencode/bin:/home/bl/.local/bin:/usr/local/sbin:/usr/local/bin:/usr/sbin:/usr/bin:/sbin:/bin:/usr/games:/usr/local/games:/snap/bin
++ command -v taskset
+ selected=/tmp/tmp.dZyKvPwme8/lifecycle/seal-profile-tamper/bin/taskset
+ [[ /tmp/tmp.dZyKvPwme8/lifecycle/seal-profile-tamper/bin/taskset == \/\t\m\p\/\t\m\p\.\d\Z\y\K\v\P\w\m\e\8\/\l\i\f\e\c\y\c\l\e\/\s\e\a\l\-\p\r\o\f\i\l\e\-\t\a\m\p\e\r\/\b\i\n\/\t\a\s\k\s\e\t ]]
+ for tool in cargo git rustc taskset sleep cat mktemp mv
++ PATH=/tmp/tmp.dZyKvPwme8/lifecycle/seal-profile-tamper/bin:/home/bl/.local/bin:/home/bl/.codex/packages/standalone/releases/0.153.2-x86_64-unknown-linux-musl/codex-path:/home/bl/.codex/tmp/arg0/codex-arg0CWD760:/home/bl/.local/bin:/home/bl/.opencode/bin:/home/bl/.local/bin:/home/bl/.local/bin:/home/bl/.opencode/bin:/home/bl/.local/bin:/usr/local/sbin:/usr/local/bin:/usr/sbin:/usr/bin:/sbin:/bin:/usr/games:/usr/local/games:/snap/bin
++ command -v sleep
+ selected=/tmp/tmp.dZyKvPwme8/lifecycle/seal-profile-tamper/bin/sleep
+ [[ /tmp/tmp.dZyKvPwme8/lifecycle/seal-profile-tamper/bin/sleep == \/\t\m\p\/\t\m\p\.\d\Z\y\K\v\P\w\m\e\8\/\l\i\f\e\c\y\c\l\e\/\s\e\a\l\-\p\r\o\f\i\l\e\-\t\a\m\p\e\r\/\b\i\n\/\s\l\e\e\p ]]
+ for tool in cargo git rustc taskset sleep cat mktemp mv
++ PATH=/tmp/tmp.dZyKvPwme8/lifecycle/seal-profile-tamper/bin:/home/bl/.local/bin:/home/bl/.codex/packages/standalone/releases/0.153.2-x86_64-unknown-linux-musl/codex-path:/home/bl/.codex/tmp/arg0/codex-arg0CWD760:/home/bl/.local/bin:/home/bl/.opencode/bin:/home/bl/.local/bin:/home/bl/.local/bin:/home/bl/.opencode/bin:/home/bl/.local/bin:/usr/local/sbin:/usr/local/bin:/usr/sbin:/usr/bin:/sbin:/bin:/usr/games:/usr/local/games:/snap/bin
++ command -v cat
+ selected=/tmp/tmp.dZyKvPwme8/lifecycle/seal-profile-tamper/bin/cat
+ [[ /tmp/tmp.dZyKvPwme8/lifecycle/seal-profile-tamper/bin/cat == \/\t\m\p\/\t\m\p\.\d\Z\y\K\v\P\w\m\e\8\/\l\i\f\e\c\y\c\l\e\/\s\e\a\l\-\p\r\o\f\i\l\e\-\t\a\m\p\e\r\/\b\i\n\/\c\a\t ]]
+ for tool in cargo git rustc taskset sleep cat mktemp mv
++ PATH=/tmp/tmp.dZyKvPwme8/lifecycle/seal-profile-tamper/bin:/home/bl/.local/bin:/home/bl/.codex/packages/standalone/releases/0.153.2-x86_64-unknown-linux-musl/codex-path:/home/bl/.codex/tmp/arg0/codex-arg0CWD760:/home/bl/.local/bin:/home/bl/.opencode/bin:/home/bl/.local/bin:/home/bl/.local/bin:/home/bl/.opencode/bin:/home/bl/.local/bin:/usr/local/sbin:/usr/local/bin:/usr/sbin:/usr/bin:/sbin:/bin:/usr/games:/usr/local/games:/snap/bin
++ command -v mktemp
+ selected=/tmp/tmp.dZyKvPwme8/lifecycle/seal-profile-tamper/bin/mktemp
+ [[ /tmp/tmp.dZyKvPwme8/lifecycle/seal-profile-tamper/bin/mktemp == \/\t\m\p\/\t\m\p\.\d\Z\y\K\v\P\w\m\e\8\/\l\i\f\e\c\y\c\l\e\/\s\e\a\l\-\p\r\o\f\i\l\e\-\t\a\m\p\e\r\/\b\i\n\/\m\k\t\e\m\p ]]
+ for tool in cargo git rustc taskset sleep cat mktemp mv
++ PATH=/tmp/tmp.dZyKvPwme8/lifecycle/seal-profile-tamper/bin:/home/bl/.local/bin:/home/bl/.codex/packages/standalone/releases/0.153.2-x86_64-unknown-linux-musl/codex-path:/home/bl/.codex/tmp/arg0/codex-arg0CWD760:/home/bl/.local/bin:/home/bl/.opencode/bin:/home/bl/.local/bin:/home/bl/.local/bin:/home/bl/.opencode/bin:/home/bl/.local/bin:/usr/local/sbin:/usr/local/bin:/usr/sbin:/usr/bin:/sbin:/bin:/usr/games:/usr/local/games:/snap/bin
++ command -v mv
+ selected=/tmp/tmp.dZyKvPwme8/lifecycle/seal-profile-tamper/bin/mv
+ [[ /tmp/tmp.dZyKvPwme8/lifecycle/seal-profile-tamper/bin/mv == \/\t\m\p\/\t\m\p\.\d\Z\y\K\v\P\w\m\e\8\/\l\i\f\e\c\y\c\l\e\/\s\e\a\l\-\p\r\o\f\i\l\e\-\t\a\m\p\e\r\/\b\i\n\/\m\v ]]
+ [[ -x /tmp/tmp.dZyKvPwme8/lifecycle/seal-profile-tamper/synthetic-emitter.sh ]]
+ cd /
+ PATH=/tmp/tmp.dZyKvPwme8/lifecycle/seal-profile-tamper/bin:/home/bl/.local/bin:/home/bl/.codex/packages/standalone/releases/0.153.2-x86_64-unknown-linux-musl/codex-path:/home/bl/.codex/tmp/arg0/codex-arg0CWD760:/home/bl/.local/bin:/home/bl/.opencode/bin:/home/bl/.local/bin:/home/bl/.local/bin:/home/bl/.opencode/bin:/home/bl/.local/bin:/usr/local/sbin:/usr/local/bin:/usr/sbin:/usr/bin:/sbin:/bin:/usr/games:/usr/local/games:/snap/bin
+ bash /tmp/tmp.dZyKvPwme8/lifecycle/seal-profile-tamper/scripts/preflight-builtins-current-benchmark.sh
+ jq '.panic="unwind"' /tmp/tmp.dZyKvPwme8/lifecycle/seal-profile-tamper/artifacts/issue431-full-chain/builtins-benchmark.preflight.json
+ mv /tmp/tmp.dZyKvPwme8/lifecycle/seal-profile-tamper/seal-tampered /tmp/tmp.dZyKvPwme8/lifecycle/seal-profile-tamper/artifacts/issue431-full-chain/builtins-benchmark.preflight.json
+ run_benchmark
+ disposition_reason FAIL preflight_seal_mismatch
+ jq -e --arg status FAIL --arg reason preflight_seal_mismatch '.status==$status and .reason==$reason and .runner_invocations==1' /tmp/tmp.dZyKvPwme8/lifecycle/seal-profile-tamper/artifacts/issue431-full-chain/builtins-benchmark.disposition.json
+ [[ ! -e /tmp/tmp.dZyKvPwme8/lifecycle/seal-profile-tamper/synthetic-launches ]]
+ run_failure_case warmup warmup_fail workload_failed 71 not_run 71
+ local name=warmup mode=warmup_fail reason=workload_failed expected_child=71 expected_validation=not_run expected_runner=71
+ new_case warmup
+ local name=warmup
+ case_root=/tmp/tmp.dZyKvPwme8/lifecycle/warmup
+ cp -a /tmp/tmp.dZyKvPwme8/lifecycle/template /tmp/tmp.dZyKvPwme8/lifecycle/warmup
+ printf 'success\n'
+ printf 'pass\n'
+ run_preflight
+ assert_fakes
+ local tool selected
+ for tool in cargo git rustc taskset sleep cat mktemp mv
++ PATH=/tmp/tmp.dZyKvPwme8/lifecycle/warmup/bin:/home/bl/.local/bin:/home/bl/.codex/packages/standalone/releases/0.153.2-x86_64-unknown-linux-musl/codex-path:/home/bl/.codex/tmp/arg0/codex-arg0CWD760:/home/bl/.local/bin:/home/bl/.opencode/bin:/home/bl/.local/bin:/home/bl/.local/bin:/home/bl/.opencode/bin:/home/bl/.local/bin:/usr/local/sbin:/usr/local/bin:/usr/sbin:/usr/bin:/sbin:/bin:/usr/games:/usr/local/games:/snap/bin
++ command -v cargo
+ selected=/tmp/tmp.dZyKvPwme8/lifecycle/warmup/bin/cargo
+ [[ /tmp/tmp.dZyKvPwme8/lifecycle/warmup/bin/cargo == \/\t\m\p\/\t\m\p\.\d\Z\y\K\v\P\w\m\e\8\/\l\i\f\e\c\y\c\l\e\/\w\a\r\m\u\p\/\b\i\n\/\c\a\r\g\o ]]
+ for tool in cargo git rustc taskset sleep cat mktemp mv
++ PATH=/tmp/tmp.dZyKvPwme8/lifecycle/warmup/bin:/home/bl/.local/bin:/home/bl/.codex/packages/standalone/releases/0.153.2-x86_64-unknown-linux-musl/codex-path:/home/bl/.codex/tmp/arg0/codex-arg0CWD760:/home/bl/.local/bin:/home/bl/.opencode/bin:/home/bl/.local/bin:/home/bl/.local/bin:/home/bl/.opencode/bin:/home/bl/.local/bin:/usr/local/sbin:/usr/local/bin:/usr/sbin:/usr/bin:/sbin:/bin:/usr/games:/usr/local/games:/snap/bin
++ command -v git
+ selected=/tmp/tmp.dZyKvPwme8/lifecycle/warmup/bin/git
+ [[ /tmp/tmp.dZyKvPwme8/lifecycle/warmup/bin/git == \/\t\m\p\/\t\m\p\.\d\Z\y\K\v\P\w\m\e\8\/\l\i\f\e\c\y\c\l\e\/\w\a\r\m\u\p\/\b\i\n\/\g\i\t ]]
+ for tool in cargo git rustc taskset sleep cat mktemp mv
++ PATH=/tmp/tmp.dZyKvPwme8/lifecycle/warmup/bin:/home/bl/.local/bin:/home/bl/.codex/packages/standalone/releases/0.153.2-x86_64-unknown-linux-musl/codex-path:/home/bl/.codex/tmp/arg0/codex-arg0CWD760:/home/bl/.local/bin:/home/bl/.opencode/bin:/home/bl/.local/bin:/home/bl/.local/bin:/home/bl/.opencode/bin:/home/bl/.local/bin:/usr/local/sbin:/usr/local/bin:/usr/sbin:/usr/bin:/sbin:/bin:/usr/games:/usr/local/games:/snap/bin
++ command -v rustc
+ selected=/tmp/tmp.dZyKvPwme8/lifecycle/warmup/bin/rustc
+ [[ /tmp/tmp.dZyKvPwme8/lifecycle/warmup/bin/rustc == \/\t\m\p\/\t\m\p\.\d\Z\y\K\v\P\w\m\e\8\/\l\i\f\e\c\y\c\l\e\/\w\a\r\m\u\p\/\b\i\n\/\r\u\s\t\c ]]
+ for tool in cargo git rustc taskset sleep cat mktemp mv
++ PATH=/tmp/tmp.dZyKvPwme8/lifecycle/warmup/bin:/home/bl/.local/bin:/home/bl/.codex/packages/standalone/releases/0.153.2-x86_64-unknown-linux-musl/codex-path:/home/bl/.codex/tmp/arg0/codex-arg0CWD760:/home/bl/.local/bin:/home/bl/.opencode/bin:/home/bl/.local/bin:/home/bl/.local/bin:/home/bl/.opencode/bin:/home/bl/.local/bin:/usr/local/sbin:/usr/local/bin:/usr/sbin:/usr/bin:/sbin:/bin:/usr/games:/usr/local/games:/snap/bin
++ command -v taskset
+ selected=/tmp/tmp.dZyKvPwme8/lifecycle/warmup/bin/taskset
+ [[ /tmp/tmp.dZyKvPwme8/lifecycle/warmup/bin/taskset == \/\t\m\p\/\t\m\p\.\d\Z\y\K\v\P\w\m\e\8\/\l\i\f\e\c\y\c\l\e\/\w\a\r\m\u\p\/\b\i\n\/\t\a\s\k\s\e\t ]]
+ for tool in cargo git rustc taskset sleep cat mktemp mv
++ PATH=/tmp/tmp.dZyKvPwme8/lifecycle/warmup/bin:/home/bl/.local/bin:/home/bl/.codex/packages/standalone/releases/0.153.2-x86_64-unknown-linux-musl/codex-path:/home/bl/.codex/tmp/arg0/codex-arg0CWD760:/home/bl/.local/bin:/home/bl/.opencode/bin:/home/bl/.local/bin:/home/bl/.local/bin:/home/bl/.opencode/bin:/home/bl/.local/bin:/usr/local/sbin:/usr/local/bin:/usr/sbin:/usr/bin:/sbin:/bin:/usr/games:/usr/local/games:/snap/bin
++ command -v sleep
+ selected=/tmp/tmp.dZyKvPwme8/lifecycle/warmup/bin/sleep
+ [[ /tmp/tmp.dZyKvPwme8/lifecycle/warmup/bin/sleep == \/\t\m\p\/\t\m\p\.\d\Z\y\K\v\P\w\m\e\8\/\l\i\f\e\c\y\c\l\e\/\w\a\r\m\u\p\/\b\i\n\/\s\l\e\e\p ]]
+ for tool in cargo git rustc taskset sleep cat mktemp mv
++ PATH=/tmp/tmp.dZyKvPwme8/lifecycle/warmup/bin:/home/bl/.local/bin:/home/bl/.codex/packages/standalone/releases/0.153.2-x86_64-unknown-linux-musl/codex-path:/home/bl/.codex/tmp/arg0/codex-arg0CWD760:/home/bl/.local/bin:/home/bl/.opencode/bin:/home/bl/.local/bin:/home/bl/.local/bin:/home/bl/.opencode/bin:/home/bl/.local/bin:/usr/local/sbin:/usr/local/bin:/usr/sbin:/usr/bin:/sbin:/bin:/usr/games:/usr/local/games:/snap/bin
++ command -v cat
+ selected=/tmp/tmp.dZyKvPwme8/lifecycle/warmup/bin/cat
+ [[ /tmp/tmp.dZyKvPwme8/lifecycle/warmup/bin/cat == \/\t\m\p\/\t\m\p\.\d\Z\y\K\v\P\w\m\e\8\/\l\i\f\e\c\y\c\l\e\/\w\a\r\m\u\p\/\b\i\n\/\c\a\t ]]
+ for tool in cargo git rustc taskset sleep cat mktemp mv
++ PATH=/tmp/tmp.dZyKvPwme8/lifecycle/warmup/bin:/home/bl/.local/bin:/home/bl/.codex/packages/standalone/releases/0.153.2-x86_64-unknown-linux-musl/codex-path:/home/bl/.codex/tmp/arg0/codex-arg0CWD760:/home/bl/.local/bin:/home/bl/.opencode/bin:/home/bl/.local/bin:/home/bl/.local/bin:/home/bl/.opencode/bin:/home/bl/.local/bin:/usr/local/sbin:/usr/local/bin:/usr/sbin:/usr/bin:/sbin:/bin:/usr/games:/usr/local/games:/snap/bin
++ command -v mktemp
+ selected=/tmp/tmp.dZyKvPwme8/lifecycle/warmup/bin/mktemp
+ [[ /tmp/tmp.dZyKvPwme8/lifecycle/warmup/bin/mktemp == \/\t\m\p\/\t\m\p\.\d\Z\y\K\v\P\w\m\e\8\/\l\i\f\e\c\y\c\l\e\/\w\a\r\m\u\p\/\b\i\n\/\m\k\t\e\m\p ]]
+ for tool in cargo git rustc taskset sleep cat mktemp mv
++ PATH=/tmp/tmp.dZyKvPwme8/lifecycle/warmup/bin:/home/bl/.local/bin:/home/bl/.codex/packages/standalone/releases/0.153.2-x86_64-unknown-linux-musl/codex-path:/home/bl/.codex/tmp/arg0/codex-arg0CWD760:/home/bl/.local/bin:/home/bl/.opencode/bin:/home/bl/.local/bin:/home/bl/.local/bin:/home/bl/.opencode/bin:/home/bl/.local/bin:/usr/local/sbin:/usr/local/bin:/usr/sbin:/usr/bin:/sbin:/bin:/usr/games:/usr/local/games:/snap/bin
++ command -v mv
+ selected=/tmp/tmp.dZyKvPwme8/lifecycle/warmup/bin/mv
+ [[ /tmp/tmp.dZyKvPwme8/lifecycle/warmup/bin/mv == \/\t\m\p\/\t\m\p\.\d\Z\y\K\v\P\w\m\e\8\/\l\i\f\e\c\y\c\l\e\/\w\a\r\m\u\p\/\b\i\n\/\m\v ]]
+ [[ -x /tmp/tmp.dZyKvPwme8/lifecycle/warmup/synthetic-emitter.sh ]]
+ cd /
+ PATH=/tmp/tmp.dZyKvPwme8/lifecycle/warmup/bin:/home/bl/.local/bin:/home/bl/.codex/packages/standalone/releases/0.153.2-x86_64-unknown-linux-musl/codex-path:/home/bl/.codex/tmp/arg0/codex-arg0CWD760:/home/bl/.local/bin:/home/bl/.opencode/bin:/home/bl/.local/bin:/home/bl/.local/bin:/home/bl/.opencode/bin:/home/bl/.local/bin:/usr/local/sbin:/usr/local/bin:/usr/sbin:/usr/bin:/sbin:/bin:/usr/games:/usr/local/games:/snap/bin
+ bash /tmp/tmp.dZyKvPwme8/lifecycle/warmup/scripts/preflight-builtins-current-benchmark.sh
+ printf '%s\n' warmup_fail
+ run_benchmark
+ disposition_reason FAIL workload_failed
+ jq -e --arg status FAIL --arg reason workload_failed '.status==$status and .reason==$reason and .runner_invocations==1' /tmp/tmp.dZyKvPwme8/lifecycle/warmup/artifacts/issue431-full-chain/builtins-benchmark.disposition.json
+ disposition_file=/tmp/tmp.dZyKvPwme8/lifecycle/warmup/artifacts/issue431-full-chain/builtins-benchmark.disposition.json
+ raw_file=/tmp/tmp.dZyKvPwme8/lifecycle/warmup/artifacts/issue431-full-chain/builtins-benchmark.raw.jsonl
+ stderr_file=/tmp/tmp.dZyKvPwme8/lifecycle/warmup/artifacts/issue431-full-chain/builtins-benchmark.stderr
+ accepted_file=/tmp/tmp.dZyKvPwme8/lifecycle/warmup/artifacts/issue431-full-chain/builtins-benchmark.jsonl
+ jq -e --argjson child 71 --arg validation not_run --argjson runner 71 '.child_status==$child and .validation_status==$validation and .runner_status==$runner and
     .workload_invocations==1 and .raw!=null and .stderr!=null' /tmp/tmp.dZyKvPwme8/lifecycle/warmup/artifacts/issue431-full-chain/builtins-benchmark.disposition.json
+ [[ ! -e /tmp/tmp.dZyKvPwme8/lifecycle/warmup/artifacts/issue431-full-chain/builtins-benchmark.jsonl ]]
++ wc -l
+ [[ 1 == 1 ]]
++ sha256sum /tmp/tmp.dZyKvPwme8/lifecycle/warmup/artifacts/issue431-full-chain/builtins-benchmark.raw.jsonl
++ awk '{print $1}'
+ raw_sha_before=1f3f82061422243a6c8260293adc37d8c7cebf909ddbe11e425a255b3c6f7c8f
++ sha256sum /tmp/tmp.dZyKvPwme8/lifecycle/warmup/artifacts/issue431-full-chain/builtins-benchmark.stderr
++ awk '{print $1}'
+ stderr_sha_before=20a9900c7e5c0be3261ff41d577c4dd71f69f21f5d6cf9955de91fd9d4b14db5
++ sha256sum /tmp/tmp.dZyKvPwme8/lifecycle/warmup/artifacts/issue431-full-chain/builtins-benchmark.disposition.json
++ awk '{print $1}'
+ disposition_sha_before=a47c5d97697bc415e4a2e583d03be3bb67d54028b423487995470fc5364380e8
+ jq -e --arg raw 1f3f82061422243a6c8260293adc37d8c7cebf909ddbe11e425a255b3c6f7c8f --arg stderr 20a9900c7e5c0be3261ff41d577c4dd71f69f21f5d6cf9955de91fd9d4b14db5 '.raw.sha256==$raw and .stderr.sha256==$stderr' /tmp/tmp.dZyKvPwme8/lifecycle/warmup/artifacts/issue431-full-chain/builtins-benchmark.disposition.json
+ run_benchmark
++ sha256sum /tmp/tmp.dZyKvPwme8/lifecycle/warmup/artifacts/issue431-full-chain/builtins-benchmark.raw.jsonl
++ awk '{print $1}'
+ [[ 1f3f82061422243a6c8260293adc37d8c7cebf909ddbe11e425a255b3c6f7c8f == \1\f\3\f\8\2\0\6\1\4\2\2\2\4\3\a\6\c\8\2\6\0\2\9\3\a\d\c\3\7\d\8\c\7\c\e\b\f\9\0\9\d\d\b\e\1\1\e\4\2\5\a\2\5\5\b\3\c\6\f\7\c\8\f ]]
++ sha256sum /tmp/tmp.dZyKvPwme8/lifecycle/warmup/artifacts/issue431-full-chain/builtins-benchmark.stderr
++ awk '{print $1}'
+ [[ 20a9900c7e5c0be3261ff41d577c4dd71f69f21f5d6cf9955de91fd9d4b14db5 == \2\0\a\9\9\0\0\c\7\e\5\c\0\b\e\3\2\6\1\f\f\4\1\d\5\7\7\c\4\d\d\7\1\f\6\9\f\2\1\f\5\d\6\c\f\9\9\5\5\d\e\9\1\f\d\9\d\4\b\1\4\d\b\5 ]]
++ sha256sum /tmp/tmp.dZyKvPwme8/lifecycle/warmup/artifacts/issue431-full-chain/builtins-benchmark.disposition.json
++ awk '{print $1}'
+ [[ a47c5d97697bc415e4a2e583d03be3bb67d54028b423487995470fc5364380e8 == \a\4\7\c\5\d\9\7\6\9\7\b\c\4\1\5\e\4\a\2\e\5\8\3\d\0\3\b\e\3\b\b\6\7\d\5\4\0\2\8\b\4\2\3\4\8\7\9\9\5\4\7\0\f\c\5\3\6\4\3\8\0\e\8 ]]
++ wc -l
+ [[ 1 == 1 ]]
+ grep -Fqx '{"partial":"warmup"}' /tmp/tmp.dZyKvPwme8/lifecycle/warmup/artifacts/issue431-full-chain/builtins-benchmark.raw.jsonl
+ jq -e '.workload_started==1 and .warmup_complete==0 and .timed_started==0 and
 .round_1_complete==0 and .round_2_complete==0' /tmp/tmp.dZyKvPwme8/lifecycle/warmup/artifacts/issue431-full-chain/builtins-benchmark.disposition.json
+ run_failure_case round1 round1_fail workload_failed 72 not_run 72
+ local name=round1 mode=round1_fail reason=workload_failed expected_child=72 expected_validation=not_run expected_runner=72
+ new_case round1
+ local name=round1
+ case_root=/tmp/tmp.dZyKvPwme8/lifecycle/round1
+ cp -a /tmp/tmp.dZyKvPwme8/lifecycle/template /tmp/tmp.dZyKvPwme8/lifecycle/round1
+ printf 'success\n'
+ printf 'pass\n'
+ run_preflight
+ assert_fakes
+ local tool selected
+ for tool in cargo git rustc taskset sleep cat mktemp mv
++ PATH=/tmp/tmp.dZyKvPwme8/lifecycle/round1/bin:/home/bl/.local/bin:/home/bl/.codex/packages/standalone/releases/0.153.2-x86_64-unknown-linux-musl/codex-path:/home/bl/.codex/tmp/arg0/codex-arg0CWD760:/home/bl/.local/bin:/home/bl/.opencode/bin:/home/bl/.local/bin:/home/bl/.local/bin:/home/bl/.opencode/bin:/home/bl/.local/bin:/usr/local/sbin:/usr/local/bin:/usr/sbin:/usr/bin:/sbin:/bin:/usr/games:/usr/local/games:/snap/bin
++ command -v cargo
+ selected=/tmp/tmp.dZyKvPwme8/lifecycle/round1/bin/cargo
+ [[ /tmp/tmp.dZyKvPwme8/lifecycle/round1/bin/cargo == \/\t\m\p\/\t\m\p\.\d\Z\y\K\v\P\w\m\e\8\/\l\i\f\e\c\y\c\l\e\/\r\o\u\n\d\1\/\b\i\n\/\c\a\r\g\o ]]
+ for tool in cargo git rustc taskset sleep cat mktemp mv
++ PATH=/tmp/tmp.dZyKvPwme8/lifecycle/round1/bin:/home/bl/.local/bin:/home/bl/.codex/packages/standalone/releases/0.153.2-x86_64-unknown-linux-musl/codex-path:/home/bl/.codex/tmp/arg0/codex-arg0CWD760:/home/bl/.local/bin:/home/bl/.opencode/bin:/home/bl/.local/bin:/home/bl/.local/bin:/home/bl/.opencode/bin:/home/bl/.local/bin:/usr/local/sbin:/usr/local/bin:/usr/sbin:/usr/bin:/sbin:/bin:/usr/games:/usr/local/games:/snap/bin
++ command -v git
+ selected=/tmp/tmp.dZyKvPwme8/lifecycle/round1/bin/git
+ [[ /tmp/tmp.dZyKvPwme8/lifecycle/round1/bin/git == \/\t\m\p\/\t\m\p\.\d\Z\y\K\v\P\w\m\e\8\/\l\i\f\e\c\y\c\l\e\/\r\o\u\n\d\1\/\b\i\n\/\g\i\t ]]
+ for tool in cargo git rustc taskset sleep cat mktemp mv
++ PATH=/tmp/tmp.dZyKvPwme8/lifecycle/round1/bin:/home/bl/.local/bin:/home/bl/.codex/packages/standalone/releases/0.153.2-x86_64-unknown-linux-musl/codex-path:/home/bl/.codex/tmp/arg0/codex-arg0CWD760:/home/bl/.local/bin:/home/bl/.opencode/bin:/home/bl/.local/bin:/home/bl/.local/bin:/home/bl/.opencode/bin:/home/bl/.local/bin:/usr/local/sbin:/usr/local/bin:/usr/sbin:/usr/bin:/sbin:/bin:/usr/games:/usr/local/games:/snap/bin
++ command -v rustc
+ selected=/tmp/tmp.dZyKvPwme8/lifecycle/round1/bin/rustc
+ [[ /tmp/tmp.dZyKvPwme8/lifecycle/round1/bin/rustc == \/\t\m\p\/\t\m\p\.\d\Z\y\K\v\P\w\m\e\8\/\l\i\f\e\c\y\c\l\e\/\r\o\u\n\d\1\/\b\i\n\/\r\u\s\t\c ]]
+ for tool in cargo git rustc taskset sleep cat mktemp mv
++ PATH=/tmp/tmp.dZyKvPwme8/lifecycle/round1/bin:/home/bl/.local/bin:/home/bl/.codex/packages/standalone/releases/0.153.2-x86_64-unknown-linux-musl/codex-path:/home/bl/.codex/tmp/arg0/codex-arg0CWD760:/home/bl/.local/bin:/home/bl/.opencode/bin:/home/bl/.local/bin:/home/bl/.local/bin:/home/bl/.opencode/bin:/home/bl/.local/bin:/usr/local/sbin:/usr/local/bin:/usr/sbin:/usr/bin:/sbin:/bin:/usr/games:/usr/local/games:/snap/bin
++ command -v taskset
+ selected=/tmp/tmp.dZyKvPwme8/lifecycle/round1/bin/taskset
+ [[ /tmp/tmp.dZyKvPwme8/lifecycle/round1/bin/taskset == \/\t\m\p\/\t\m\p\.\d\Z\y\K\v\P\w\m\e\8\/\l\i\f\e\c\y\c\l\e\/\r\o\u\n\d\1\/\b\i\n\/\t\a\s\k\s\e\t ]]
+ for tool in cargo git rustc taskset sleep cat mktemp mv
++ PATH=/tmp/tmp.dZyKvPwme8/lifecycle/round1/bin:/home/bl/.local/bin:/home/bl/.codex/packages/standalone/releases/0.153.2-x86_64-unknown-linux-musl/codex-path:/home/bl/.codex/tmp/arg0/codex-arg0CWD760:/home/bl/.local/bin:/home/bl/.opencode/bin:/home/bl/.local/bin:/home/bl/.local/bin:/home/bl/.opencode/bin:/home/bl/.local/bin:/usr/local/sbin:/usr/local/bin:/usr/sbin:/usr/bin:/sbin:/bin:/usr/games:/usr/local/games:/snap/bin
++ command -v sleep
+ selected=/tmp/tmp.dZyKvPwme8/lifecycle/round1/bin/sleep
+ [[ /tmp/tmp.dZyKvPwme8/lifecycle/round1/bin/sleep == \/\t\m\p\/\t\m\p\.\d\Z\y\K\v\P\w\m\e\8\/\l\i\f\e\c\y\c\l\e\/\r\o\u\n\d\1\/\b\i\n\/\s\l\e\e\p ]]
+ for tool in cargo git rustc taskset sleep cat mktemp mv
++ PATH=/tmp/tmp.dZyKvPwme8/lifecycle/round1/bin:/home/bl/.local/bin:/home/bl/.codex/packages/standalone/releases/0.153.2-x86_64-unknown-linux-musl/codex-path:/home/bl/.codex/tmp/arg0/codex-arg0CWD760:/home/bl/.local/bin:/home/bl/.opencode/bin:/home/bl/.local/bin:/home/bl/.local/bin:/home/bl/.opencode/bin:/home/bl/.local/bin:/usr/local/sbin:/usr/local/bin:/usr/sbin:/usr/bin:/sbin:/bin:/usr/games:/usr/local/games:/snap/bin
++ command -v cat
+ selected=/tmp/tmp.dZyKvPwme8/lifecycle/round1/bin/cat
+ [[ /tmp/tmp.dZyKvPwme8/lifecycle/round1/bin/cat == \/\t\m\p\/\t\m\p\.\d\Z\y\K\v\P\w\m\e\8\/\l\i\f\e\c\y\c\l\e\/\r\o\u\n\d\1\/\b\i\n\/\c\a\t ]]
+ for tool in cargo git rustc taskset sleep cat mktemp mv
++ PATH=/tmp/tmp.dZyKvPwme8/lifecycle/round1/bin:/home/bl/.local/bin:/home/bl/.codex/packages/standalone/releases/0.153.2-x86_64-unknown-linux-musl/codex-path:/home/bl/.codex/tmp/arg0/codex-arg0CWD760:/home/bl/.local/bin:/home/bl/.opencode/bin:/home/bl/.local/bin:/home/bl/.local/bin:/home/bl/.opencode/bin:/home/bl/.local/bin:/usr/local/sbin:/usr/local/bin:/usr/sbin:/usr/bin:/sbin:/bin:/usr/games:/usr/local/games:/snap/bin
++ command -v mktemp
+ selected=/tmp/tmp.dZyKvPwme8/lifecycle/round1/bin/mktemp
+ [[ /tmp/tmp.dZyKvPwme8/lifecycle/round1/bin/mktemp == \/\t\m\p\/\t\m\p\.\d\Z\y\K\v\P\w\m\e\8\/\l\i\f\e\c\y\c\l\e\/\r\o\u\n\d\1\/\b\i\n\/\m\k\t\e\m\p ]]
+ for tool in cargo git rustc taskset sleep cat mktemp mv
++ PATH=/tmp/tmp.dZyKvPwme8/lifecycle/round1/bin:/home/bl/.local/bin:/home/bl/.codex/packages/standalone/releases/0.153.2-x86_64-unknown-linux-musl/codex-path:/home/bl/.codex/tmp/arg0/codex-arg0CWD760:/home/bl/.local/bin:/home/bl/.opencode/bin:/home/bl/.local/bin:/home/bl/.local/bin:/home/bl/.opencode/bin:/home/bl/.local/bin:/usr/local/sbin:/usr/local/bin:/usr/sbin:/usr/bin:/sbin:/bin:/usr/games:/usr/local/games:/snap/bin
++ command -v mv
+ selected=/tmp/tmp.dZyKvPwme8/lifecycle/round1/bin/mv
+ [[ /tmp/tmp.dZyKvPwme8/lifecycle/round1/bin/mv == \/\t\m\p\/\t\m\p\.\d\Z\y\K\v\P\w\m\e\8\/\l\i\f\e\c\y\c\l\e\/\r\o\u\n\d\1\/\b\i\n\/\m\v ]]
+ [[ -x /tmp/tmp.dZyKvPwme8/lifecycle/round1/synthetic-emitter.sh ]]
+ cd /
+ PATH=/tmp/tmp.dZyKvPwme8/lifecycle/round1/bin:/home/bl/.local/bin:/home/bl/.codex/packages/standalone/releases/0.153.2-x86_64-unknown-linux-musl/codex-path:/home/bl/.codex/tmp/arg0/codex-arg0CWD760:/home/bl/.local/bin:/home/bl/.opencode/bin:/home/bl/.local/bin:/home/bl/.local/bin:/home/bl/.opencode/bin:/home/bl/.local/bin:/usr/local/sbin:/usr/local/bin:/usr/sbin:/usr/bin:/sbin:/bin:/usr/games:/usr/local/games:/snap/bin
+ bash /tmp/tmp.dZyKvPwme8/lifecycle/round1/scripts/preflight-builtins-current-benchmark.sh
+ printf '%s\n' round1_fail
+ run_benchmark
+ disposition_reason FAIL workload_failed
+ jq -e --arg status FAIL --arg reason workload_failed '.status==$status and .reason==$reason and .runner_invocations==1' /tmp/tmp.dZyKvPwme8/lifecycle/round1/artifacts/issue431-full-chain/builtins-benchmark.disposition.json
+ disposition_file=/tmp/tmp.dZyKvPwme8/lifecycle/round1/artifacts/issue431-full-chain/builtins-benchmark.disposition.json
+ raw_file=/tmp/tmp.dZyKvPwme8/lifecycle/round1/artifacts/issue431-full-chain/builtins-benchmark.raw.jsonl
+ stderr_file=/tmp/tmp.dZyKvPwme8/lifecycle/round1/artifacts/issue431-full-chain/builtins-benchmark.stderr
+ accepted_file=/tmp/tmp.dZyKvPwme8/lifecycle/round1/artifacts/issue431-full-chain/builtins-benchmark.jsonl
+ jq -e --argjson child 72 --arg validation not_run --argjson runner 72 '.child_status==$child and .validation_status==$validation and .runner_status==$runner and
     .workload_invocations==1 and .raw!=null and .stderr!=null' /tmp/tmp.dZyKvPwme8/lifecycle/round1/artifacts/issue431-full-chain/builtins-benchmark.disposition.json
+ [[ ! -e /tmp/tmp.dZyKvPwme8/lifecycle/round1/artifacts/issue431-full-chain/builtins-benchmark.jsonl ]]
++ wc -l
+ [[ 1 == 1 ]]
++ sha256sum /tmp/tmp.dZyKvPwme8/lifecycle/round1/artifacts/issue431-full-chain/builtins-benchmark.raw.jsonl
++ awk '{print $1}'
+ raw_sha_before=9737a51b77688e7bfe916824b6e411369de8d798f0fed7fb5dc576705d7e1bb2
++ sha256sum /tmp/tmp.dZyKvPwme8/lifecycle/round1/artifacts/issue431-full-chain/builtins-benchmark.stderr
++ awk '{print $1}'
+ stderr_sha_before=daddd956d8f744f00111ab9e3e539a02ddb8d96406e26f4d0b1ee184935816f5
++ sha256sum /tmp/tmp.dZyKvPwme8/lifecycle/round1/artifacts/issue431-full-chain/builtins-benchmark.disposition.json
++ awk '{print $1}'
+ disposition_sha_before=937374a509de01f95f3baa4c1429e54f80745b316865a229f239f3fc1cc07d1c
+ jq -e --arg raw 9737a51b77688e7bfe916824b6e411369de8d798f0fed7fb5dc576705d7e1bb2 --arg stderr daddd956d8f744f00111ab9e3e539a02ddb8d96406e26f4d0b1ee184935816f5 '.raw.sha256==$raw and .stderr.sha256==$stderr' /tmp/tmp.dZyKvPwme8/lifecycle/round1/artifacts/issue431-full-chain/builtins-benchmark.disposition.json
+ run_benchmark
++ sha256sum /tmp/tmp.dZyKvPwme8/lifecycle/round1/artifacts/issue431-full-chain/builtins-benchmark.raw.jsonl
++ awk '{print $1}'
+ [[ 9737a51b77688e7bfe916824b6e411369de8d798f0fed7fb5dc576705d7e1bb2 == \9\7\3\7\a\5\1\b\7\7\6\8\8\e\7\b\f\e\9\1\6\8\2\4\b\6\e\4\1\1\3\6\9\d\e\8\d\7\9\8\f\0\f\e\d\7\f\b\5\d\c\5\7\6\7\0\5\d\7\e\1\b\b\2 ]]
++ sha256sum /tmp/tmp.dZyKvPwme8/lifecycle/round1/artifacts/issue431-full-chain/builtins-benchmark.stderr
++ awk '{print $1}'
+ [[ daddd956d8f744f00111ab9e3e539a02ddb8d96406e26f4d0b1ee184935816f5 == \d\a\d\d\d\9\5\6\d\8\f\7\4\4\f\0\0\1\1\1\a\b\9\e\3\e\5\3\9\a\0\2\d\d\b\8\d\9\6\4\0\6\e\2\6\f\4\d\0\b\1\e\e\1\8\4\9\3\5\8\1\6\f\5 ]]
++ sha256sum /tmp/tmp.dZyKvPwme8/lifecycle/round1/artifacts/issue431-full-chain/builtins-benchmark.disposition.json
++ awk '{print $1}'
+ [[ 937374a509de01f95f3baa4c1429e54f80745b316865a229f239f3fc1cc07d1c == \9\3\7\3\7\4\a\5\0\9\d\e\0\1\f\9\5\f\3\b\a\a\4\c\1\4\2\9\e\5\4\f\8\0\7\4\5\b\3\1\6\8\6\5\a\2\2\9\f\2\3\9\f\3\f\c\1\c\c\0\7\d\1\c ]]
++ wc -l
+ [[ 1 == 1 ]]
+ cmp -s /tmp/tmp.dZyKvPwme8/lifecycle/round1/artifacts/issue431-full-chain/builtins-benchmark.raw.jsonl /dev/fd/63
++ head -n 5 /tmp/tmp.dZyKvPwme8/lifecycle/round1/synthetic-records.jsonl
+ jq -e '.workload_started==1 and .warmup_complete==1 and .timed_started==1 and
 .round_1_complete==0 and .round_2_complete==0' /tmp/tmp.dZyKvPwme8/lifecycle/round1/artifacts/issue431-full-chain/builtins-benchmark.disposition.json
+ run_failure_case round2 round2_fail workload_failed 73 not_run 73
+ local name=round2 mode=round2_fail reason=workload_failed expected_child=73 expected_validation=not_run expected_runner=73
+ new_case round2
+ local name=round2
+ case_root=/tmp/tmp.dZyKvPwme8/lifecycle/round2
+ cp -a /tmp/tmp.dZyKvPwme8/lifecycle/template /tmp/tmp.dZyKvPwme8/lifecycle/round2
+ printf 'success\n'
+ printf 'pass\n'
+ run_preflight
+ assert_fakes
+ local tool selected
+ for tool in cargo git rustc taskset sleep cat mktemp mv
++ PATH=/tmp/tmp.dZyKvPwme8/lifecycle/round2/bin:/home/bl/.local/bin:/home/bl/.codex/packages/standalone/releases/0.153.2-x86_64-unknown-linux-musl/codex-path:/home/bl/.codex/tmp/arg0/codex-arg0CWD760:/home/bl/.local/bin:/home/bl/.opencode/bin:/home/bl/.local/bin:/home/bl/.local/bin:/home/bl/.opencode/bin:/home/bl/.local/bin:/usr/local/sbin:/usr/local/bin:/usr/sbin:/usr/bin:/sbin:/bin:/usr/games:/usr/local/games:/snap/bin
++ command -v cargo
+ selected=/tmp/tmp.dZyKvPwme8/lifecycle/round2/bin/cargo
+ [[ /tmp/tmp.dZyKvPwme8/lifecycle/round2/bin/cargo == \/\t\m\p\/\t\m\p\.\d\Z\y\K\v\P\w\m\e\8\/\l\i\f\e\c\y\c\l\e\/\r\o\u\n\d\2\/\b\i\n\/\c\a\r\g\o ]]
+ for tool in cargo git rustc taskset sleep cat mktemp mv
++ PATH=/tmp/tmp.dZyKvPwme8/lifecycle/round2/bin:/home/bl/.local/bin:/home/bl/.codex/packages/standalone/releases/0.153.2-x86_64-unknown-linux-musl/codex-path:/home/bl/.codex/tmp/arg0/codex-arg0CWD760:/home/bl/.local/bin:/home/bl/.opencode/bin:/home/bl/.local/bin:/home/bl/.local/bin:/home/bl/.opencode/bin:/home/bl/.local/bin:/usr/local/sbin:/usr/local/bin:/usr/sbin:/usr/bin:/sbin:/bin:/usr/games:/usr/local/games:/snap/bin
++ command -v git
+ selected=/tmp/tmp.dZyKvPwme8/lifecycle/round2/bin/git
+ [[ /tmp/tmp.dZyKvPwme8/lifecycle/round2/bin/git == \/\t\m\p\/\t\m\p\.\d\Z\y\K\v\P\w\m\e\8\/\l\i\f\e\c\y\c\l\e\/\r\o\u\n\d\2\/\b\i\n\/\g\i\t ]]
+ for tool in cargo git rustc taskset sleep cat mktemp mv
++ PATH=/tmp/tmp.dZyKvPwme8/lifecycle/round2/bin:/home/bl/.local/bin:/home/bl/.codex/packages/standalone/releases/0.153.2-x86_64-unknown-linux-musl/codex-path:/home/bl/.codex/tmp/arg0/codex-arg0CWD760:/home/bl/.local/bin:/home/bl/.opencode/bin:/home/bl/.local/bin:/home/bl/.local/bin:/home/bl/.opencode/bin:/home/bl/.local/bin:/usr/local/sbin:/usr/local/bin:/usr/sbin:/usr/bin:/sbin:/bin:/usr/games:/usr/local/games:/snap/bin
++ command -v rustc
+ selected=/tmp/tmp.dZyKvPwme8/lifecycle/round2/bin/rustc
+ [[ /tmp/tmp.dZyKvPwme8/lifecycle/round2/bin/rustc == \/\t\m\p\/\t\m\p\.\d\Z\y\K\v\P\w\m\e\8\/\l\i\f\e\c\y\c\l\e\/\r\o\u\n\d\2\/\b\i\n\/\r\u\s\t\c ]]
+ for tool in cargo git rustc taskset sleep cat mktemp mv
++ PATH=/tmp/tmp.dZyKvPwme8/lifecycle/round2/bin:/home/bl/.local/bin:/home/bl/.codex/packages/standalone/releases/0.153.2-x86_64-unknown-linux-musl/codex-path:/home/bl/.codex/tmp/arg0/codex-arg0CWD760:/home/bl/.local/bin:/home/bl/.opencode/bin:/home/bl/.local/bin:/home/bl/.local/bin:/home/bl/.opencode/bin:/home/bl/.local/bin:/usr/local/sbin:/usr/local/bin:/usr/sbin:/usr/bin:/sbin:/bin:/usr/games:/usr/local/games:/snap/bin
++ command -v taskset
+ selected=/tmp/tmp.dZyKvPwme8/lifecycle/round2/bin/taskset
+ [[ /tmp/tmp.dZyKvPwme8/lifecycle/round2/bin/taskset == \/\t\m\p\/\t\m\p\.\d\Z\y\K\v\P\w\m\e\8\/\l\i\f\e\c\y\c\l\e\/\r\o\u\n\d\2\/\b\i\n\/\t\a\s\k\s\e\t ]]
+ for tool in cargo git rustc taskset sleep cat mktemp mv
++ PATH=/tmp/tmp.dZyKvPwme8/lifecycle/round2/bin:/home/bl/.local/bin:/home/bl/.codex/packages/standalone/releases/0.153.2-x86_64-unknown-linux-musl/codex-path:/home/bl/.codex/tmp/arg0/codex-arg0CWD760:/home/bl/.local/bin:/home/bl/.opencode/bin:/home/bl/.local/bin:/home/bl/.local/bin:/home/bl/.opencode/bin:/home/bl/.local/bin:/usr/local/sbin:/usr/local/bin:/usr/sbin:/usr/bin:/sbin:/bin:/usr/games:/usr/local/games:/snap/bin
++ command -v sleep
+ selected=/tmp/tmp.dZyKvPwme8/lifecycle/round2/bin/sleep
+ [[ /tmp/tmp.dZyKvPwme8/lifecycle/round2/bin/sleep == \/\t\m\p\/\t\m\p\.\d\Z\y\K\v\P\w\m\e\8\/\l\i\f\e\c\y\c\l\e\/\r\o\u\n\d\2\/\b\i\n\/\s\l\e\e\p ]]
+ for tool in cargo git rustc taskset sleep cat mktemp mv
++ PATH=/tmp/tmp.dZyKvPwme8/lifecycle/round2/bin:/home/bl/.local/bin:/home/bl/.codex/packages/standalone/releases/0.153.2-x86_64-unknown-linux-musl/codex-path:/home/bl/.codex/tmp/arg0/codex-arg0CWD760:/home/bl/.local/bin:/home/bl/.opencode/bin:/home/bl/.local/bin:/home/bl/.local/bin:/home/bl/.opencode/bin:/home/bl/.local/bin:/usr/local/sbin:/usr/local/bin:/usr/sbin:/usr/bin:/sbin:/bin:/usr/games:/usr/local/games:/snap/bin
++ command -v cat
+ selected=/tmp/tmp.dZyKvPwme8/lifecycle/round2/bin/cat
+ [[ /tmp/tmp.dZyKvPwme8/lifecycle/round2/bin/cat == \/\t\m\p\/\t\m\p\.\d\Z\y\K\v\P\w\m\e\8\/\l\i\f\e\c\y\c\l\e\/\r\o\u\n\d\2\/\b\i\n\/\c\a\t ]]
+ for tool in cargo git rustc taskset sleep cat mktemp mv
++ PATH=/tmp/tmp.dZyKvPwme8/lifecycle/round2/bin:/home/bl/.local/bin:/home/bl/.codex/packages/standalone/releases/0.153.2-x86_64-unknown-linux-musl/codex-path:/home/bl/.codex/tmp/arg0/codex-arg0CWD760:/home/bl/.local/bin:/home/bl/.opencode/bin:/home/bl/.local/bin:/home/bl/.local/bin:/home/bl/.opencode/bin:/home/bl/.local/bin:/usr/local/sbin:/usr/local/bin:/usr/sbin:/usr/bin:/sbin:/bin:/usr/games:/usr/local/games:/snap/bin
++ command -v mktemp
+ selected=/tmp/tmp.dZyKvPwme8/lifecycle/round2/bin/mktemp
+ [[ /tmp/tmp.dZyKvPwme8/lifecycle/round2/bin/mktemp == \/\t\m\p\/\t\m\p\.\d\Z\y\K\v\P\w\m\e\8\/\l\i\f\e\c\y\c\l\e\/\r\o\u\n\d\2\/\b\i\n\/\m\k\t\e\m\p ]]
+ for tool in cargo git rustc taskset sleep cat mktemp mv
++ PATH=/tmp/tmp.dZyKvPwme8/lifecycle/round2/bin:/home/bl/.local/bin:/home/bl/.codex/packages/standalone/releases/0.153.2-x86_64-unknown-linux-musl/codex-path:/home/bl/.codex/tmp/arg0/codex-arg0CWD760:/home/bl/.local/bin:/home/bl/.opencode/bin:/home/bl/.local/bin:/home/bl/.local/bin:/home/bl/.opencode/bin:/home/bl/.local/bin:/usr/local/sbin:/usr/local/bin:/usr/sbin:/usr/bin:/sbin:/bin:/usr/games:/usr/local/games:/snap/bin
++ command -v mv
+ selected=/tmp/tmp.dZyKvPwme8/lifecycle/round2/bin/mv
+ [[ /tmp/tmp.dZyKvPwme8/lifecycle/round2/bin/mv == \/\t\m\p\/\t\m\p\.\d\Z\y\K\v\P\w\m\e\8\/\l\i\f\e\c\y\c\l\e\/\r\o\u\n\d\2\/\b\i\n\/\m\v ]]
+ [[ -x /tmp/tmp.dZyKvPwme8/lifecycle/round2/synthetic-emitter.sh ]]
+ cd /
+ PATH=/tmp/tmp.dZyKvPwme8/lifecycle/round2/bin:/home/bl/.local/bin:/home/bl/.codex/packages/standalone/releases/0.153.2-x86_64-unknown-linux-musl/codex-path:/home/bl/.codex/tmp/arg0/codex-arg0CWD760:/home/bl/.local/bin:/home/bl/.opencode/bin:/home/bl/.local/bin:/home/bl/.local/bin:/home/bl/.opencode/bin:/home/bl/.local/bin:/usr/local/sbin:/usr/local/bin:/usr/sbin:/usr/bin:/sbin:/bin:/usr/games:/usr/local/games:/snap/bin
+ bash /tmp/tmp.dZyKvPwme8/lifecycle/round2/scripts/preflight-builtins-current-benchmark.sh
+ printf '%s\n' round2_fail
+ run_benchmark
+ disposition_reason FAIL workload_failed
+ jq -e --arg status FAIL --arg reason workload_failed '.status==$status and .reason==$reason and .runner_invocations==1' /tmp/tmp.dZyKvPwme8/lifecycle/round2/artifacts/issue431-full-chain/builtins-benchmark.disposition.json
+ disposition_file=/tmp/tmp.dZyKvPwme8/lifecycle/round2/artifacts/issue431-full-chain/builtins-benchmark.disposition.json
+ raw_file=/tmp/tmp.dZyKvPwme8/lifecycle/round2/artifacts/issue431-full-chain/builtins-benchmark.raw.jsonl
+ stderr_file=/tmp/tmp.dZyKvPwme8/lifecycle/round2/artifacts/issue431-full-chain/builtins-benchmark.stderr
+ accepted_file=/tmp/tmp.dZyKvPwme8/lifecycle/round2/artifacts/issue431-full-chain/builtins-benchmark.jsonl
+ jq -e --argjson child 73 --arg validation not_run --argjson runner 73 '.child_status==$child and .validation_status==$validation and .runner_status==$runner and
     .workload_invocations==1 and .raw!=null and .stderr!=null' /tmp/tmp.dZyKvPwme8/lifecycle/round2/artifacts/issue431-full-chain/builtins-benchmark.disposition.json
+ [[ ! -e /tmp/tmp.dZyKvPwme8/lifecycle/round2/artifacts/issue431-full-chain/builtins-benchmark.jsonl ]]
++ wc -l
+ [[ 1 == 1 ]]
++ sha256sum /tmp/tmp.dZyKvPwme8/lifecycle/round2/artifacts/issue431-full-chain/builtins-benchmark.raw.jsonl
++ awk '{print $1}'
+ raw_sha_before=8c824c9c38d50258896a95bfac7a8cb32d3dbd9628b949efbed1e51d2ca42d2d
++ sha256sum /tmp/tmp.dZyKvPwme8/lifecycle/round2/artifacts/issue431-full-chain/builtins-benchmark.stderr
++ awk '{print $1}'
+ stderr_sha_before=aec2ab871e74bc73760b006045eec03b32814e655ae88fd52148308b0b463422
++ sha256sum /tmp/tmp.dZyKvPwme8/lifecycle/round2/artifacts/issue431-full-chain/builtins-benchmark.disposition.json
++ awk '{print $1}'
+ disposition_sha_before=73f4890ece64ce82feebc440a57bbd4a94024b631b0c3ed9cef857aa51228a77
+ jq -e --arg raw 8c824c9c38d50258896a95bfac7a8cb32d3dbd9628b949efbed1e51d2ca42d2d --arg stderr aec2ab871e74bc73760b006045eec03b32814e655ae88fd52148308b0b463422 '.raw.sha256==$raw and .stderr.sha256==$stderr' /tmp/tmp.dZyKvPwme8/lifecycle/round2/artifacts/issue431-full-chain/builtins-benchmark.disposition.json
+ run_benchmark
++ sha256sum /tmp/tmp.dZyKvPwme8/lifecycle/round2/artifacts/issue431-full-chain/builtins-benchmark.raw.jsonl
++ awk '{print $1}'
+ [[ 8c824c9c38d50258896a95bfac7a8cb32d3dbd9628b949efbed1e51d2ca42d2d == \8\c\8\2\4\c\9\c\3\8\d\5\0\2\5\8\8\9\6\a\9\5\b\f\a\c\7\a\8\c\b\3\2\d\3\d\b\d\9\6\2\8\b\9\4\9\e\f\b\e\d\1\e\5\1\d\2\c\a\4\2\d\2\d ]]
++ sha256sum /tmp/tmp.dZyKvPwme8/lifecycle/round2/artifacts/issue431-full-chain/builtins-benchmark.stderr
++ awk '{print $1}'
+ [[ aec2ab871e74bc73760b006045eec03b32814e655ae88fd52148308b0b463422 == \a\e\c\2\a\b\8\7\1\e\7\4\b\c\7\3\7\6\0\b\0\0\6\0\4\5\e\e\c\0\3\b\3\2\8\1\4\e\6\5\5\a\e\8\8\f\d\5\2\1\4\8\3\0\8\b\0\b\4\6\3\4\2\2 ]]
++ sha256sum /tmp/tmp.dZyKvPwme8/lifecycle/round2/artifacts/issue431-full-chain/builtins-benchmark.disposition.json
++ awk '{print $1}'
+ [[ 73f4890ece64ce82feebc440a57bbd4a94024b631b0c3ed9cef857aa51228a77 == \7\3\f\4\8\9\0\e\c\e\6\4\c\e\8\2\f\e\e\b\c\4\4\0\a\5\7\b\b\d\4\a\9\4\0\2\4\b\6\3\1\b\0\c\3\e\d\9\c\e\f\8\5\7\a\a\5\1\2\2\8\a\7\7 ]]
++ wc -l
+ [[ 1 == 1 ]]
+ cmp -s /tmp/tmp.dZyKvPwme8/lifecycle/round2/artifacts/issue431-full-chain/builtins-benchmark.raw.jsonl /dev/fd/63
++ head -n 15 /tmp/tmp.dZyKvPwme8/lifecycle/round2/synthetic-records.jsonl
+ jq -e '.workload_started==1 and .warmup_complete==1 and .timed_started==1 and
 .round_1_complete==1 and .round_2_complete==0' /tmp/tmp.dZyKvPwme8/lifecycle/round2/artifacts/issue431-full-chain/builtins-benchmark.disposition.json
+ run_failure_case bad-record bad_record record_validation_failed 0 record_failed 1
+ local name=bad-record mode=bad_record reason=record_validation_failed expected_child=0 expected_validation=record_failed expected_runner=1
+ new_case bad-record
+ local name=bad-record
+ case_root=/tmp/tmp.dZyKvPwme8/lifecycle/bad-record
+ cp -a /tmp/tmp.dZyKvPwme8/lifecycle/template /tmp/tmp.dZyKvPwme8/lifecycle/bad-record
+ printf 'success\n'
+ printf 'pass\n'
+ run_preflight
+ assert_fakes
+ local tool selected
+ for tool in cargo git rustc taskset sleep cat mktemp mv
++ PATH=/tmp/tmp.dZyKvPwme8/lifecycle/bad-record/bin:/home/bl/.local/bin:/home/bl/.codex/packages/standalone/releases/0.153.2-x86_64-unknown-linux-musl/codex-path:/home/bl/.codex/tmp/arg0/codex-arg0CWD760:/home/bl/.local/bin:/home/bl/.opencode/bin:/home/bl/.local/bin:/home/bl/.local/bin:/home/bl/.opencode/bin:/home/bl/.local/bin:/usr/local/sbin:/usr/local/bin:/usr/sbin:/usr/bin:/sbin:/bin:/usr/games:/usr/local/games:/snap/bin
++ command -v cargo
+ selected=/tmp/tmp.dZyKvPwme8/lifecycle/bad-record/bin/cargo
+ [[ /tmp/tmp.dZyKvPwme8/lifecycle/bad-record/bin/cargo == \/\t\m\p\/\t\m\p\.\d\Z\y\K\v\P\w\m\e\8\/\l\i\f\e\c\y\c\l\e\/\b\a\d\-\r\e\c\o\r\d\/\b\i\n\/\c\a\r\g\o ]]
+ for tool in cargo git rustc taskset sleep cat mktemp mv
++ PATH=/tmp/tmp.dZyKvPwme8/lifecycle/bad-record/bin:/home/bl/.local/bin:/home/bl/.codex/packages/standalone/releases/0.153.2-x86_64-unknown-linux-musl/codex-path:/home/bl/.codex/tmp/arg0/codex-arg0CWD760:/home/bl/.local/bin:/home/bl/.opencode/bin:/home/bl/.local/bin:/home/bl/.local/bin:/home/bl/.opencode/bin:/home/bl/.local/bin:/usr/local/sbin:/usr/local/bin:/usr/sbin:/usr/bin:/sbin:/bin:/usr/games:/usr/local/games:/snap/bin
++ command -v git
+ selected=/tmp/tmp.dZyKvPwme8/lifecycle/bad-record/bin/git
+ [[ /tmp/tmp.dZyKvPwme8/lifecycle/bad-record/bin/git == \/\t\m\p\/\t\m\p\.\d\Z\y\K\v\P\w\m\e\8\/\l\i\f\e\c\y\c\l\e\/\b\a\d\-\r\e\c\o\r\d\/\b\i\n\/\g\i\t ]]
+ for tool in cargo git rustc taskset sleep cat mktemp mv
++ PATH=/tmp/tmp.dZyKvPwme8/lifecycle/bad-record/bin:/home/bl/.local/bin:/home/bl/.codex/packages/standalone/releases/0.153.2-x86_64-unknown-linux-musl/codex-path:/home/bl/.codex/tmp/arg0/codex-arg0CWD760:/home/bl/.local/bin:/home/bl/.opencode/bin:/home/bl/.local/bin:/home/bl/.local/bin:/home/bl/.opencode/bin:/home/bl/.local/bin:/usr/local/sbin:/usr/local/bin:/usr/sbin:/usr/bin:/sbin:/bin:/usr/games:/usr/local/games:/snap/bin
++ command -v rustc
+ selected=/tmp/tmp.dZyKvPwme8/lifecycle/bad-record/bin/rustc
+ [[ /tmp/tmp.dZyKvPwme8/lifecycle/bad-record/bin/rustc == \/\t\m\p\/\t\m\p\.\d\Z\y\K\v\P\w\m\e\8\/\l\i\f\e\c\y\c\l\e\/\b\a\d\-\r\e\c\o\r\d\/\b\i\n\/\r\u\s\t\c ]]
+ for tool in cargo git rustc taskset sleep cat mktemp mv
++ PATH=/tmp/tmp.dZyKvPwme8/lifecycle/bad-record/bin:/home/bl/.local/bin:/home/bl/.codex/packages/standalone/releases/0.153.2-x86_64-unknown-linux-musl/codex-path:/home/bl/.codex/tmp/arg0/codex-arg0CWD760:/home/bl/.local/bin:/home/bl/.opencode/bin:/home/bl/.local/bin:/home/bl/.local/bin:/home/bl/.opencode/bin:/home/bl/.local/bin:/usr/local/sbin:/usr/local/bin:/usr/sbin:/usr/bin:/sbin:/bin:/usr/games:/usr/local/games:/snap/bin
++ command -v taskset
+ selected=/tmp/tmp.dZyKvPwme8/lifecycle/bad-record/bin/taskset
+ [[ /tmp/tmp.dZyKvPwme8/lifecycle/bad-record/bin/taskset == \/\t\m\p\/\t\m\p\.\d\Z\y\K\v\P\w\m\e\8\/\l\i\f\e\c\y\c\l\e\/\b\a\d\-\r\e\c\o\r\d\/\b\i\n\/\t\a\s\k\s\e\t ]]
+ for tool in cargo git rustc taskset sleep cat mktemp mv
++ PATH=/tmp/tmp.dZyKvPwme8/lifecycle/bad-record/bin:/home/bl/.local/bin:/home/bl/.codex/packages/standalone/releases/0.153.2-x86_64-unknown-linux-musl/codex-path:/home/bl/.codex/tmp/arg0/codex-arg0CWD760:/home/bl/.local/bin:/home/bl/.opencode/bin:/home/bl/.local/bin:/home/bl/.local/bin:/home/bl/.opencode/bin:/home/bl/.local/bin:/usr/local/sbin:/usr/local/bin:/usr/sbin:/usr/bin:/sbin:/bin:/usr/games:/usr/local/games:/snap/bin
++ command -v sleep
+ selected=/tmp/tmp.dZyKvPwme8/lifecycle/bad-record/bin/sleep
+ [[ /tmp/tmp.dZyKvPwme8/lifecycle/bad-record/bin/sleep == \/\t\m\p\/\t\m\p\.\d\Z\y\K\v\P\w\m\e\8\/\l\i\f\e\c\y\c\l\e\/\b\a\d\-\r\e\c\o\r\d\/\b\i\n\/\s\l\e\e\p ]]
+ for tool in cargo git rustc taskset sleep cat mktemp mv
++ PATH=/tmp/tmp.dZyKvPwme8/lifecycle/bad-record/bin:/home/bl/.local/bin:/home/bl/.codex/packages/standalone/releases/0.153.2-x86_64-unknown-linux-musl/codex-path:/home/bl/.codex/tmp/arg0/codex-arg0CWD760:/home/bl/.local/bin:/home/bl/.opencode/bin:/home/bl/.local/bin:/home/bl/.local/bin:/home/bl/.opencode/bin:/home/bl/.local/bin:/usr/local/sbin:/usr/local/bin:/usr/sbin:/usr/bin:/sbin:/bin:/usr/games:/usr/local/games:/snap/bin
++ command -v cat
+ selected=/tmp/tmp.dZyKvPwme8/lifecycle/bad-record/bin/cat
+ [[ /tmp/tmp.dZyKvPwme8/lifecycle/bad-record/bin/cat == \/\t\m\p\/\t\m\p\.\d\Z\y\K\v\P\w\m\e\8\/\l\i\f\e\c\y\c\l\e\/\b\a\d\-\r\e\c\o\r\d\/\b\i\n\/\c\a\t ]]
+ for tool in cargo git rustc taskset sleep cat mktemp mv
++ PATH=/tmp/tmp.dZyKvPwme8/lifecycle/bad-record/bin:/home/bl/.local/bin:/home/bl/.codex/packages/standalone/releases/0.153.2-x86_64-unknown-linux-musl/codex-path:/home/bl/.codex/tmp/arg0/codex-arg0CWD760:/home/bl/.local/bin:/home/bl/.opencode/bin:/home/bl/.local/bin:/home/bl/.local/bin:/home/bl/.opencode/bin:/home/bl/.local/bin:/usr/local/sbin:/usr/local/bin:/usr/sbin:/usr/bin:/sbin:/bin:/usr/games:/usr/local/games:/snap/bin
++ command -v mktemp
+ selected=/tmp/tmp.dZyKvPwme8/lifecycle/bad-record/bin/mktemp
+ [[ /tmp/tmp.dZyKvPwme8/lifecycle/bad-record/bin/mktemp == \/\t\m\p\/\t\m\p\.\d\Z\y\K\v\P\w\m\e\8\/\l\i\f\e\c\y\c\l\e\/\b\a\d\-\r\e\c\o\r\d\/\b\i\n\/\m\k\t\e\m\p ]]
+ for tool in cargo git rustc taskset sleep cat mktemp mv
++ PATH=/tmp/tmp.dZyKvPwme8/lifecycle/bad-record/bin:/home/bl/.local/bin:/home/bl/.codex/packages/standalone/releases/0.153.2-x86_64-unknown-linux-musl/codex-path:/home/bl/.codex/tmp/arg0/codex-arg0CWD760:/home/bl/.local/bin:/home/bl/.opencode/bin:/home/bl/.local/bin:/home/bl/.local/bin:/home/bl/.opencode/bin:/home/bl/.local/bin:/usr/local/sbin:/usr/local/bin:/usr/sbin:/usr/bin:/sbin:/bin:/usr/games:/usr/local/games:/snap/bin
++ command -v mv
+ selected=/tmp/tmp.dZyKvPwme8/lifecycle/bad-record/bin/mv
+ [[ /tmp/tmp.dZyKvPwme8/lifecycle/bad-record/bin/mv == \/\t\m\p\/\t\m\p\.\d\Z\y\K\v\P\w\m\e\8\/\l\i\f\e\c\y\c\l\e\/\b\a\d\-\r\e\c\o\r\d\/\b\i\n\/\m\v ]]
+ [[ -x /tmp/tmp.dZyKvPwme8/lifecycle/bad-record/synthetic-emitter.sh ]]
+ cd /
+ PATH=/tmp/tmp.dZyKvPwme8/lifecycle/bad-record/bin:/home/bl/.local/bin:/home/bl/.codex/packages/standalone/releases/0.153.2-x86_64-unknown-linux-musl/codex-path:/home/bl/.codex/tmp/arg0/codex-arg0CWD760:/home/bl/.local/bin:/home/bl/.opencode/bin:/home/bl/.local/bin:/home/bl/.local/bin:/home/bl/.opencode/bin:/home/bl/.local/bin:/usr/local/sbin:/usr/local/bin:/usr/sbin:/usr/bin:/sbin:/bin:/usr/games:/usr/local/games:/snap/bin
+ bash /tmp/tmp.dZyKvPwme8/lifecycle/bad-record/scripts/preflight-builtins-current-benchmark.sh
+ printf '%s\n' bad_record
+ run_benchmark
+ disposition_reason FAIL record_validation_failed
+ jq -e --arg status FAIL --arg reason record_validation_failed '.status==$status and .reason==$reason and .runner_invocations==1' /tmp/tmp.dZyKvPwme8/lifecycle/bad-record/artifacts/issue431-full-chain/builtins-benchmark.disposition.json
+ disposition_file=/tmp/tmp.dZyKvPwme8/lifecycle/bad-record/artifacts/issue431-full-chain/builtins-benchmark.disposition.json
+ raw_file=/tmp/tmp.dZyKvPwme8/lifecycle/bad-record/artifacts/issue431-full-chain/builtins-benchmark.raw.jsonl
+ stderr_file=/tmp/tmp.dZyKvPwme8/lifecycle/bad-record/artifacts/issue431-full-chain/builtins-benchmark.stderr
+ accepted_file=/tmp/tmp.dZyKvPwme8/lifecycle/bad-record/artifacts/issue431-full-chain/builtins-benchmark.jsonl
+ jq -e --argjson child 0 --arg validation record_failed --argjson runner 1 '.child_status==$child and .validation_status==$validation and .runner_status==$runner and
     .workload_invocations==1 and .raw!=null and .stderr!=null' /tmp/tmp.dZyKvPwme8/lifecycle/bad-record/artifacts/issue431-full-chain/builtins-benchmark.disposition.json
+ [[ ! -e /tmp/tmp.dZyKvPwme8/lifecycle/bad-record/artifacts/issue431-full-chain/builtins-benchmark.jsonl ]]
++ wc -l
+ [[ 1 == 1 ]]
++ sha256sum /tmp/tmp.dZyKvPwme8/lifecycle/bad-record/artifacts/issue431-full-chain/builtins-benchmark.raw.jsonl
++ awk '{print $1}'
+ raw_sha_before=6f825cfad19981f8addcf7cfff664d1957629693023408f166901daf17be2670
++ sha256sum /tmp/tmp.dZyKvPwme8/lifecycle/bad-record/artifacts/issue431-full-chain/builtins-benchmark.stderr
++ awk '{print $1}'
+ stderr_sha_before=db18fdc6b8c3cde0437579d899bfa2311c6e240a43b98d460a825253611ae020
++ sha256sum /tmp/tmp.dZyKvPwme8/lifecycle/bad-record/artifacts/issue431-full-chain/builtins-benchmark.disposition.json
++ awk '{print $1}'
+ disposition_sha_before=34dfefbb23e0d605c01bc76abf7e9967cf8a9274ba5ba015218166e22eabb5c4
+ jq -e --arg raw 6f825cfad19981f8addcf7cfff664d1957629693023408f166901daf17be2670 --arg stderr db18fdc6b8c3cde0437579d899bfa2311c6e240a43b98d460a825253611ae020 '.raw.sha256==$raw and .stderr.sha256==$stderr' /tmp/tmp.dZyKvPwme8/lifecycle/bad-record/artifacts/issue431-full-chain/builtins-benchmark.disposition.json
+ run_benchmark
++ sha256sum /tmp/tmp.dZyKvPwme8/lifecycle/bad-record/artifacts/issue431-full-chain/builtins-benchmark.raw.jsonl
++ awk '{print $1}'
+ [[ 6f825cfad19981f8addcf7cfff664d1957629693023408f166901daf17be2670 == \6\f\8\2\5\c\f\a\d\1\9\9\8\1\f\8\a\d\d\c\f\7\c\f\f\f\6\6\4\d\1\9\5\7\6\2\9\6\9\3\0\2\3\4\0\8\f\1\6\6\9\0\1\d\a\f\1\7\b\e\2\6\7\0 ]]
++ sha256sum /tmp/tmp.dZyKvPwme8/lifecycle/bad-record/artifacts/issue431-full-chain/builtins-benchmark.stderr
++ awk '{print $1}'
+ [[ db18fdc6b8c3cde0437579d899bfa2311c6e240a43b98d460a825253611ae020 == \d\b\1\8\f\d\c\6\b\8\c\3\c\d\e\0\4\3\7\5\7\9\d\8\9\9\b\f\a\2\3\1\1\c\6\e\2\4\0\a\4\3\b\9\8\d\4\6\0\a\8\2\5\2\5\3\6\1\1\a\e\0\2\0 ]]
++ sha256sum /tmp/tmp.dZyKvPwme8/lifecycle/bad-record/artifacts/issue431-full-chain/builtins-benchmark.disposition.json
++ awk '{print $1}'
+ [[ 34dfefbb23e0d605c01bc76abf7e9967cf8a9274ba5ba015218166e22eabb5c4 == \3\4\d\f\e\f\b\b\2\3\e\0\d\6\0\5\c\0\1\b\c\7\6\a\b\f\7\e\9\9\6\7\c\f\8\a\9\2\7\4\b\a\5\b\a\0\1\5\2\1\8\1\6\6\e\2\2\e\a\b\b\5\c\4 ]]
++ wc -l
+ [[ 1 == 1 ]]
++ wc -l
+ [[ 20 == 20 ]]
+ run_failure_case bad-aggregate bad_aggregate aggregate_validation_failed 0 aggregate_failed 1
+ local name=bad-aggregate mode=bad_aggregate reason=aggregate_validation_failed expected_child=0 expected_validation=aggregate_failed expected_runner=1
+ new_case bad-aggregate
+ local name=bad-aggregate
+ case_root=/tmp/tmp.dZyKvPwme8/lifecycle/bad-aggregate
+ cp -a /tmp/tmp.dZyKvPwme8/lifecycle/template /tmp/tmp.dZyKvPwme8/lifecycle/bad-aggregate
+ printf 'success\n'
+ printf 'pass\n'
+ run_preflight
+ assert_fakes
+ local tool selected
+ for tool in cargo git rustc taskset sleep cat mktemp mv
++ PATH=/tmp/tmp.dZyKvPwme8/lifecycle/bad-aggregate/bin:/home/bl/.local/bin:/home/bl/.codex/packages/standalone/releases/0.153.2-x86_64-unknown-linux-musl/codex-path:/home/bl/.codex/tmp/arg0/codex-arg0CWD760:/home/bl/.local/bin:/home/bl/.opencode/bin:/home/bl/.local/bin:/home/bl/.local/bin:/home/bl/.opencode/bin:/home/bl/.local/bin:/usr/local/sbin:/usr/local/bin:/usr/sbin:/usr/bin:/sbin:/bin:/usr/games:/usr/local/games:/snap/bin
++ command -v cargo
+ selected=/tmp/tmp.dZyKvPwme8/lifecycle/bad-aggregate/bin/cargo
+ [[ /tmp/tmp.dZyKvPwme8/lifecycle/bad-aggregate/bin/cargo == \/\t\m\p\/\t\m\p\.\d\Z\y\K\v\P\w\m\e\8\/\l\i\f\e\c\y\c\l\e\/\b\a\d\-\a\g\g\r\e\g\a\t\e\/\b\i\n\/\c\a\r\g\o ]]
+ for tool in cargo git rustc taskset sleep cat mktemp mv
++ PATH=/tmp/tmp.dZyKvPwme8/lifecycle/bad-aggregate/bin:/home/bl/.local/bin:/home/bl/.codex/packages/standalone/releases/0.153.2-x86_64-unknown-linux-musl/codex-path:/home/bl/.codex/tmp/arg0/codex-arg0CWD760:/home/bl/.local/bin:/home/bl/.opencode/bin:/home/bl/.local/bin:/home/bl/.local/bin:/home/bl/.opencode/bin:/home/bl/.local/bin:/usr/local/sbin:/usr/local/bin:/usr/sbin:/usr/bin:/sbin:/bin:/usr/games:/usr/local/games:/snap/bin
++ command -v git
+ selected=/tmp/tmp.dZyKvPwme8/lifecycle/bad-aggregate/bin/git
+ [[ /tmp/tmp.dZyKvPwme8/lifecycle/bad-aggregate/bin/git == \/\t\m\p\/\t\m\p\.\d\Z\y\K\v\P\w\m\e\8\/\l\i\f\e\c\y\c\l\e\/\b\a\d\-\a\g\g\r\e\g\a\t\e\/\b\i\n\/\g\i\t ]]
+ for tool in cargo git rustc taskset sleep cat mktemp mv
++ PATH=/tmp/tmp.dZyKvPwme8/lifecycle/bad-aggregate/bin:/home/bl/.local/bin:/home/bl/.codex/packages/standalone/releases/0.153.2-x86_64-unknown-linux-musl/codex-path:/home/bl/.codex/tmp/arg0/codex-arg0CWD760:/home/bl/.local/bin:/home/bl/.opencode/bin:/home/bl/.local/bin:/home/bl/.local/bin:/home/bl/.opencode/bin:/home/bl/.local/bin:/usr/local/sbin:/usr/local/bin:/usr/sbin:/usr/bin:/sbin:/bin:/usr/games:/usr/local/games:/snap/bin
++ command -v rustc
+ selected=/tmp/tmp.dZyKvPwme8/lifecycle/bad-aggregate/bin/rustc
+ [[ /tmp/tmp.dZyKvPwme8/lifecycle/bad-aggregate/bin/rustc == \/\t\m\p\/\t\m\p\.\d\Z\y\K\v\P\w\m\e\8\/\l\i\f\e\c\y\c\l\e\/\b\a\d\-\a\g\g\r\e\g\a\t\e\/\b\i\n\/\r\u\s\t\c ]]
+ for tool in cargo git rustc taskset sleep cat mktemp mv
++ PATH=/tmp/tmp.dZyKvPwme8/lifecycle/bad-aggregate/bin:/home/bl/.local/bin:/home/bl/.codex/packages/standalone/releases/0.153.2-x86_64-unknown-linux-musl/codex-path:/home/bl/.codex/tmp/arg0/codex-arg0CWD760:/home/bl/.local/bin:/home/bl/.opencode/bin:/home/bl/.local/bin:/home/bl/.local/bin:/home/bl/.opencode/bin:/home/bl/.local/bin:/usr/local/sbin:/usr/local/bin:/usr/sbin:/usr/bin:/sbin:/bin:/usr/games:/usr/local/games:/snap/bin
++ command -v taskset
+ selected=/tmp/tmp.dZyKvPwme8/lifecycle/bad-aggregate/bin/taskset
+ [[ /tmp/tmp.dZyKvPwme8/lifecycle/bad-aggregate/bin/taskset == \/\t\m\p\/\t\m\p\.\d\Z\y\K\v\P\w\m\e\8\/\l\i\f\e\c\y\c\l\e\/\b\a\d\-\a\g\g\r\e\g\a\t\e\/\b\i\n\/\t\a\s\k\s\e\t ]]
+ for tool in cargo git rustc taskset sleep cat mktemp mv
++ PATH=/tmp/tmp.dZyKvPwme8/lifecycle/bad-aggregate/bin:/home/bl/.local/bin:/home/bl/.codex/packages/standalone/releases/0.153.2-x86_64-unknown-linux-musl/codex-path:/home/bl/.codex/tmp/arg0/codex-arg0CWD760:/home/bl/.local/bin:/home/bl/.opencode/bin:/home/bl/.local/bin:/home/bl/.local/bin:/home/bl/.opencode/bin:/home/bl/.local/bin:/usr/local/sbin:/usr/local/bin:/usr/sbin:/usr/bin:/sbin:/bin:/usr/games:/usr/local/games:/snap/bin
++ command -v sleep
+ selected=/tmp/tmp.dZyKvPwme8/lifecycle/bad-aggregate/bin/sleep
+ [[ /tmp/tmp.dZyKvPwme8/lifecycle/bad-aggregate/bin/sleep == \/\t\m\p\/\t\m\p\.\d\Z\y\K\v\P\w\m\e\8\/\l\i\f\e\c\y\c\l\e\/\b\a\d\-\a\g\g\r\e\g\a\t\e\/\b\i\n\/\s\l\e\e\p ]]
+ for tool in cargo git rustc taskset sleep cat mktemp mv
++ PATH=/tmp/tmp.dZyKvPwme8/lifecycle/bad-aggregate/bin:/home/bl/.local/bin:/home/bl/.codex/packages/standalone/releases/0.153.2-x86_64-unknown-linux-musl/codex-path:/home/bl/.codex/tmp/arg0/codex-arg0CWD760:/home/bl/.local/bin:/home/bl/.opencode/bin:/home/bl/.local/bin:/home/bl/.local/bin:/home/bl/.opencode/bin:/home/bl/.local/bin:/usr/local/sbin:/usr/local/bin:/usr/sbin:/usr/bin:/sbin:/bin:/usr/games:/usr/local/games:/snap/bin
++ command -v cat
+ selected=/tmp/tmp.dZyKvPwme8/lifecycle/bad-aggregate/bin/cat
+ [[ /tmp/tmp.dZyKvPwme8/lifecycle/bad-aggregate/bin/cat == \/\t\m\p\/\t\m\p\.\d\Z\y\K\v\P\w\m\e\8\/\l\i\f\e\c\y\c\l\e\/\b\a\d\-\a\g\g\r\e\g\a\t\e\/\b\i\n\/\c\a\t ]]
+ for tool in cargo git rustc taskset sleep cat mktemp mv
++ PATH=/tmp/tmp.dZyKvPwme8/lifecycle/bad-aggregate/bin:/home/bl/.local/bin:/home/bl/.codex/packages/standalone/releases/0.153.2-x86_64-unknown-linux-musl/codex-path:/home/bl/.codex/tmp/arg0/codex-arg0CWD760:/home/bl/.local/bin:/home/bl/.opencode/bin:/home/bl/.local/bin:/home/bl/.local/bin:/home/bl/.opencode/bin:/home/bl/.local/bin:/usr/local/sbin:/usr/local/bin:/usr/sbin:/usr/bin:/sbin:/bin:/usr/games:/usr/local/games:/snap/bin
++ command -v mktemp
+ selected=/tmp/tmp.dZyKvPwme8/lifecycle/bad-aggregate/bin/mktemp
+ [[ /tmp/tmp.dZyKvPwme8/lifecycle/bad-aggregate/bin/mktemp == \/\t\m\p\/\t\m\p\.\d\Z\y\K\v\P\w\m\e\8\/\l\i\f\e\c\y\c\l\e\/\b\a\d\-\a\g\g\r\e\g\a\t\e\/\b\i\n\/\m\k\t\e\m\p ]]
+ for tool in cargo git rustc taskset sleep cat mktemp mv
++ PATH=/tmp/tmp.dZyKvPwme8/lifecycle/bad-aggregate/bin:/home/bl/.local/bin:/home/bl/.codex/packages/standalone/releases/0.153.2-x86_64-unknown-linux-musl/codex-path:/home/bl/.codex/tmp/arg0/codex-arg0CWD760:/home/bl/.local/bin:/home/bl/.opencode/bin:/home/bl/.local/bin:/home/bl/.local/bin:/home/bl/.opencode/bin:/home/bl/.local/bin:/usr/local/sbin:/usr/local/bin:/usr/sbin:/usr/bin:/sbin:/bin:/usr/games:/usr/local/games:/snap/bin
++ command -v mv
+ selected=/tmp/tmp.dZyKvPwme8/lifecycle/bad-aggregate/bin/mv
+ [[ /tmp/tmp.dZyKvPwme8/lifecycle/bad-aggregate/bin/mv == \/\t\m\p\/\t\m\p\.\d\Z\y\K\v\P\w\m\e\8\/\l\i\f\e\c\y\c\l\e\/\b\a\d\-\a\g\g\r\e\g\a\t\e\/\b\i\n\/\m\v ]]
+ [[ -x /tmp/tmp.dZyKvPwme8/lifecycle/bad-aggregate/synthetic-emitter.sh ]]
+ cd /
+ PATH=/tmp/tmp.dZyKvPwme8/lifecycle/bad-aggregate/bin:/home/bl/.local/bin:/home/bl/.codex/packages/standalone/releases/0.153.2-x86_64-unknown-linux-musl/codex-path:/home/bl/.codex/tmp/arg0/codex-arg0CWD760:/home/bl/.local/bin:/home/bl/.opencode/bin:/home/bl/.local/bin:/home/bl/.local/bin:/home/bl/.opencode/bin:/home/bl/.local/bin:/usr/local/sbin:/usr/local/bin:/usr/sbin:/usr/bin:/sbin:/bin:/usr/games:/usr/local/games:/snap/bin
+ bash /tmp/tmp.dZyKvPwme8/lifecycle/bad-aggregate/scripts/preflight-builtins-current-benchmark.sh
+ printf '%s\n' bad_aggregate
+ run_benchmark
+ disposition_reason FAIL aggregate_validation_failed
+ jq -e --arg status FAIL --arg reason aggregate_validation_failed '.status==$status and .reason==$reason and .runner_invocations==1' /tmp/tmp.dZyKvPwme8/lifecycle/bad-aggregate/artifacts/issue431-full-chain/builtins-benchmark.disposition.json
+ disposition_file=/tmp/tmp.dZyKvPwme8/lifecycle/bad-aggregate/artifacts/issue431-full-chain/builtins-benchmark.disposition.json
+ raw_file=/tmp/tmp.dZyKvPwme8/lifecycle/bad-aggregate/artifacts/issue431-full-chain/builtins-benchmark.raw.jsonl
+ stderr_file=/tmp/tmp.dZyKvPwme8/lifecycle/bad-aggregate/artifacts/issue431-full-chain/builtins-benchmark.stderr
+ accepted_file=/tmp/tmp.dZyKvPwme8/lifecycle/bad-aggregate/artifacts/issue431-full-chain/builtins-benchmark.jsonl
+ jq -e --argjson child 0 --arg validation aggregate_failed --argjson runner 1 '.child_status==$child and .validation_status==$validation and .runner_status==$runner and
     .workload_invocations==1 and .raw!=null and .stderr!=null' /tmp/tmp.dZyKvPwme8/lifecycle/bad-aggregate/artifacts/issue431-full-chain/builtins-benchmark.disposition.json
+ [[ ! -e /tmp/tmp.dZyKvPwme8/lifecycle/bad-aggregate/artifacts/issue431-full-chain/builtins-benchmark.jsonl ]]
++ wc -l
+ [[ 1 == 1 ]]
++ sha256sum /tmp/tmp.dZyKvPwme8/lifecycle/bad-aggregate/artifacts/issue431-full-chain/builtins-benchmark.raw.jsonl
++ awk '{print $1}'
+ raw_sha_before=d9df6921b43ee8a9ec468d1cb5e0fd6726b88a5e546f9d5d38a4601812942d1d
++ sha256sum /tmp/tmp.dZyKvPwme8/lifecycle/bad-aggregate/artifacts/issue431-full-chain/builtins-benchmark.stderr
++ awk '{print $1}'
+ stderr_sha_before=db18fdc6b8c3cde0437579d899bfa2311c6e240a43b98d460a825253611ae020
++ sha256sum /tmp/tmp.dZyKvPwme8/lifecycle/bad-aggregate/artifacts/issue431-full-chain/builtins-benchmark.disposition.json
++ awk '{print $1}'
+ disposition_sha_before=f67d9d4bd2c7800d2185dc39b026b92b0ca6be2c50746f0a158a2641e686df2f
+ jq -e --arg raw d9df6921b43ee8a9ec468d1cb5e0fd6726b88a5e546f9d5d38a4601812942d1d --arg stderr db18fdc6b8c3cde0437579d899bfa2311c6e240a43b98d460a825253611ae020 '.raw.sha256==$raw and .stderr.sha256==$stderr' /tmp/tmp.dZyKvPwme8/lifecycle/bad-aggregate/artifacts/issue431-full-chain/builtins-benchmark.disposition.json
+ run_benchmark
++ sha256sum /tmp/tmp.dZyKvPwme8/lifecycle/bad-aggregate/artifacts/issue431-full-chain/builtins-benchmark.raw.jsonl
++ awk '{print $1}'
+ [[ d9df6921b43ee8a9ec468d1cb5e0fd6726b88a5e546f9d5d38a4601812942d1d == \d\9\d\f\6\9\2\1\b\4\3\e\e\8\a\9\e\c\4\6\8\d\1\c\b\5\e\0\f\d\6\7\2\6\b\8\8\a\5\e\5\4\6\f\9\d\5\d\3\8\a\4\6\0\1\8\1\2\9\4\2\d\1\d ]]
++ sha256sum /tmp/tmp.dZyKvPwme8/lifecycle/bad-aggregate/artifacts/issue431-full-chain/builtins-benchmark.stderr
++ awk '{print $1}'
+ [[ db18fdc6b8c3cde0437579d899bfa2311c6e240a43b98d460a825253611ae020 == \d\b\1\8\f\d\c\6\b\8\c\3\c\d\e\0\4\3\7\5\7\9\d\8\9\9\b\f\a\2\3\1\1\c\6\e\2\4\0\a\4\3\b\9\8\d\4\6\0\a\8\2\5\2\5\3\6\1\1\a\e\0\2\0 ]]
++ sha256sum /tmp/tmp.dZyKvPwme8/lifecycle/bad-aggregate/artifacts/issue431-full-chain/builtins-benchmark.disposition.json
++ awk '{print $1}'
+ [[ f67d9d4bd2c7800d2185dc39b026b92b0ca6be2c50746f0a158a2641e686df2f == \f\6\7\d\9\d\4\b\d\2\c\7\8\0\0\d\2\1\8\5\d\c\3\9\b\0\2\6\b\9\2\b\0\c\a\6\b\e\2\c\5\0\7\4\6\f\0\a\1\5\8\a\2\6\4\1\e\6\8\6\d\f\2\f ]]
++ wc -l
+ [[ 1 == 1 ]]
++ wc -l
+ [[ 20 == 20 ]]
+ run_failure_case bad-phase bad_phase phase_mismatch 0 phase_failed 1
+ local name=bad-phase mode=bad_phase reason=phase_mismatch expected_child=0 expected_validation=phase_failed expected_runner=1
+ new_case bad-phase
+ local name=bad-phase
+ case_root=/tmp/tmp.dZyKvPwme8/lifecycle/bad-phase
+ cp -a /tmp/tmp.dZyKvPwme8/lifecycle/template /tmp/tmp.dZyKvPwme8/lifecycle/bad-phase
+ printf 'success\n'
+ printf 'pass\n'
+ run_preflight
+ assert_fakes
+ local tool selected
+ for tool in cargo git rustc taskset sleep cat mktemp mv
++ PATH=/tmp/tmp.dZyKvPwme8/lifecycle/bad-phase/bin:/home/bl/.local/bin:/home/bl/.codex/packages/standalone/releases/0.153.2-x86_64-unknown-linux-musl/codex-path:/home/bl/.codex/tmp/arg0/codex-arg0CWD760:/home/bl/.local/bin:/home/bl/.opencode/bin:/home/bl/.local/bin:/home/bl/.local/bin:/home/bl/.opencode/bin:/home/bl/.local/bin:/usr/local/sbin:/usr/local/bin:/usr/sbin:/usr/bin:/sbin:/bin:/usr/games:/usr/local/games:/snap/bin
++ command -v cargo
+ selected=/tmp/tmp.dZyKvPwme8/lifecycle/bad-phase/bin/cargo
+ [[ /tmp/tmp.dZyKvPwme8/lifecycle/bad-phase/bin/cargo == \/\t\m\p\/\t\m\p\.\d\Z\y\K\v\P\w\m\e\8\/\l\i\f\e\c\y\c\l\e\/\b\a\d\-\p\h\a\s\e\/\b\i\n\/\c\a\r\g\o ]]
+ for tool in cargo git rustc taskset sleep cat mktemp mv
++ PATH=/tmp/tmp.dZyKvPwme8/lifecycle/bad-phase/bin:/home/bl/.local/bin:/home/bl/.codex/packages/standalone/releases/0.153.2-x86_64-unknown-linux-musl/codex-path:/home/bl/.codex/tmp/arg0/codex-arg0CWD760:/home/bl/.local/bin:/home/bl/.opencode/bin:/home/bl/.local/bin:/home/bl/.local/bin:/home/bl/.opencode/bin:/home/bl/.local/bin:/usr/local/sbin:/usr/local/bin:/usr/sbin:/usr/bin:/sbin:/bin:/usr/games:/usr/local/games:/snap/bin
++ command -v git
+ selected=/tmp/tmp.dZyKvPwme8/lifecycle/bad-phase/bin/git
+ [[ /tmp/tmp.dZyKvPwme8/lifecycle/bad-phase/bin/git == \/\t\m\p\/\t\m\p\.\d\Z\y\K\v\P\w\m\e\8\/\l\i\f\e\c\y\c\l\e\/\b\a\d\-\p\h\a\s\e\/\b\i\n\/\g\i\t ]]
+ for tool in cargo git rustc taskset sleep cat mktemp mv
++ PATH=/tmp/tmp.dZyKvPwme8/lifecycle/bad-phase/bin:/home/bl/.local/bin:/home/bl/.codex/packages/standalone/releases/0.153.2-x86_64-unknown-linux-musl/codex-path:/home/bl/.codex/tmp/arg0/codex-arg0CWD760:/home/bl/.local/bin:/home/bl/.opencode/bin:/home/bl/.local/bin:/home/bl/.local/bin:/home/bl/.opencode/bin:/home/bl/.local/bin:/usr/local/sbin:/usr/local/bin:/usr/sbin:/usr/bin:/sbin:/bin:/usr/games:/usr/local/games:/snap/bin
++ command -v rustc
+ selected=/tmp/tmp.dZyKvPwme8/lifecycle/bad-phase/bin/rustc
+ [[ /tmp/tmp.dZyKvPwme8/lifecycle/bad-phase/bin/rustc == \/\t\m\p\/\t\m\p\.\d\Z\y\K\v\P\w\m\e\8\/\l\i\f\e\c\y\c\l\e\/\b\a\d\-\p\h\a\s\e\/\b\i\n\/\r\u\s\t\c ]]
+ for tool in cargo git rustc taskset sleep cat mktemp mv
++ PATH=/tmp/tmp.dZyKvPwme8/lifecycle/bad-phase/bin:/home/bl/.local/bin:/home/bl/.codex/packages/standalone/releases/0.153.2-x86_64-unknown-linux-musl/codex-path:/home/bl/.codex/tmp/arg0/codex-arg0CWD760:/home/bl/.local/bin:/home/bl/.opencode/bin:/home/bl/.local/bin:/home/bl/.local/bin:/home/bl/.opencode/bin:/home/bl/.local/bin:/usr/local/sbin:/usr/local/bin:/usr/sbin:/usr/bin:/sbin:/bin:/usr/games:/usr/local/games:/snap/bin
++ command -v taskset
+ selected=/tmp/tmp.dZyKvPwme8/lifecycle/bad-phase/bin/taskset
+ [[ /tmp/tmp.dZyKvPwme8/lifecycle/bad-phase/bin/taskset == \/\t\m\p\/\t\m\p\.\d\Z\y\K\v\P\w\m\e\8\/\l\i\f\e\c\y\c\l\e\/\b\a\d\-\p\h\a\s\e\/\b\i\n\/\t\a\s\k\s\e\t ]]
+ for tool in cargo git rustc taskset sleep cat mktemp mv
++ PATH=/tmp/tmp.dZyKvPwme8/lifecycle/bad-phase/bin:/home/bl/.local/bin:/home/bl/.codex/packages/standalone/releases/0.153.2-x86_64-unknown-linux-musl/codex-path:/home/bl/.codex/tmp/arg0/codex-arg0CWD760:/home/bl/.local/bin:/home/bl/.opencode/bin:/home/bl/.local/bin:/home/bl/.local/bin:/home/bl/.opencode/bin:/home/bl/.local/bin:/usr/local/sbin:/usr/local/bin:/usr/sbin:/usr/bin:/sbin:/bin:/usr/games:/usr/local/games:/snap/bin
++ command -v sleep
+ selected=/tmp/tmp.dZyKvPwme8/lifecycle/bad-phase/bin/sleep
+ [[ /tmp/tmp.dZyKvPwme8/lifecycle/bad-phase/bin/sleep == \/\t\m\p\/\t\m\p\.\d\Z\y\K\v\P\w\m\e\8\/\l\i\f\e\c\y\c\l\e\/\b\a\d\-\p\h\a\s\e\/\b\i\n\/\s\l\e\e\p ]]
+ for tool in cargo git rustc taskset sleep cat mktemp mv
++ PATH=/tmp/tmp.dZyKvPwme8/lifecycle/bad-phase/bin:/home/bl/.local/bin:/home/bl/.codex/packages/standalone/releases/0.153.2-x86_64-unknown-linux-musl/codex-path:/home/bl/.codex/tmp/arg0/codex-arg0CWD760:/home/bl/.local/bin:/home/bl/.opencode/bin:/home/bl/.local/bin:/home/bl/.local/bin:/home/bl/.opencode/bin:/home/bl/.local/bin:/usr/local/sbin:/usr/local/bin:/usr/sbin:/usr/bin:/sbin:/bin:/usr/games:/usr/local/games:/snap/bin
++ command -v cat
+ selected=/tmp/tmp.dZyKvPwme8/lifecycle/bad-phase/bin/cat
+ [[ /tmp/tmp.dZyKvPwme8/lifecycle/bad-phase/bin/cat == \/\t\m\p\/\t\m\p\.\d\Z\y\K\v\P\w\m\e\8\/\l\i\f\e\c\y\c\l\e\/\b\a\d\-\p\h\a\s\e\/\b\i\n\/\c\a\t ]]
+ for tool in cargo git rustc taskset sleep cat mktemp mv
++ PATH=/tmp/tmp.dZyKvPwme8/lifecycle/bad-phase/bin:/home/bl/.local/bin:/home/bl/.codex/packages/standalone/releases/0.153.2-x86_64-unknown-linux-musl/codex-path:/home/bl/.codex/tmp/arg0/codex-arg0CWD760:/home/bl/.local/bin:/home/bl/.opencode/bin:/home/bl/.local/bin:/home/bl/.local/bin:/home/bl/.opencode/bin:/home/bl/.local/bin:/usr/local/sbin:/usr/local/bin:/usr/sbin:/usr/bin:/sbin:/bin:/usr/games:/usr/local/games:/snap/bin
++ command -v mktemp
+ selected=/tmp/tmp.dZyKvPwme8/lifecycle/bad-phase/bin/mktemp
+ [[ /tmp/tmp.dZyKvPwme8/lifecycle/bad-phase/bin/mktemp == \/\t\m\p\/\t\m\p\.\d\Z\y\K\v\P\w\m\e\8\/\l\i\f\e\c\y\c\l\e\/\b\a\d\-\p\h\a\s\e\/\b\i\n\/\m\k\t\e\m\p ]]
+ for tool in cargo git rustc taskset sleep cat mktemp mv
++ PATH=/tmp/tmp.dZyKvPwme8/lifecycle/bad-phase/bin:/home/bl/.local/bin:/home/bl/.codex/packages/standalone/releases/0.153.2-x86_64-unknown-linux-musl/codex-path:/home/bl/.codex/tmp/arg0/codex-arg0CWD760:/home/bl/.local/bin:/home/bl/.opencode/bin:/home/bl/.local/bin:/home/bl/.local/bin:/home/bl/.opencode/bin:/home/bl/.local/bin:/usr/local/sbin:/usr/local/bin:/usr/sbin:/usr/bin:/sbin:/bin:/usr/games:/usr/local/games:/snap/bin
++ command -v mv
+ selected=/tmp/tmp.dZyKvPwme8/lifecycle/bad-phase/bin/mv
+ [[ /tmp/tmp.dZyKvPwme8/lifecycle/bad-phase/bin/mv == \/\t\m\p\/\t\m\p\.\d\Z\y\K\v\P\w\m\e\8\/\l\i\f\e\c\y\c\l\e\/\b\a\d\-\p\h\a\s\e\/\b\i\n\/\m\v ]]
+ [[ -x /tmp/tmp.dZyKvPwme8/lifecycle/bad-phase/synthetic-emitter.sh ]]
+ cd /
+ PATH=/tmp/tmp.dZyKvPwme8/lifecycle/bad-phase/bin:/home/bl/.local/bin:/home/bl/.codex/packages/standalone/releases/0.153.2-x86_64-unknown-linux-musl/codex-path:/home/bl/.codex/tmp/arg0/codex-arg0CWD760:/home/bl/.local/bin:/home/bl/.opencode/bin:/home/bl/.local/bin:/home/bl/.local/bin:/home/bl/.opencode/bin:/home/bl/.local/bin:/usr/local/sbin:/usr/local/bin:/usr/sbin:/usr/bin:/sbin:/bin:/usr/games:/usr/local/games:/snap/bin
+ bash /tmp/tmp.dZyKvPwme8/lifecycle/bad-phase/scripts/preflight-builtins-current-benchmark.sh
+ printf '%s\n' bad_phase
+ run_benchmark
+ disposition_reason FAIL phase_mismatch
+ jq -e --arg status FAIL --arg reason phase_mismatch '.status==$status and .reason==$reason and .runner_invocations==1' /tmp/tmp.dZyKvPwme8/lifecycle/bad-phase/artifacts/issue431-full-chain/builtins-benchmark.disposition.json
+ disposition_file=/tmp/tmp.dZyKvPwme8/lifecycle/bad-phase/artifacts/issue431-full-chain/builtins-benchmark.disposition.json
+ raw_file=/tmp/tmp.dZyKvPwme8/lifecycle/bad-phase/artifacts/issue431-full-chain/builtins-benchmark.raw.jsonl
+ stderr_file=/tmp/tmp.dZyKvPwme8/lifecycle/bad-phase/artifacts/issue431-full-chain/builtins-benchmark.stderr
+ accepted_file=/tmp/tmp.dZyKvPwme8/lifecycle/bad-phase/artifacts/issue431-full-chain/builtins-benchmark.jsonl
+ jq -e --argjson child 0 --arg validation phase_failed --argjson runner 1 '.child_status==$child and .validation_status==$validation and .runner_status==$runner and
     .workload_invocations==1 and .raw!=null and .stderr!=null' /tmp/tmp.dZyKvPwme8/lifecycle/bad-phase/artifacts/issue431-full-chain/builtins-benchmark.disposition.json
+ [[ ! -e /tmp/tmp.dZyKvPwme8/lifecycle/bad-phase/artifacts/issue431-full-chain/builtins-benchmark.jsonl ]]
++ wc -l
+ [[ 1 == 1 ]]
++ sha256sum /tmp/tmp.dZyKvPwme8/lifecycle/bad-phase/artifacts/issue431-full-chain/builtins-benchmark.raw.jsonl
++ awk '{print $1}'
+ raw_sha_before=ea52357cab22f731570c903397af59ac219d065c67e202c619d7c0eed0ad95e1
++ sha256sum /tmp/tmp.dZyKvPwme8/lifecycle/bad-phase/artifacts/issue431-full-chain/builtins-benchmark.stderr
++ awk '{print $1}'
+ stderr_sha_before=f82fd20ca169085f72b25af884d76e401c4ad0aefd51fad2282b8c22fc67d27f
++ sha256sum /tmp/tmp.dZyKvPwme8/lifecycle/bad-phase/artifacts/issue431-full-chain/builtins-benchmark.disposition.json
++ awk '{print $1}'
+ disposition_sha_before=4da9c93a0928681567185eb01afdb00c202544eb339724623b68fabe671301c4
+ jq -e --arg raw ea52357cab22f731570c903397af59ac219d065c67e202c619d7c0eed0ad95e1 --arg stderr f82fd20ca169085f72b25af884d76e401c4ad0aefd51fad2282b8c22fc67d27f '.raw.sha256==$raw and .stderr.sha256==$stderr' /tmp/tmp.dZyKvPwme8/lifecycle/bad-phase/artifacts/issue431-full-chain/builtins-benchmark.disposition.json
+ run_benchmark
++ sha256sum /tmp/tmp.dZyKvPwme8/lifecycle/bad-phase/artifacts/issue431-full-chain/builtins-benchmark.raw.jsonl
++ awk '{print $1}'
+ [[ ea52357cab22f731570c903397af59ac219d065c67e202c619d7c0eed0ad95e1 == \e\a\5\2\3\5\7\c\a\b\2\2\f\7\3\1\5\7\0\c\9\0\3\3\9\7\a\f\5\9\a\c\2\1\9\d\0\6\5\c\6\7\e\2\0\2\c\6\1\9\d\7\c\0\e\e\d\0\a\d\9\5\e\1 ]]
++ sha256sum /tmp/tmp.dZyKvPwme8/lifecycle/bad-phase/artifacts/issue431-full-chain/builtins-benchmark.stderr
++ awk '{print $1}'
+ [[ f82fd20ca169085f72b25af884d76e401c4ad0aefd51fad2282b8c22fc67d27f == \f\8\2\f\d\2\0\c\a\1\6\9\0\8\5\f\7\2\b\2\5\a\f\8\8\4\d\7\6\e\4\0\1\c\4\a\d\0\a\e\f\d\5\1\f\a\d\2\2\8\2\b\8\c\2\2\f\c\6\7\d\2\7\f ]]
++ sha256sum /tmp/tmp.dZyKvPwme8/lifecycle/bad-phase/artifacts/issue431-full-chain/builtins-benchmark.disposition.json
++ awk '{print $1}'
+ [[ 4da9c93a0928681567185eb01afdb00c202544eb339724623b68fabe671301c4 == \4\d\a\9\c\9\3\a\0\9\2\8\6\8\1\5\6\7\1\8\5\e\b\0\1\a\f\d\b\0\0\c\2\0\2\5\4\4\e\b\3\3\9\7\2\4\6\2\3\b\6\8\f\a\b\e\6\7\1\3\0\1\c\4 ]]
++ wc -l
+ [[ 1 == 1 ]]
+ jq -e '.workload_started==1 and .warmup_complete==1 and .timed_started==1 and
 .round_1_complete==1 and .round_2_complete==2' /tmp/tmp.dZyKvPwme8/lifecycle/bad-phase/artifacts/issue431-full-chain/builtins-benchmark.disposition.json
+ run_failure_case interruption interrupt workload_interrupted_TERM 143 not_run 143
+ local name=interruption mode=interrupt reason=workload_interrupted_TERM expected_child=143 expected_validation=not_run expected_runner=143
+ new_case interruption
+ local name=interruption
+ case_root=/tmp/tmp.dZyKvPwme8/lifecycle/interruption
+ cp -a /tmp/tmp.dZyKvPwme8/lifecycle/template /tmp/tmp.dZyKvPwme8/lifecycle/interruption
+ printf 'success\n'
+ printf 'pass\n'
+ run_preflight
+ assert_fakes
+ local tool selected
+ for tool in cargo git rustc taskset sleep cat mktemp mv
++ PATH=/tmp/tmp.dZyKvPwme8/lifecycle/interruption/bin:/home/bl/.local/bin:/home/bl/.codex/packages/standalone/releases/0.153.2-x86_64-unknown-linux-musl/codex-path:/home/bl/.codex/tmp/arg0/codex-arg0CWD760:/home/bl/.local/bin:/home/bl/.opencode/bin:/home/bl/.local/bin:/home/bl/.local/bin:/home/bl/.opencode/bin:/home/bl/.local/bin:/usr/local/sbin:/usr/local/bin:/usr/sbin:/usr/bin:/sbin:/bin:/usr/games:/usr/local/games:/snap/bin
++ command -v cargo
+ selected=/tmp/tmp.dZyKvPwme8/lifecycle/interruption/bin/cargo
+ [[ /tmp/tmp.dZyKvPwme8/lifecycle/interruption/bin/cargo == \/\t\m\p\/\t\m\p\.\d\Z\y\K\v\P\w\m\e\8\/\l\i\f\e\c\y\c\l\e\/\i\n\t\e\r\r\u\p\t\i\o\n\/\b\i\n\/\c\a\r\g\o ]]
+ for tool in cargo git rustc taskset sleep cat mktemp mv
++ PATH=/tmp/tmp.dZyKvPwme8/lifecycle/interruption/bin:/home/bl/.local/bin:/home/bl/.codex/packages/standalone/releases/0.153.2-x86_64-unknown-linux-musl/codex-path:/home/bl/.codex/tmp/arg0/codex-arg0CWD760:/home/bl/.local/bin:/home/bl/.opencode/bin:/home/bl/.local/bin:/home/bl/.local/bin:/home/bl/.opencode/bin:/home/bl/.local/bin:/usr/local/sbin:/usr/local/bin:/usr/sbin:/usr/bin:/sbin:/bin:/usr/games:/usr/local/games:/snap/bin
++ command -v git
+ selected=/tmp/tmp.dZyKvPwme8/lifecycle/interruption/bin/git
+ [[ /tmp/tmp.dZyKvPwme8/lifecycle/interruption/bin/git == \/\t\m\p\/\t\m\p\.\d\Z\y\K\v\P\w\m\e\8\/\l\i\f\e\c\y\c\l\e\/\i\n\t\e\r\r\u\p\t\i\o\n\/\b\i\n\/\g\i\t ]]
+ for tool in cargo git rustc taskset sleep cat mktemp mv
++ PATH=/tmp/tmp.dZyKvPwme8/lifecycle/interruption/bin:/home/bl/.local/bin:/home/bl/.codex/packages/standalone/releases/0.153.2-x86_64-unknown-linux-musl/codex-path:/home/bl/.codex/tmp/arg0/codex-arg0CWD760:/home/bl/.local/bin:/home/bl/.opencode/bin:/home/bl/.local/bin:/home/bl/.local/bin:/home/bl/.opencode/bin:/home/bl/.local/bin:/usr/local/sbin:/usr/local/bin:/usr/sbin:/usr/bin:/sbin:/bin:/usr/games:/usr/local/games:/snap/bin
++ command -v rustc
+ selected=/tmp/tmp.dZyKvPwme8/lifecycle/interruption/bin/rustc
+ [[ /tmp/tmp.dZyKvPwme8/lifecycle/interruption/bin/rustc == \/\t\m\p\/\t\m\p\.\d\Z\y\K\v\P\w\m\e\8\/\l\i\f\e\c\y\c\l\e\/\i\n\t\e\r\r\u\p\t\i\o\n\/\b\i\n\/\r\u\s\t\c ]]
+ for tool in cargo git rustc taskset sleep cat mktemp mv
++ PATH=/tmp/tmp.dZyKvPwme8/lifecycle/interruption/bin:/home/bl/.local/bin:/home/bl/.codex/packages/standalone/releases/0.153.2-x86_64-unknown-linux-musl/codex-path:/home/bl/.codex/tmp/arg0/codex-arg0CWD760:/home/bl/.local/bin:/home/bl/.opencode/bin:/home/bl/.local/bin:/home/bl/.local/bin:/home/bl/.opencode/bin:/home/bl/.local/bin:/usr/local/sbin:/usr/local/bin:/usr/sbin:/usr/bin:/sbin:/bin:/usr/games:/usr/local/games:/snap/bin
++ command -v taskset
+ selected=/tmp/tmp.dZyKvPwme8/lifecycle/interruption/bin/taskset
+ [[ /tmp/tmp.dZyKvPwme8/lifecycle/interruption/bin/taskset == \/\t\m\p\/\t\m\p\.\d\Z\y\K\v\P\w\m\e\8\/\l\i\f\e\c\y\c\l\e\/\i\n\t\e\r\r\u\p\t\i\o\n\/\b\i\n\/\t\a\s\k\s\e\t ]]
+ for tool in cargo git rustc taskset sleep cat mktemp mv
++ PATH=/tmp/tmp.dZyKvPwme8/lifecycle/interruption/bin:/home/bl/.local/bin:/home/bl/.codex/packages/standalone/releases/0.153.2-x86_64-unknown-linux-musl/codex-path:/home/bl/.codex/tmp/arg0/codex-arg0CWD760:/home/bl/.local/bin:/home/bl/.opencode/bin:/home/bl/.local/bin:/home/bl/.local/bin:/home/bl/.opencode/bin:/home/bl/.local/bin:/usr/local/sbin:/usr/local/bin:/usr/sbin:/usr/bin:/sbin:/bin:/usr/games:/usr/local/games:/snap/bin
++ command -v sleep
+ selected=/tmp/tmp.dZyKvPwme8/lifecycle/interruption/bin/sleep
+ [[ /tmp/tmp.dZyKvPwme8/lifecycle/interruption/bin/sleep == \/\t\m\p\/\t\m\p\.\d\Z\y\K\v\P\w\m\e\8\/\l\i\f\e\c\y\c\l\e\/\i\n\t\e\r\r\u\p\t\i\o\n\/\b\i\n\/\s\l\e\e\p ]]
+ for tool in cargo git rustc taskset sleep cat mktemp mv
++ PATH=/tmp/tmp.dZyKvPwme8/lifecycle/interruption/bin:/home/bl/.local/bin:/home/bl/.codex/packages/standalone/releases/0.153.2-x86_64-unknown-linux-musl/codex-path:/home/bl/.codex/tmp/arg0/codex-arg0CWD760:/home/bl/.local/bin:/home/bl/.opencode/bin:/home/bl/.local/bin:/home/bl/.local/bin:/home/bl/.opencode/bin:/home/bl/.local/bin:/usr/local/sbin:/usr/local/bin:/usr/sbin:/usr/bin:/sbin:/bin:/usr/games:/usr/local/games:/snap/bin
++ command -v cat
+ selected=/tmp/tmp.dZyKvPwme8/lifecycle/interruption/bin/cat
+ [[ /tmp/tmp.dZyKvPwme8/lifecycle/interruption/bin/cat == \/\t\m\p\/\t\m\p\.\d\Z\y\K\v\P\w\m\e\8\/\l\i\f\e\c\y\c\l\e\/\i\n\t\e\r\r\u\p\t\i\o\n\/\b\i\n\/\c\a\t ]]
+ for tool in cargo git rustc taskset sleep cat mktemp mv
++ PATH=/tmp/tmp.dZyKvPwme8/lifecycle/interruption/bin:/home/bl/.local/bin:/home/bl/.codex/packages/standalone/releases/0.153.2-x86_64-unknown-linux-musl/codex-path:/home/bl/.codex/tmp/arg0/codex-arg0CWD760:/home/bl/.local/bin:/home/bl/.opencode/bin:/home/bl/.local/bin:/home/bl/.local/bin:/home/bl/.opencode/bin:/home/bl/.local/bin:/usr/local/sbin:/usr/local/bin:/usr/sbin:/usr/bin:/sbin:/bin:/usr/games:/usr/local/games:/snap/bin
++ command -v mktemp
+ selected=/tmp/tmp.dZyKvPwme8/lifecycle/interruption/bin/mktemp
+ [[ /tmp/tmp.dZyKvPwme8/lifecycle/interruption/bin/mktemp == \/\t\m\p\/\t\m\p\.\d\Z\y\K\v\P\w\m\e\8\/\l\i\f\e\c\y\c\l\e\/\i\n\t\e\r\r\u\p\t\i\o\n\/\b\i\n\/\m\k\t\e\m\p ]]
+ for tool in cargo git rustc taskset sleep cat mktemp mv
++ PATH=/tmp/tmp.dZyKvPwme8/lifecycle/interruption/bin:/home/bl/.local/bin:/home/bl/.codex/packages/standalone/releases/0.153.2-x86_64-unknown-linux-musl/codex-path:/home/bl/.codex/tmp/arg0/codex-arg0CWD760:/home/bl/.local/bin:/home/bl/.opencode/bin:/home/bl/.local/bin:/home/bl/.local/bin:/home/bl/.opencode/bin:/home/bl/.local/bin:/usr/local/sbin:/usr/local/bin:/usr/sbin:/usr/bin:/sbin:/bin:/usr/games:/usr/local/games:/snap/bin
++ command -v mv
+ selected=/tmp/tmp.dZyKvPwme8/lifecycle/interruption/bin/mv
+ [[ /tmp/tmp.dZyKvPwme8/lifecycle/interruption/bin/mv == \/\t\m\p\/\t\m\p\.\d\Z\y\K\v\P\w\m\e\8\/\l\i\f\e\c\y\c\l\e\/\i\n\t\e\r\r\u\p\t\i\o\n\/\b\i\n\/\m\v ]]
+ [[ -x /tmp/tmp.dZyKvPwme8/lifecycle/interruption/synthetic-emitter.sh ]]
+ cd /
+ PATH=/tmp/tmp.dZyKvPwme8/lifecycle/interruption/bin:/home/bl/.local/bin:/home/bl/.codex/packages/standalone/releases/0.153.2-x86_64-unknown-linux-musl/codex-path:/home/bl/.codex/tmp/arg0/codex-arg0CWD760:/home/bl/.local/bin:/home/bl/.opencode/bin:/home/bl/.local/bin:/home/bl/.local/bin:/home/bl/.opencode/bin:/home/bl/.local/bin:/usr/local/sbin:/usr/local/bin:/usr/sbin:/usr/bin:/sbin:/bin:/usr/games:/usr/local/games:/snap/bin
+ bash /tmp/tmp.dZyKvPwme8/lifecycle/interruption/scripts/preflight-builtins-current-benchmark.sh
+ printf '%s\n' interrupt
+ run_benchmark
+ disposition_reason FAIL workload_interrupted_TERM
+ jq -e --arg status FAIL --arg reason workload_interrupted_TERM '.status==$status and .reason==$reason and .runner_invocations==1' /tmp/tmp.dZyKvPwme8/lifecycle/interruption/artifacts/issue431-full-chain/builtins-benchmark.disposition.json
+ disposition_file=/tmp/tmp.dZyKvPwme8/lifecycle/interruption/artifacts/issue431-full-chain/builtins-benchmark.disposition.json
+ raw_file=/tmp/tmp.dZyKvPwme8/lifecycle/interruption/artifacts/issue431-full-chain/builtins-benchmark.raw.jsonl
+ stderr_file=/tmp/tmp.dZyKvPwme8/lifecycle/interruption/artifacts/issue431-full-chain/builtins-benchmark.stderr
+ accepted_file=/tmp/tmp.dZyKvPwme8/lifecycle/interruption/artifacts/issue431-full-chain/builtins-benchmark.jsonl
+ jq -e --argjson child 143 --arg validation not_run --argjson runner 143 '.child_status==$child and .validation_status==$validation and .runner_status==$runner and
     .workload_invocations==1 and .raw!=null and .stderr!=null' /tmp/tmp.dZyKvPwme8/lifecycle/interruption/artifacts/issue431-full-chain/builtins-benchmark.disposition.json
+ [[ ! -e /tmp/tmp.dZyKvPwme8/lifecycle/interruption/artifacts/issue431-full-chain/builtins-benchmark.jsonl ]]
++ wc -l
+ [[ 1 == 1 ]]
++ sha256sum /tmp/tmp.dZyKvPwme8/lifecycle/interruption/artifacts/issue431-full-chain/builtins-benchmark.raw.jsonl
++ awk '{print $1}'
+ raw_sha_before=9e429f13c19833098b3132808bd9289547d52c052e65b2643cb8846f481ec3fd
++ sha256sum /tmp/tmp.dZyKvPwme8/lifecycle/interruption/artifacts/issue431-full-chain/builtins-benchmark.stderr
++ awk '{print $1}'
+ stderr_sha_before=20a9900c7e5c0be3261ff41d577c4dd71f69f21f5d6cf9955de91fd9d4b14db5
++ sha256sum /tmp/tmp.dZyKvPwme8/lifecycle/interruption/artifacts/issue431-full-chain/builtins-benchmark.disposition.json
++ awk '{print $1}'
+ disposition_sha_before=8cff1b0dfa3653299e39422aff3689ed57dccc8518fb4f966fd40026963ffe2d
+ jq -e --arg raw 9e429f13c19833098b3132808bd9289547d52c052e65b2643cb8846f481ec3fd --arg stderr 20a9900c7e5c0be3261ff41d577c4dd71f69f21f5d6cf9955de91fd9d4b14db5 '.raw.sha256==$raw and .stderr.sha256==$stderr' /tmp/tmp.dZyKvPwme8/lifecycle/interruption/artifacts/issue431-full-chain/builtins-benchmark.disposition.json
+ run_benchmark
++ sha256sum /tmp/tmp.dZyKvPwme8/lifecycle/interruption/artifacts/issue431-full-chain/builtins-benchmark.raw.jsonl
++ awk '{print $1}'
+ [[ 9e429f13c19833098b3132808bd9289547d52c052e65b2643cb8846f481ec3fd == \9\e\4\2\9\f\1\3\c\1\9\8\3\3\0\9\8\b\3\1\3\2\8\0\8\b\d\9\2\8\9\5\4\7\d\5\2\c\0\5\2\e\6\5\b\2\6\4\3\c\b\8\8\4\6\f\4\8\1\e\c\3\f\d ]]
++ sha256sum /tmp/tmp.dZyKvPwme8/lifecycle/interruption/artifacts/issue431-full-chain/builtins-benchmark.stderr
++ awk '{print $1}'
+ [[ 20a9900c7e5c0be3261ff41d577c4dd71f69f21f5d6cf9955de91fd9d4b14db5 == \2\0\a\9\9\0\0\c\7\e\5\c\0\b\e\3\2\6\1\f\f\4\1\d\5\7\7\c\4\d\d\7\1\f\6\9\f\2\1\f\5\d\6\c\f\9\9\5\5\d\e\9\1\f\d\9\d\4\b\1\4\d\b\5 ]]
++ sha256sum /tmp/tmp.dZyKvPwme8/lifecycle/interruption/artifacts/issue431-full-chain/builtins-benchmark.disposition.json
++ awk '{print $1}'
+ [[ 8cff1b0dfa3653299e39422aff3689ed57dccc8518fb4f966fd40026963ffe2d == \8\c\f\f\1\b\0\d\f\a\3\6\5\3\2\9\9\e\3\9\4\2\2\a\f\f\3\6\8\9\e\d\5\7\d\c\c\c\8\5\1\8\f\b\4\f\9\6\6\f\d\4\0\0\2\6\9\6\3\f\f\e\2\d ]]
++ wc -l
+ [[ 1 == 1 ]]
+ grep -Fqx '{"partial":"interrupt"}' /tmp/tmp.dZyKvPwme8/lifecycle/interruption/artifacts/issue431-full-chain/builtins-benchmark.raw.jsonl
+ jq -e '.workload_started==1 and .warmup_complete==0 and .timed_started==0 and
 .round_1_complete==0 and .round_2_complete==0' /tmp/tmp.dZyKvPwme8/lifecycle/interruption/artifacts/issue431-full-chain/builtins-benchmark.disposition.json
+ [[ reaped-by-runner == reaped-by-runner ]]
+ blocking_pid=4015478
+ kill -0 4015478
+ new_case disposition-persistence
+ local name=disposition-persistence
+ case_root=/tmp/tmp.dZyKvPwme8/lifecycle/disposition-persistence
+ cp -a /tmp/tmp.dZyKvPwme8/lifecycle/template /tmp/tmp.dZyKvPwme8/lifecycle/disposition-persistence
+ printf 'success\n'
+ printf 'pass\n'
+ run_preflight
+ assert_fakes
+ local tool selected
+ for tool in cargo git rustc taskset sleep cat mktemp mv
++ PATH=/tmp/tmp.dZyKvPwme8/lifecycle/disposition-persistence/bin:/home/bl/.local/bin:/home/bl/.codex/packages/standalone/releases/0.153.2-x86_64-unknown-linux-musl/codex-path:/home/bl/.codex/tmp/arg0/codex-arg0CWD760:/home/bl/.local/bin:/home/bl/.opencode/bin:/home/bl/.local/bin:/home/bl/.local/bin:/home/bl/.opencode/bin:/home/bl/.local/bin:/usr/local/sbin:/usr/local/bin:/usr/sbin:/usr/bin:/sbin:/bin:/usr/games:/usr/local/games:/snap/bin
++ command -v cargo
+ selected=/tmp/tmp.dZyKvPwme8/lifecycle/disposition-persistence/bin/cargo
+ [[ /tmp/tmp.dZyKvPwme8/lifecycle/disposition-persistence/bin/cargo == \/\t\m\p\/\t\m\p\.\d\Z\y\K\v\P\w\m\e\8\/\l\i\f\e\c\y\c\l\e\/\d\i\s\p\o\s\i\t\i\o\n\-\p\e\r\s\i\s\t\e\n\c\e\/\b\i\n\/\c\a\r\g\o ]]
+ for tool in cargo git rustc taskset sleep cat mktemp mv
++ PATH=/tmp/tmp.dZyKvPwme8/lifecycle/disposition-persistence/bin:/home/bl/.local/bin:/home/bl/.codex/packages/standalone/releases/0.153.2-x86_64-unknown-linux-musl/codex-path:/home/bl/.codex/tmp/arg0/codex-arg0CWD760:/home/bl/.local/bin:/home/bl/.opencode/bin:/home/bl/.local/bin:/home/bl/.local/bin:/home/bl/.opencode/bin:/home/bl/.local/bin:/usr/local/sbin:/usr/local/bin:/usr/sbin:/usr/bin:/sbin:/bin:/usr/games:/usr/local/games:/snap/bin
++ command -v git
+ selected=/tmp/tmp.dZyKvPwme8/lifecycle/disposition-persistence/bin/git
+ [[ /tmp/tmp.dZyKvPwme8/lifecycle/disposition-persistence/bin/git == \/\t\m\p\/\t\m\p\.\d\Z\y\K\v\P\w\m\e\8\/\l\i\f\e\c\y\c\l\e\/\d\i\s\p\o\s\i\t\i\o\n\-\p\e\r\s\i\s\t\e\n\c\e\/\b\i\n\/\g\i\t ]]
+ for tool in cargo git rustc taskset sleep cat mktemp mv
++ PATH=/tmp/tmp.dZyKvPwme8/lifecycle/disposition-persistence/bin:/home/bl/.local/bin:/home/bl/.codex/packages/standalone/releases/0.153.2-x86_64-unknown-linux-musl/codex-path:/home/bl/.codex/tmp/arg0/codex-arg0CWD760:/home/bl/.local/bin:/home/bl/.opencode/bin:/home/bl/.local/bin:/home/bl/.local/bin:/home/bl/.opencode/bin:/home/bl/.local/bin:/usr/local/sbin:/usr/local/bin:/usr/sbin:/usr/bin:/sbin:/bin:/usr/games:/usr/local/games:/snap/bin
++ command -v rustc
+ selected=/tmp/tmp.dZyKvPwme8/lifecycle/disposition-persistence/bin/rustc
+ [[ /tmp/tmp.dZyKvPwme8/lifecycle/disposition-persistence/bin/rustc == \/\t\m\p\/\t\m\p\.\d\Z\y\K\v\P\w\m\e\8\/\l\i\f\e\c\y\c\l\e\/\d\i\s\p\o\s\i\t\i\o\n\-\p\e\r\s\i\s\t\e\n\c\e\/\b\i\n\/\r\u\s\t\c ]]
+ for tool in cargo git rustc taskset sleep cat mktemp mv
++ PATH=/tmp/tmp.dZyKvPwme8/lifecycle/disposition-persistence/bin:/home/bl/.local/bin:/home/bl/.codex/packages/standalone/releases/0.153.2-x86_64-unknown-linux-musl/codex-path:/home/bl/.codex/tmp/arg0/codex-arg0CWD760:/home/bl/.local/bin:/home/bl/.opencode/bin:/home/bl/.local/bin:/home/bl/.local/bin:/home/bl/.opencode/bin:/home/bl/.local/bin:/usr/local/sbin:/usr/local/bin:/usr/sbin:/usr/bin:/sbin:/bin:/usr/games:/usr/local/games:/snap/bin
++ command -v taskset
+ selected=/tmp/tmp.dZyKvPwme8/lifecycle/disposition-persistence/bin/taskset
+ [[ /tmp/tmp.dZyKvPwme8/lifecycle/disposition-persistence/bin/taskset == \/\t\m\p\/\t\m\p\.\d\Z\y\K\v\P\w\m\e\8\/\l\i\f\e\c\y\c\l\e\/\d\i\s\p\o\s\i\t\i\o\n\-\p\e\r\s\i\s\t\e\n\c\e\/\b\i\n\/\t\a\s\k\s\e\t ]]
+ for tool in cargo git rustc taskset sleep cat mktemp mv
++ PATH=/tmp/tmp.dZyKvPwme8/lifecycle/disposition-persistence/bin:/home/bl/.local/bin:/home/bl/.codex/packages/standalone/releases/0.153.2-x86_64-unknown-linux-musl/codex-path:/home/bl/.codex/tmp/arg0/codex-arg0CWD760:/home/bl/.local/bin:/home/bl/.opencode/bin:/home/bl/.local/bin:/home/bl/.local/bin:/home/bl/.opencode/bin:/home/bl/.local/bin:/usr/local/sbin:/usr/local/bin:/usr/sbin:/usr/bin:/sbin:/bin:/usr/games:/usr/local/games:/snap/bin
++ command -v sleep
+ selected=/tmp/tmp.dZyKvPwme8/lifecycle/disposition-persistence/bin/sleep
+ [[ /tmp/tmp.dZyKvPwme8/lifecycle/disposition-persistence/bin/sleep == \/\t\m\p\/\t\m\p\.\d\Z\y\K\v\P\w\m\e\8\/\l\i\f\e\c\y\c\l\e\/\d\i\s\p\o\s\i\t\i\o\n\-\p\e\r\s\i\s\t\e\n\c\e\/\b\i\n\/\s\l\e\e\p ]]
+ for tool in cargo git rustc taskset sleep cat mktemp mv
++ PATH=/tmp/tmp.dZyKvPwme8/lifecycle/disposition-persistence/bin:/home/bl/.local/bin:/home/bl/.codex/packages/standalone/releases/0.153.2-x86_64-unknown-linux-musl/codex-path:/home/bl/.codex/tmp/arg0/codex-arg0CWD760:/home/bl/.local/bin:/home/bl/.opencode/bin:/home/bl/.local/bin:/home/bl/.local/bin:/home/bl/.opencode/bin:/home/bl/.local/bin:/usr/local/sbin:/usr/local/bin:/usr/sbin:/usr/bin:/sbin:/bin:/usr/games:/usr/local/games:/snap/bin
++ command -v cat
+ selected=/tmp/tmp.dZyKvPwme8/lifecycle/disposition-persistence/bin/cat
+ [[ /tmp/tmp.dZyKvPwme8/lifecycle/disposition-persistence/bin/cat == \/\t\m\p\/\t\m\p\.\d\Z\y\K\v\P\w\m\e\8\/\l\i\f\e\c\y\c\l\e\/\d\i\s\p\o\s\i\t\i\o\n\-\p\e\r\s\i\s\t\e\n\c\e\/\b\i\n\/\c\a\t ]]
+ for tool in cargo git rustc taskset sleep cat mktemp mv
++ PATH=/tmp/tmp.dZyKvPwme8/lifecycle/disposition-persistence/bin:/home/bl/.local/bin:/home/bl/.codex/packages/standalone/releases/0.153.2-x86_64-unknown-linux-musl/codex-path:/home/bl/.codex/tmp/arg0/codex-arg0CWD760:/home/bl/.local/bin:/home/bl/.opencode/bin:/home/bl/.local/bin:/home/bl/.local/bin:/home/bl/.opencode/bin:/home/bl/.local/bin:/usr/local/sbin:/usr/local/bin:/usr/sbin:/usr/bin:/sbin:/bin:/usr/games:/usr/local/games:/snap/bin
++ command -v mktemp
+ selected=/tmp/tmp.dZyKvPwme8/lifecycle/disposition-persistence/bin/mktemp
+ [[ /tmp/tmp.dZyKvPwme8/lifecycle/disposition-persistence/bin/mktemp == \/\t\m\p\/\t\m\p\.\d\Z\y\K\v\P\w\m\e\8\/\l\i\f\e\c\y\c\l\e\/\d\i\s\p\o\s\i\t\i\o\n\-\p\e\r\s\i\s\t\e\n\c\e\/\b\i\n\/\m\k\t\e\m\p ]]
+ for tool in cargo git rustc taskset sleep cat mktemp mv
++ PATH=/tmp/tmp.dZyKvPwme8/lifecycle/disposition-persistence/bin:/home/bl/.local/bin:/home/bl/.codex/packages/standalone/releases/0.153.2-x86_64-unknown-linux-musl/codex-path:/home/bl/.codex/tmp/arg0/codex-arg0CWD760:/home/bl/.local/bin:/home/bl/.opencode/bin:/home/bl/.local/bin:/home/bl/.local/bin:/home/bl/.opencode/bin:/home/bl/.local/bin:/usr/local/sbin:/usr/local/bin:/usr/sbin:/usr/bin:/sbin:/bin:/usr/games:/usr/local/games:/snap/bin
++ command -v mv
+ selected=/tmp/tmp.dZyKvPwme8/lifecycle/disposition-persistence/bin/mv
+ [[ /tmp/tmp.dZyKvPwme8/lifecycle/disposition-persistence/bin/mv == \/\t\m\p\/\t\m\p\.\d\Z\y\K\v\P\w\m\e\8\/\l\i\f\e\c\y\c\l\e\/\d\i\s\p\o\s\i\t\i\o\n\-\p\e\r\s\i\s\t\e\n\c\e\/\b\i\n\/\m\v ]]
+ [[ -x /tmp/tmp.dZyKvPwme8/lifecycle/disposition-persistence/synthetic-emitter.sh ]]
+ cd /
+ PATH=/tmp/tmp.dZyKvPwme8/lifecycle/disposition-persistence/bin:/home/bl/.local/bin:/home/bl/.codex/packages/standalone/releases/0.153.2-x86_64-unknown-linux-musl/codex-path:/home/bl/.codex/tmp/arg0/codex-arg0CWD760:/home/bl/.local/bin:/home/bl/.opencode/bin:/home/bl/.local/bin:/home/bl/.local/bin:/home/bl/.opencode/bin:/home/bl/.local/bin:/usr/local/sbin:/usr/local/bin:/usr/sbin:/usr/bin:/sbin:/bin:/usr/games:/usr/local/games:/snap/bin
+ bash /tmp/tmp.dZyKvPwme8/lifecycle/disposition-persistence/scripts/preflight-builtins-current-benchmark.sh
+ printf 'fail\n'
+ run_benchmark
+ jq -e '.status=="RUNNING" and .reason=="reserved"' /tmp/tmp.dZyKvPwme8/lifecycle/disposition-persistence/artifacts/issue431-full-chain/builtins-benchmark.disposition.json
++ wc -l
+ [[ 1 == 1 ]]
++ wc -l
+ [[ 20 == 20 ]]
+ new_case promotion-persistence
+ local name=promotion-persistence
+ case_root=/tmp/tmp.dZyKvPwme8/lifecycle/promotion-persistence
+ cp -a /tmp/tmp.dZyKvPwme8/lifecycle/template /tmp/tmp.dZyKvPwme8/lifecycle/promotion-persistence
+ printf 'success\n'
+ printf 'pass\n'
+ run_preflight
+ assert_fakes
+ local tool selected
+ for tool in cargo git rustc taskset sleep cat mktemp mv
++ PATH=/tmp/tmp.dZyKvPwme8/lifecycle/promotion-persistence/bin:/home/bl/.local/bin:/home/bl/.codex/packages/standalone/releases/0.153.2-x86_64-unknown-linux-musl/codex-path:/home/bl/.codex/tmp/arg0/codex-arg0CWD760:/home/bl/.local/bin:/home/bl/.opencode/bin:/home/bl/.local/bin:/home/bl/.local/bin:/home/bl/.opencode/bin:/home/bl/.local/bin:/usr/local/sbin:/usr/local/bin:/usr/sbin:/usr/bin:/sbin:/bin:/usr/games:/usr/local/games:/snap/bin
++ command -v cargo
+ selected=/tmp/tmp.dZyKvPwme8/lifecycle/promotion-persistence/bin/cargo
+ [[ /tmp/tmp.dZyKvPwme8/lifecycle/promotion-persistence/bin/cargo == \/\t\m\p\/\t\m\p\.\d\Z\y\K\v\P\w\m\e\8\/\l\i\f\e\c\y\c\l\e\/\p\r\o\m\o\t\i\o\n\-\p\e\r\s\i\s\t\e\n\c\e\/\b\i\n\/\c\a\r\g\o ]]
+ for tool in cargo git rustc taskset sleep cat mktemp mv
++ PATH=/tmp/tmp.dZyKvPwme8/lifecycle/promotion-persistence/bin:/home/bl/.local/bin:/home/bl/.codex/packages/standalone/releases/0.153.2-x86_64-unknown-linux-musl/codex-path:/home/bl/.codex/tmp/arg0/codex-arg0CWD760:/home/bl/.local/bin:/home/bl/.opencode/bin:/home/bl/.local/bin:/home/bl/.local/bin:/home/bl/.opencode/bin:/home/bl/.local/bin:/usr/local/sbin:/usr/local/bin:/usr/sbin:/usr/bin:/sbin:/bin:/usr/games:/usr/local/games:/snap/bin
++ command -v git
+ selected=/tmp/tmp.dZyKvPwme8/lifecycle/promotion-persistence/bin/git
+ [[ /tmp/tmp.dZyKvPwme8/lifecycle/promotion-persistence/bin/git == \/\t\m\p\/\t\m\p\.\d\Z\y\K\v\P\w\m\e\8\/\l\i\f\e\c\y\c\l\e\/\p\r\o\m\o\t\i\o\n\-\p\e\r\s\i\s\t\e\n\c\e\/\b\i\n\/\g\i\t ]]
+ for tool in cargo git rustc taskset sleep cat mktemp mv
++ PATH=/tmp/tmp.dZyKvPwme8/lifecycle/promotion-persistence/bin:/home/bl/.local/bin:/home/bl/.codex/packages/standalone/releases/0.153.2-x86_64-unknown-linux-musl/codex-path:/home/bl/.codex/tmp/arg0/codex-arg0CWD760:/home/bl/.local/bin:/home/bl/.opencode/bin:/home/bl/.local/bin:/home/bl/.local/bin:/home/bl/.opencode/bin:/home/bl/.local/bin:/usr/local/sbin:/usr/local/bin:/usr/sbin:/usr/bin:/sbin:/bin:/usr/games:/usr/local/games:/snap/bin
++ command -v rustc
+ selected=/tmp/tmp.dZyKvPwme8/lifecycle/promotion-persistence/bin/rustc
+ [[ /tmp/tmp.dZyKvPwme8/lifecycle/promotion-persistence/bin/rustc == \/\t\m\p\/\t\m\p\.\d\Z\y\K\v\P\w\m\e\8\/\l\i\f\e\c\y\c\l\e\/\p\r\o\m\o\t\i\o\n\-\p\e\r\s\i\s\t\e\n\c\e\/\b\i\n\/\r\u\s\t\c ]]
+ for tool in cargo git rustc taskset sleep cat mktemp mv
++ PATH=/tmp/tmp.dZyKvPwme8/lifecycle/promotion-persistence/bin:/home/bl/.local/bin:/home/bl/.codex/packages/standalone/releases/0.153.2-x86_64-unknown-linux-musl/codex-path:/home/bl/.codex/tmp/arg0/codex-arg0CWD760:/home/bl/.local/bin:/home/bl/.opencode/bin:/home/bl/.local/bin:/home/bl/.local/bin:/home/bl/.opencode/bin:/home/bl/.local/bin:/usr/local/sbin:/usr/local/bin:/usr/sbin:/usr/bin:/sbin:/bin:/usr/games:/usr/local/games:/snap/bin
++ command -v taskset
+ selected=/tmp/tmp.dZyKvPwme8/lifecycle/promotion-persistence/bin/taskset
+ [[ /tmp/tmp.dZyKvPwme8/lifecycle/promotion-persistence/bin/taskset == \/\t\m\p\/\t\m\p\.\d\Z\y\K\v\P\w\m\e\8\/\l\i\f\e\c\y\c\l\e\/\p\r\o\m\o\t\i\o\n\-\p\e\r\s\i\s\t\e\n\c\e\/\b\i\n\/\t\a\s\k\s\e\t ]]
+ for tool in cargo git rustc taskset sleep cat mktemp mv
++ PATH=/tmp/tmp.dZyKvPwme8/lifecycle/promotion-persistence/bin:/home/bl/.local/bin:/home/bl/.codex/packages/standalone/releases/0.153.2-x86_64-unknown-linux-musl/codex-path:/home/bl/.codex/tmp/arg0/codex-arg0CWD760:/home/bl/.local/bin:/home/bl/.opencode/bin:/home/bl/.local/bin:/home/bl/.local/bin:/home/bl/.opencode/bin:/home/bl/.local/bin:/usr/local/sbin:/usr/local/bin:/usr/sbin:/usr/bin:/sbin:/bin:/usr/games:/usr/local/games:/snap/bin
++ command -v sleep
+ selected=/tmp/tmp.dZyKvPwme8/lifecycle/promotion-persistence/bin/sleep
+ [[ /tmp/tmp.dZyKvPwme8/lifecycle/promotion-persistence/bin/sleep == \/\t\m\p\/\t\m\p\.\d\Z\y\K\v\P\w\m\e\8\/\l\i\f\e\c\y\c\l\e\/\p\r\o\m\o\t\i\o\n\-\p\e\r\s\i\s\t\e\n\c\e\/\b\i\n\/\s\l\e\e\p ]]
+ for tool in cargo git rustc taskset sleep cat mktemp mv
++ PATH=/tmp/tmp.dZyKvPwme8/lifecycle/promotion-persistence/bin:/home/bl/.local/bin:/home/bl/.codex/packages/standalone/releases/0.153.2-x86_64-unknown-linux-musl/codex-path:/home/bl/.codex/tmp/arg0/codex-arg0CWD760:/home/bl/.local/bin:/home/bl/.opencode/bin:/home/bl/.local/bin:/home/bl/.local/bin:/home/bl/.opencode/bin:/home/bl/.local/bin:/usr/local/sbin:/usr/local/bin:/usr/sbin:/usr/bin:/sbin:/bin:/usr/games:/usr/local/games:/snap/bin
++ command -v cat
+ selected=/tmp/tmp.dZyKvPwme8/lifecycle/promotion-persistence/bin/cat
+ [[ /tmp/tmp.dZyKvPwme8/lifecycle/promotion-persistence/bin/cat == \/\t\m\p\/\t\m\p\.\d\Z\y\K\v\P\w\m\e\8\/\l\i\f\e\c\y\c\l\e\/\p\r\o\m\o\t\i\o\n\-\p\e\r\s\i\s\t\e\n\c\e\/\b\i\n\/\c\a\t ]]
+ for tool in cargo git rustc taskset sleep cat mktemp mv
++ PATH=/tmp/tmp.dZyKvPwme8/lifecycle/promotion-persistence/bin:/home/bl/.local/bin:/home/bl/.codex/packages/standalone/releases/0.153.2-x86_64-unknown-linux-musl/codex-path:/home/bl/.codex/tmp/arg0/codex-arg0CWD760:/home/bl/.local/bin:/home/bl/.opencode/bin:/home/bl/.local/bin:/home/bl/.local/bin:/home/bl/.opencode/bin:/home/bl/.local/bin:/usr/local/sbin:/usr/local/bin:/usr/sbin:/usr/bin:/sbin:/bin:/usr/games:/usr/local/games:/snap/bin
++ command -v mktemp
+ selected=/tmp/tmp.dZyKvPwme8/lifecycle/promotion-persistence/bin/mktemp
+ [[ /tmp/tmp.dZyKvPwme8/lifecycle/promotion-persistence/bin/mktemp == \/\t\m\p\/\t\m\p\.\d\Z\y\K\v\P\w\m\e\8\/\l\i\f\e\c\y\c\l\e\/\p\r\o\m\o\t\i\o\n\-\p\e\r\s\i\s\t\e\n\c\e\/\b\i\n\/\m\k\t\e\m\p ]]
+ for tool in cargo git rustc taskset sleep cat mktemp mv
++ PATH=/tmp/tmp.dZyKvPwme8/lifecycle/promotion-persistence/bin:/home/bl/.local/bin:/home/bl/.codex/packages/standalone/releases/0.153.2-x86_64-unknown-linux-musl/codex-path:/home/bl/.codex/tmp/arg0/codex-arg0CWD760:/home/bl/.local/bin:/home/bl/.opencode/bin:/home/bl/.local/bin:/home/bl/.local/bin:/home/bl/.opencode/bin:/home/bl/.local/bin:/usr/local/sbin:/usr/local/bin:/usr/sbin:/usr/bin:/sbin:/bin:/usr/games:/usr/local/games:/snap/bin
++ command -v mv
+ selected=/tmp/tmp.dZyKvPwme8/lifecycle/promotion-persistence/bin/mv
+ [[ /tmp/tmp.dZyKvPwme8/lifecycle/promotion-persistence/bin/mv == \/\t\m\p\/\t\m\p\.\d\Z\y\K\v\P\w\m\e\8\/\l\i\f\e\c\y\c\l\e\/\p\r\o\m\o\t\i\o\n\-\p\e\r\s\i\s\t\e\n\c\e\/\b\i\n\/\m\v ]]
+ [[ -x /tmp/tmp.dZyKvPwme8/lifecycle/promotion-persistence/synthetic-emitter.sh ]]
+ cd /
+ PATH=/tmp/tmp.dZyKvPwme8/lifecycle/promotion-persistence/bin:/home/bl/.local/bin:/home/bl/.codex/packages/standalone/releases/0.153.2-x86_64-unknown-linux-musl/codex-path:/home/bl/.codex/tmp/arg0/codex-arg0CWD760:/home/bl/.local/bin:/home/bl/.opencode/bin:/home/bl/.local/bin:/home/bl/.local/bin:/home/bl/.opencode/bin:/home/bl/.local/bin:/usr/local/sbin:/usr/local/bin:/usr/sbin:/usr/bin:/sbin:/bin:/usr/games:/usr/local/games:/snap/bin
+ bash /tmp/tmp.dZyKvPwme8/lifecycle/promotion-persistence/scripts/preflight-builtins-current-benchmark.sh
+ printf 'fail\n'
+ run_benchmark
+ disposition_reason FAIL promotion_failed
+ jq -e --arg status FAIL --arg reason promotion_failed '.status==$status and .reason==$reason and .runner_invocations==1' /tmp/tmp.dZyKvPwme8/lifecycle/promotion-persistence/artifacts/issue431-full-chain/builtins-benchmark.disposition.json
+ jq -e '.child_status==0 and .validation_status=="passed" and .raw!=null and .accepted==null' /tmp/tmp.dZyKvPwme8/lifecycle/promotion-persistence/artifacts/issue431-full-chain/builtins-benchmark.disposition.json
++ wc -l
+ [[ 1 == 1 ]]
+ [[ ! -e /tmp/tmp.dZyKvPwme8/lifecycle/promotion-persistence/artifacts/issue431-full-chain/builtins-benchmark.jsonl ]]
+ new_case success
+ local name=success
+ case_root=/tmp/tmp.dZyKvPwme8/lifecycle/success
+ cp -a /tmp/tmp.dZyKvPwme8/lifecycle/template /tmp/tmp.dZyKvPwme8/lifecycle/success
+ printf 'success\n'
+ printf 'pass\n'
+ run_preflight
+ assert_fakes
+ local tool selected
+ for tool in cargo git rustc taskset sleep cat mktemp mv
++ PATH=/tmp/tmp.dZyKvPwme8/lifecycle/success/bin:/home/bl/.local/bin:/home/bl/.codex/packages/standalone/releases/0.153.2-x86_64-unknown-linux-musl/codex-path:/home/bl/.codex/tmp/arg0/codex-arg0CWD760:/home/bl/.local/bin:/home/bl/.opencode/bin:/home/bl/.local/bin:/home/bl/.local/bin:/home/bl/.opencode/bin:/home/bl/.local/bin:/usr/local/sbin:/usr/local/bin:/usr/sbin:/usr/bin:/sbin:/bin:/usr/games:/usr/local/games:/snap/bin
++ command -v cargo
+ selected=/tmp/tmp.dZyKvPwme8/lifecycle/success/bin/cargo
+ [[ /tmp/tmp.dZyKvPwme8/lifecycle/success/bin/cargo == \/\t\m\p\/\t\m\p\.\d\Z\y\K\v\P\w\m\e\8\/\l\i\f\e\c\y\c\l\e\/\s\u\c\c\e\s\s\/\b\i\n\/\c\a\r\g\o ]]
+ for tool in cargo git rustc taskset sleep cat mktemp mv
++ PATH=/tmp/tmp.dZyKvPwme8/lifecycle/success/bin:/home/bl/.local/bin:/home/bl/.codex/packages/standalone/releases/0.153.2-x86_64-unknown-linux-musl/codex-path:/home/bl/.codex/tmp/arg0/codex-arg0CWD760:/home/bl/.local/bin:/home/bl/.opencode/bin:/home/bl/.local/bin:/home/bl/.local/bin:/home/bl/.opencode/bin:/home/bl/.local/bin:/usr/local/sbin:/usr/local/bin:/usr/sbin:/usr/bin:/sbin:/bin:/usr/games:/usr/local/games:/snap/bin
++ command -v git
+ selected=/tmp/tmp.dZyKvPwme8/lifecycle/success/bin/git
+ [[ /tmp/tmp.dZyKvPwme8/lifecycle/success/bin/git == \/\t\m\p\/\t\m\p\.\d\Z\y\K\v\P\w\m\e\8\/\l\i\f\e\c\y\c\l\e\/\s\u\c\c\e\s\s\/\b\i\n\/\g\i\t ]]
+ for tool in cargo git rustc taskset sleep cat mktemp mv
++ PATH=/tmp/tmp.dZyKvPwme8/lifecycle/success/bin:/home/bl/.local/bin:/home/bl/.codex/packages/standalone/releases/0.153.2-x86_64-unknown-linux-musl/codex-path:/home/bl/.codex/tmp/arg0/codex-arg0CWD760:/home/bl/.local/bin:/home/bl/.opencode/bin:/home/bl/.local/bin:/home/bl/.local/bin:/home/bl/.opencode/bin:/home/bl/.local/bin:/usr/local/sbin:/usr/local/bin:/usr/sbin:/usr/bin:/sbin:/bin:/usr/games:/usr/local/games:/snap/bin
++ command -v rustc
+ selected=/tmp/tmp.dZyKvPwme8/lifecycle/success/bin/rustc
+ [[ /tmp/tmp.dZyKvPwme8/lifecycle/success/bin/rustc == \/\t\m\p\/\t\m\p\.\d\Z\y\K\v\P\w\m\e\8\/\l\i\f\e\c\y\c\l\e\/\s\u\c\c\e\s\s\/\b\i\n\/\r\u\s\t\c ]]
+ for tool in cargo git rustc taskset sleep cat mktemp mv
++ PATH=/tmp/tmp.dZyKvPwme8/lifecycle/success/bin:/home/bl/.local/bin:/home/bl/.codex/packages/standalone/releases/0.153.2-x86_64-unknown-linux-musl/codex-path:/home/bl/.codex/tmp/arg0/codex-arg0CWD760:/home/bl/.local/bin:/home/bl/.opencode/bin:/home/bl/.local/bin:/home/bl/.local/bin:/home/bl/.opencode/bin:/home/bl/.local/bin:/usr/local/sbin:/usr/local/bin:/usr/sbin:/usr/bin:/sbin:/bin:/usr/games:/usr/local/games:/snap/bin
++ command -v taskset
+ selected=/tmp/tmp.dZyKvPwme8/lifecycle/success/bin/taskset
+ [[ /tmp/tmp.dZyKvPwme8/lifecycle/success/bin/taskset == \/\t\m\p\/\t\m\p\.\d\Z\y\K\v\P\w\m\e\8\/\l\i\f\e\c\y\c\l\e\/\s\u\c\c\e\s\s\/\b\i\n\/\t\a\s\k\s\e\t ]]
+ for tool in cargo git rustc taskset sleep cat mktemp mv
++ PATH=/tmp/tmp.dZyKvPwme8/lifecycle/success/bin:/home/bl/.local/bin:/home/bl/.codex/packages/standalone/releases/0.153.2-x86_64-unknown-linux-musl/codex-path:/home/bl/.codex/tmp/arg0/codex-arg0CWD760:/home/bl/.local/bin:/home/bl/.opencode/bin:/home/bl/.local/bin:/home/bl/.local/bin:/home/bl/.opencode/bin:/home/bl/.local/bin:/usr/local/sbin:/usr/local/bin:/usr/sbin:/usr/bin:/sbin:/bin:/usr/games:/usr/local/games:/snap/bin
++ command -v sleep
+ selected=/tmp/tmp.dZyKvPwme8/lifecycle/success/bin/sleep
+ [[ /tmp/tmp.dZyKvPwme8/lifecycle/success/bin/sleep == \/\t\m\p\/\t\m\p\.\d\Z\y\K\v\P\w\m\e\8\/\l\i\f\e\c\y\c\l\e\/\s\u\c\c\e\s\s\/\b\i\n\/\s\l\e\e\p ]]
+ for tool in cargo git rustc taskset sleep cat mktemp mv
++ PATH=/tmp/tmp.dZyKvPwme8/lifecycle/success/bin:/home/bl/.local/bin:/home/bl/.codex/packages/standalone/releases/0.153.2-x86_64-unknown-linux-musl/codex-path:/home/bl/.codex/tmp/arg0/codex-arg0CWD760:/home/bl/.local/bin:/home/bl/.opencode/bin:/home/bl/.local/bin:/home/bl/.local/bin:/home/bl/.opencode/bin:/home/bl/.local/bin:/usr/local/sbin:/usr/local/bin:/usr/sbin:/usr/bin:/sbin:/bin:/usr/games:/usr/local/games:/snap/bin
++ command -v cat
+ selected=/tmp/tmp.dZyKvPwme8/lifecycle/success/bin/cat
+ [[ /tmp/tmp.dZyKvPwme8/lifecycle/success/bin/cat == \/\t\m\p\/\t\m\p\.\d\Z\y\K\v\P\w\m\e\8\/\l\i\f\e\c\y\c\l\e\/\s\u\c\c\e\s\s\/\b\i\n\/\c\a\t ]]
+ for tool in cargo git rustc taskset sleep cat mktemp mv
++ PATH=/tmp/tmp.dZyKvPwme8/lifecycle/success/bin:/home/bl/.local/bin:/home/bl/.codex/packages/standalone/releases/0.153.2-x86_64-unknown-linux-musl/codex-path:/home/bl/.codex/tmp/arg0/codex-arg0CWD760:/home/bl/.local/bin:/home/bl/.opencode/bin:/home/bl/.local/bin:/home/bl/.local/bin:/home/bl/.opencode/bin:/home/bl/.local/bin:/usr/local/sbin:/usr/local/bin:/usr/sbin:/usr/bin:/sbin:/bin:/usr/games:/usr/local/games:/snap/bin
++ command -v mktemp
+ selected=/tmp/tmp.dZyKvPwme8/lifecycle/success/bin/mktemp
+ [[ /tmp/tmp.dZyKvPwme8/lifecycle/success/bin/mktemp == \/\t\m\p\/\t\m\p\.\d\Z\y\K\v\P\w\m\e\8\/\l\i\f\e\c\y\c\l\e\/\s\u\c\c\e\s\s\/\b\i\n\/\m\k\t\e\m\p ]]
+ for tool in cargo git rustc taskset sleep cat mktemp mv
++ PATH=/tmp/tmp.dZyKvPwme8/lifecycle/success/bin:/home/bl/.local/bin:/home/bl/.codex/packages/standalone/releases/0.153.2-x86_64-unknown-linux-musl/codex-path:/home/bl/.codex/tmp/arg0/codex-arg0CWD760:/home/bl/.local/bin:/home/bl/.opencode/bin:/home/bl/.local/bin:/home/bl/.local/bin:/home/bl/.opencode/bin:/home/bl/.local/bin:/usr/local/sbin:/usr/local/bin:/usr/sbin:/usr/bin:/sbin:/bin:/usr/games:/usr/local/games:/snap/bin
++ command -v mv
+ selected=/tmp/tmp.dZyKvPwme8/lifecycle/success/bin/mv
+ [[ /tmp/tmp.dZyKvPwme8/lifecycle/success/bin/mv == \/\t\m\p\/\t\m\p\.\d\Z\y\K\v\P\w\m\e\8\/\l\i\f\e\c\y\c\l\e\/\s\u\c\c\e\s\s\/\b\i\n\/\m\v ]]
+ [[ -x /tmp/tmp.dZyKvPwme8/lifecycle/success/synthetic-emitter.sh ]]
+ cd /
+ PATH=/tmp/tmp.dZyKvPwme8/lifecycle/success/bin:/home/bl/.local/bin:/home/bl/.codex/packages/standalone/releases/0.153.2-x86_64-unknown-linux-musl/codex-path:/home/bl/.codex/tmp/arg0/codex-arg0CWD760:/home/bl/.local/bin:/home/bl/.opencode/bin:/home/bl/.local/bin:/home/bl/.local/bin:/home/bl/.opencode/bin:/home/bl/.local/bin:/usr/local/sbin:/usr/local/bin:/usr/sbin:/usr/bin:/sbin:/bin:/usr/games:/usr/local/games:/snap/bin
+ bash /tmp/tmp.dZyKvPwme8/lifecycle/success/scripts/preflight-builtins-current-benchmark.sh
++ run_benchmark
++ assert_fakes
++ local tool selected
++ for tool in cargo git rustc taskset sleep cat mktemp mv
+++ PATH=/tmp/tmp.dZyKvPwme8/lifecycle/success/bin:/home/bl/.local/bin:/home/bl/.codex/packages/standalone/releases/0.153.2-x86_64-unknown-linux-musl/codex-path:/home/bl/.codex/tmp/arg0/codex-arg0CWD760:/home/bl/.local/bin:/home/bl/.opencode/bin:/home/bl/.local/bin:/home/bl/.local/bin:/home/bl/.opencode/bin:/home/bl/.local/bin:/usr/local/sbin:/usr/local/bin:/usr/sbin:/usr/bin:/sbin:/bin:/usr/games:/usr/local/games:/snap/bin
+++ command -v cargo
++ selected=/tmp/tmp.dZyKvPwme8/lifecycle/success/bin/cargo
++ [[ /tmp/tmp.dZyKvPwme8/lifecycle/success/bin/cargo == \/\t\m\p\/\t\m\p\.\d\Z\y\K\v\P\w\m\e\8\/\l\i\f\e\c\y\c\l\e\/\s\u\c\c\e\s\s\/\b\i\n\/\c\a\r\g\o ]]
++ for tool in cargo git rustc taskset sleep cat mktemp mv
+++ PATH=/tmp/tmp.dZyKvPwme8/lifecycle/success/bin:/home/bl/.local/bin:/home/bl/.codex/packages/standalone/releases/0.153.2-x86_64-unknown-linux-musl/codex-path:/home/bl/.codex/tmp/arg0/codex-arg0CWD760:/home/bl/.local/bin:/home/bl/.opencode/bin:/home/bl/.local/bin:/home/bl/.local/bin:/home/bl/.opencode/bin:/home/bl/.local/bin:/usr/local/sbin:/usr/local/bin:/usr/sbin:/usr/bin:/sbin:/bin:/usr/games:/usr/local/games:/snap/bin
+++ command -v git
++ selected=/tmp/tmp.dZyKvPwme8/lifecycle/success/bin/git
++ [[ /tmp/tmp.dZyKvPwme8/lifecycle/success/bin/git == \/\t\m\p\/\t\m\p\.\d\Z\y\K\v\P\w\m\e\8\/\l\i\f\e\c\y\c\l\e\/\s\u\c\c\e\s\s\/\b\i\n\/\g\i\t ]]
++ for tool in cargo git rustc taskset sleep cat mktemp mv
+++ PATH=/tmp/tmp.dZyKvPwme8/lifecycle/success/bin:/home/bl/.local/bin:/home/bl/.codex/packages/standalone/releases/0.153.2-x86_64-unknown-linux-musl/codex-path:/home/bl/.codex/tmp/arg0/codex-arg0CWD760:/home/bl/.local/bin:/home/bl/.opencode/bin:/home/bl/.local/bin:/home/bl/.local/bin:/home/bl/.opencode/bin:/home/bl/.local/bin:/usr/local/sbin:/usr/local/bin:/usr/sbin:/usr/bin:/sbin:/bin:/usr/games:/usr/local/games:/snap/bin
+++ command -v rustc
++ selected=/tmp/tmp.dZyKvPwme8/lifecycle/success/bin/rustc
++ [[ /tmp/tmp.dZyKvPwme8/lifecycle/success/bin/rustc == \/\t\m\p\/\t\m\p\.\d\Z\y\K\v\P\w\m\e\8\/\l\i\f\e\c\y\c\l\e\/\s\u\c\c\e\s\s\/\b\i\n\/\r\u\s\t\c ]]
++ for tool in cargo git rustc taskset sleep cat mktemp mv
+++ PATH=/tmp/tmp.dZyKvPwme8/lifecycle/success/bin:/home/bl/.local/bin:/home/bl/.codex/packages/standalone/releases/0.153.2-x86_64-unknown-linux-musl/codex-path:/home/bl/.codex/tmp/arg0/codex-arg0CWD760:/home/bl/.local/bin:/home/bl/.opencode/bin:/home/bl/.local/bin:/home/bl/.local/bin:/home/bl/.opencode/bin:/home/bl/.local/bin:/usr/local/sbin:/usr/local/bin:/usr/sbin:/usr/bin:/sbin:/bin:/usr/games:/usr/local/games:/snap/bin
+++ command -v taskset
++ selected=/tmp/tmp.dZyKvPwme8/lifecycle/success/bin/taskset
++ [[ /tmp/tmp.dZyKvPwme8/lifecycle/success/bin/taskset == \/\t\m\p\/\t\m\p\.\d\Z\y\K\v\P\w\m\e\8\/\l\i\f\e\c\y\c\l\e\/\s\u\c\c\e\s\s\/\b\i\n\/\t\a\s\k\s\e\t ]]
++ for tool in cargo git rustc taskset sleep cat mktemp mv
+++ PATH=/tmp/tmp.dZyKvPwme8/lifecycle/success/bin:/home/bl/.local/bin:/home/bl/.codex/packages/standalone/releases/0.153.2-x86_64-unknown-linux-musl/codex-path:/home/bl/.codex/tmp/arg0/codex-arg0CWD760:/home/bl/.local/bin:/home/bl/.opencode/bin:/home/bl/.local/bin:/home/bl/.local/bin:/home/bl/.opencode/bin:/home/bl/.local/bin:/usr/local/sbin:/usr/local/bin:/usr/sbin:/usr/bin:/sbin:/bin:/usr/games:/usr/local/games:/snap/bin
+++ command -v sleep
++ selected=/tmp/tmp.dZyKvPwme8/lifecycle/success/bin/sleep
++ [[ /tmp/tmp.dZyKvPwme8/lifecycle/success/bin/sleep == \/\t\m\p\/\t\m\p\.\d\Z\y\K\v\P\w\m\e\8\/\l\i\f\e\c\y\c\l\e\/\s\u\c\c\e\s\s\/\b\i\n\/\s\l\e\e\p ]]
++ for tool in cargo git rustc taskset sleep cat mktemp mv
+++ PATH=/tmp/tmp.dZyKvPwme8/lifecycle/success/bin:/home/bl/.local/bin:/home/bl/.codex/packages/standalone/releases/0.153.2-x86_64-unknown-linux-musl/codex-path:/home/bl/.codex/tmp/arg0/codex-arg0CWD760:/home/bl/.local/bin:/home/bl/.opencode/bin:/home/bl/.local/bin:/home/bl/.local/bin:/home/bl/.opencode/bin:/home/bl/.local/bin:/usr/local/sbin:/usr/local/bin:/usr/sbin:/usr/bin:/sbin:/bin:/usr/games:/usr/local/games:/snap/bin
+++ command -v cat
++ selected=/tmp/tmp.dZyKvPwme8/lifecycle/success/bin/cat
++ [[ /tmp/tmp.dZyKvPwme8/lifecycle/success/bin/cat == \/\t\m\p\/\t\m\p\.\d\Z\y\K\v\P\w\m\e\8\/\l\i\f\e\c\y\c\l\e\/\s\u\c\c\e\s\s\/\b\i\n\/\c\a\t ]]
++ for tool in cargo git rustc taskset sleep cat mktemp mv
+++ PATH=/tmp/tmp.dZyKvPwme8/lifecycle/success/bin:/home/bl/.local/bin:/home/bl/.codex/packages/standalone/releases/0.153.2-x86_64-unknown-linux-musl/codex-path:/home/bl/.codex/tmp/arg0/codex-arg0CWD760:/home/bl/.local/bin:/home/bl/.opencode/bin:/home/bl/.local/bin:/home/bl/.local/bin:/home/bl/.opencode/bin:/home/bl/.local/bin:/usr/local/sbin:/usr/local/bin:/usr/sbin:/usr/bin:/sbin:/bin:/usr/games:/usr/local/games:/snap/bin
+++ command -v mktemp
++ selected=/tmp/tmp.dZyKvPwme8/lifecycle/success/bin/mktemp
++ [[ /tmp/tmp.dZyKvPwme8/lifecycle/success/bin/mktemp == \/\t\m\p\/\t\m\p\.\d\Z\y\K\v\P\w\m\e\8\/\l\i\f\e\c\y\c\l\e\/\s\u\c\c\e\s\s\/\b\i\n\/\m\k\t\e\m\p ]]
++ for tool in cargo git rustc taskset sleep cat mktemp mv
+++ PATH=/tmp/tmp.dZyKvPwme8/lifecycle/success/bin:/home/bl/.local/bin:/home/bl/.codex/packages/standalone/releases/0.153.2-x86_64-unknown-linux-musl/codex-path:/home/bl/.codex/tmp/arg0/codex-arg0CWD760:/home/bl/.local/bin:/home/bl/.opencode/bin:/home/bl/.local/bin:/home/bl/.local/bin:/home/bl/.opencode/bin:/home/bl/.local/bin:/usr/local/sbin:/usr/local/bin:/usr/sbin:/usr/bin:/sbin:/bin:/usr/games:/usr/local/games:/snap/bin
+++ command -v mv
++ selected=/tmp/tmp.dZyKvPwme8/lifecycle/success/bin/mv
++ [[ /tmp/tmp.dZyKvPwme8/lifecycle/success/bin/mv == \/\t\m\p\/\t\m\p\.\d\Z\y\K\v\P\w\m\e\8\/\l\i\f\e\c\y\c\l\e\/\s\u\c\c\e\s\s\/\b\i\n\/\m\v ]]
++ [[ -x /tmp/tmp.dZyKvPwme8/lifecycle/success/synthetic-emitter.sh ]]
++ cd /
++ PATH=/tmp/tmp.dZyKvPwme8/lifecycle/success/bin:/home/bl/.local/bin:/home/bl/.codex/packages/standalone/releases/0.153.2-x86_64-unknown-linux-musl/codex-path:/home/bl/.codex/tmp/arg0/codex-arg0CWD760:/home/bl/.local/bin:/home/bl/.opencode/bin:/home/bl/.local/bin:/home/bl/.local/bin:/home/bl/.opencode/bin:/home/bl/.local/bin:/usr/local/sbin:/usr/local/bin:/usr/sbin:/usr/bin:/sbin:/bin:/usr/games:/usr/local/games:/snap/bin
++ bash /tmp/tmp.dZyKvPwme8/lifecycle/success/scripts/run-builtins-current-benchmark.sh
+ accepted=/tmp/tmp.dZyKvPwme8/lifecycle/success/artifacts/issue431-full-chain/builtins-benchmark.jsonl
+ raw=/tmp/tmp.dZyKvPwme8/lifecycle/success/artifacts/issue431-full-chain/builtins-benchmark.raw.jsonl
+ [[ /tmp/tmp.dZyKvPwme8/lifecycle/success/artifacts/issue431-full-chain/builtins-benchmark.jsonl == \/\t\m\p\/\t\m\p\.\d\Z\y\K\v\P\w\m\e\8\/\l\i\f\e\c\y\c\l\e\/\s\u\c\c\e\s\s\/\a\r\t\i\f\a\c\t\s\/\i\s\s\u\e\4\3\1\-\f\u\l\l\-\c\h\a\i\n\/\b\u\i\l\t\i\n\s\-\b\e\n\c\h\m\a\r\k\.\j\s\o\n\l ]]
+ cmp -s /tmp/tmp.dZyKvPwme8/lifecycle/success/artifacts/issue431-full-chain/builtins-benchmark.raw.jsonl /tmp/tmp.dZyKvPwme8/lifecycle/success/artifacts/issue431-full-chain/builtins-benchmark.jsonl
++ wc -l
+ [[ 20 == 20 ]]
++ wc -l
+ [[ 1 == 1 ]]
+ disposition_reason PASS complete
+ jq -e --arg status PASS --arg reason complete '.status==$status and .reason==$reason and .runner_invocations==1' /tmp/tmp.dZyKvPwme8/lifecycle/success/artifacts/issue431-full-chain/builtins-benchmark.disposition.json
+ jq -s -e -L /tmp/tmp.dZyKvPwme8/lifecycle/success/scripts -f /tmp/tmp.dZyKvPwme8/lifecycle/success/scripts/builtins-current-benchmark-validator.jq /tmp/tmp.dZyKvPwme8/lifecycle/success/artifacts/issue431-full-chain/builtins-benchmark.raw.jsonl
+ jq -s -e '. | all(.[]; .rust_version=="rustc 1.99.0 (fake)" and
 .llvm_version=="20.1.0" and .target_triple=="x86_64-unknown-linux-gnu" and
 .target_features=="+avx2,+fma" and .profile=="release" and .opt_level=="3" and
 .lto=="fat" and .codegen_units=="1" and
 .panic=="abort" and .debug==1 and .debug_assertions==false and
 .overflow_checks==false and .incremental==false and .strip=="none" and
 .split_debuginfo=="unpacked" and
 (.background_load_note|startswith("controlled; loadavg 0.01")))' /tmp/tmp.dZyKvPwme8/lifecycle/success/artifacts/issue431-full-chain/builtins-benchmark.raw.jsonl
+ rm -rf -- /tmp/tmp.dZyKvPwme8
