+ set -euo pipefail
++ cd .
++ pwd
+ root=/home/bl/misofm/engine-455-plan
++ mktemp -d
+ temp=/tmp/tmp.joRYEY4S5F
+ trap 'rm -rf -- "$temp"' EXIT
+ cp -R /home/bl/misofm/engine-455-plan/crates /home/bl/misofm/engine-455-plan/hosts /home/bl/misofm/engine-455-plan/fixtures /home/bl/misofm/engine-455-plan/scripts /home/bl/misofm/engine-455-plan/docs /home/bl/misofm/engine-455-plan/tools /tmp/tmp.joRYEY4S5F/
+ check
+ bash /tmp/tmp.joRYEY4S5F/scripts/check-effect-interchange-qualification.sh /tmp/tmp.joRYEY4S5F
+ cp /tmp/tmp.joRYEY4S5F/tools/bench/src/effect_interchange.rs /tmp/tmp.joRYEY4S5F/tools/bench/src/effect_interchange.rs.current108
+ sed -i -e 's/\\"issue\\":108/\\"issue\\":81/' -e s/5f23e630182137426fdfe01b74861bdff779b6738bfae8f670359ad0e9ea2777/350acfa6e348c27a01afcb9efbd40c51a697aac8bbb6a5fe19dc1eb3c52bf441/ /tmp/tmp.joRYEY4S5F/tools/bench/src/effect_interchange.rs
+ check
+ bash /tmp/tmp.joRYEY4S5F/scripts/check-effect-interchange-qualification.sh /tmp/tmp.joRYEY4S5F
+ mv /tmp/tmp.joRYEY4S5F/tools/bench/src/effect_interchange.rs.current108 /tmp/tmp.joRYEY4S5F/tools/bench/src/effect_interchange.rs
+ fault_bin=/tmp/tmp.joRYEY4S5F/fault-bin
+ mkdir -p /tmp/tmp.joRYEY4S5F/fault-bin
+ for mode in empty complete
+ producer_failure manifest-sha256sum-empty sha256sum fixtures/effect-interchange/v1/ACCEPTED.sha256 1 0 empty 'manifest hash production' nonempty
+ local label=manifest-sha256sum-empty tool=sha256sum needle=fixtures/effect-interchange/v1/ACCEPTED.sha256 occurrence=1 expected=0 mode=empty 'operation=manifest hash production' shape=nonempty
+ local real log status
++ command -v sha256sum
+ real=/usr/bin/sha256sum
+ find /tmp/tmp.joRYEY4S5F/fault-bin -mindepth 1 -maxdepth 1 -type f -delete
+ cat
+ chmod 755 /tmp/tmp.joRYEY4S5F/fault-bin/sha256sum
+ :
+ log=/tmp/tmp.joRYEY4S5F/fault-manifest-sha256sum-empty.log
+ MISO_REAL_TOOL=/usr/bin/sha256sum
+ MISO_FAULT_NEEDLE=fixtures/effect-interchange/v1/ACCEPTED.sha256
+ MISO_FAULT_OCCURRENCE=1
+ MISO_EXPECT_DELEGATE=0
+ MISO_FAULT_MODE=empty
+ MISO_FAULT_LABEL=manifest-sha256sum-empty
+ MISO_OUTPUT_SHAPE=nonempty
+ MISO_DELEGATE_OUTPUT=/tmp/tmp.joRYEY4S5F/delegate-output
+ MISO_DELEGATE_ERROR=/tmp/tmp.joRYEY4S5F/delegate-error
+ MISO_FAULT_STATE=/tmp/tmp.joRYEY4S5F/fault-state
+ PATH=/tmp/tmp.joRYEY4S5F/fault-bin:/home/bl/.cargo/bin:/home/bl/.local/bin:/home/bl/.codex/packages/standalone/releases/0.153.2-x86_64-unknown-linux-musl/codex-path:/home/bl/.codex/tmp/arg0/codex-arg0CWD760:/home/bl/.local/bin:/home/bl/.opencode/bin:/home/bl/.local/bin:/home/bl/.local/bin:/home/bl/.opencode/bin:/home/bl/.local/bin:/usr/local/sbin:/usr/local/bin:/usr/sbin:/usr/bin:/sbin:/bin:/usr/games:/usr/local/games:/snap/bin
+ check
+ status=1
+ [[ 1 -ne 1 ]]
+ rg -F producer-error-sentinel:manifest-sha256sum-empty /tmp/tmp.joRYEY4S5F/fault-manifest-sha256sum-empty.log
+ rg -F '(status 73)' /tmp/tmp.joRYEY4S5F/fault-manifest-sha256sum-empty.log
+ rg -F 'manifest hash production' /tmp/tmp.joRYEY4S5F/fault-manifest-sha256sum-empty.log
+ [[ empty == complete ]]
+ producer_failure manifest-awk-empty awk '{print $1}' 1 0 empty 'manifest hash extraction' nonempty
+ local label=manifest-awk-empty tool=awk 'needle={print $1}' occurrence=1 expected=0 mode=empty 'operation=manifest hash extraction' shape=nonempty
+ local real log status
++ command -v awk
+ real=/usr/bin/awk
+ find /tmp/tmp.joRYEY4S5F/fault-bin -mindepth 1 -maxdepth 1 -type f -delete
+ cat
+ chmod 755 /tmp/tmp.joRYEY4S5F/fault-bin/awk
+ :
+ log=/tmp/tmp.joRYEY4S5F/fault-manifest-awk-empty.log
+ MISO_REAL_TOOL=/usr/bin/awk
+ MISO_FAULT_NEEDLE='{print $1}'
+ MISO_FAULT_OCCURRENCE=1
+ MISO_EXPECT_DELEGATE=0
+ MISO_FAULT_MODE=empty
+ MISO_FAULT_LABEL=manifest-awk-empty
+ MISO_OUTPUT_SHAPE=nonempty
+ MISO_DELEGATE_OUTPUT=/tmp/tmp.joRYEY4S5F/delegate-output
+ MISO_DELEGATE_ERROR=/tmp/tmp.joRYEY4S5F/delegate-error
+ MISO_FAULT_STATE=/tmp/tmp.joRYEY4S5F/fault-state
+ PATH=/tmp/tmp.joRYEY4S5F/fault-bin:/home/bl/.cargo/bin:/home/bl/.local/bin:/home/bl/.codex/packages/standalone/releases/0.153.2-x86_64-unknown-linux-musl/codex-path:/home/bl/.codex/tmp/arg0/codex-arg0CWD760:/home/bl/.local/bin:/home/bl/.opencode/bin:/home/bl/.local/bin:/home/bl/.local/bin:/home/bl/.opencode/bin:/home/bl/.local/bin:/usr/local/sbin:/usr/local/bin:/usr/sbin:/usr/bin:/sbin:/bin:/usr/games:/usr/local/games:/snap/bin
+ check
+ status=1
+ [[ 1 -ne 1 ]]
+ rg -F producer-error-sentinel:manifest-awk-empty /tmp/tmp.joRYEY4S5F/fault-manifest-awk-empty.log
+ rg -F '(status 73)' /tmp/tmp.joRYEY4S5F/fault-manifest-awk-empty.log
+ rg -F 'manifest hash extraction' /tmp/tmp.joRYEY4S5F/fault-manifest-awk-empty.log
+ [[ empty == complete ]]
+ producer_failure manifest-sort-empty sort fixtures/effect-interchange/v1/ACCEPTED.sha256 1 0 empty 'baseline manifest sort' empty
+ local label=manifest-sort-empty tool=sort needle=fixtures/effect-interchange/v1/ACCEPTED.sha256 occurrence=1 expected=0 mode=empty 'operation=baseline manifest sort' shape=empty
+ local real log status
++ command -v sort
+ real=/usr/bin/sort
+ find /tmp/tmp.joRYEY4S5F/fault-bin -mindepth 1 -maxdepth 1 -type f -delete
+ cat
+ chmod 755 /tmp/tmp.joRYEY4S5F/fault-bin/sort
+ :
+ log=/tmp/tmp.joRYEY4S5F/fault-manifest-sort-empty.log
+ MISO_REAL_TOOL=/usr/bin/sort
+ MISO_FAULT_NEEDLE=fixtures/effect-interchange/v1/ACCEPTED.sha256
+ MISO_FAULT_OCCURRENCE=1
+ MISO_EXPECT_DELEGATE=0
+ MISO_FAULT_MODE=empty
+ MISO_FAULT_LABEL=manifest-sort-empty
+ MISO_OUTPUT_SHAPE=empty
+ MISO_DELEGATE_OUTPUT=/tmp/tmp.joRYEY4S5F/delegate-output
+ MISO_DELEGATE_ERROR=/tmp/tmp.joRYEY4S5F/delegate-error
+ MISO_FAULT_STATE=/tmp/tmp.joRYEY4S5F/fault-state
+ PATH=/tmp/tmp.joRYEY4S5F/fault-bin:/home/bl/.cargo/bin:/home/bl/.local/bin:/home/bl/.codex/packages/standalone/releases/0.153.2-x86_64-unknown-linux-musl/codex-path:/home/bl/.codex/tmp/arg0/codex-arg0CWD760:/home/bl/.local/bin:/home/bl/.opencode/bin:/home/bl/.local/bin:/home/bl/.local/bin:/home/bl/.opencode/bin:/home/bl/.local/bin:/usr/local/sbin:/usr/local/bin:/usr/sbin:/usr/bin:/sbin:/bin:/usr/games:/usr/local/games:/snap/bin
+ check
+ status=1
+ [[ 1 -ne 1 ]]
+ rg -F producer-error-sentinel:manifest-sort-empty /tmp/tmp.joRYEY4S5F/fault-manifest-sort-empty.log
+ rg -F '(status 73)' /tmp/tmp.joRYEY4S5F/fault-manifest-sort-empty.log
+ rg -F 'baseline manifest sort' /tmp/tmp.joRYEY4S5F/fault-manifest-sort-empty.log
+ [[ empty == complete ]]
+ producer_failure manifest-check-empty sha256sum --check 1 0 empty 'accepted baseline check' nonempty
+ local label=manifest-check-empty tool=sha256sum needle=--check occurrence=1 expected=0 mode=empty 'operation=accepted baseline check' shape=nonempty
+ local real log status
++ command -v sha256sum
+ real=/usr/bin/sha256sum
+ find /tmp/tmp.joRYEY4S5F/fault-bin -mindepth 1 -maxdepth 1 -type f -delete
+ cat
+ chmod 755 /tmp/tmp.joRYEY4S5F/fault-bin/sha256sum
+ :
+ log=/tmp/tmp.joRYEY4S5F/fault-manifest-check-empty.log
+ MISO_REAL_TOOL=/usr/bin/sha256sum
+ MISO_FAULT_NEEDLE=--check
+ MISO_FAULT_OCCURRENCE=1
+ MISO_EXPECT_DELEGATE=0
+ MISO_FAULT_MODE=empty
+ MISO_FAULT_LABEL=manifest-check-empty
+ MISO_OUTPUT_SHAPE=nonempty
+ MISO_DELEGATE_OUTPUT=/tmp/tmp.joRYEY4S5F/delegate-output
+ MISO_DELEGATE_ERROR=/tmp/tmp.joRYEY4S5F/delegate-error
+ MISO_FAULT_STATE=/tmp/tmp.joRYEY4S5F/fault-state
+ PATH=/tmp/tmp.joRYEY4S5F/fault-bin:/home/bl/.cargo/bin:/home/bl/.local/bin:/home/bl/.codex/packages/standalone/releases/0.153.2-x86_64-unknown-linux-musl/codex-path:/home/bl/.codex/tmp/arg0/codex-arg0CWD760:/home/bl/.local/bin:/home/bl/.opencode/bin:/home/bl/.local/bin:/home/bl/.local/bin:/home/bl/.opencode/bin:/home/bl/.local/bin:/usr/local/sbin:/usr/local/bin:/usr/sbin:/usr/bin:/sbin:/bin:/usr/games:/usr/local/games:/snap/bin
+ check
+ status=1
+ [[ 1 -ne 1 ]]
+ rg -F producer-error-sentinel:manifest-check-empty /tmp/tmp.joRYEY4S5F/fault-manifest-check-empty.log
+ rg -F '(status 73)' /tmp/tmp.joRYEY4S5F/fault-manifest-check-empty.log
+ rg -F 'accepted baseline check' /tmp/tmp.joRYEY4S5F/fault-manifest-check-empty.log
+ [[ empty == complete ]]
+ producer_failure manifest-wc-empty wc -l 1 0 empty 'manifest line count' nonempty
+ local label=manifest-wc-empty tool=wc needle=-l occurrence=1 expected=0 mode=empty 'operation=manifest line count' shape=nonempty
+ local real log status
++ command -v wc
+ real=/usr/bin/wc
+ find /tmp/tmp.joRYEY4S5F/fault-bin -mindepth 1 -maxdepth 1 -type f -delete
+ cat
+ chmod 755 /tmp/tmp.joRYEY4S5F/fault-bin/wc
+ :
+ log=/tmp/tmp.joRYEY4S5F/fault-manifest-wc-empty.log
+ MISO_REAL_TOOL=/usr/bin/wc
+ MISO_FAULT_NEEDLE=-l
+ MISO_FAULT_OCCURRENCE=1
+ MISO_EXPECT_DELEGATE=0
+ MISO_FAULT_MODE=empty
+ MISO_FAULT_LABEL=manifest-wc-empty
+ MISO_OUTPUT_SHAPE=nonempty
+ MISO_DELEGATE_OUTPUT=/tmp/tmp.joRYEY4S5F/delegate-output
+ MISO_DELEGATE_ERROR=/tmp/tmp.joRYEY4S5F/delegate-error
+ MISO_FAULT_STATE=/tmp/tmp.joRYEY4S5F/fault-state
+ PATH=/tmp/tmp.joRYEY4S5F/fault-bin:/home/bl/.cargo/bin:/home/bl/.local/bin:/home/bl/.codex/packages/standalone/releases/0.153.2-x86_64-unknown-linux-musl/codex-path:/home/bl/.codex/tmp/arg0/codex-arg0CWD760:/home/bl/.local/bin:/home/bl/.opencode/bin:/home/bl/.local/bin:/home/bl/.local/bin:/home/bl/.opencode/bin:/home/bl/.local/bin:/usr/local/sbin:/usr/local/bin:/usr/sbin:/usr/bin:/sbin:/bin:/usr/games:/usr/local/games:/snap/bin
+ check
+ status=1
+ [[ 1 -ne 1 ]]
+ rg -F producer-error-sentinel:manifest-wc-empty /tmp/tmp.joRYEY4S5F/fault-manifest-wc-empty.log
+ rg -F '(status 73)' /tmp/tmp.joRYEY4S5F/fault-manifest-wc-empty.log
+ rg -F 'manifest line count' /tmp/tmp.joRYEY4S5F/fault-manifest-wc-empty.log
+ [[ empty == complete ]]
+ producer_failure manifest-tr-empty tr -d 1 0 empty 'manifest line count filtering' nonempty
+ local label=manifest-tr-empty tool=tr needle=-d occurrence=1 expected=0 mode=empty 'operation=manifest line count filtering' shape=nonempty
+ local real log status
++ command -v tr
+ real=/usr/bin/tr
+ find /tmp/tmp.joRYEY4S5F/fault-bin -mindepth 1 -maxdepth 1 -type f -delete
+ cat
+ chmod 755 /tmp/tmp.joRYEY4S5F/fault-bin/tr
+ :
+ log=/tmp/tmp.joRYEY4S5F/fault-manifest-tr-empty.log
+ MISO_REAL_TOOL=/usr/bin/tr
+ MISO_FAULT_NEEDLE=-d
+ MISO_FAULT_OCCURRENCE=1
+ MISO_EXPECT_DELEGATE=0
+ MISO_FAULT_MODE=empty
+ MISO_FAULT_LABEL=manifest-tr-empty
+ MISO_OUTPUT_SHAPE=nonempty
+ MISO_DELEGATE_OUTPUT=/tmp/tmp.joRYEY4S5F/delegate-output
+ MISO_DELEGATE_ERROR=/tmp/tmp.joRYEY4S5F/delegate-error
+ MISO_FAULT_STATE=/tmp/tmp.joRYEY4S5F/fault-state
+ PATH=/tmp/tmp.joRYEY4S5F/fault-bin:/home/bl/.cargo/bin:/home/bl/.local/bin:/home/bl/.codex/packages/standalone/releases/0.153.2-x86_64-unknown-linux-musl/codex-path:/home/bl/.codex/tmp/arg0/codex-arg0CWD760:/home/bl/.local/bin:/home/bl/.opencode/bin:/home/bl/.local/bin:/home/bl/.local/bin:/home/bl/.opencode/bin:/home/bl/.local/bin:/usr/local/sbin:/usr/local/bin:/usr/sbin:/usr/bin:/sbin:/bin:/usr/games:/usr/local/games:/snap/bin
+ check
+ status=1
+ [[ 1 -ne 1 ]]
+ rg -F producer-error-sentinel:manifest-tr-empty /tmp/tmp.joRYEY4S5F/fault-manifest-tr-empty.log
+ rg -F '(status 73)' /tmp/tmp.joRYEY4S5F/fault-manifest-tr-empty.log
+ rg -F 'manifest line count filtering' /tmp/tmp.joRYEY4S5F/fault-manifest-tr-empty.log
+ [[ empty == complete ]]
+ producer_failure export-rg-empty rg no_mangle 1 0 empty 'descriptor export scan' nonempty
+ local label=export-rg-empty tool=rg needle=no_mangle occurrence=1 expected=0 mode=empty 'operation=descriptor export scan' shape=nonempty
+ local real log status
++ command -v rg
+ real=/home/bl/.codex/packages/standalone/releases/0.153.2-x86_64-unknown-linux-musl/codex-path/rg
+ find /tmp/tmp.joRYEY4S5F/fault-bin -mindepth 1 -maxdepth 1 -type f -delete
+ cat
+ chmod 755 /tmp/tmp.joRYEY4S5F/fault-bin/rg
+ :
+ log=/tmp/tmp.joRYEY4S5F/fault-export-rg-empty.log
+ MISO_REAL_TOOL=/home/bl/.codex/packages/standalone/releases/0.153.2-x86_64-unknown-linux-musl/codex-path/rg
+ MISO_FAULT_NEEDLE=no_mangle
+ MISO_FAULT_OCCURRENCE=1
+ MISO_EXPECT_DELEGATE=0
+ MISO_FAULT_MODE=empty
+ MISO_FAULT_LABEL=export-rg-empty
+ MISO_OUTPUT_SHAPE=nonempty
+ MISO_DELEGATE_OUTPUT=/tmp/tmp.joRYEY4S5F/delegate-output
+ MISO_DELEGATE_ERROR=/tmp/tmp.joRYEY4S5F/delegate-error
+ MISO_FAULT_STATE=/tmp/tmp.joRYEY4S5F/fault-state
+ PATH=/tmp/tmp.joRYEY4S5F/fault-bin:/home/bl/.cargo/bin:/home/bl/.local/bin:/home/bl/.codex/packages/standalone/releases/0.153.2-x86_64-unknown-linux-musl/codex-path:/home/bl/.codex/tmp/arg0/codex-arg0CWD760:/home/bl/.local/bin:/home/bl/.opencode/bin:/home/bl/.local/bin:/home/bl/.local/bin:/home/bl/.opencode/bin:/home/bl/.local/bin:/usr/local/sbin:/usr/local/bin:/usr/sbin:/usr/bin:/sbin:/bin:/usr/games:/usr/local/games:/snap/bin
+ check
+ status=1
+ [[ 1 -ne 1 ]]
+ rg -F producer-error-sentinel:export-rg-empty /tmp/tmp.joRYEY4S5F/fault-export-rg-empty.log
+ rg -F '(status 73)' /tmp/tmp.joRYEY4S5F/fault-export-rg-empty.log
+ rg -F 'descriptor export scan' /tmp/tmp.joRYEY4S5F/fault-export-rg-empty.log
+ [[ empty == complete ]]
+ producer_failure export-wc-empty wc -l 2 0 empty 'descriptor export count' nonempty
+ local label=export-wc-empty tool=wc needle=-l occurrence=2 expected=0 mode=empty 'operation=descriptor export count' shape=nonempty
+ local real log status
++ command -v wc
+ real=/usr/bin/wc
+ find /tmp/tmp.joRYEY4S5F/fault-bin -mindepth 1 -maxdepth 1 -type f -delete
+ cat
+ chmod 755 /tmp/tmp.joRYEY4S5F/fault-bin/wc
+ :
+ log=/tmp/tmp.joRYEY4S5F/fault-export-wc-empty.log
+ MISO_REAL_TOOL=/usr/bin/wc
+ MISO_FAULT_NEEDLE=-l
+ MISO_FAULT_OCCURRENCE=2
+ MISO_EXPECT_DELEGATE=0
+ MISO_FAULT_MODE=empty
+ MISO_FAULT_LABEL=export-wc-empty
+ MISO_OUTPUT_SHAPE=nonempty
+ MISO_DELEGATE_OUTPUT=/tmp/tmp.joRYEY4S5F/delegate-output
+ MISO_DELEGATE_ERROR=/tmp/tmp.joRYEY4S5F/delegate-error
+ MISO_FAULT_STATE=/tmp/tmp.joRYEY4S5F/fault-state
+ PATH=/tmp/tmp.joRYEY4S5F/fault-bin:/home/bl/.cargo/bin:/home/bl/.local/bin:/home/bl/.codex/packages/standalone/releases/0.153.2-x86_64-unknown-linux-musl/codex-path:/home/bl/.codex/tmp/arg0/codex-arg0CWD760:/home/bl/.local/bin:/home/bl/.opencode/bin:/home/bl/.local/bin:/home/bl/.local/bin:/home/bl/.opencode/bin:/home/bl/.local/bin:/usr/local/sbin:/usr/local/bin:/usr/sbin:/usr/bin:/sbin:/bin:/usr/games:/usr/local/games:/snap/bin
+ check
+ status=1
+ [[ 1 -ne 1 ]]
+ rg -F producer-error-sentinel:export-wc-empty /tmp/tmp.joRYEY4S5F/fault-export-wc-empty.log
+ rg -F '(status 73)' /tmp/tmp.joRYEY4S5F/fault-export-wc-empty.log
+ rg -F 'descriptor export count' /tmp/tmp.joRYEY4S5F/fault-export-wc-empty.log
+ [[ empty == complete ]]
+ producer_failure export-tr-empty tr -d 2 0 empty 'descriptor export count filtering' nonempty
+ local label=export-tr-empty tool=tr needle=-d occurrence=2 expected=0 mode=empty 'operation=descriptor export count filtering' shape=nonempty
+ local real log status
++ command -v tr
+ real=/usr/bin/tr
+ find /tmp/tmp.joRYEY4S5F/fault-bin -mindepth 1 -maxdepth 1 -type f -delete
+ cat
+ chmod 755 /tmp/tmp.joRYEY4S5F/fault-bin/tr
+ :
+ log=/tmp/tmp.joRYEY4S5F/fault-export-tr-empty.log
+ MISO_REAL_TOOL=/usr/bin/tr
+ MISO_FAULT_NEEDLE=-d
+ MISO_FAULT_OCCURRENCE=2
+ MISO_EXPECT_DELEGATE=0
+ MISO_FAULT_MODE=empty
+ MISO_FAULT_LABEL=export-tr-empty
+ MISO_OUTPUT_SHAPE=nonempty
+ MISO_DELEGATE_OUTPUT=/tmp/tmp.joRYEY4S5F/delegate-output
+ MISO_DELEGATE_ERROR=/tmp/tmp.joRYEY4S5F/delegate-error
+ MISO_FAULT_STATE=/tmp/tmp.joRYEY4S5F/fault-state
+ PATH=/tmp/tmp.joRYEY4S5F/fault-bin:/home/bl/.cargo/bin:/home/bl/.local/bin:/home/bl/.codex/packages/standalone/releases/0.153.2-x86_64-unknown-linux-musl/codex-path:/home/bl/.codex/tmp/arg0/codex-arg0CWD760:/home/bl/.local/bin:/home/bl/.opencode/bin:/home/bl/.local/bin:/home/bl/.local/bin:/home/bl/.opencode/bin:/home/bl/.local/bin:/usr/local/sbin:/usr/local/bin:/usr/sbin:/usr/bin:/sbin:/bin:/usr/games:/usr/local/games:/snap/bin
+ check
+ status=1
+ [[ 1 -ne 1 ]]
+ rg -F producer-error-sentinel:export-tr-empty /tmp/tmp.joRYEY4S5F/fault-export-tr-empty.log
+ rg -F '(status 73)' /tmp/tmp.joRYEY4S5F/fault-export-tr-empty.log
+ rg -F 'descriptor export count filtering' /tmp/tmp.joRYEY4S5F/fault-export-tr-empty.log
+ [[ empty == complete ]]
+ for mode in empty complete
+ producer_failure manifest-sha256sum-complete sha256sum fixtures/effect-interchange/v1/ACCEPTED.sha256 1 0 complete 'manifest hash production' nonempty
+ local label=manifest-sha256sum-complete tool=sha256sum needle=fixtures/effect-interchange/v1/ACCEPTED.sha256 occurrence=1 expected=0 mode=complete 'operation=manifest hash production' shape=nonempty
+ local real log status
++ command -v sha256sum
+ real=/usr/bin/sha256sum
+ find /tmp/tmp.joRYEY4S5F/fault-bin -mindepth 1 -maxdepth 1 -type f -delete
+ cat
+ chmod 755 /tmp/tmp.joRYEY4S5F/fault-bin/sha256sum
+ :
+ log=/tmp/tmp.joRYEY4S5F/fault-manifest-sha256sum-complete.log
+ MISO_REAL_TOOL=/usr/bin/sha256sum
+ MISO_FAULT_NEEDLE=fixtures/effect-interchange/v1/ACCEPTED.sha256
+ MISO_FAULT_OCCURRENCE=1
+ MISO_EXPECT_DELEGATE=0
+ MISO_FAULT_MODE=complete
+ MISO_FAULT_LABEL=manifest-sha256sum-complete
+ MISO_OUTPUT_SHAPE=nonempty
+ MISO_DELEGATE_OUTPUT=/tmp/tmp.joRYEY4S5F/delegate-output
+ MISO_DELEGATE_ERROR=/tmp/tmp.joRYEY4S5F/delegate-error
+ MISO_FAULT_STATE=/tmp/tmp.joRYEY4S5F/fault-state
+ PATH=/tmp/tmp.joRYEY4S5F/fault-bin:/home/bl/.cargo/bin:/home/bl/.local/bin:/home/bl/.codex/packages/standalone/releases/0.153.2-x86_64-unknown-linux-musl/codex-path:/home/bl/.codex/tmp/arg0/codex-arg0CWD760:/home/bl/.local/bin:/home/bl/.opencode/bin:/home/bl/.local/bin:/home/bl/.local/bin:/home/bl/.opencode/bin:/home/bl/.local/bin:/usr/local/sbin:/usr/local/bin:/usr/sbin:/usr/bin:/sbin:/bin:/usr/games:/usr/local/games:/snap/bin
+ check
+ status=1
+ [[ 1 -ne 1 ]]
+ rg -F producer-error-sentinel:manifest-sha256sum-complete /tmp/tmp.joRYEY4S5F/fault-manifest-sha256sum-complete.log
+ rg -F '(status 73)' /tmp/tmp.joRYEY4S5F/fault-manifest-sha256sum-complete.log
+ rg -F 'manifest hash production' /tmp/tmp.joRYEY4S5F/fault-manifest-sha256sum-complete.log
+ [[ complete == complete ]]
+ python3 -I -B - /tmp/tmp.joRYEY4S5F/delegate-output /tmp/tmp.joRYEY4S5F/fault-manifest-sha256sum-complete.log
+ producer_failure manifest-awk-complete awk '{print $1}' 1 0 complete 'manifest hash extraction' nonempty
+ local label=manifest-awk-complete tool=awk 'needle={print $1}' occurrence=1 expected=0 mode=complete 'operation=manifest hash extraction' shape=nonempty
+ local real log status
++ command -v awk
+ real=/usr/bin/awk
+ find /tmp/tmp.joRYEY4S5F/fault-bin -mindepth 1 -maxdepth 1 -type f -delete
+ cat
+ chmod 755 /tmp/tmp.joRYEY4S5F/fault-bin/awk
+ :
+ log=/tmp/tmp.joRYEY4S5F/fault-manifest-awk-complete.log
+ MISO_REAL_TOOL=/usr/bin/awk
+ MISO_FAULT_NEEDLE='{print $1}'
+ MISO_FAULT_OCCURRENCE=1
+ MISO_EXPECT_DELEGATE=0
+ MISO_FAULT_MODE=complete
+ MISO_FAULT_LABEL=manifest-awk-complete
+ MISO_OUTPUT_SHAPE=nonempty
+ MISO_DELEGATE_OUTPUT=/tmp/tmp.joRYEY4S5F/delegate-output
+ MISO_DELEGATE_ERROR=/tmp/tmp.joRYEY4S5F/delegate-error
+ MISO_FAULT_STATE=/tmp/tmp.joRYEY4S5F/fault-state
+ PATH=/tmp/tmp.joRYEY4S5F/fault-bin:/home/bl/.cargo/bin:/home/bl/.local/bin:/home/bl/.codex/packages/standalone/releases/0.153.2-x86_64-unknown-linux-musl/codex-path:/home/bl/.codex/tmp/arg0/codex-arg0CWD760:/home/bl/.local/bin:/home/bl/.opencode/bin:/home/bl/.local/bin:/home/bl/.local/bin:/home/bl/.opencode/bin:/home/bl/.local/bin:/usr/local/sbin:/usr/local/bin:/usr/sbin:/usr/bin:/sbin:/bin:/usr/games:/usr/local/games:/snap/bin
+ check
+ status=1
+ [[ 1 -ne 1 ]]
+ rg -F producer-error-sentinel:manifest-awk-complete /tmp/tmp.joRYEY4S5F/fault-manifest-awk-complete.log
+ rg -F '(status 73)' /tmp/tmp.joRYEY4S5F/fault-manifest-awk-complete.log
+ rg -F 'manifest hash extraction' /tmp/tmp.joRYEY4S5F/fault-manifest-awk-complete.log
+ [[ complete == complete ]]
+ python3 -I -B - /tmp/tmp.joRYEY4S5F/delegate-output /tmp/tmp.joRYEY4S5F/fault-manifest-awk-complete.log
+ producer_failure manifest-sort-complete sort fixtures/effect-interchange/v1/ACCEPTED.sha256 1 0 complete 'baseline manifest sort' empty
+ local label=manifest-sort-complete tool=sort needle=fixtures/effect-interchange/v1/ACCEPTED.sha256 occurrence=1 expected=0 mode=complete 'operation=baseline manifest sort' shape=empty
+ local real log status
++ command -v sort
+ real=/usr/bin/sort
+ find /tmp/tmp.joRYEY4S5F/fault-bin -mindepth 1 -maxdepth 1 -type f -delete
+ cat
+ chmod 755 /tmp/tmp.joRYEY4S5F/fault-bin/sort
+ :
+ log=/tmp/tmp.joRYEY4S5F/fault-manifest-sort-complete.log
+ MISO_REAL_TOOL=/usr/bin/sort
+ MISO_FAULT_NEEDLE=fixtures/effect-interchange/v1/ACCEPTED.sha256
+ MISO_FAULT_OCCURRENCE=1
+ MISO_EXPECT_DELEGATE=0
+ MISO_FAULT_MODE=complete
+ MISO_FAULT_LABEL=manifest-sort-complete
+ MISO_OUTPUT_SHAPE=empty
+ MISO_DELEGATE_OUTPUT=/tmp/tmp.joRYEY4S5F/delegate-output
+ MISO_DELEGATE_ERROR=/tmp/tmp.joRYEY4S5F/delegate-error
+ MISO_FAULT_STATE=/tmp/tmp.joRYEY4S5F/fault-state
+ PATH=/tmp/tmp.joRYEY4S5F/fault-bin:/home/bl/.cargo/bin:/home/bl/.local/bin:/home/bl/.codex/packages/standalone/releases/0.153.2-x86_64-unknown-linux-musl/codex-path:/home/bl/.codex/tmp/arg0/codex-arg0CWD760:/home/bl/.local/bin:/home/bl/.opencode/bin:/home/bl/.local/bin:/home/bl/.local/bin:/home/bl/.opencode/bin:/home/bl/.local/bin:/usr/local/sbin:/usr/local/bin:/usr/sbin:/usr/bin:/sbin:/bin:/usr/games:/usr/local/games:/snap/bin
+ check
+ status=1
+ [[ 1 -ne 1 ]]
+ rg -F producer-error-sentinel:manifest-sort-complete /tmp/tmp.joRYEY4S5F/fault-manifest-sort-complete.log
+ rg -F '(status 73)' /tmp/tmp.joRYEY4S5F/fault-manifest-sort-complete.log
+ rg -F 'baseline manifest sort' /tmp/tmp.joRYEY4S5F/fault-manifest-sort-complete.log
+ [[ complete == complete ]]
+ python3 -I -B - /tmp/tmp.joRYEY4S5F/delegate-output /tmp/tmp.joRYEY4S5F/fault-manifest-sort-complete.log
+ producer_failure manifest-check-complete sha256sum --check 1 0 complete 'accepted baseline check' nonempty
+ local label=manifest-check-complete tool=sha256sum needle=--check occurrence=1 expected=0 mode=complete 'operation=accepted baseline check' shape=nonempty
+ local real log status
++ command -v sha256sum
+ real=/usr/bin/sha256sum
+ find /tmp/tmp.joRYEY4S5F/fault-bin -mindepth 1 -maxdepth 1 -type f -delete
+ cat
+ chmod 755 /tmp/tmp.joRYEY4S5F/fault-bin/sha256sum
+ :
+ log=/tmp/tmp.joRYEY4S5F/fault-manifest-check-complete.log
+ MISO_REAL_TOOL=/usr/bin/sha256sum
+ MISO_FAULT_NEEDLE=--check
+ MISO_FAULT_OCCURRENCE=1
+ MISO_EXPECT_DELEGATE=0
+ MISO_FAULT_MODE=complete
+ MISO_FAULT_LABEL=manifest-check-complete
+ MISO_OUTPUT_SHAPE=nonempty
+ MISO_DELEGATE_OUTPUT=/tmp/tmp.joRYEY4S5F/delegate-output
+ MISO_DELEGATE_ERROR=/tmp/tmp.joRYEY4S5F/delegate-error
+ MISO_FAULT_STATE=/tmp/tmp.joRYEY4S5F/fault-state
+ PATH=/tmp/tmp.joRYEY4S5F/fault-bin:/home/bl/.cargo/bin:/home/bl/.local/bin:/home/bl/.codex/packages/standalone/releases/0.153.2-x86_64-unknown-linux-musl/codex-path:/home/bl/.codex/tmp/arg0/codex-arg0CWD760:/home/bl/.local/bin:/home/bl/.opencode/bin:/home/bl/.local/bin:/home/bl/.local/bin:/home/bl/.opencode/bin:/home/bl/.local/bin:/usr/local/sbin:/usr/local/bin:/usr/sbin:/usr/bin:/sbin:/bin:/usr/games:/usr/local/games:/snap/bin
+ check
+ status=1
+ [[ 1 -ne 1 ]]
+ rg -F producer-error-sentinel:manifest-check-complete /tmp/tmp.joRYEY4S5F/fault-manifest-check-complete.log
+ rg -F '(status 73)' /tmp/tmp.joRYEY4S5F/fault-manifest-check-complete.log
+ rg -F 'accepted baseline check' /tmp/tmp.joRYEY4S5F/fault-manifest-check-complete.log
+ [[ complete == complete ]]
+ python3 -I -B - /tmp/tmp.joRYEY4S5F/delegate-output /tmp/tmp.joRYEY4S5F/fault-manifest-check-complete.log
+ producer_failure manifest-wc-complete wc -l 1 0 complete 'manifest line count' nonempty
+ local label=manifest-wc-complete tool=wc needle=-l occurrence=1 expected=0 mode=complete 'operation=manifest line count' shape=nonempty
+ local real log status
++ command -v wc
+ real=/usr/bin/wc
+ find /tmp/tmp.joRYEY4S5F/fault-bin -mindepth 1 -maxdepth 1 -type f -delete
+ cat
+ chmod 755 /tmp/tmp.joRYEY4S5F/fault-bin/wc
+ :
+ log=/tmp/tmp.joRYEY4S5F/fault-manifest-wc-complete.log
+ MISO_REAL_TOOL=/usr/bin/wc
+ MISO_FAULT_NEEDLE=-l
+ MISO_FAULT_OCCURRENCE=1
+ MISO_EXPECT_DELEGATE=0
+ MISO_FAULT_MODE=complete
+ MISO_FAULT_LABEL=manifest-wc-complete
+ MISO_OUTPUT_SHAPE=nonempty
+ MISO_DELEGATE_OUTPUT=/tmp/tmp.joRYEY4S5F/delegate-output
+ MISO_DELEGATE_ERROR=/tmp/tmp.joRYEY4S5F/delegate-error
+ MISO_FAULT_STATE=/tmp/tmp.joRYEY4S5F/fault-state
+ PATH=/tmp/tmp.joRYEY4S5F/fault-bin:/home/bl/.cargo/bin:/home/bl/.local/bin:/home/bl/.codex/packages/standalone/releases/0.153.2-x86_64-unknown-linux-musl/codex-path:/home/bl/.codex/tmp/arg0/codex-arg0CWD760:/home/bl/.local/bin:/home/bl/.opencode/bin:/home/bl/.local/bin:/home/bl/.local/bin:/home/bl/.opencode/bin:/home/bl/.local/bin:/usr/local/sbin:/usr/local/bin:/usr/sbin:/usr/bin:/sbin:/bin:/usr/games:/usr/local/games:/snap/bin
+ check
+ status=1
+ [[ 1 -ne 1 ]]
+ rg -F producer-error-sentinel:manifest-wc-complete /tmp/tmp.joRYEY4S5F/fault-manifest-wc-complete.log
+ rg -F '(status 73)' /tmp/tmp.joRYEY4S5F/fault-manifest-wc-complete.log
+ rg -F 'manifest line count' /tmp/tmp.joRYEY4S5F/fault-manifest-wc-complete.log
+ [[ complete == complete ]]
+ python3 -I -B - /tmp/tmp.joRYEY4S5F/delegate-output /tmp/tmp.joRYEY4S5F/fault-manifest-wc-complete.log
+ producer_failure manifest-tr-complete tr -d 1 0 complete 'manifest line count filtering' nonempty
+ local label=manifest-tr-complete tool=tr needle=-d occurrence=1 expected=0 mode=complete 'operation=manifest line count filtering' shape=nonempty
+ local real log status
++ command -v tr
+ real=/usr/bin/tr
+ find /tmp/tmp.joRYEY4S5F/fault-bin -mindepth 1 -maxdepth 1 -type f -delete
+ cat
+ chmod 755 /tmp/tmp.joRYEY4S5F/fault-bin/tr
+ :
+ log=/tmp/tmp.joRYEY4S5F/fault-manifest-tr-complete.log
+ MISO_REAL_TOOL=/usr/bin/tr
+ MISO_FAULT_NEEDLE=-d
+ MISO_FAULT_OCCURRENCE=1
+ MISO_EXPECT_DELEGATE=0
+ MISO_FAULT_MODE=complete
+ MISO_FAULT_LABEL=manifest-tr-complete
+ MISO_OUTPUT_SHAPE=nonempty
+ MISO_DELEGATE_OUTPUT=/tmp/tmp.joRYEY4S5F/delegate-output
+ MISO_DELEGATE_ERROR=/tmp/tmp.joRYEY4S5F/delegate-error
+ MISO_FAULT_STATE=/tmp/tmp.joRYEY4S5F/fault-state
+ PATH=/tmp/tmp.joRYEY4S5F/fault-bin:/home/bl/.cargo/bin:/home/bl/.local/bin:/home/bl/.codex/packages/standalone/releases/0.153.2-x86_64-unknown-linux-musl/codex-path:/home/bl/.codex/tmp/arg0/codex-arg0CWD760:/home/bl/.local/bin:/home/bl/.opencode/bin:/home/bl/.local/bin:/home/bl/.local/bin:/home/bl/.opencode/bin:/home/bl/.local/bin:/usr/local/sbin:/usr/local/bin:/usr/sbin:/usr/bin:/sbin:/bin:/usr/games:/usr/local/games:/snap/bin
+ check
+ status=1
+ [[ 1 -ne 1 ]]
+ rg -F producer-error-sentinel:manifest-tr-complete /tmp/tmp.joRYEY4S5F/fault-manifest-tr-complete.log
+ rg -F '(status 73)' /tmp/tmp.joRYEY4S5F/fault-manifest-tr-complete.log
+ rg -F 'manifest line count filtering' /tmp/tmp.joRYEY4S5F/fault-manifest-tr-complete.log
+ [[ complete == complete ]]
+ python3 -I -B - /tmp/tmp.joRYEY4S5F/delegate-output /tmp/tmp.joRYEY4S5F/fault-manifest-tr-complete.log
+ producer_failure export-rg-complete rg no_mangle 1 0 complete 'descriptor export scan' nonempty
+ local label=export-rg-complete tool=rg needle=no_mangle occurrence=1 expected=0 mode=complete 'operation=descriptor export scan' shape=nonempty
+ local real log status
++ command -v rg
+ real=/home/bl/.codex/packages/standalone/releases/0.153.2-x86_64-unknown-linux-musl/codex-path/rg
+ find /tmp/tmp.joRYEY4S5F/fault-bin -mindepth 1 -maxdepth 1 -type f -delete
+ cat
+ chmod 755 /tmp/tmp.joRYEY4S5F/fault-bin/rg
+ :
+ log=/tmp/tmp.joRYEY4S5F/fault-export-rg-complete.log
+ MISO_REAL_TOOL=/home/bl/.codex/packages/standalone/releases/0.153.2-x86_64-unknown-linux-musl/codex-path/rg
+ MISO_FAULT_NEEDLE=no_mangle
+ MISO_FAULT_OCCURRENCE=1
+ MISO_EXPECT_DELEGATE=0
+ MISO_FAULT_MODE=complete
+ MISO_FAULT_LABEL=export-rg-complete
+ MISO_OUTPUT_SHAPE=nonempty
+ MISO_DELEGATE_OUTPUT=/tmp/tmp.joRYEY4S5F/delegate-output
+ MISO_DELEGATE_ERROR=/tmp/tmp.joRYEY4S5F/delegate-error
+ MISO_FAULT_STATE=/tmp/tmp.joRYEY4S5F/fault-state
+ PATH=/tmp/tmp.joRYEY4S5F/fault-bin:/home/bl/.cargo/bin:/home/bl/.local/bin:/home/bl/.codex/packages/standalone/releases/0.153.2-x86_64-unknown-linux-musl/codex-path:/home/bl/.codex/tmp/arg0/codex-arg0CWD760:/home/bl/.local/bin:/home/bl/.opencode/bin:/home/bl/.local/bin:/home/bl/.local/bin:/home/bl/.opencode/bin:/home/bl/.local/bin:/usr/local/sbin:/usr/local/bin:/usr/sbin:/usr/bin:/sbin:/bin:/usr/games:/usr/local/games:/snap/bin
+ check
+ status=1
+ [[ 1 -ne 1 ]]
+ rg -F producer-error-sentinel:export-rg-complete /tmp/tmp.joRYEY4S5F/fault-export-rg-complete.log
+ rg -F '(status 73)' /tmp/tmp.joRYEY4S5F/fault-export-rg-complete.log
+ rg -F 'descriptor export scan' /tmp/tmp.joRYEY4S5F/fault-export-rg-complete.log
+ [[ complete == complete ]]
+ python3 -I -B - /tmp/tmp.joRYEY4S5F/delegate-output /tmp/tmp.joRYEY4S5F/fault-export-rg-complete.log
+ producer_failure export-wc-complete wc -l 2 0 complete 'descriptor export count' nonempty
+ local label=export-wc-complete tool=wc needle=-l occurrence=2 expected=0 mode=complete 'operation=descriptor export count' shape=nonempty
+ local real log status
++ command -v wc
+ real=/usr/bin/wc
+ find /tmp/tmp.joRYEY4S5F/fault-bin -mindepth 1 -maxdepth 1 -type f -delete
+ cat
+ chmod 755 /tmp/tmp.joRYEY4S5F/fault-bin/wc
+ :
+ log=/tmp/tmp.joRYEY4S5F/fault-export-wc-complete.log
+ MISO_REAL_TOOL=/usr/bin/wc
+ MISO_FAULT_NEEDLE=-l
+ MISO_FAULT_OCCURRENCE=2
+ MISO_EXPECT_DELEGATE=0
+ MISO_FAULT_MODE=complete
+ MISO_FAULT_LABEL=export-wc-complete
+ MISO_OUTPUT_SHAPE=nonempty
+ MISO_DELEGATE_OUTPUT=/tmp/tmp.joRYEY4S5F/delegate-output
+ MISO_DELEGATE_ERROR=/tmp/tmp.joRYEY4S5F/delegate-error
+ MISO_FAULT_STATE=/tmp/tmp.joRYEY4S5F/fault-state
+ PATH=/tmp/tmp.joRYEY4S5F/fault-bin:/home/bl/.cargo/bin:/home/bl/.local/bin:/home/bl/.codex/packages/standalone/releases/0.153.2-x86_64-unknown-linux-musl/codex-path:/home/bl/.codex/tmp/arg0/codex-arg0CWD760:/home/bl/.local/bin:/home/bl/.opencode/bin:/home/bl/.local/bin:/home/bl/.local/bin:/home/bl/.opencode/bin:/home/bl/.local/bin:/usr/local/sbin:/usr/local/bin:/usr/sbin:/usr/bin:/sbin:/bin:/usr/games:/usr/local/games:/snap/bin
+ check
+ status=1
+ [[ 1 -ne 1 ]]
+ rg -F producer-error-sentinel:export-wc-complete /tmp/tmp.joRYEY4S5F/fault-export-wc-complete.log
+ rg -F '(status 73)' /tmp/tmp.joRYEY4S5F/fault-export-wc-complete.log
+ rg -F 'descriptor export count' /tmp/tmp.joRYEY4S5F/fault-export-wc-complete.log
+ [[ complete == complete ]]
+ python3 -I -B - /tmp/tmp.joRYEY4S5F/delegate-output /tmp/tmp.joRYEY4S5F/fault-export-wc-complete.log
+ producer_failure export-tr-complete tr -d 2 0 complete 'descriptor export count filtering' nonempty
+ local label=export-tr-complete tool=tr needle=-d occurrence=2 expected=0 mode=complete 'operation=descriptor export count filtering' shape=nonempty
+ local real log status
++ command -v tr
+ real=/usr/bin/tr
+ find /tmp/tmp.joRYEY4S5F/fault-bin -mindepth 1 -maxdepth 1 -type f -delete
+ cat
+ chmod 755 /tmp/tmp.joRYEY4S5F/fault-bin/tr
+ :
+ log=/tmp/tmp.joRYEY4S5F/fault-export-tr-complete.log
+ MISO_REAL_TOOL=/usr/bin/tr
+ MISO_FAULT_NEEDLE=-d
+ MISO_FAULT_OCCURRENCE=2
+ MISO_EXPECT_DELEGATE=0
+ MISO_FAULT_MODE=complete
+ MISO_FAULT_LABEL=export-tr-complete
+ MISO_OUTPUT_SHAPE=nonempty
+ MISO_DELEGATE_OUTPUT=/tmp/tmp.joRYEY4S5F/delegate-output
+ MISO_DELEGATE_ERROR=/tmp/tmp.joRYEY4S5F/delegate-error
+ MISO_FAULT_STATE=/tmp/tmp.joRYEY4S5F/fault-state
+ PATH=/tmp/tmp.joRYEY4S5F/fault-bin:/home/bl/.cargo/bin:/home/bl/.local/bin:/home/bl/.codex/packages/standalone/releases/0.153.2-x86_64-unknown-linux-musl/codex-path:/home/bl/.codex/tmp/arg0/codex-arg0CWD760:/home/bl/.local/bin:/home/bl/.opencode/bin:/home/bl/.local/bin:/home/bl/.local/bin:/home/bl/.opencode/bin:/home/bl/.local/bin:/usr/local/sbin:/usr/local/bin:/usr/sbin:/usr/bin:/sbin:/bin:/usr/games:/usr/local/games:/snap/bin
+ check
+ status=1
+ [[ 1 -ne 1 ]]
+ rg -F producer-error-sentinel:export-tr-complete /tmp/tmp.joRYEY4S5F/fault-export-tr-complete.log
+ rg -F '(status 73)' /tmp/tmp.joRYEY4S5F/fault-export-tr-complete.log
+ rg -F 'descriptor export count filtering' /tmp/tmp.joRYEY4S5F/fault-export-tr-complete.log
+ [[ complete == complete ]]
+ python3 -I -B - /tmp/tmp.joRYEY4S5F/delegate-output /tmp/tmp.joRYEY4S5F/fault-export-tr-complete.log
+ for row in 'observations|rg|const OBSERVATIONS|1|0' 'workload|rg|descriptor_verify_identity_a|1|0' 'rounds|rg|for round in|1|0' 'records|rg|records.len|1|0' 'import-safe|rg|__main__|1|0' 'reference-bounds|rg|run-effect-interchange-reference-processes.sh|1|0' 'multiline-campaign|rg|tiny_deterministic_mutation_smoke|1|0' 'campaign-count|rg|campaigns(4)|1|0' 'seed|rg|0x081d_e5c0_0000_0001|1|0' 'matrix|rg|exact_portable_migration|1|0' 'target|rg|x86_64-unknown-linux-gnu|1|0' 'simd|rg|feature=+simd128|1|0' 'export-syntax|rg|/^Export|1|0' 'export-presence|rg|fn miso_engine_effect_descriptor_v1_inspect|1|0' 'late-api|rg|restore_unpublished_effect_bank_track_state_with_migration|1|0'
+ IFS='|'
+ read -r label tool needle occurrence expected
+ case "$label" in
+ operation='benchmark observation count scan'
+ for mode in empty complete
+ producer_failure observations-empty rg 'const OBSERVATIONS' 1 0 empty 'benchmark observation count scan' nonempty
+ local label=observations-empty tool=rg 'needle=const OBSERVATIONS' occurrence=1 expected=0 mode=empty 'operation=benchmark observation count scan' shape=nonempty
+ local real log status
++ command -v rg
+ real=/home/bl/.codex/packages/standalone/releases/0.153.2-x86_64-unknown-linux-musl/codex-path/rg
+ find /tmp/tmp.joRYEY4S5F/fault-bin -mindepth 1 -maxdepth 1 -type f -delete
+ cat
+ chmod 755 /tmp/tmp.joRYEY4S5F/fault-bin/rg
+ :
+ log=/tmp/tmp.joRYEY4S5F/fault-observations-empty.log
+ MISO_REAL_TOOL=/home/bl/.codex/packages/standalone/releases/0.153.2-x86_64-unknown-linux-musl/codex-path/rg
+ MISO_FAULT_NEEDLE='const OBSERVATIONS'
+ MISO_FAULT_OCCURRENCE=1
+ MISO_EXPECT_DELEGATE=0
+ MISO_FAULT_MODE=empty
+ MISO_FAULT_LABEL=observations-empty
+ MISO_OUTPUT_SHAPE=nonempty
+ MISO_DELEGATE_OUTPUT=/tmp/tmp.joRYEY4S5F/delegate-output
+ MISO_DELEGATE_ERROR=/tmp/tmp.joRYEY4S5F/delegate-error
+ MISO_FAULT_STATE=/tmp/tmp.joRYEY4S5F/fault-state
+ PATH=/tmp/tmp.joRYEY4S5F/fault-bin:/home/bl/.cargo/bin:/home/bl/.local/bin:/home/bl/.codex/packages/standalone/releases/0.153.2-x86_64-unknown-linux-musl/codex-path:/home/bl/.codex/tmp/arg0/codex-arg0CWD760:/home/bl/.local/bin:/home/bl/.opencode/bin:/home/bl/.local/bin:/home/bl/.local/bin:/home/bl/.opencode/bin:/home/bl/.local/bin:/usr/local/sbin:/usr/local/bin:/usr/sbin:/usr/bin:/sbin:/bin:/usr/games:/usr/local/games:/snap/bin
+ check
+ status=1
+ [[ 1 -ne 1 ]]
+ rg -F producer-error-sentinel:observations-empty /tmp/tmp.joRYEY4S5F/fault-observations-empty.log
+ rg -F '(status 73)' /tmp/tmp.joRYEY4S5F/fault-observations-empty.log
+ rg -F 'benchmark observation count scan' /tmp/tmp.joRYEY4S5F/fault-observations-empty.log
+ [[ empty == complete ]]
+ for mode in empty complete
+ producer_failure observations-complete rg 'const OBSERVATIONS' 1 0 complete 'benchmark observation count scan' nonempty
+ local label=observations-complete tool=rg 'needle=const OBSERVATIONS' occurrence=1 expected=0 mode=complete 'operation=benchmark observation count scan' shape=nonempty
+ local real log status
++ command -v rg
+ real=/home/bl/.codex/packages/standalone/releases/0.153.2-x86_64-unknown-linux-musl/codex-path/rg
+ find /tmp/tmp.joRYEY4S5F/fault-bin -mindepth 1 -maxdepth 1 -type f -delete
+ cat
+ chmod 755 /tmp/tmp.joRYEY4S5F/fault-bin/rg
+ :
+ log=/tmp/tmp.joRYEY4S5F/fault-observations-complete.log
+ MISO_REAL_TOOL=/home/bl/.codex/packages/standalone/releases/0.153.2-x86_64-unknown-linux-musl/codex-path/rg
+ MISO_FAULT_NEEDLE='const OBSERVATIONS'
+ MISO_FAULT_OCCURRENCE=1
+ MISO_EXPECT_DELEGATE=0
+ MISO_FAULT_MODE=complete
+ MISO_FAULT_LABEL=observations-complete
+ MISO_OUTPUT_SHAPE=nonempty
+ MISO_DELEGATE_OUTPUT=/tmp/tmp.joRYEY4S5F/delegate-output
+ MISO_DELEGATE_ERROR=/tmp/tmp.joRYEY4S5F/delegate-error
+ MISO_FAULT_STATE=/tmp/tmp.joRYEY4S5F/fault-state
+ PATH=/tmp/tmp.joRYEY4S5F/fault-bin:/home/bl/.cargo/bin:/home/bl/.local/bin:/home/bl/.codex/packages/standalone/releases/0.153.2-x86_64-unknown-linux-musl/codex-path:/home/bl/.codex/tmp/arg0/codex-arg0CWD760:/home/bl/.local/bin:/home/bl/.opencode/bin:/home/bl/.local/bin:/home/bl/.local/bin:/home/bl/.opencode/bin:/home/bl/.local/bin:/usr/local/sbin:/usr/local/bin:/usr/sbin:/usr/bin:/sbin:/bin:/usr/games:/usr/local/games:/snap/bin
+ check
+ status=1
+ [[ 1 -ne 1 ]]
+ rg -F producer-error-sentinel:observations-complete /tmp/tmp.joRYEY4S5F/fault-observations-complete.log
+ rg -F '(status 73)' /tmp/tmp.joRYEY4S5F/fault-observations-complete.log
+ rg -F 'benchmark observation count scan' /tmp/tmp.joRYEY4S5F/fault-observations-complete.log
+ [[ complete == complete ]]
+ python3 -I -B - /tmp/tmp.joRYEY4S5F/delegate-output /tmp/tmp.joRYEY4S5F/fault-observations-complete.log
+ for row in 'observations|rg|const OBSERVATIONS|1|0' 'workload|rg|descriptor_verify_identity_a|1|0' 'rounds|rg|for round in|1|0' 'records|rg|records.len|1|0' 'import-safe|rg|__main__|1|0' 'reference-bounds|rg|run-effect-interchange-reference-processes.sh|1|0' 'multiline-campaign|rg|tiny_deterministic_mutation_smoke|1|0' 'campaign-count|rg|campaigns(4)|1|0' 'seed|rg|0x081d_e5c0_0000_0001|1|0' 'matrix|rg|exact_portable_migration|1|0' 'target|rg|x86_64-unknown-linux-gnu|1|0' 'simd|rg|feature=+simd128|1|0' 'export-syntax|rg|/^Export|1|0' 'export-presence|rg|fn miso_engine_effect_descriptor_v1_inspect|1|0' 'late-api|rg|restore_unpublished_effect_bank_track_state_with_migration|1|0'
+ IFS='|'
+ read -r label tool needle occurrence expected
+ case "$label" in
+ operation='benchmark workload scan'
+ for mode in empty complete
+ producer_failure workload-empty rg descriptor_verify_identity_a 1 0 empty 'benchmark workload scan' nonempty
+ local label=workload-empty tool=rg needle=descriptor_verify_identity_a occurrence=1 expected=0 mode=empty 'operation=benchmark workload scan' shape=nonempty
+ local real log status
++ command -v rg
+ real=/home/bl/.codex/packages/standalone/releases/0.153.2-x86_64-unknown-linux-musl/codex-path/rg
+ find /tmp/tmp.joRYEY4S5F/fault-bin -mindepth 1 -maxdepth 1 -type f -delete
+ cat
+ chmod 755 /tmp/tmp.joRYEY4S5F/fault-bin/rg
+ :
+ log=/tmp/tmp.joRYEY4S5F/fault-workload-empty.log
+ MISO_REAL_TOOL=/home/bl/.codex/packages/standalone/releases/0.153.2-x86_64-unknown-linux-musl/codex-path/rg
+ MISO_FAULT_NEEDLE=descriptor_verify_identity_a
+ MISO_FAULT_OCCURRENCE=1
+ MISO_EXPECT_DELEGATE=0
+ MISO_FAULT_MODE=empty
+ MISO_FAULT_LABEL=workload-empty
+ MISO_OUTPUT_SHAPE=nonempty
+ MISO_DELEGATE_OUTPUT=/tmp/tmp.joRYEY4S5F/delegate-output
+ MISO_DELEGATE_ERROR=/tmp/tmp.joRYEY4S5F/delegate-error
+ MISO_FAULT_STATE=/tmp/tmp.joRYEY4S5F/fault-state
+ PATH=/tmp/tmp.joRYEY4S5F/fault-bin:/home/bl/.cargo/bin:/home/bl/.local/bin:/home/bl/.codex/packages/standalone/releases/0.153.2-x86_64-unknown-linux-musl/codex-path:/home/bl/.codex/tmp/arg0/codex-arg0CWD760:/home/bl/.local/bin:/home/bl/.opencode/bin:/home/bl/.local/bin:/home/bl/.local/bin:/home/bl/.opencode/bin:/home/bl/.local/bin:/usr/local/sbin:/usr/local/bin:/usr/sbin:/usr/bin:/sbin:/bin:/usr/games:/usr/local/games:/snap/bin
+ check
+ status=1
+ [[ 1 -ne 1 ]]
+ rg -F producer-error-sentinel:workload-empty /tmp/tmp.joRYEY4S5F/fault-workload-empty.log
+ rg -F '(status 73)' /tmp/tmp.joRYEY4S5F/fault-workload-empty.log
+ rg -F 'benchmark workload scan' /tmp/tmp.joRYEY4S5F/fault-workload-empty.log
+ [[ empty == complete ]]
+ for mode in empty complete
+ producer_failure workload-complete rg descriptor_verify_identity_a 1 0 complete 'benchmark workload scan' nonempty
+ local label=workload-complete tool=rg needle=descriptor_verify_identity_a occurrence=1 expected=0 mode=complete 'operation=benchmark workload scan' shape=nonempty
+ local real log status
++ command -v rg
+ real=/home/bl/.codex/packages/standalone/releases/0.153.2-x86_64-unknown-linux-musl/codex-path/rg
+ find /tmp/tmp.joRYEY4S5F/fault-bin -mindepth 1 -maxdepth 1 -type f -delete
+ cat
+ chmod 755 /tmp/tmp.joRYEY4S5F/fault-bin/rg
+ :
+ log=/tmp/tmp.joRYEY4S5F/fault-workload-complete.log
+ MISO_REAL_TOOL=/home/bl/.codex/packages/standalone/releases/0.153.2-x86_64-unknown-linux-musl/codex-path/rg
+ MISO_FAULT_NEEDLE=descriptor_verify_identity_a
+ MISO_FAULT_OCCURRENCE=1
+ MISO_EXPECT_DELEGATE=0
+ MISO_FAULT_MODE=complete
+ MISO_FAULT_LABEL=workload-complete
+ MISO_OUTPUT_SHAPE=nonempty
+ MISO_DELEGATE_OUTPUT=/tmp/tmp.joRYEY4S5F/delegate-output
+ MISO_DELEGATE_ERROR=/tmp/tmp.joRYEY4S5F/delegate-error
+ MISO_FAULT_STATE=/tmp/tmp.joRYEY4S5F/fault-state
+ PATH=/tmp/tmp.joRYEY4S5F/fault-bin:/home/bl/.cargo/bin:/home/bl/.local/bin:/home/bl/.codex/packages/standalone/releases/0.153.2-x86_64-unknown-linux-musl/codex-path:/home/bl/.codex/tmp/arg0/codex-arg0CWD760:/home/bl/.local/bin:/home/bl/.opencode/bin:/home/bl/.local/bin:/home/bl/.local/bin:/home/bl/.opencode/bin:/home/bl/.local/bin:/usr/local/sbin:/usr/local/bin:/usr/sbin:/usr/bin:/sbin:/bin:/usr/games:/usr/local/games:/snap/bin
+ check
+ status=1
+ [[ 1 -ne 1 ]]
+ rg -F producer-error-sentinel:workload-complete /tmp/tmp.joRYEY4S5F/fault-workload-complete.log
+ rg -F '(status 73)' /tmp/tmp.joRYEY4S5F/fault-workload-complete.log
+ rg -F 'benchmark workload scan' /tmp/tmp.joRYEY4S5F/fault-workload-complete.log
+ [[ complete == complete ]]
+ python3 -I -B - /tmp/tmp.joRYEY4S5F/delegate-output /tmp/tmp.joRYEY4S5F/fault-workload-complete.log
+ for row in 'observations|rg|const OBSERVATIONS|1|0' 'workload|rg|descriptor_verify_identity_a|1|0' 'rounds|rg|for round in|1|0' 'records|rg|records.len|1|0' 'import-safe|rg|__main__|1|0' 'reference-bounds|rg|run-effect-interchange-reference-processes.sh|1|0' 'multiline-campaign|rg|tiny_deterministic_mutation_smoke|1|0' 'campaign-count|rg|campaigns(4)|1|0' 'seed|rg|0x081d_e5c0_0000_0001|1|0' 'matrix|rg|exact_portable_migration|1|0' 'target|rg|x86_64-unknown-linux-gnu|1|0' 'simd|rg|feature=+simd128|1|0' 'export-syntax|rg|/^Export|1|0' 'export-presence|rg|fn miso_engine_effect_descriptor_v1_inspect|1|0' 'late-api|rg|restore_unpublished_effect_bank_track_state_with_migration|1|0'
+ IFS='|'
+ read -r label tool needle occurrence expected
+ case "$label" in
+ operation='benchmark rounds scan'
+ for mode in empty complete
+ producer_failure rounds-empty rg 'for round in' 1 0 empty 'benchmark rounds scan' nonempty
+ local label=rounds-empty tool=rg 'needle=for round in' occurrence=1 expected=0 mode=empty 'operation=benchmark rounds scan' shape=nonempty
+ local real log status
++ command -v rg
+ real=/home/bl/.codex/packages/standalone/releases/0.153.2-x86_64-unknown-linux-musl/codex-path/rg
+ find /tmp/tmp.joRYEY4S5F/fault-bin -mindepth 1 -maxdepth 1 -type f -delete
+ cat
+ chmod 755 /tmp/tmp.joRYEY4S5F/fault-bin/rg
+ :
+ log=/tmp/tmp.joRYEY4S5F/fault-rounds-empty.log
+ MISO_REAL_TOOL=/home/bl/.codex/packages/standalone/releases/0.153.2-x86_64-unknown-linux-musl/codex-path/rg
+ MISO_FAULT_NEEDLE='for round in'
+ MISO_FAULT_OCCURRENCE=1
+ MISO_EXPECT_DELEGATE=0
+ MISO_FAULT_MODE=empty
+ MISO_FAULT_LABEL=rounds-empty
+ MISO_OUTPUT_SHAPE=nonempty
+ MISO_DELEGATE_OUTPUT=/tmp/tmp.joRYEY4S5F/delegate-output
+ MISO_DELEGATE_ERROR=/tmp/tmp.joRYEY4S5F/delegate-error
+ MISO_FAULT_STATE=/tmp/tmp.joRYEY4S5F/fault-state
+ PATH=/tmp/tmp.joRYEY4S5F/fault-bin:/home/bl/.cargo/bin:/home/bl/.local/bin:/home/bl/.codex/packages/standalone/releases/0.153.2-x86_64-unknown-linux-musl/codex-path:/home/bl/.codex/tmp/arg0/codex-arg0CWD760:/home/bl/.local/bin:/home/bl/.opencode/bin:/home/bl/.local/bin:/home/bl/.local/bin:/home/bl/.opencode/bin:/home/bl/.local/bin:/usr/local/sbin:/usr/local/bin:/usr/sbin:/usr/bin:/sbin:/bin:/usr/games:/usr/local/games:/snap/bin
+ check
+ status=1
+ [[ 1 -ne 1 ]]
+ rg -F producer-error-sentinel:rounds-empty /tmp/tmp.joRYEY4S5F/fault-rounds-empty.log
+ rg -F '(status 73)' /tmp/tmp.joRYEY4S5F/fault-rounds-empty.log
+ rg -F 'benchmark rounds scan' /tmp/tmp.joRYEY4S5F/fault-rounds-empty.log
+ [[ empty == complete ]]
+ for mode in empty complete
+ producer_failure rounds-complete rg 'for round in' 1 0 complete 'benchmark rounds scan' nonempty
+ local label=rounds-complete tool=rg 'needle=for round in' occurrence=1 expected=0 mode=complete 'operation=benchmark rounds scan' shape=nonempty
+ local real log status
++ command -v rg
+ real=/home/bl/.codex/packages/standalone/releases/0.153.2-x86_64-unknown-linux-musl/codex-path/rg
+ find /tmp/tmp.joRYEY4S5F/fault-bin -mindepth 1 -maxdepth 1 -type f -delete
+ cat
+ chmod 755 /tmp/tmp.joRYEY4S5F/fault-bin/rg
+ :
+ log=/tmp/tmp.joRYEY4S5F/fault-rounds-complete.log
+ MISO_REAL_TOOL=/home/bl/.codex/packages/standalone/releases/0.153.2-x86_64-unknown-linux-musl/codex-path/rg
+ MISO_FAULT_NEEDLE='for round in'
+ MISO_FAULT_OCCURRENCE=1
+ MISO_EXPECT_DELEGATE=0
+ MISO_FAULT_MODE=complete
+ MISO_FAULT_LABEL=rounds-complete
+ MISO_OUTPUT_SHAPE=nonempty
+ MISO_DELEGATE_OUTPUT=/tmp/tmp.joRYEY4S5F/delegate-output
+ MISO_DELEGATE_ERROR=/tmp/tmp.joRYEY4S5F/delegate-error
+ MISO_FAULT_STATE=/tmp/tmp.joRYEY4S5F/fault-state
+ PATH=/tmp/tmp.joRYEY4S5F/fault-bin:/home/bl/.cargo/bin:/home/bl/.local/bin:/home/bl/.codex/packages/standalone/releases/0.153.2-x86_64-unknown-linux-musl/codex-path:/home/bl/.codex/tmp/arg0/codex-arg0CWD760:/home/bl/.local/bin:/home/bl/.opencode/bin:/home/bl/.local/bin:/home/bl/.local/bin:/home/bl/.opencode/bin:/home/bl/.local/bin:/usr/local/sbin:/usr/local/bin:/usr/sbin:/usr/bin:/sbin:/bin:/usr/games:/usr/local/games:/snap/bin
+ check
+ status=1
+ [[ 1 -ne 1 ]]
+ rg -F producer-error-sentinel:rounds-complete /tmp/tmp.joRYEY4S5F/fault-rounds-complete.log
+ rg -F '(status 73)' /tmp/tmp.joRYEY4S5F/fault-rounds-complete.log
+ rg -F 'benchmark rounds scan' /tmp/tmp.joRYEY4S5F/fault-rounds-complete.log
+ [[ complete == complete ]]
+ python3 -I -B - /tmp/tmp.joRYEY4S5F/delegate-output /tmp/tmp.joRYEY4S5F/fault-rounds-complete.log
+ for row in 'observations|rg|const OBSERVATIONS|1|0' 'workload|rg|descriptor_verify_identity_a|1|0' 'rounds|rg|for round in|1|0' 'records|rg|records.len|1|0' 'import-safe|rg|__main__|1|0' 'reference-bounds|rg|run-effect-interchange-reference-processes.sh|1|0' 'multiline-campaign|rg|tiny_deterministic_mutation_smoke|1|0' 'campaign-count|rg|campaigns(4)|1|0' 'seed|rg|0x081d_e5c0_0000_0001|1|0' 'matrix|rg|exact_portable_migration|1|0' 'target|rg|x86_64-unknown-linux-gnu|1|0' 'simd|rg|feature=+simd128|1|0' 'export-syntax|rg|/^Export|1|0' 'export-presence|rg|fn miso_engine_effect_descriptor_v1_inspect|1|0' 'late-api|rg|restore_unpublished_effect_bank_track_state_with_migration|1|0'
+ IFS='|'
+ read -r label tool needle occurrence expected
+ case "$label" in
+ operation='benchmark record count scan'
+ for mode in empty complete
+ producer_failure records-empty rg records.len 1 0 empty 'benchmark record count scan' nonempty
+ local label=records-empty tool=rg needle=records.len occurrence=1 expected=0 mode=empty 'operation=benchmark record count scan' shape=nonempty
+ local real log status
++ command -v rg
+ real=/home/bl/.codex/packages/standalone/releases/0.153.2-x86_64-unknown-linux-musl/codex-path/rg
+ find /tmp/tmp.joRYEY4S5F/fault-bin -mindepth 1 -maxdepth 1 -type f -delete
+ cat
+ chmod 755 /tmp/tmp.joRYEY4S5F/fault-bin/rg
+ :
+ log=/tmp/tmp.joRYEY4S5F/fault-records-empty.log
+ MISO_REAL_TOOL=/home/bl/.codex/packages/standalone/releases/0.153.2-x86_64-unknown-linux-musl/codex-path/rg
+ MISO_FAULT_NEEDLE=records.len
+ MISO_FAULT_OCCURRENCE=1
+ MISO_EXPECT_DELEGATE=0
+ MISO_FAULT_MODE=empty
+ MISO_FAULT_LABEL=records-empty
+ MISO_OUTPUT_SHAPE=nonempty
+ MISO_DELEGATE_OUTPUT=/tmp/tmp.joRYEY4S5F/delegate-output
+ MISO_DELEGATE_ERROR=/tmp/tmp.joRYEY4S5F/delegate-error
+ MISO_FAULT_STATE=/tmp/tmp.joRYEY4S5F/fault-state
+ PATH=/tmp/tmp.joRYEY4S5F/fault-bin:/home/bl/.cargo/bin:/home/bl/.local/bin:/home/bl/.codex/packages/standalone/releases/0.153.2-x86_64-unknown-linux-musl/codex-path:/home/bl/.codex/tmp/arg0/codex-arg0CWD760:/home/bl/.local/bin:/home/bl/.opencode/bin:/home/bl/.local/bin:/home/bl/.local/bin:/home/bl/.opencode/bin:/home/bl/.local/bin:/usr/local/sbin:/usr/local/bin:/usr/sbin:/usr/bin:/sbin:/bin:/usr/games:/usr/local/games:/snap/bin
+ check
+ status=1
+ [[ 1 -ne 1 ]]
+ rg -F producer-error-sentinel:records-empty /tmp/tmp.joRYEY4S5F/fault-records-empty.log
+ rg -F '(status 73)' /tmp/tmp.joRYEY4S5F/fault-records-empty.log
+ rg -F 'benchmark record count scan' /tmp/tmp.joRYEY4S5F/fault-records-empty.log
+ [[ empty == complete ]]
+ for mode in empty complete
+ producer_failure records-complete rg records.len 1 0 complete 'benchmark record count scan' nonempty
+ local label=records-complete tool=rg needle=records.len occurrence=1 expected=0 mode=complete 'operation=benchmark record count scan' shape=nonempty
+ local real log status
++ command -v rg
+ real=/home/bl/.codex/packages/standalone/releases/0.153.2-x86_64-unknown-linux-musl/codex-path/rg
+ find /tmp/tmp.joRYEY4S5F/fault-bin -mindepth 1 -maxdepth 1 -type f -delete
+ cat
+ chmod 755 /tmp/tmp.joRYEY4S5F/fault-bin/rg
+ :
+ log=/tmp/tmp.joRYEY4S5F/fault-records-complete.log
+ MISO_REAL_TOOL=/home/bl/.codex/packages/standalone/releases/0.153.2-x86_64-unknown-linux-musl/codex-path/rg
+ MISO_FAULT_NEEDLE=records.len
+ MISO_FAULT_OCCURRENCE=1
+ MISO_EXPECT_DELEGATE=0
+ MISO_FAULT_MODE=complete
+ MISO_FAULT_LABEL=records-complete
+ MISO_OUTPUT_SHAPE=nonempty
+ MISO_DELEGATE_OUTPUT=/tmp/tmp.joRYEY4S5F/delegate-output
+ MISO_DELEGATE_ERROR=/tmp/tmp.joRYEY4S5F/delegate-error
+ MISO_FAULT_STATE=/tmp/tmp.joRYEY4S5F/fault-state
+ PATH=/tmp/tmp.joRYEY4S5F/fault-bin:/home/bl/.cargo/bin:/home/bl/.local/bin:/home/bl/.codex/packages/standalone/releases/0.153.2-x86_64-unknown-linux-musl/codex-path:/home/bl/.codex/tmp/arg0/codex-arg0CWD760:/home/bl/.local/bin:/home/bl/.opencode/bin:/home/bl/.local/bin:/home/bl/.local/bin:/home/bl/.opencode/bin:/home/bl/.local/bin:/usr/local/sbin:/usr/local/bin:/usr/sbin:/usr/bin:/sbin:/bin:/usr/games:/usr/local/games:/snap/bin
+ check
+ status=1
+ [[ 1 -ne 1 ]]
+ rg -F producer-error-sentinel:records-complete /tmp/tmp.joRYEY4S5F/fault-records-complete.log
+ rg -F '(status 73)' /tmp/tmp.joRYEY4S5F/fault-records-complete.log
+ rg -F 'benchmark record count scan' /tmp/tmp.joRYEY4S5F/fault-records-complete.log
+ [[ complete == complete ]]
+ python3 -I -B - /tmp/tmp.joRYEY4S5F/delegate-output /tmp/tmp.joRYEY4S5F/fault-records-complete.log
+ for row in 'observations|rg|const OBSERVATIONS|1|0' 'workload|rg|descriptor_verify_identity_a|1|0' 'rounds|rg|for round in|1|0' 'records|rg|records.len|1|0' 'import-safe|rg|__main__|1|0' 'reference-bounds|rg|run-effect-interchange-reference-processes.sh|1|0' 'multiline-campaign|rg|tiny_deterministic_mutation_smoke|1|0' 'campaign-count|rg|campaigns(4)|1|0' 'seed|rg|0x081d_e5c0_0000_0001|1|0' 'matrix|rg|exact_portable_migration|1|0' 'target|rg|x86_64-unknown-linux-gnu|1|0' 'simd|rg|feature=+simd128|1|0' 'export-syntax|rg|/^Export|1|0' 'export-presence|rg|fn miso_engine_effect_descriptor_v1_inspect|1|0' 'late-api|rg|restore_unpublished_effect_bank_track_state_with_migration|1|0'
+ IFS='|'
+ read -r label tool needle occurrence expected
+ case "$label" in
+ operation='aggregator import-safe scan'
+ for mode in empty complete
+ producer_failure import-safe-empty rg __main__ 1 0 empty 'aggregator import-safe scan' nonempty
+ local label=import-safe-empty tool=rg needle=__main__ occurrence=1 expected=0 mode=empty 'operation=aggregator import-safe scan' shape=nonempty
+ local real log status
++ command -v rg
+ real=/home/bl/.codex/packages/standalone/releases/0.153.2-x86_64-unknown-linux-musl/codex-path/rg
+ find /tmp/tmp.joRYEY4S5F/fault-bin -mindepth 1 -maxdepth 1 -type f -delete
+ cat
+ chmod 755 /tmp/tmp.joRYEY4S5F/fault-bin/rg
+ :
+ log=/tmp/tmp.joRYEY4S5F/fault-import-safe-empty.log
+ MISO_REAL_TOOL=/home/bl/.codex/packages/standalone/releases/0.153.2-x86_64-unknown-linux-musl/codex-path/rg
+ MISO_FAULT_NEEDLE=__main__
+ MISO_FAULT_OCCURRENCE=1
+ MISO_EXPECT_DELEGATE=0
+ MISO_FAULT_MODE=empty
+ MISO_FAULT_LABEL=import-safe-empty
+ MISO_OUTPUT_SHAPE=nonempty
+ MISO_DELEGATE_OUTPUT=/tmp/tmp.joRYEY4S5F/delegate-output
+ MISO_DELEGATE_ERROR=/tmp/tmp.joRYEY4S5F/delegate-error
+ MISO_FAULT_STATE=/tmp/tmp.joRYEY4S5F/fault-state
+ PATH=/tmp/tmp.joRYEY4S5F/fault-bin:/home/bl/.cargo/bin:/home/bl/.local/bin:/home/bl/.codex/packages/standalone/releases/0.153.2-x86_64-unknown-linux-musl/codex-path:/home/bl/.codex/tmp/arg0/codex-arg0CWD760:/home/bl/.local/bin:/home/bl/.opencode/bin:/home/bl/.local/bin:/home/bl/.local/bin:/home/bl/.opencode/bin:/home/bl/.local/bin:/usr/local/sbin:/usr/local/bin:/usr/sbin:/usr/bin:/sbin:/bin:/usr/games:/usr/local/games:/snap/bin
+ check
+ status=1
+ [[ 1 -ne 1 ]]
+ rg -F producer-error-sentinel:import-safe-empty /tmp/tmp.joRYEY4S5F/fault-import-safe-empty.log
+ rg -F '(status 73)' /tmp/tmp.joRYEY4S5F/fault-import-safe-empty.log
+ rg -F 'aggregator import-safe scan' /tmp/tmp.joRYEY4S5F/fault-import-safe-empty.log
+ [[ empty == complete ]]
+ for mode in empty complete
+ producer_failure import-safe-complete rg __main__ 1 0 complete 'aggregator import-safe scan' nonempty
+ local label=import-safe-complete tool=rg needle=__main__ occurrence=1 expected=0 mode=complete 'operation=aggregator import-safe scan' shape=nonempty
+ local real log status
++ command -v rg
+ real=/home/bl/.codex/packages/standalone/releases/0.153.2-x86_64-unknown-linux-musl/codex-path/rg
+ find /tmp/tmp.joRYEY4S5F/fault-bin -mindepth 1 -maxdepth 1 -type f -delete
+ cat
+ chmod 755 /tmp/tmp.joRYEY4S5F/fault-bin/rg
+ :
+ log=/tmp/tmp.joRYEY4S5F/fault-import-safe-complete.log
+ MISO_REAL_TOOL=/home/bl/.codex/packages/standalone/releases/0.153.2-x86_64-unknown-linux-musl/codex-path/rg
+ MISO_FAULT_NEEDLE=__main__
+ MISO_FAULT_OCCURRENCE=1
+ MISO_EXPECT_DELEGATE=0
+ MISO_FAULT_MODE=complete
+ MISO_FAULT_LABEL=import-safe-complete
+ MISO_OUTPUT_SHAPE=nonempty
+ MISO_DELEGATE_OUTPUT=/tmp/tmp.joRYEY4S5F/delegate-output
+ MISO_DELEGATE_ERROR=/tmp/tmp.joRYEY4S5F/delegate-error
+ MISO_FAULT_STATE=/tmp/tmp.joRYEY4S5F/fault-state
+ PATH=/tmp/tmp.joRYEY4S5F/fault-bin:/home/bl/.cargo/bin:/home/bl/.local/bin:/home/bl/.codex/packages/standalone/releases/0.153.2-x86_64-unknown-linux-musl/codex-path:/home/bl/.codex/tmp/arg0/codex-arg0CWD760:/home/bl/.local/bin:/home/bl/.opencode/bin:/home/bl/.local/bin:/home/bl/.local/bin:/home/bl/.opencode/bin:/home/bl/.local/bin:/usr/local/sbin:/usr/local/bin:/usr/sbin:/usr/bin:/sbin:/bin:/usr/games:/usr/local/games:/snap/bin
+ check
+ status=1
+ [[ 1 -ne 1 ]]
+ rg -F producer-error-sentinel:import-safe-complete /tmp/tmp.joRYEY4S5F/fault-import-safe-complete.log
+ rg -F '(status 73)' /tmp/tmp.joRYEY4S5F/fault-import-safe-complete.log
+ rg -F 'aggregator import-safe scan' /tmp/tmp.joRYEY4S5F/fault-import-safe-complete.log
+ [[ complete == complete ]]
+ python3 -I -B - /tmp/tmp.joRYEY4S5F/delegate-output /tmp/tmp.joRYEY4S5F/fault-import-safe-complete.log
+ for row in 'observations|rg|const OBSERVATIONS|1|0' 'workload|rg|descriptor_verify_identity_a|1|0' 'rounds|rg|for round in|1|0' 'records|rg|records.len|1|0' 'import-safe|rg|__main__|1|0' 'reference-bounds|rg|run-effect-interchange-reference-processes.sh|1|0' 'multiline-campaign|rg|tiny_deterministic_mutation_smoke|1|0' 'campaign-count|rg|campaigns(4)|1|0' 'seed|rg|0x081d_e5c0_0000_0001|1|0' 'matrix|rg|exact_portable_migration|1|0' 'target|rg|x86_64-unknown-linux-gnu|1|0' 'simd|rg|feature=+simd128|1|0' 'export-syntax|rg|/^Export|1|0' 'export-presence|rg|fn miso_engine_effect_descriptor_v1_inspect|1|0' 'late-api|rg|restore_unpublished_effect_bank_track_state_with_migration|1|0'
+ IFS='|'
+ read -r label tool needle occurrence expected
+ case "$label" in
+ operation='reference process bounds scan'
+ for mode in empty complete
+ producer_failure reference-bounds-empty rg run-effect-interchange-reference-processes.sh 1 0 empty 'reference process bounds scan' nonempty
+ local label=reference-bounds-empty tool=rg needle=run-effect-interchange-reference-processes.sh occurrence=1 expected=0 mode=empty 'operation=reference process bounds scan' shape=nonempty
+ local real log status
++ command -v rg
+ real=/home/bl/.codex/packages/standalone/releases/0.153.2-x86_64-unknown-linux-musl/codex-path/rg
+ find /tmp/tmp.joRYEY4S5F/fault-bin -mindepth 1 -maxdepth 1 -type f -delete
+ cat
+ chmod 755 /tmp/tmp.joRYEY4S5F/fault-bin/rg
+ :
+ log=/tmp/tmp.joRYEY4S5F/fault-reference-bounds-empty.log
+ MISO_REAL_TOOL=/home/bl/.codex/packages/standalone/releases/0.153.2-x86_64-unknown-linux-musl/codex-path/rg
+ MISO_FAULT_NEEDLE=run-effect-interchange-reference-processes.sh
+ MISO_FAULT_OCCURRENCE=1
+ MISO_EXPECT_DELEGATE=0
+ MISO_FAULT_MODE=empty
+ MISO_FAULT_LABEL=reference-bounds-empty
+ MISO_OUTPUT_SHAPE=nonempty
+ MISO_DELEGATE_OUTPUT=/tmp/tmp.joRYEY4S5F/delegate-output
+ MISO_DELEGATE_ERROR=/tmp/tmp.joRYEY4S5F/delegate-error
+ MISO_FAULT_STATE=/tmp/tmp.joRYEY4S5F/fault-state
+ PATH=/tmp/tmp.joRYEY4S5F/fault-bin:/home/bl/.cargo/bin:/home/bl/.local/bin:/home/bl/.codex/packages/standalone/releases/0.153.2-x86_64-unknown-linux-musl/codex-path:/home/bl/.codex/tmp/arg0/codex-arg0CWD760:/home/bl/.local/bin:/home/bl/.opencode/bin:/home/bl/.local/bin:/home/bl/.local/bin:/home/bl/.opencode/bin:/home/bl/.local/bin:/usr/local/sbin:/usr/local/bin:/usr/sbin:/usr/bin:/sbin:/bin:/usr/games:/usr/local/games:/snap/bin
+ check
+ status=1
+ [[ 1 -ne 1 ]]
+ rg -F producer-error-sentinel:reference-bounds-empty /tmp/tmp.joRYEY4S5F/fault-reference-bounds-empty.log
+ rg -F '(status 73)' /tmp/tmp.joRYEY4S5F/fault-reference-bounds-empty.log
+ rg -F 'reference process bounds scan' /tmp/tmp.joRYEY4S5F/fault-reference-bounds-empty.log
+ [[ empty == complete ]]
+ for mode in empty complete
+ producer_failure reference-bounds-complete rg run-effect-interchange-reference-processes.sh 1 0 complete 'reference process bounds scan' nonempty
+ local label=reference-bounds-complete tool=rg needle=run-effect-interchange-reference-processes.sh occurrence=1 expected=0 mode=complete 'operation=reference process bounds scan' shape=nonempty
+ local real log status
++ command -v rg
+ real=/home/bl/.codex/packages/standalone/releases/0.153.2-x86_64-unknown-linux-musl/codex-path/rg
+ find /tmp/tmp.joRYEY4S5F/fault-bin -mindepth 1 -maxdepth 1 -type f -delete
+ cat
+ chmod 755 /tmp/tmp.joRYEY4S5F/fault-bin/rg
+ :
+ log=/tmp/tmp.joRYEY4S5F/fault-reference-bounds-complete.log
+ MISO_REAL_TOOL=/home/bl/.codex/packages/standalone/releases/0.153.2-x86_64-unknown-linux-musl/codex-path/rg
+ MISO_FAULT_NEEDLE=run-effect-interchange-reference-processes.sh
+ MISO_FAULT_OCCURRENCE=1
+ MISO_EXPECT_DELEGATE=0
+ MISO_FAULT_MODE=complete
+ MISO_FAULT_LABEL=reference-bounds-complete
+ MISO_OUTPUT_SHAPE=nonempty
+ MISO_DELEGATE_OUTPUT=/tmp/tmp.joRYEY4S5F/delegate-output
+ MISO_DELEGATE_ERROR=/tmp/tmp.joRYEY4S5F/delegate-error
+ MISO_FAULT_STATE=/tmp/tmp.joRYEY4S5F/fault-state
+ PATH=/tmp/tmp.joRYEY4S5F/fault-bin:/home/bl/.cargo/bin:/home/bl/.local/bin:/home/bl/.codex/packages/standalone/releases/0.153.2-x86_64-unknown-linux-musl/codex-path:/home/bl/.codex/tmp/arg0/codex-arg0CWD760:/home/bl/.local/bin:/home/bl/.opencode/bin:/home/bl/.local/bin:/home/bl/.local/bin:/home/bl/.opencode/bin:/home/bl/.local/bin:/usr/local/sbin:/usr/local/bin:/usr/sbin:/usr/bin:/sbin:/bin:/usr/games:/usr/local/games:/snap/bin
+ check
+ status=1
+ [[ 1 -ne 1 ]]
+ rg -F producer-error-sentinel:reference-bounds-complete /tmp/tmp.joRYEY4S5F/fault-reference-bounds-complete.log
+ rg -F '(status 73)' /tmp/tmp.joRYEY4S5F/fault-reference-bounds-complete.log
+ rg -F 'reference process bounds scan' /tmp/tmp.joRYEY4S5F/fault-reference-bounds-complete.log
+ [[ complete == complete ]]
+ python3 -I -B - /tmp/tmp.joRYEY4S5F/delegate-output /tmp/tmp.joRYEY4S5F/fault-reference-bounds-complete.log
+ for row in 'observations|rg|const OBSERVATIONS|1|0' 'workload|rg|descriptor_verify_identity_a|1|0' 'rounds|rg|for round in|1|0' 'records|rg|records.len|1|0' 'import-safe|rg|__main__|1|0' 'reference-bounds|rg|run-effect-interchange-reference-processes.sh|1|0' 'multiline-campaign|rg|tiny_deterministic_mutation_smoke|1|0' 'campaign-count|rg|campaigns(4)|1|0' 'seed|rg|0x081d_e5c0_0000_0001|1|0' 'matrix|rg|exact_portable_migration|1|0' 'target|rg|x86_64-unknown-linux-gnu|1|0' 'simd|rg|feature=+simd128|1|0' 'export-syntax|rg|/^Export|1|0' 'export-presence|rg|fn miso_engine_effect_descriptor_v1_inspect|1|0' 'late-api|rg|restore_unpublished_effect_bank_track_state_with_migration|1|0'
+ IFS='|'
+ read -r label tool needle occurrence expected
+ case "$label" in
+ operation='mutation campaign declaration scan'
+ for mode in empty complete
+ producer_failure multiline-campaign-empty rg tiny_deterministic_mutation_smoke 1 0 empty 'mutation campaign declaration scan' nonempty
+ local label=multiline-campaign-empty tool=rg needle=tiny_deterministic_mutation_smoke occurrence=1 expected=0 mode=empty 'operation=mutation campaign declaration scan' shape=nonempty
+ local real log status
++ command -v rg
+ real=/home/bl/.codex/packages/standalone/releases/0.153.2-x86_64-unknown-linux-musl/codex-path/rg
+ find /tmp/tmp.joRYEY4S5F/fault-bin -mindepth 1 -maxdepth 1 -type f -delete
+ cat
+ chmod 755 /tmp/tmp.joRYEY4S5F/fault-bin/rg
+ :
+ log=/tmp/tmp.joRYEY4S5F/fault-multiline-campaign-empty.log
+ MISO_REAL_TOOL=/home/bl/.codex/packages/standalone/releases/0.153.2-x86_64-unknown-linux-musl/codex-path/rg
+ MISO_FAULT_NEEDLE=tiny_deterministic_mutation_smoke
+ MISO_FAULT_OCCURRENCE=1
+ MISO_EXPECT_DELEGATE=0
+ MISO_FAULT_MODE=empty
+ MISO_FAULT_LABEL=multiline-campaign-empty
+ MISO_OUTPUT_SHAPE=nonempty
+ MISO_DELEGATE_OUTPUT=/tmp/tmp.joRYEY4S5F/delegate-output
+ MISO_DELEGATE_ERROR=/tmp/tmp.joRYEY4S5F/delegate-error
+ MISO_FAULT_STATE=/tmp/tmp.joRYEY4S5F/fault-state
+ PATH=/tmp/tmp.joRYEY4S5F/fault-bin:/home/bl/.cargo/bin:/home/bl/.local/bin:/home/bl/.codex/packages/standalone/releases/0.153.2-x86_64-unknown-linux-musl/codex-path:/home/bl/.codex/tmp/arg0/codex-arg0CWD760:/home/bl/.local/bin:/home/bl/.opencode/bin:/home/bl/.local/bin:/home/bl/.local/bin:/home/bl/.opencode/bin:/home/bl/.local/bin:/usr/local/sbin:/usr/local/bin:/usr/sbin:/usr/bin:/sbin:/bin:/usr/games:/usr/local/games:/snap/bin
+ check
+ status=1
+ [[ 1 -ne 1 ]]
+ rg -F producer-error-sentinel:multiline-campaign-empty /tmp/tmp.joRYEY4S5F/fault-multiline-campaign-empty.log
+ rg -F '(status 73)' /tmp/tmp.joRYEY4S5F/fault-multiline-campaign-empty.log
+ rg -F 'mutation campaign declaration scan' /tmp/tmp.joRYEY4S5F/fault-multiline-campaign-empty.log
+ [[ empty == complete ]]
+ for mode in empty complete
+ producer_failure multiline-campaign-complete rg tiny_deterministic_mutation_smoke 1 0 complete 'mutation campaign declaration scan' nonempty
+ local label=multiline-campaign-complete tool=rg needle=tiny_deterministic_mutation_smoke occurrence=1 expected=0 mode=complete 'operation=mutation campaign declaration scan' shape=nonempty
+ local real log status
++ command -v rg
+ real=/home/bl/.codex/packages/standalone/releases/0.153.2-x86_64-unknown-linux-musl/codex-path/rg
+ find /tmp/tmp.joRYEY4S5F/fault-bin -mindepth 1 -maxdepth 1 -type f -delete
+ cat
+ chmod 755 /tmp/tmp.joRYEY4S5F/fault-bin/rg
+ :
+ log=/tmp/tmp.joRYEY4S5F/fault-multiline-campaign-complete.log
+ MISO_REAL_TOOL=/home/bl/.codex/packages/standalone/releases/0.153.2-x86_64-unknown-linux-musl/codex-path/rg
+ MISO_FAULT_NEEDLE=tiny_deterministic_mutation_smoke
+ MISO_FAULT_OCCURRENCE=1
+ MISO_EXPECT_DELEGATE=0
+ MISO_FAULT_MODE=complete
+ MISO_FAULT_LABEL=multiline-campaign-complete
+ MISO_OUTPUT_SHAPE=nonempty
+ MISO_DELEGATE_OUTPUT=/tmp/tmp.joRYEY4S5F/delegate-output
+ MISO_DELEGATE_ERROR=/tmp/tmp.joRYEY4S5F/delegate-error
+ MISO_FAULT_STATE=/tmp/tmp.joRYEY4S5F/fault-state
+ PATH=/tmp/tmp.joRYEY4S5F/fault-bin:/home/bl/.cargo/bin:/home/bl/.local/bin:/home/bl/.codex/packages/standalone/releases/0.153.2-x86_64-unknown-linux-musl/codex-path:/home/bl/.codex/tmp/arg0/codex-arg0CWD760:/home/bl/.local/bin:/home/bl/.opencode/bin:/home/bl/.local/bin:/home/bl/.local/bin:/home/bl/.opencode/bin:/home/bl/.local/bin:/usr/local/sbin:/usr/local/bin:/usr/sbin:/usr/bin:/sbin:/bin:/usr/games:/usr/local/games:/snap/bin
+ check
+ status=1
+ [[ 1 -ne 1 ]]
+ rg -F producer-error-sentinel:multiline-campaign-complete /tmp/tmp.joRYEY4S5F/fault-multiline-campaign-complete.log
+ rg -F '(status 73)' /tmp/tmp.joRYEY4S5F/fault-multiline-campaign-complete.log
+ rg -F 'mutation campaign declaration scan' /tmp/tmp.joRYEY4S5F/fault-multiline-campaign-complete.log
+ [[ complete == complete ]]
+ python3 -I -B - /tmp/tmp.joRYEY4S5F/delegate-output /tmp/tmp.joRYEY4S5F/fault-multiline-campaign-complete.log
+ for row in 'observations|rg|const OBSERVATIONS|1|0' 'workload|rg|descriptor_verify_identity_a|1|0' 'rounds|rg|for round in|1|0' 'records|rg|records.len|1|0' 'import-safe|rg|__main__|1|0' 'reference-bounds|rg|run-effect-interchange-reference-processes.sh|1|0' 'multiline-campaign|rg|tiny_deterministic_mutation_smoke|1|0' 'campaign-count|rg|campaigns(4)|1|0' 'seed|rg|0x081d_e5c0_0000_0001|1|0' 'matrix|rg|exact_portable_migration|1|0' 'target|rg|x86_64-unknown-linux-gnu|1|0' 'simd|rg|feature=+simd128|1|0' 'export-syntax|rg|/^Export|1|0' 'export-presence|rg|fn miso_engine_effect_descriptor_v1_inspect|1|0' 'late-api|rg|restore_unpublished_effect_bank_track_state_with_migration|1|0'
+ IFS='|'
+ read -r label tool needle occurrence expected
+ case "$label" in
+ operation='mutation campaign trial scan'
+ for mode in empty complete
+ producer_failure campaign-count-empty rg 'campaigns(4)' 1 0 empty 'mutation campaign trial scan' nonempty
+ local label=campaign-count-empty tool=rg 'needle=campaigns(4)' occurrence=1 expected=0 mode=empty 'operation=mutation campaign trial scan' shape=nonempty
+ local real log status
++ command -v rg
+ real=/home/bl/.codex/packages/standalone/releases/0.153.2-x86_64-unknown-linux-musl/codex-path/rg
+ find /tmp/tmp.joRYEY4S5F/fault-bin -mindepth 1 -maxdepth 1 -type f -delete
+ cat
+ chmod 755 /tmp/tmp.joRYEY4S5F/fault-bin/rg
+ :
+ log=/tmp/tmp.joRYEY4S5F/fault-campaign-count-empty.log
+ MISO_REAL_TOOL=/home/bl/.codex/packages/standalone/releases/0.153.2-x86_64-unknown-linux-musl/codex-path/rg
+ MISO_FAULT_NEEDLE='campaigns(4)'
+ MISO_FAULT_OCCURRENCE=1
+ MISO_EXPECT_DELEGATE=0
+ MISO_FAULT_MODE=empty
+ MISO_FAULT_LABEL=campaign-count-empty
+ MISO_OUTPUT_SHAPE=nonempty
+ MISO_DELEGATE_OUTPUT=/tmp/tmp.joRYEY4S5F/delegate-output
+ MISO_DELEGATE_ERROR=/tmp/tmp.joRYEY4S5F/delegate-error
+ MISO_FAULT_STATE=/tmp/tmp.joRYEY4S5F/fault-state
+ PATH=/tmp/tmp.joRYEY4S5F/fault-bin:/home/bl/.cargo/bin:/home/bl/.local/bin:/home/bl/.codex/packages/standalone/releases/0.153.2-x86_64-unknown-linux-musl/codex-path:/home/bl/.codex/tmp/arg0/codex-arg0CWD760:/home/bl/.local/bin:/home/bl/.opencode/bin:/home/bl/.local/bin:/home/bl/.local/bin:/home/bl/.opencode/bin:/home/bl/.local/bin:/usr/local/sbin:/usr/local/bin:/usr/sbin:/usr/bin:/sbin:/bin:/usr/games:/usr/local/games:/snap/bin
+ check
+ status=1
+ [[ 1 -ne 1 ]]
+ rg -F producer-error-sentinel:campaign-count-empty /tmp/tmp.joRYEY4S5F/fault-campaign-count-empty.log
+ rg -F '(status 73)' /tmp/tmp.joRYEY4S5F/fault-campaign-count-empty.log
+ rg -F 'mutation campaign trial scan' /tmp/tmp.joRYEY4S5F/fault-campaign-count-empty.log
+ [[ empty == complete ]]
+ for mode in empty complete
+ producer_failure campaign-count-complete rg 'campaigns(4)' 1 0 complete 'mutation campaign trial scan' nonempty
+ local label=campaign-count-complete tool=rg 'needle=campaigns(4)' occurrence=1 expected=0 mode=complete 'operation=mutation campaign trial scan' shape=nonempty
+ local real log status
++ command -v rg
+ real=/home/bl/.codex/packages/standalone/releases/0.153.2-x86_64-unknown-linux-musl/codex-path/rg
+ find /tmp/tmp.joRYEY4S5F/fault-bin -mindepth 1 -maxdepth 1 -type f -delete
+ cat
+ chmod 755 /tmp/tmp.joRYEY4S5F/fault-bin/rg
+ :
+ log=/tmp/tmp.joRYEY4S5F/fault-campaign-count-complete.log
+ MISO_REAL_TOOL=/home/bl/.codex/packages/standalone/releases/0.153.2-x86_64-unknown-linux-musl/codex-path/rg
+ MISO_FAULT_NEEDLE='campaigns(4)'
+ MISO_FAULT_OCCURRENCE=1
+ MISO_EXPECT_DELEGATE=0
+ MISO_FAULT_MODE=complete
+ MISO_FAULT_LABEL=campaign-count-complete
+ MISO_OUTPUT_SHAPE=nonempty
+ MISO_DELEGATE_OUTPUT=/tmp/tmp.joRYEY4S5F/delegate-output
+ MISO_DELEGATE_ERROR=/tmp/tmp.joRYEY4S5F/delegate-error
+ MISO_FAULT_STATE=/tmp/tmp.joRYEY4S5F/fault-state
+ PATH=/tmp/tmp.joRYEY4S5F/fault-bin:/home/bl/.cargo/bin:/home/bl/.local/bin:/home/bl/.codex/packages/standalone/releases/0.153.2-x86_64-unknown-linux-musl/codex-path:/home/bl/.codex/tmp/arg0/codex-arg0CWD760:/home/bl/.local/bin:/home/bl/.opencode/bin:/home/bl/.local/bin:/home/bl/.local/bin:/home/bl/.opencode/bin:/home/bl/.local/bin:/usr/local/sbin:/usr/local/bin:/usr/sbin:/usr/bin:/sbin:/bin:/usr/games:/usr/local/games:/snap/bin
+ check
+ status=1
+ [[ 1 -ne 1 ]]
+ rg -F producer-error-sentinel:campaign-count-complete /tmp/tmp.joRYEY4S5F/fault-campaign-count-complete.log
+ rg -F '(status 73)' /tmp/tmp.joRYEY4S5F/fault-campaign-count-complete.log
+ rg -F 'mutation campaign trial scan' /tmp/tmp.joRYEY4S5F/fault-campaign-count-complete.log
+ [[ complete == complete ]]
+ python3 -I -B - /tmp/tmp.joRYEY4S5F/delegate-output /tmp/tmp.joRYEY4S5F/fault-campaign-count-complete.log
+ for row in 'observations|rg|const OBSERVATIONS|1|0' 'workload|rg|descriptor_verify_identity_a|1|0' 'rounds|rg|for round in|1|0' 'records|rg|records.len|1|0' 'import-safe|rg|__main__|1|0' 'reference-bounds|rg|run-effect-interchange-reference-processes.sh|1|0' 'multiline-campaign|rg|tiny_deterministic_mutation_smoke|1|0' 'campaign-count|rg|campaigns(4)|1|0' 'seed|rg|0x081d_e5c0_0000_0001|1|0' 'matrix|rg|exact_portable_migration|1|0' 'target|rg|x86_64-unknown-linux-gnu|1|0' 'simd|rg|feature=+simd128|1|0' 'export-syntax|rg|/^Export|1|0' 'export-presence|rg|fn miso_engine_effect_descriptor_v1_inspect|1|0' 'late-api|rg|restore_unpublished_effect_bank_track_state_with_migration|1|0'
+ IFS='|'
+ read -r label tool needle occurrence expected
+ case "$label" in
+ operation='mutation seed scan'
+ for mode in empty complete
+ producer_failure seed-empty rg 0x081d_e5c0_0000_0001 1 0 empty 'mutation seed scan' nonempty
+ local label=seed-empty tool=rg needle=0x081d_e5c0_0000_0001 occurrence=1 expected=0 mode=empty 'operation=mutation seed scan' shape=nonempty
+ local real log status
++ command -v rg
+ real=/home/bl/.codex/packages/standalone/releases/0.153.2-x86_64-unknown-linux-musl/codex-path/rg
+ find /tmp/tmp.joRYEY4S5F/fault-bin -mindepth 1 -maxdepth 1 -type f -delete
+ cat
+ chmod 755 /tmp/tmp.joRYEY4S5F/fault-bin/rg
+ :
+ log=/tmp/tmp.joRYEY4S5F/fault-seed-empty.log
+ MISO_REAL_TOOL=/home/bl/.codex/packages/standalone/releases/0.153.2-x86_64-unknown-linux-musl/codex-path/rg
+ MISO_FAULT_NEEDLE=0x081d_e5c0_0000_0001
+ MISO_FAULT_OCCURRENCE=1
+ MISO_EXPECT_DELEGATE=0
+ MISO_FAULT_MODE=empty
+ MISO_FAULT_LABEL=seed-empty
+ MISO_OUTPUT_SHAPE=nonempty
+ MISO_DELEGATE_OUTPUT=/tmp/tmp.joRYEY4S5F/delegate-output
+ MISO_DELEGATE_ERROR=/tmp/tmp.joRYEY4S5F/delegate-error
+ MISO_FAULT_STATE=/tmp/tmp.joRYEY4S5F/fault-state
+ PATH=/tmp/tmp.joRYEY4S5F/fault-bin:/home/bl/.cargo/bin:/home/bl/.local/bin:/home/bl/.codex/packages/standalone/releases/0.153.2-x86_64-unknown-linux-musl/codex-path:/home/bl/.codex/tmp/arg0/codex-arg0CWD760:/home/bl/.local/bin:/home/bl/.opencode/bin:/home/bl/.local/bin:/home/bl/.local/bin:/home/bl/.opencode/bin:/home/bl/.local/bin:/usr/local/sbin:/usr/local/bin:/usr/sbin:/usr/bin:/sbin:/bin:/usr/games:/usr/local/games:/snap/bin
+ check
+ status=1
+ [[ 1 -ne 1 ]]
+ rg -F producer-error-sentinel:seed-empty /tmp/tmp.joRYEY4S5F/fault-seed-empty.log
+ rg -F '(status 73)' /tmp/tmp.joRYEY4S5F/fault-seed-empty.log
+ rg -F 'mutation seed scan' /tmp/tmp.joRYEY4S5F/fault-seed-empty.log
+ [[ empty == complete ]]
+ for mode in empty complete
+ producer_failure seed-complete rg 0x081d_e5c0_0000_0001 1 0 complete 'mutation seed scan' nonempty
+ local label=seed-complete tool=rg needle=0x081d_e5c0_0000_0001 occurrence=1 expected=0 mode=complete 'operation=mutation seed scan' shape=nonempty
+ local real log status
++ command -v rg
+ real=/home/bl/.codex/packages/standalone/releases/0.153.2-x86_64-unknown-linux-musl/codex-path/rg
+ find /tmp/tmp.joRYEY4S5F/fault-bin -mindepth 1 -maxdepth 1 -type f -delete
+ cat
+ chmod 755 /tmp/tmp.joRYEY4S5F/fault-bin/rg
+ :
+ log=/tmp/tmp.joRYEY4S5F/fault-seed-complete.log
+ MISO_REAL_TOOL=/home/bl/.codex/packages/standalone/releases/0.153.2-x86_64-unknown-linux-musl/codex-path/rg
+ MISO_FAULT_NEEDLE=0x081d_e5c0_0000_0001
+ MISO_FAULT_OCCURRENCE=1
+ MISO_EXPECT_DELEGATE=0
+ MISO_FAULT_MODE=complete
+ MISO_FAULT_LABEL=seed-complete
+ MISO_OUTPUT_SHAPE=nonempty
+ MISO_DELEGATE_OUTPUT=/tmp/tmp.joRYEY4S5F/delegate-output
+ MISO_DELEGATE_ERROR=/tmp/tmp.joRYEY4S5F/delegate-error
+ MISO_FAULT_STATE=/tmp/tmp.joRYEY4S5F/fault-state
+ PATH=/tmp/tmp.joRYEY4S5F/fault-bin:/home/bl/.cargo/bin:/home/bl/.local/bin:/home/bl/.codex/packages/standalone/releases/0.153.2-x86_64-unknown-linux-musl/codex-path:/home/bl/.codex/tmp/arg0/codex-arg0CWD760:/home/bl/.local/bin:/home/bl/.opencode/bin:/home/bl/.local/bin:/home/bl/.local/bin:/home/bl/.opencode/bin:/home/bl/.local/bin:/usr/local/sbin:/usr/local/bin:/usr/sbin:/usr/bin:/sbin:/bin:/usr/games:/usr/local/games:/snap/bin
+ check
+ status=1
+ [[ 1 -ne 1 ]]
+ rg -F producer-error-sentinel:seed-complete /tmp/tmp.joRYEY4S5F/fault-seed-complete.log
+ rg -F '(status 73)' /tmp/tmp.joRYEY4S5F/fault-seed-complete.log
+ rg -F 'mutation seed scan' /tmp/tmp.joRYEY4S5F/fault-seed-complete.log
+ [[ complete == complete ]]
+ python3 -I -B - /tmp/tmp.joRYEY4S5F/delegate-output /tmp/tmp.joRYEY4S5F/fault-seed-complete.log
+ for row in 'observations|rg|const OBSERVATIONS|1|0' 'workload|rg|descriptor_verify_identity_a|1|0' 'rounds|rg|for round in|1|0' 'records|rg|records.len|1|0' 'import-safe|rg|__main__|1|0' 'reference-bounds|rg|run-effect-interchange-reference-processes.sh|1|0' 'multiline-campaign|rg|tiny_deterministic_mutation_smoke|1|0' 'campaign-count|rg|campaigns(4)|1|0' 'seed|rg|0x081d_e5c0_0000_0001|1|0' 'matrix|rg|exact_portable_migration|1|0' 'target|rg|x86_64-unknown-linux-gnu|1|0' 'simd|rg|feature=+simd128|1|0' 'export-syntax|rg|/^Export|1|0' 'export-presence|rg|fn miso_engine_effect_descriptor_v1_inspect|1|0' 'late-api|rg|restore_unpublished_effect_bank_track_state_with_migration|1|0'
+ IFS='|'
+ read -r label tool needle occurrence expected
+ case "$label" in
+ operation='exact migration matrix scan'
+ for mode in empty complete
+ producer_failure matrix-empty rg exact_portable_migration 1 0 empty 'exact migration matrix scan' nonempty
+ local label=matrix-empty tool=rg needle=exact_portable_migration occurrence=1 expected=0 mode=empty 'operation=exact migration matrix scan' shape=nonempty
+ local real log status
++ command -v rg
+ real=/home/bl/.codex/packages/standalone/releases/0.153.2-x86_64-unknown-linux-musl/codex-path/rg
+ find /tmp/tmp.joRYEY4S5F/fault-bin -mindepth 1 -maxdepth 1 -type f -delete
+ cat
+ chmod 755 /tmp/tmp.joRYEY4S5F/fault-bin/rg
+ :
+ log=/tmp/tmp.joRYEY4S5F/fault-matrix-empty.log
+ MISO_REAL_TOOL=/home/bl/.codex/packages/standalone/releases/0.153.2-x86_64-unknown-linux-musl/codex-path/rg
+ MISO_FAULT_NEEDLE=exact_portable_migration
+ MISO_FAULT_OCCURRENCE=1
+ MISO_EXPECT_DELEGATE=0
+ MISO_FAULT_MODE=empty
+ MISO_FAULT_LABEL=matrix-empty
+ MISO_OUTPUT_SHAPE=nonempty
+ MISO_DELEGATE_OUTPUT=/tmp/tmp.joRYEY4S5F/delegate-output
+ MISO_DELEGATE_ERROR=/tmp/tmp.joRYEY4S5F/delegate-error
+ MISO_FAULT_STATE=/tmp/tmp.joRYEY4S5F/fault-state
+ PATH=/tmp/tmp.joRYEY4S5F/fault-bin:/home/bl/.cargo/bin:/home/bl/.local/bin:/home/bl/.codex/packages/standalone/releases/0.153.2-x86_64-unknown-linux-musl/codex-path:/home/bl/.codex/tmp/arg0/codex-arg0CWD760:/home/bl/.local/bin:/home/bl/.opencode/bin:/home/bl/.local/bin:/home/bl/.local/bin:/home/bl/.opencode/bin:/home/bl/.local/bin:/usr/local/sbin:/usr/local/bin:/usr/sbin:/usr/bin:/sbin:/bin:/usr/games:/usr/local/games:/snap/bin
+ check
+ status=1
+ [[ 1 -ne 1 ]]
+ rg -F producer-error-sentinel:matrix-empty /tmp/tmp.joRYEY4S5F/fault-matrix-empty.log
+ rg -F '(status 73)' /tmp/tmp.joRYEY4S5F/fault-matrix-empty.log
+ rg -F 'exact migration matrix scan' /tmp/tmp.joRYEY4S5F/fault-matrix-empty.log
+ [[ empty == complete ]]
+ for mode in empty complete
+ producer_failure matrix-complete rg exact_portable_migration 1 0 complete 'exact migration matrix scan' nonempty
+ local label=matrix-complete tool=rg needle=exact_portable_migration occurrence=1 expected=0 mode=complete 'operation=exact migration matrix scan' shape=nonempty
+ local real log status
++ command -v rg
+ real=/home/bl/.codex/packages/standalone/releases/0.153.2-x86_64-unknown-linux-musl/codex-path/rg
+ find /tmp/tmp.joRYEY4S5F/fault-bin -mindepth 1 -maxdepth 1 -type f -delete
+ cat
+ chmod 755 /tmp/tmp.joRYEY4S5F/fault-bin/rg
+ :
+ log=/tmp/tmp.joRYEY4S5F/fault-matrix-complete.log
+ MISO_REAL_TOOL=/home/bl/.codex/packages/standalone/releases/0.153.2-x86_64-unknown-linux-musl/codex-path/rg
+ MISO_FAULT_NEEDLE=exact_portable_migration
+ MISO_FAULT_OCCURRENCE=1
+ MISO_EXPECT_DELEGATE=0
+ MISO_FAULT_MODE=complete
+ MISO_FAULT_LABEL=matrix-complete
+ MISO_OUTPUT_SHAPE=nonempty
+ MISO_DELEGATE_OUTPUT=/tmp/tmp.joRYEY4S5F/delegate-output
+ MISO_DELEGATE_ERROR=/tmp/tmp.joRYEY4S5F/delegate-error
+ MISO_FAULT_STATE=/tmp/tmp.joRYEY4S5F/fault-state
+ PATH=/tmp/tmp.joRYEY4S5F/fault-bin:/home/bl/.cargo/bin:/home/bl/.local/bin:/home/bl/.codex/packages/standalone/releases/0.153.2-x86_64-unknown-linux-musl/codex-path:/home/bl/.codex/tmp/arg0/codex-arg0CWD760:/home/bl/.local/bin:/home/bl/.opencode/bin:/home/bl/.local/bin:/home/bl/.local/bin:/home/bl/.opencode/bin:/home/bl/.local/bin:/usr/local/sbin:/usr/local/bin:/usr/sbin:/usr/bin:/sbin:/bin:/usr/games:/usr/local/games:/snap/bin
+ check
+ status=1
+ [[ 1 -ne 1 ]]
+ rg -F producer-error-sentinel:matrix-complete /tmp/tmp.joRYEY4S5F/fault-matrix-complete.log
+ rg -F '(status 73)' /tmp/tmp.joRYEY4S5F/fault-matrix-complete.log
+ rg -F 'exact migration matrix scan' /tmp/tmp.joRYEY4S5F/fault-matrix-complete.log
+ [[ complete == complete ]]
+ python3 -I -B - /tmp/tmp.joRYEY4S5F/delegate-output /tmp/tmp.joRYEY4S5F/fault-matrix-complete.log
+ for row in 'observations|rg|const OBSERVATIONS|1|0' 'workload|rg|descriptor_verify_identity_a|1|0' 'rounds|rg|for round in|1|0' 'records|rg|records.len|1|0' 'import-safe|rg|__main__|1|0' 'reference-bounds|rg|run-effect-interchange-reference-processes.sh|1|0' 'multiline-campaign|rg|tiny_deterministic_mutation_smoke|1|0' 'campaign-count|rg|campaigns(4)|1|0' 'seed|rg|0x081d_e5c0_0000_0001|1|0' 'matrix|rg|exact_portable_migration|1|0' 'target|rg|x86_64-unknown-linux-gnu|1|0' 'simd|rg|feature=+simd128|1|0' 'export-syntax|rg|/^Export|1|0' 'export-presence|rg|fn miso_engine_effect_descriptor_v1_inspect|1|0' 'late-api|rg|restore_unpublished_effect_bank_track_state_with_migration|1|0'
+ IFS='|'
+ read -r label tool needle occurrence expected
+ case "$label" in
+ operation='target row scan'
+ for mode in empty complete
+ producer_failure target-empty rg x86_64-unknown-linux-gnu 1 0 empty 'target row scan' nonempty
+ local label=target-empty tool=rg needle=x86_64-unknown-linux-gnu occurrence=1 expected=0 mode=empty 'operation=target row scan' shape=nonempty
+ local real log status
++ command -v rg
+ real=/home/bl/.codex/packages/standalone/releases/0.153.2-x86_64-unknown-linux-musl/codex-path/rg
+ find /tmp/tmp.joRYEY4S5F/fault-bin -mindepth 1 -maxdepth 1 -type f -delete
+ cat
+ chmod 755 /tmp/tmp.joRYEY4S5F/fault-bin/rg
+ :
+ log=/tmp/tmp.joRYEY4S5F/fault-target-empty.log
+ MISO_REAL_TOOL=/home/bl/.codex/packages/standalone/releases/0.153.2-x86_64-unknown-linux-musl/codex-path/rg
+ MISO_FAULT_NEEDLE=x86_64-unknown-linux-gnu
+ MISO_FAULT_OCCURRENCE=1
+ MISO_EXPECT_DELEGATE=0
+ MISO_FAULT_MODE=empty
+ MISO_FAULT_LABEL=target-empty
+ MISO_OUTPUT_SHAPE=nonempty
+ MISO_DELEGATE_OUTPUT=/tmp/tmp.joRYEY4S5F/delegate-output
+ MISO_DELEGATE_ERROR=/tmp/tmp.joRYEY4S5F/delegate-error
+ MISO_FAULT_STATE=/tmp/tmp.joRYEY4S5F/fault-state
+ PATH=/tmp/tmp.joRYEY4S5F/fault-bin:/home/bl/.cargo/bin:/home/bl/.local/bin:/home/bl/.codex/packages/standalone/releases/0.153.2-x86_64-unknown-linux-musl/codex-path:/home/bl/.codex/tmp/arg0/codex-arg0CWD760:/home/bl/.local/bin:/home/bl/.opencode/bin:/home/bl/.local/bin:/home/bl/.local/bin:/home/bl/.opencode/bin:/home/bl/.local/bin:/usr/local/sbin:/usr/local/bin:/usr/sbin:/usr/bin:/sbin:/bin:/usr/games:/usr/local/games:/snap/bin
+ check
+ status=1
+ [[ 1 -ne 1 ]]
+ rg -F producer-error-sentinel:target-empty /tmp/tmp.joRYEY4S5F/fault-target-empty.log
+ rg -F '(status 73)' /tmp/tmp.joRYEY4S5F/fault-target-empty.log
+ rg -F 'target row scan' /tmp/tmp.joRYEY4S5F/fault-target-empty.log
+ [[ empty == complete ]]
+ for mode in empty complete
+ producer_failure target-complete rg x86_64-unknown-linux-gnu 1 0 complete 'target row scan' nonempty
+ local label=target-complete tool=rg needle=x86_64-unknown-linux-gnu occurrence=1 expected=0 mode=complete 'operation=target row scan' shape=nonempty
+ local real log status
++ command -v rg
+ real=/home/bl/.codex/packages/standalone/releases/0.153.2-x86_64-unknown-linux-musl/codex-path/rg
+ find /tmp/tmp.joRYEY4S5F/fault-bin -mindepth 1 -maxdepth 1 -type f -delete
+ cat
+ chmod 755 /tmp/tmp.joRYEY4S5F/fault-bin/rg
+ :
+ log=/tmp/tmp.joRYEY4S5F/fault-target-complete.log
+ MISO_REAL_TOOL=/home/bl/.codex/packages/standalone/releases/0.153.2-x86_64-unknown-linux-musl/codex-path/rg
+ MISO_FAULT_NEEDLE=x86_64-unknown-linux-gnu
+ MISO_FAULT_OCCURRENCE=1
+ MISO_EXPECT_DELEGATE=0
+ MISO_FAULT_MODE=complete
+ MISO_FAULT_LABEL=target-complete
+ MISO_OUTPUT_SHAPE=nonempty
+ MISO_DELEGATE_OUTPUT=/tmp/tmp.joRYEY4S5F/delegate-output
+ MISO_DELEGATE_ERROR=/tmp/tmp.joRYEY4S5F/delegate-error
+ MISO_FAULT_STATE=/tmp/tmp.joRYEY4S5F/fault-state
+ PATH=/tmp/tmp.joRYEY4S5F/fault-bin:/home/bl/.cargo/bin:/home/bl/.local/bin:/home/bl/.codex/packages/standalone/releases/0.153.2-x86_64-unknown-linux-musl/codex-path:/home/bl/.codex/tmp/arg0/codex-arg0CWD760:/home/bl/.local/bin:/home/bl/.opencode/bin:/home/bl/.local/bin:/home/bl/.local/bin:/home/bl/.opencode/bin:/home/bl/.local/bin:/usr/local/sbin:/usr/local/bin:/usr/sbin:/usr/bin:/sbin:/bin:/usr/games:/usr/local/games:/snap/bin
+ check
+ status=1
+ [[ 1 -ne 1 ]]
+ rg -F producer-error-sentinel:target-complete /tmp/tmp.joRYEY4S5F/fault-target-complete.log
+ rg -F '(status 73)' /tmp/tmp.joRYEY4S5F/fault-target-complete.log
+ rg -F 'target row scan' /tmp/tmp.joRYEY4S5F/fault-target-complete.log
+ [[ complete == complete ]]
+ python3 -I -B - /tmp/tmp.joRYEY4S5F/delegate-output /tmp/tmp.joRYEY4S5F/fault-target-complete.log
+ for row in 'observations|rg|const OBSERVATIONS|1|0' 'workload|rg|descriptor_verify_identity_a|1|0' 'rounds|rg|for round in|1|0' 'records|rg|records.len|1|0' 'import-safe|rg|__main__|1|0' 'reference-bounds|rg|run-effect-interchange-reference-processes.sh|1|0' 'multiline-campaign|rg|tiny_deterministic_mutation_smoke|1|0' 'campaign-count|rg|campaigns(4)|1|0' 'seed|rg|0x081d_e5c0_0000_0001|1|0' 'matrix|rg|exact_portable_migration|1|0' 'target|rg|x86_64-unknown-linux-gnu|1|0' 'simd|rg|feature=+simd128|1|0' 'export-syntax|rg|/^Export|1|0' 'export-presence|rg|fn miso_engine_effect_descriptor_v1_inspect|1|0' 'late-api|rg|restore_unpublished_effect_bank_track_state_with_migration|1|0'
+ IFS='|'
+ read -r label tool needle occurrence expected
+ case "$label" in
+ operation='Wasm target feature scan'
+ for mode in empty complete
+ producer_failure simd-empty rg feature=+simd128 1 0 empty 'Wasm target feature scan' nonempty
+ local label=simd-empty tool=rg needle=feature=+simd128 occurrence=1 expected=0 mode=empty 'operation=Wasm target feature scan' shape=nonempty
+ local real log status
++ command -v rg
+ real=/home/bl/.codex/packages/standalone/releases/0.153.2-x86_64-unknown-linux-musl/codex-path/rg
+ find /tmp/tmp.joRYEY4S5F/fault-bin -mindepth 1 -maxdepth 1 -type f -delete
+ cat
+ chmod 755 /tmp/tmp.joRYEY4S5F/fault-bin/rg
+ :
+ log=/tmp/tmp.joRYEY4S5F/fault-simd-empty.log
+ MISO_REAL_TOOL=/home/bl/.codex/packages/standalone/releases/0.153.2-x86_64-unknown-linux-musl/codex-path/rg
+ MISO_FAULT_NEEDLE=feature=+simd128
+ MISO_FAULT_OCCURRENCE=1
+ MISO_EXPECT_DELEGATE=0
+ MISO_FAULT_MODE=empty
+ MISO_FAULT_LABEL=simd-empty
+ MISO_OUTPUT_SHAPE=nonempty
+ MISO_DELEGATE_OUTPUT=/tmp/tmp.joRYEY4S5F/delegate-output
+ MISO_DELEGATE_ERROR=/tmp/tmp.joRYEY4S5F/delegate-error
+ MISO_FAULT_STATE=/tmp/tmp.joRYEY4S5F/fault-state
+ PATH=/tmp/tmp.joRYEY4S5F/fault-bin:/home/bl/.cargo/bin:/home/bl/.local/bin:/home/bl/.codex/packages/standalone/releases/0.153.2-x86_64-unknown-linux-musl/codex-path:/home/bl/.codex/tmp/arg0/codex-arg0CWD760:/home/bl/.local/bin:/home/bl/.opencode/bin:/home/bl/.local/bin:/home/bl/.local/bin:/home/bl/.opencode/bin:/home/bl/.local/bin:/usr/local/sbin:/usr/local/bin:/usr/sbin:/usr/bin:/sbin:/bin:/usr/games:/usr/local/games:/snap/bin
+ check
+ status=1
+ [[ 1 -ne 1 ]]
+ rg -F producer-error-sentinel:simd-empty /tmp/tmp.joRYEY4S5F/fault-simd-empty.log
+ rg -F '(status 73)' /tmp/tmp.joRYEY4S5F/fault-simd-empty.log
+ rg -F 'Wasm target feature scan' /tmp/tmp.joRYEY4S5F/fault-simd-empty.log
+ [[ empty == complete ]]
+ for mode in empty complete
+ producer_failure simd-complete rg feature=+simd128 1 0 complete 'Wasm target feature scan' nonempty
+ local label=simd-complete tool=rg needle=feature=+simd128 occurrence=1 expected=0 mode=complete 'operation=Wasm target feature scan' shape=nonempty
+ local real log status
++ command -v rg
+ real=/home/bl/.codex/packages/standalone/releases/0.153.2-x86_64-unknown-linux-musl/codex-path/rg
+ find /tmp/tmp.joRYEY4S5F/fault-bin -mindepth 1 -maxdepth 1 -type f -delete
+ cat
+ chmod 755 /tmp/tmp.joRYEY4S5F/fault-bin/rg
+ :
+ log=/tmp/tmp.joRYEY4S5F/fault-simd-complete.log
+ MISO_REAL_TOOL=/home/bl/.codex/packages/standalone/releases/0.153.2-x86_64-unknown-linux-musl/codex-path/rg
+ MISO_FAULT_NEEDLE=feature=+simd128
+ MISO_FAULT_OCCURRENCE=1
+ MISO_EXPECT_DELEGATE=0
+ MISO_FAULT_MODE=complete
+ MISO_FAULT_LABEL=simd-complete
+ MISO_OUTPUT_SHAPE=nonempty
+ MISO_DELEGATE_OUTPUT=/tmp/tmp.joRYEY4S5F/delegate-output
+ MISO_DELEGATE_ERROR=/tmp/tmp.joRYEY4S5F/delegate-error
+ MISO_FAULT_STATE=/tmp/tmp.joRYEY4S5F/fault-state
+ PATH=/tmp/tmp.joRYEY4S5F/fault-bin:/home/bl/.cargo/bin:/home/bl/.local/bin:/home/bl/.codex/packages/standalone/releases/0.153.2-x86_64-unknown-linux-musl/codex-path:/home/bl/.codex/tmp/arg0/codex-arg0CWD760:/home/bl/.local/bin:/home/bl/.opencode/bin:/home/bl/.local/bin:/home/bl/.local/bin:/home/bl/.opencode/bin:/home/bl/.local/bin:/usr/local/sbin:/usr/local/bin:/usr/sbin:/usr/bin:/sbin:/bin:/usr/games:/usr/local/games:/snap/bin
+ check
+ status=1
+ [[ 1 -ne 1 ]]
+ rg -F producer-error-sentinel:simd-complete /tmp/tmp.joRYEY4S5F/fault-simd-complete.log
+ rg -F '(status 73)' /tmp/tmp.joRYEY4S5F/fault-simd-complete.log
+ rg -F 'Wasm target feature scan' /tmp/tmp.joRYEY4S5F/fault-simd-complete.log
+ [[ complete == complete ]]
+ python3 -I -B - /tmp/tmp.joRYEY4S5F/delegate-output /tmp/tmp.joRYEY4S5F/fault-simd-complete.log
+ for row in 'observations|rg|const OBSERVATIONS|1|0' 'workload|rg|descriptor_verify_identity_a|1|0' 'rounds|rg|for round in|1|0' 'records|rg|records.len|1|0' 'import-safe|rg|__main__|1|0' 'reference-bounds|rg|run-effect-interchange-reference-processes.sh|1|0' 'multiline-campaign|rg|tiny_deterministic_mutation_smoke|1|0' 'campaign-count|rg|campaigns(4)|1|0' 'seed|rg|0x081d_e5c0_0000_0001|1|0' 'matrix|rg|exact_portable_migration|1|0' 'target|rg|x86_64-unknown-linux-gnu|1|0' 'simd|rg|feature=+simd128|1|0' 'export-syntax|rg|/^Export|1|0' 'export-presence|rg|fn miso_engine_effect_descriptor_v1_inspect|1|0' 'late-api|rg|restore_unpublished_effect_bank_track_state_with_migration|1|0'
+ IFS='|'
+ read -r label tool needle occurrence expected
+ case "$label" in
+ operation='Wasm Export-section scan'
+ for mode in empty complete
+ producer_failure export-syntax-empty rg '/^Export' 1 0 empty 'Wasm Export-section scan' nonempty
+ local label=export-syntax-empty tool=rg 'needle=/^Export' occurrence=1 expected=0 mode=empty 'operation=Wasm Export-section scan' shape=nonempty
+ local real log status
++ command -v rg
+ real=/home/bl/.codex/packages/standalone/releases/0.153.2-x86_64-unknown-linux-musl/codex-path/rg
+ find /tmp/tmp.joRYEY4S5F/fault-bin -mindepth 1 -maxdepth 1 -type f -delete
+ cat
+ chmod 755 /tmp/tmp.joRYEY4S5F/fault-bin/rg
+ :
+ log=/tmp/tmp.joRYEY4S5F/fault-export-syntax-empty.log
+ MISO_REAL_TOOL=/home/bl/.codex/packages/standalone/releases/0.153.2-x86_64-unknown-linux-musl/codex-path/rg
+ MISO_FAULT_NEEDLE='/^Export'
+ MISO_FAULT_OCCURRENCE=1
+ MISO_EXPECT_DELEGATE=0
+ MISO_FAULT_MODE=empty
+ MISO_FAULT_LABEL=export-syntax-empty
+ MISO_OUTPUT_SHAPE=nonempty
+ MISO_DELEGATE_OUTPUT=/tmp/tmp.joRYEY4S5F/delegate-output
+ MISO_DELEGATE_ERROR=/tmp/tmp.joRYEY4S5F/delegate-error
+ MISO_FAULT_STATE=/tmp/tmp.joRYEY4S5F/fault-state
+ PATH=/tmp/tmp.joRYEY4S5F/fault-bin:/home/bl/.cargo/bin:/home/bl/.local/bin:/home/bl/.codex/packages/standalone/releases/0.153.2-x86_64-unknown-linux-musl/codex-path:/home/bl/.codex/tmp/arg0/codex-arg0CWD760:/home/bl/.local/bin:/home/bl/.opencode/bin:/home/bl/.local/bin:/home/bl/.local/bin:/home/bl/.opencode/bin:/home/bl/.local/bin:/usr/local/sbin:/usr/local/bin:/usr/sbin:/usr/bin:/sbin:/bin:/usr/games:/usr/local/games:/snap/bin
+ check
+ status=1
+ [[ 1 -ne 1 ]]
+ rg -F producer-error-sentinel:export-syntax-empty /tmp/tmp.joRYEY4S5F/fault-export-syntax-empty.log
+ rg -F '(status 73)' /tmp/tmp.joRYEY4S5F/fault-export-syntax-empty.log
+ rg -F 'Wasm Export-section scan' /tmp/tmp.joRYEY4S5F/fault-export-syntax-empty.log
+ [[ empty == complete ]]
+ for mode in empty complete
+ producer_failure export-syntax-complete rg '/^Export' 1 0 complete 'Wasm Export-section scan' nonempty
+ local label=export-syntax-complete tool=rg 'needle=/^Export' occurrence=1 expected=0 mode=complete 'operation=Wasm Export-section scan' shape=nonempty
+ local real log status
++ command -v rg
+ real=/home/bl/.codex/packages/standalone/releases/0.153.2-x86_64-unknown-linux-musl/codex-path/rg
+ find /tmp/tmp.joRYEY4S5F/fault-bin -mindepth 1 -maxdepth 1 -type f -delete
+ cat
+ chmod 755 /tmp/tmp.joRYEY4S5F/fault-bin/rg
+ :
+ log=/tmp/tmp.joRYEY4S5F/fault-export-syntax-complete.log
+ MISO_REAL_TOOL=/home/bl/.codex/packages/standalone/releases/0.153.2-x86_64-unknown-linux-musl/codex-path/rg
+ MISO_FAULT_NEEDLE='/^Export'
+ MISO_FAULT_OCCURRENCE=1
+ MISO_EXPECT_DELEGATE=0
+ MISO_FAULT_MODE=complete
+ MISO_FAULT_LABEL=export-syntax-complete
+ MISO_OUTPUT_SHAPE=nonempty
+ MISO_DELEGATE_OUTPUT=/tmp/tmp.joRYEY4S5F/delegate-output
+ MISO_DELEGATE_ERROR=/tmp/tmp.joRYEY4S5F/delegate-error
+ MISO_FAULT_STATE=/tmp/tmp.joRYEY4S5F/fault-state
+ PATH=/tmp/tmp.joRYEY4S5F/fault-bin:/home/bl/.cargo/bin:/home/bl/.local/bin:/home/bl/.codex/packages/standalone/releases/0.153.2-x86_64-unknown-linux-musl/codex-path:/home/bl/.codex/tmp/arg0/codex-arg0CWD760:/home/bl/.local/bin:/home/bl/.opencode/bin:/home/bl/.local/bin:/home/bl/.local/bin:/home/bl/.opencode/bin:/home/bl/.local/bin:/usr/local/sbin:/usr/local/bin:/usr/sbin:/usr/bin:/sbin:/bin:/usr/games:/usr/local/games:/snap/bin
+ check
+ status=1
+ [[ 1 -ne 1 ]]
+ rg -F producer-error-sentinel:export-syntax-complete /tmp/tmp.joRYEY4S5F/fault-export-syntax-complete.log
+ rg -F '(status 73)' /tmp/tmp.joRYEY4S5F/fault-export-syntax-complete.log
+ rg -F 'Wasm Export-section scan' /tmp/tmp.joRYEY4S5F/fault-export-syntax-complete.log
+ [[ complete == complete ]]
+ python3 -I -B - /tmp/tmp.joRYEY4S5F/delegate-output /tmp/tmp.joRYEY4S5F/fault-export-syntax-complete.log
+ for row in 'observations|rg|const OBSERVATIONS|1|0' 'workload|rg|descriptor_verify_identity_a|1|0' 'rounds|rg|for round in|1|0' 'records|rg|records.len|1|0' 'import-safe|rg|__main__|1|0' 'reference-bounds|rg|run-effect-interchange-reference-processes.sh|1|0' 'multiline-campaign|rg|tiny_deterministic_mutation_smoke|1|0' 'campaign-count|rg|campaigns(4)|1|0' 'seed|rg|0x081d_e5c0_0000_0001|1|0' 'matrix|rg|exact_portable_migration|1|0' 'target|rg|x86_64-unknown-linux-gnu|1|0' 'simd|rg|feature=+simd128|1|0' 'export-syntax|rg|/^Export|1|0' 'export-presence|rg|fn miso_engine_effect_descriptor_v1_inspect|1|0' 'late-api|rg|restore_unpublished_effect_bank_track_state_with_migration|1|0'
+ IFS='|'
+ read -r label tool needle occurrence expected
+ case "$label" in
+ operation='descriptor export presence scan'
+ for mode in empty complete
+ producer_failure export-presence-empty rg 'fn miso_engine_effect_descriptor_v1_inspect' 1 0 empty 'descriptor export presence scan' nonempty
+ local label=export-presence-empty tool=rg 'needle=fn miso_engine_effect_descriptor_v1_inspect' occurrence=1 expected=0 mode=empty 'operation=descriptor export presence scan' shape=nonempty
+ local real log status
++ command -v rg
+ real=/home/bl/.codex/packages/standalone/releases/0.153.2-x86_64-unknown-linux-musl/codex-path/rg
+ find /tmp/tmp.joRYEY4S5F/fault-bin -mindepth 1 -maxdepth 1 -type f -delete
+ cat
+ chmod 755 /tmp/tmp.joRYEY4S5F/fault-bin/rg
+ :
+ log=/tmp/tmp.joRYEY4S5F/fault-export-presence-empty.log
+ MISO_REAL_TOOL=/home/bl/.codex/packages/standalone/releases/0.153.2-x86_64-unknown-linux-musl/codex-path/rg
+ MISO_FAULT_NEEDLE='fn miso_engine_effect_descriptor_v1_inspect'
+ MISO_FAULT_OCCURRENCE=1
+ MISO_EXPECT_DELEGATE=0
+ MISO_FAULT_MODE=empty
+ MISO_FAULT_LABEL=export-presence-empty
+ MISO_OUTPUT_SHAPE=nonempty
+ MISO_DELEGATE_OUTPUT=/tmp/tmp.joRYEY4S5F/delegate-output
+ MISO_DELEGATE_ERROR=/tmp/tmp.joRYEY4S5F/delegate-error
+ MISO_FAULT_STATE=/tmp/tmp.joRYEY4S5F/fault-state
+ PATH=/tmp/tmp.joRYEY4S5F/fault-bin:/home/bl/.cargo/bin:/home/bl/.local/bin:/home/bl/.codex/packages/standalone/releases/0.153.2-x86_64-unknown-linux-musl/codex-path:/home/bl/.codex/tmp/arg0/codex-arg0CWD760:/home/bl/.local/bin:/home/bl/.opencode/bin:/home/bl/.local/bin:/home/bl/.local/bin:/home/bl/.opencode/bin:/home/bl/.local/bin:/usr/local/sbin:/usr/local/bin:/usr/sbin:/usr/bin:/sbin:/bin:/usr/games:/usr/local/games:/snap/bin
+ check
+ status=1
+ [[ 1 -ne 1 ]]
+ rg -F producer-error-sentinel:export-presence-empty /tmp/tmp.joRYEY4S5F/fault-export-presence-empty.log
+ rg -F '(status 73)' /tmp/tmp.joRYEY4S5F/fault-export-presence-empty.log
+ rg -F 'descriptor export presence scan' /tmp/tmp.joRYEY4S5F/fault-export-presence-empty.log
+ [[ empty == complete ]]
+ for mode in empty complete
+ producer_failure export-presence-complete rg 'fn miso_engine_effect_descriptor_v1_inspect' 1 0 complete 'descriptor export presence scan' nonempty
+ local label=export-presence-complete tool=rg 'needle=fn miso_engine_effect_descriptor_v1_inspect' occurrence=1 expected=0 mode=complete 'operation=descriptor export presence scan' shape=nonempty
+ local real log status
++ command -v rg
+ real=/home/bl/.codex/packages/standalone/releases/0.153.2-x86_64-unknown-linux-musl/codex-path/rg
+ find /tmp/tmp.joRYEY4S5F/fault-bin -mindepth 1 -maxdepth 1 -type f -delete
+ cat
+ chmod 755 /tmp/tmp.joRYEY4S5F/fault-bin/rg
+ :
+ log=/tmp/tmp.joRYEY4S5F/fault-export-presence-complete.log
+ MISO_REAL_TOOL=/home/bl/.codex/packages/standalone/releases/0.153.2-x86_64-unknown-linux-musl/codex-path/rg
+ MISO_FAULT_NEEDLE='fn miso_engine_effect_descriptor_v1_inspect'
+ MISO_FAULT_OCCURRENCE=1
+ MISO_EXPECT_DELEGATE=0
+ MISO_FAULT_MODE=complete
+ MISO_FAULT_LABEL=export-presence-complete
+ MISO_OUTPUT_SHAPE=nonempty
+ MISO_DELEGATE_OUTPUT=/tmp/tmp.joRYEY4S5F/delegate-output
+ MISO_DELEGATE_ERROR=/tmp/tmp.joRYEY4S5F/delegate-error
+ MISO_FAULT_STATE=/tmp/tmp.joRYEY4S5F/fault-state
+ PATH=/tmp/tmp.joRYEY4S5F/fault-bin:/home/bl/.cargo/bin:/home/bl/.local/bin:/home/bl/.codex/packages/standalone/releases/0.153.2-x86_64-unknown-linux-musl/codex-path:/home/bl/.codex/tmp/arg0/codex-arg0CWD760:/home/bl/.local/bin:/home/bl/.opencode/bin:/home/bl/.local/bin:/home/bl/.local/bin:/home/bl/.opencode/bin:/home/bl/.local/bin:/usr/local/sbin:/usr/local/bin:/usr/sbin:/usr/bin:/sbin:/bin:/usr/games:/usr/local/games:/snap/bin
+ check
+ status=1
+ [[ 1 -ne 1 ]]
+ rg -F producer-error-sentinel:export-presence-complete /tmp/tmp.joRYEY4S5F/fault-export-presence-complete.log
+ rg -F '(status 73)' /tmp/tmp.joRYEY4S5F/fault-export-presence-complete.log
+ rg -F 'descriptor export presence scan' /tmp/tmp.joRYEY4S5F/fault-export-presence-complete.log
+ [[ complete == complete ]]
+ python3 -I -B - /tmp/tmp.joRYEY4S5F/delegate-output /tmp/tmp.joRYEY4S5F/fault-export-presence-complete.log
+ for row in 'observations|rg|const OBSERVATIONS|1|0' 'workload|rg|descriptor_verify_identity_a|1|0' 'rounds|rg|for round in|1|0' 'records|rg|records.len|1|0' 'import-safe|rg|__main__|1|0' 'reference-bounds|rg|run-effect-interchange-reference-processes.sh|1|0' 'multiline-campaign|rg|tiny_deterministic_mutation_smoke|1|0' 'campaign-count|rg|campaigns(4)|1|0' 'seed|rg|0x081d_e5c0_0000_0001|1|0' 'matrix|rg|exact_portable_migration|1|0' 'target|rg|x86_64-unknown-linux-gnu|1|0' 'simd|rg|feature=+simd128|1|0' 'export-syntax|rg|/^Export|1|0' 'export-presence|rg|fn miso_engine_effect_descriptor_v1_inspect|1|0' 'late-api|rg|restore_unpublished_effect_bank_track_state_with_migration|1|0'
+ IFS='|'
+ read -r label tool needle occurrence expected
+ case "$label" in
+ operation='public API scan'
+ for mode in empty complete
+ producer_failure late-api-empty rg restore_unpublished_effect_bank_track_state_with_migration 1 0 empty 'public API scan' nonempty
+ local label=late-api-empty tool=rg needle=restore_unpublished_effect_bank_track_state_with_migration occurrence=1 expected=0 mode=empty 'operation=public API scan' shape=nonempty
+ local real log status
++ command -v rg
+ real=/home/bl/.codex/packages/standalone/releases/0.153.2-x86_64-unknown-linux-musl/codex-path/rg
+ find /tmp/tmp.joRYEY4S5F/fault-bin -mindepth 1 -maxdepth 1 -type f -delete
+ cat
+ chmod 755 /tmp/tmp.joRYEY4S5F/fault-bin/rg
+ :
+ log=/tmp/tmp.joRYEY4S5F/fault-late-api-empty.log
+ MISO_REAL_TOOL=/home/bl/.codex/packages/standalone/releases/0.153.2-x86_64-unknown-linux-musl/codex-path/rg
+ MISO_FAULT_NEEDLE=restore_unpublished_effect_bank_track_state_with_migration
+ MISO_FAULT_OCCURRENCE=1
+ MISO_EXPECT_DELEGATE=0
+ MISO_FAULT_MODE=empty
+ MISO_FAULT_LABEL=late-api-empty
+ MISO_OUTPUT_SHAPE=nonempty
+ MISO_DELEGATE_OUTPUT=/tmp/tmp.joRYEY4S5F/delegate-output
+ MISO_DELEGATE_ERROR=/tmp/tmp.joRYEY4S5F/delegate-error
+ MISO_FAULT_STATE=/tmp/tmp.joRYEY4S5F/fault-state
+ PATH=/tmp/tmp.joRYEY4S5F/fault-bin:/home/bl/.cargo/bin:/home/bl/.local/bin:/home/bl/.codex/packages/standalone/releases/0.153.2-x86_64-unknown-linux-musl/codex-path:/home/bl/.codex/tmp/arg0/codex-arg0CWD760:/home/bl/.local/bin:/home/bl/.opencode/bin:/home/bl/.local/bin:/home/bl/.local/bin:/home/bl/.opencode/bin:/home/bl/.local/bin:/usr/local/sbin:/usr/local/bin:/usr/sbin:/usr/bin:/sbin:/bin:/usr/games:/usr/local/games:/snap/bin
+ check
+ status=1
+ [[ 1 -ne 1 ]]
+ rg -F producer-error-sentinel:late-api-empty /tmp/tmp.joRYEY4S5F/fault-late-api-empty.log
+ rg -F '(status 73)' /tmp/tmp.joRYEY4S5F/fault-late-api-empty.log
+ rg -F 'public API scan' /tmp/tmp.joRYEY4S5F/fault-late-api-empty.log
+ [[ empty == complete ]]
+ for mode in empty complete
+ producer_failure late-api-complete rg restore_unpublished_effect_bank_track_state_with_migration 1 0 complete 'public API scan' nonempty
+ local label=late-api-complete tool=rg needle=restore_unpublished_effect_bank_track_state_with_migration occurrence=1 expected=0 mode=complete 'operation=public API scan' shape=nonempty
+ local real log status
++ command -v rg
+ real=/home/bl/.codex/packages/standalone/releases/0.153.2-x86_64-unknown-linux-musl/codex-path/rg
+ find /tmp/tmp.joRYEY4S5F/fault-bin -mindepth 1 -maxdepth 1 -type f -delete
+ cat
+ chmod 755 /tmp/tmp.joRYEY4S5F/fault-bin/rg
+ :
+ log=/tmp/tmp.joRYEY4S5F/fault-late-api-complete.log
+ MISO_REAL_TOOL=/home/bl/.codex/packages/standalone/releases/0.153.2-x86_64-unknown-linux-musl/codex-path/rg
+ MISO_FAULT_NEEDLE=restore_unpublished_effect_bank_track_state_with_migration
+ MISO_FAULT_OCCURRENCE=1
+ MISO_EXPECT_DELEGATE=0
+ MISO_FAULT_MODE=complete
+ MISO_FAULT_LABEL=late-api-complete
+ MISO_OUTPUT_SHAPE=nonempty
+ MISO_DELEGATE_OUTPUT=/tmp/tmp.joRYEY4S5F/delegate-output
+ MISO_DELEGATE_ERROR=/tmp/tmp.joRYEY4S5F/delegate-error
+ MISO_FAULT_STATE=/tmp/tmp.joRYEY4S5F/fault-state
+ PATH=/tmp/tmp.joRYEY4S5F/fault-bin:/home/bl/.cargo/bin:/home/bl/.local/bin:/home/bl/.codex/packages/standalone/releases/0.153.2-x86_64-unknown-linux-musl/codex-path:/home/bl/.codex/tmp/arg0/codex-arg0CWD760:/home/bl/.local/bin:/home/bl/.opencode/bin:/home/bl/.local/bin:/home/bl/.local/bin:/home/bl/.opencode/bin:/home/bl/.local/bin:/usr/local/sbin:/usr/local/bin:/usr/sbin:/usr/bin:/sbin:/bin:/usr/games:/usr/local/games:/snap/bin
+ check
+ status=1
+ [[ 1 -ne 1 ]]
+ rg -F producer-error-sentinel:late-api-complete /tmp/tmp.joRYEY4S5F/fault-late-api-complete.log
+ rg -F '(status 73)' /tmp/tmp.joRYEY4S5F/fault-late-api-complete.log
+ rg -F 'public API scan' /tmp/tmp.joRYEY4S5F/fault-late-api-complete.log
+ [[ complete == complete ]]
+ python3 -I -B - /tmp/tmp.joRYEY4S5F/delegate-output /tmp/tmp.joRYEY4S5F/fault-late-api-complete.log
+ producer_failure dependency-error rg tools/bench/Cargo.toml 1 1 empty 'benchmark dependency scan' empty
+ local label=dependency-error tool=rg needle=tools/bench/Cargo.toml occurrence=1 expected=1 mode=empty 'operation=benchmark dependency scan' shape=empty
+ local real log status
++ command -v rg
+ real=/home/bl/.codex/packages/standalone/releases/0.153.2-x86_64-unknown-linux-musl/codex-path/rg
+ find /tmp/tmp.joRYEY4S5F/fault-bin -mindepth 1 -maxdepth 1 -type f -delete
+ cat
+ chmod 755 /tmp/tmp.joRYEY4S5F/fault-bin/rg
+ :
+ log=/tmp/tmp.joRYEY4S5F/fault-dependency-error.log
+ MISO_REAL_TOOL=/home/bl/.codex/packages/standalone/releases/0.153.2-x86_64-unknown-linux-musl/codex-path/rg
+ MISO_FAULT_NEEDLE=tools/bench/Cargo.toml
+ MISO_FAULT_OCCURRENCE=1
+ MISO_EXPECT_DELEGATE=1
+ MISO_FAULT_MODE=empty
+ MISO_FAULT_LABEL=dependency-error
+ MISO_OUTPUT_SHAPE=empty
+ MISO_DELEGATE_OUTPUT=/tmp/tmp.joRYEY4S5F/delegate-output
+ MISO_DELEGATE_ERROR=/tmp/tmp.joRYEY4S5F/delegate-error
+ MISO_FAULT_STATE=/tmp/tmp.joRYEY4S5F/fault-state
+ PATH=/tmp/tmp.joRYEY4S5F/fault-bin:/home/bl/.cargo/bin:/home/bl/.local/bin:/home/bl/.codex/packages/standalone/releases/0.153.2-x86_64-unknown-linux-musl/codex-path:/home/bl/.codex/tmp/arg0/codex-arg0CWD760:/home/bl/.local/bin:/home/bl/.opencode/bin:/home/bl/.local/bin:/home/bl/.local/bin:/home/bl/.opencode/bin:/home/bl/.local/bin:/usr/local/sbin:/usr/local/bin:/usr/sbin:/usr/bin:/sbin:/bin:/usr/games:/usr/local/games:/snap/bin
+ check
+ status=1
+ [[ 1 -ne 1 ]]
+ rg -F producer-error-sentinel:dependency-error /tmp/tmp.joRYEY4S5F/fault-dependency-error.log
+ rg -F '(status 73)' /tmp/tmp.joRYEY4S5F/fault-dependency-error.log
+ rg -F 'benchmark dependency scan' /tmp/tmp.joRYEY4S5F/fault-dependency-error.log
+ [[ empty == complete ]]
+ producer_failure production-manifest-error rg hosts/ 1 1 empty 'production dependency scan' empty
+ local label=production-manifest-error tool=rg needle=hosts/ occurrence=1 expected=1 mode=empty 'operation=production dependency scan' shape=empty
+ local real log status
++ command -v rg
+ real=/home/bl/.codex/packages/standalone/releases/0.153.2-x86_64-unknown-linux-musl/codex-path/rg
+ find /tmp/tmp.joRYEY4S5F/fault-bin -mindepth 1 -maxdepth 1 -type f -delete
+ cat
+ chmod 755 /tmp/tmp.joRYEY4S5F/fault-bin/rg
+ :
+ log=/tmp/tmp.joRYEY4S5F/fault-production-manifest-error.log
+ MISO_REAL_TOOL=/home/bl/.codex/packages/standalone/releases/0.153.2-x86_64-unknown-linux-musl/codex-path/rg
+ MISO_FAULT_NEEDLE=hosts/
+ MISO_FAULT_OCCURRENCE=1
+ MISO_EXPECT_DELEGATE=1
+ MISO_FAULT_MODE=empty
+ MISO_FAULT_LABEL=production-manifest-error
+ MISO_OUTPUT_SHAPE=empty
+ MISO_DELEGATE_OUTPUT=/tmp/tmp.joRYEY4S5F/delegate-output
+ MISO_DELEGATE_ERROR=/tmp/tmp.joRYEY4S5F/delegate-error
+ MISO_FAULT_STATE=/tmp/tmp.joRYEY4S5F/fault-state
+ PATH=/tmp/tmp.joRYEY4S5F/fault-bin:/home/bl/.cargo/bin:/home/bl/.local/bin:/home/bl/.codex/packages/standalone/releases/0.153.2-x86_64-unknown-linux-musl/codex-path:/home/bl/.codex/tmp/arg0/codex-arg0CWD760:/home/bl/.local/bin:/home/bl/.opencode/bin:/home/bl/.local/bin:/home/bl/.local/bin:/home/bl/.opencode/bin:/home/bl/.local/bin:/usr/local/sbin:/usr/local/bin:/usr/sbin:/usr/bin:/sbin:/bin:/usr/games:/usr/local/games:/snap/bin
+ check
+ status=1
+ [[ 1 -ne 1 ]]
+ rg -F producer-error-sentinel:production-manifest-error /tmp/tmp.joRYEY4S5F/fault-production-manifest-error.log
+ rg -F '(status 73)' /tmp/tmp.joRYEY4S5F/fault-production-manifest-error.log
+ rg -F 'production dependency scan' /tmp/tmp.joRYEY4S5F/fault-production-manifest-error.log
+ [[ empty == complete ]]
+ producer_failure reference-error rg effect-state-v1-reference.py 1 1 empty 'accepted reference child-process scan' empty
+ local label=reference-error tool=rg needle=effect-state-v1-reference.py occurrence=1 expected=1 mode=empty 'operation=accepted reference child-process scan' shape=empty
+ local real log status
++ command -v rg
+ real=/home/bl/.codex/packages/standalone/releases/0.153.2-x86_64-unknown-linux-musl/codex-path/rg
+ find /tmp/tmp.joRYEY4S5F/fault-bin -mindepth 1 -maxdepth 1 -type f -delete
+ cat
+ chmod 755 /tmp/tmp.joRYEY4S5F/fault-bin/rg
+ :
+ log=/tmp/tmp.joRYEY4S5F/fault-reference-error.log
+ MISO_REAL_TOOL=/home/bl/.codex/packages/standalone/releases/0.153.2-x86_64-unknown-linux-musl/codex-path/rg
+ MISO_FAULT_NEEDLE=effect-state-v1-reference.py
+ MISO_FAULT_OCCURRENCE=1
+ MISO_EXPECT_DELEGATE=1
+ MISO_FAULT_MODE=empty
+ MISO_FAULT_LABEL=reference-error
+ MISO_OUTPUT_SHAPE=empty
+ MISO_DELEGATE_OUTPUT=/tmp/tmp.joRYEY4S5F/delegate-output
+ MISO_DELEGATE_ERROR=/tmp/tmp.joRYEY4S5F/delegate-error
+ MISO_FAULT_STATE=/tmp/tmp.joRYEY4S5F/fault-state
+ PATH=/tmp/tmp.joRYEY4S5F/fault-bin:/home/bl/.cargo/bin:/home/bl/.local/bin:/home/bl/.codex/packages/standalone/releases/0.153.2-x86_64-unknown-linux-musl/codex-path:/home/bl/.codex/tmp/arg0/codex-arg0CWD760:/home/bl/.local/bin:/home/bl/.opencode/bin:/home/bl/.local/bin:/home/bl/.local/bin:/home/bl/.opencode/bin:/home/bl/.local/bin:/usr/local/sbin:/usr/local/bin:/usr/sbin:/usr/bin:/sbin:/bin:/usr/games:/usr/local/games:/snap/bin
+ check
+ status=1
+ [[ 1 -ne 1 ]]
+ rg -F producer-error-sentinel:reference-error /tmp/tmp.joRYEY4S5F/fault-reference-error.log
+ rg -F '(status 73)' /tmp/tmp.joRYEY4S5F/fault-reference-error.log
+ rg -F 'accepted reference child-process scan' /tmp/tmp.joRYEY4S5F/fault-reference-error.log
+ [[ empty == complete ]]
+ producer_failure render-error rg rack-compiler 2 1 empty 'render-owned source scan' empty
+ local label=render-error tool=rg needle=rack-compiler occurrence=2 expected=1 mode=empty 'operation=render-owned source scan' shape=empty
+ local real log status
++ command -v rg
+ real=/home/bl/.codex/packages/standalone/releases/0.153.2-x86_64-unknown-linux-musl/codex-path/rg
+ find /tmp/tmp.joRYEY4S5F/fault-bin -mindepth 1 -maxdepth 1 -type f -delete
+ cat
+ chmod 755 /tmp/tmp.joRYEY4S5F/fault-bin/rg
+ :
+ log=/tmp/tmp.joRYEY4S5F/fault-render-error.log
+ MISO_REAL_TOOL=/home/bl/.codex/packages/standalone/releases/0.153.2-x86_64-unknown-linux-musl/codex-path/rg
+ MISO_FAULT_NEEDLE=rack-compiler
+ MISO_FAULT_OCCURRENCE=2
+ MISO_EXPECT_DELEGATE=1
+ MISO_FAULT_MODE=empty
+ MISO_FAULT_LABEL=render-error
+ MISO_OUTPUT_SHAPE=empty
+ MISO_DELEGATE_OUTPUT=/tmp/tmp.joRYEY4S5F/delegate-output
+ MISO_DELEGATE_ERROR=/tmp/tmp.joRYEY4S5F/delegate-error
+ MISO_FAULT_STATE=/tmp/tmp.joRYEY4S5F/fault-state
+ PATH=/tmp/tmp.joRYEY4S5F/fault-bin:/home/bl/.cargo/bin:/home/bl/.local/bin:/home/bl/.codex/packages/standalone/releases/0.153.2-x86_64-unknown-linux-musl/codex-path:/home/bl/.codex/tmp/arg0/codex-arg0CWD760:/home/bl/.local/bin:/home/bl/.opencode/bin:/home/bl/.local/bin:/home/bl/.local/bin:/home/bl/.opencode/bin:/home/bl/.local/bin:/usr/local/sbin:/usr/local/bin:/usr/sbin:/usr/bin:/sbin:/bin:/usr/games:/usr/local/games:/snap/bin
+ check
+ status=1
+ [[ 1 -ne 1 ]]
+ rg -F producer-error-sentinel:render-error /tmp/tmp.joRYEY4S5F/fault-render-error.log
+ rg -F '(status 73)' /tmp/tmp.joRYEY4S5F/fault-render-error.log
+ rg -F 'render-owned source scan' /tmp/tmp.joRYEY4S5F/fault-render-error.log
+ [[ empty == complete ]]
+ producer_failure fixture-find-error find fixtures/effect-interchange/v1 1 0 empty 'interchange fixture traversal' empty
+ local label=fixture-find-error tool=find needle=fixtures/effect-interchange/v1 occurrence=1 expected=0 mode=empty 'operation=interchange fixture traversal' shape=empty
+ local real log status
++ command -v find
+ real=/usr/bin/find
+ find /tmp/tmp.joRYEY4S5F/fault-bin -mindepth 1 -maxdepth 1 -type f -delete
+ cat
+ chmod 755 /tmp/tmp.joRYEY4S5F/fault-bin/find
+ :
+ log=/tmp/tmp.joRYEY4S5F/fault-fixture-find-error.log
+ MISO_REAL_TOOL=/usr/bin/find
+ MISO_FAULT_NEEDLE=fixtures/effect-interchange/v1
+ MISO_FAULT_OCCURRENCE=1
+ MISO_EXPECT_DELEGATE=0
+ MISO_FAULT_MODE=empty
+ MISO_FAULT_LABEL=fixture-find-error
+ MISO_OUTPUT_SHAPE=empty
+ MISO_DELEGATE_OUTPUT=/tmp/tmp.joRYEY4S5F/delegate-output
+ MISO_DELEGATE_ERROR=/tmp/tmp.joRYEY4S5F/delegate-error
+ MISO_FAULT_STATE=/tmp/tmp.joRYEY4S5F/fault-state
+ PATH=/tmp/tmp.joRYEY4S5F/fault-bin:/home/bl/.cargo/bin:/home/bl/.local/bin:/home/bl/.codex/packages/standalone/releases/0.153.2-x86_64-unknown-linux-musl/codex-path:/home/bl/.codex/tmp/arg0/codex-arg0CWD760:/home/bl/.local/bin:/home/bl/.opencode/bin:/home/bl/.local/bin:/home/bl/.local/bin:/home/bl/.opencode/bin:/home/bl/.local/bin:/usr/local/sbin:/usr/local/bin:/usr/sbin:/usr/bin:/sbin:/bin:/usr/games:/usr/local/games:/snap/bin
+ check
+ status=1
+ [[ 1 -ne 1 ]]
+ rg -F producer-error-sentinel:fixture-find-error /tmp/tmp.joRYEY4S5F/fault-fixture-find-error.log
+ rg -F '(status 73)' /tmp/tmp.joRYEY4S5F/fault-fixture-find-error.log
+ rg -F 'interchange fixture traversal' /tmp/tmp.joRYEY4S5F/fault-fixture-find-error.log
+ [[ empty == complete ]]
+ printf 'real fixture violation\n'
+ producer_failure fixture-find-violation-error find fixtures/effect-interchange/v1 1 0 complete 'interchange fixture traversal' nonempty
+ local label=fixture-find-violation-error tool=find needle=fixtures/effect-interchange/v1 occurrence=1 expected=0 mode=complete 'operation=interchange fixture traversal' shape=nonempty
+ local real log status
++ command -v find
+ real=/usr/bin/find
+ find /tmp/tmp.joRYEY4S5F/fault-bin -mindepth 1 -maxdepth 1 -type f -delete
+ cat
+ chmod 755 /tmp/tmp.joRYEY4S5F/fault-bin/find
+ :
+ log=/tmp/tmp.joRYEY4S5F/fault-fixture-find-violation-error.log
+ MISO_REAL_TOOL=/usr/bin/find
+ MISO_FAULT_NEEDLE=fixtures/effect-interchange/v1
+ MISO_FAULT_OCCURRENCE=1
+ MISO_EXPECT_DELEGATE=0
+ MISO_FAULT_MODE=complete
+ MISO_FAULT_LABEL=fixture-find-violation-error
+ MISO_OUTPUT_SHAPE=nonempty
+ MISO_DELEGATE_OUTPUT=/tmp/tmp.joRYEY4S5F/delegate-output
+ MISO_DELEGATE_ERROR=/tmp/tmp.joRYEY4S5F/delegate-error
+ MISO_FAULT_STATE=/tmp/tmp.joRYEY4S5F/fault-state
+ PATH=/tmp/tmp.joRYEY4S5F/fault-bin:/home/bl/.cargo/bin:/home/bl/.local/bin:/home/bl/.codex/packages/standalone/releases/0.153.2-x86_64-unknown-linux-musl/codex-path:/home/bl/.codex/tmp/arg0/codex-arg0CWD760:/home/bl/.local/bin:/home/bl/.opencode/bin:/home/bl/.local/bin:/home/bl/.local/bin:/home/bl/.opencode/bin:/home/bl/.local/bin:/usr/local/sbin:/usr/local/bin:/usr/sbin:/usr/bin:/sbin:/bin:/usr/games:/usr/local/games:/snap/bin
+ check
+ status=1
+ [[ 1 -ne 1 ]]
+ rg -F producer-error-sentinel:fixture-find-violation-error /tmp/tmp.joRYEY4S5F/fault-fixture-find-violation-error.log
+ rg -F '(status 73)' /tmp/tmp.joRYEY4S5F/fault-fixture-find-violation-error.log
+ rg -F 'interchange fixture traversal' /tmp/tmp.joRYEY4S5F/fault-fixture-find-violation-error.log
+ [[ complete == complete ]]
+ python3 -I -B - /tmp/tmp.joRYEY4S5F/delegate-output /tmp/tmp.joRYEY4S5F/fault-fixture-find-violation-error.log
+ rm /tmp/tmp.joRYEY4S5F/fixtures/effect-interchange/v1/actual-violation.tmp
+ producer_failure artifact-find-error find ./target 1 0 empty 'generated artifact traversal' empty
+ local label=artifact-find-error tool=find needle=./target occurrence=1 expected=0 mode=empty 'operation=generated artifact traversal' shape=empty
+ local real log status
++ command -v find
+ real=/usr/bin/find
+ find /tmp/tmp.joRYEY4S5F/fault-bin -mindepth 1 -maxdepth 1 -type f -delete
+ cat
+ chmod 755 /tmp/tmp.joRYEY4S5F/fault-bin/find
+ :
+ log=/tmp/tmp.joRYEY4S5F/fault-artifact-find-error.log
+ MISO_REAL_TOOL=/usr/bin/find
+ MISO_FAULT_NEEDLE=./target
+ MISO_FAULT_OCCURRENCE=1
+ MISO_EXPECT_DELEGATE=0
+ MISO_FAULT_MODE=empty
+ MISO_FAULT_LABEL=artifact-find-error
+ MISO_OUTPUT_SHAPE=empty
+ MISO_DELEGATE_OUTPUT=/tmp/tmp.joRYEY4S5F/delegate-output
+ MISO_DELEGATE_ERROR=/tmp/tmp.joRYEY4S5F/delegate-error
+ MISO_FAULT_STATE=/tmp/tmp.joRYEY4S5F/fault-state
+ PATH=/tmp/tmp.joRYEY4S5F/fault-bin:/home/bl/.cargo/bin:/home/bl/.local/bin:/home/bl/.codex/packages/standalone/releases/0.153.2-x86_64-unknown-linux-musl/codex-path:/home/bl/.codex/tmp/arg0/codex-arg0CWD760:/home/bl/.local/bin:/home/bl/.opencode/bin:/home/bl/.local/bin:/home/bl/.local/bin:/home/bl/.opencode/bin:/home/bl/.local/bin:/usr/local/sbin:/usr/local/bin:/usr/sbin:/usr/bin:/sbin:/bin:/usr/games:/usr/local/games:/snap/bin
+ check
+ status=1
+ [[ 1 -ne 1 ]]
+ rg -F producer-error-sentinel:artifact-find-error /tmp/tmp.joRYEY4S5F/fault-artifact-find-error.log
+ rg -F '(status 73)' /tmp/tmp.joRYEY4S5F/fault-artifact-find-error.log
+ rg -F 'generated artifact traversal' /tmp/tmp.joRYEY4S5F/fault-artifact-find-error.log
+ [[ empty == complete ]]
+ printf 'real artifact violation\n'
+ producer_failure artifact-find-violation-error find ./target 1 0 complete 'generated artifact traversal' nonempty
+ local label=artifact-find-violation-error tool=find needle=./target occurrence=1 expected=0 mode=complete 'operation=generated artifact traversal' shape=nonempty
+ local real log status
++ command -v find
+ real=/usr/bin/find
+ find /tmp/tmp.joRYEY4S5F/fault-bin -mindepth 1 -maxdepth 1 -type f -delete
+ cat
+ chmod 755 /tmp/tmp.joRYEY4S5F/fault-bin/find
+ :
+ log=/tmp/tmp.joRYEY4S5F/fault-artifact-find-violation-error.log
+ MISO_REAL_TOOL=/usr/bin/find
+ MISO_FAULT_NEEDLE=./target
+ MISO_FAULT_OCCURRENCE=1
+ MISO_EXPECT_DELEGATE=0
+ MISO_FAULT_MODE=complete
+ MISO_FAULT_LABEL=artifact-find-violation-error
+ MISO_OUTPUT_SHAPE=nonempty
+ MISO_DELEGATE_OUTPUT=/tmp/tmp.joRYEY4S5F/delegate-output
+ MISO_DELEGATE_ERROR=/tmp/tmp.joRYEY4S5F/delegate-error
+ MISO_FAULT_STATE=/tmp/tmp.joRYEY4S5F/fault-state
+ PATH=/tmp/tmp.joRYEY4S5F/fault-bin:/home/bl/.cargo/bin:/home/bl/.local/bin:/home/bl/.codex/packages/standalone/releases/0.153.2-x86_64-unknown-linux-musl/codex-path:/home/bl/.codex/tmp/arg0/codex-arg0CWD760:/home/bl/.local/bin:/home/bl/.opencode/bin:/home/bl/.local/bin:/home/bl/.local/bin:/home/bl/.opencode/bin:/home/bl/.local/bin:/usr/local/sbin:/usr/local/bin:/usr/sbin:/usr/bin:/sbin:/bin:/usr/games:/usr/local/games:/snap/bin
+ check
+ status=1
+ [[ 1 -ne 1 ]]
+ rg -F producer-error-sentinel:artifact-find-violation-error /tmp/tmp.joRYEY4S5F/fault-artifact-find-violation-error.log
+ rg -F '(status 73)' /tmp/tmp.joRYEY4S5F/fault-artifact-find-violation-error.log
+ rg -F 'generated artifact traversal' /tmp/tmp.joRYEY4S5F/fault-artifact-find-violation-error.log
+ [[ complete == complete ]]
+ python3 -I -B - /tmp/tmp.joRYEY4S5F/delegate-output /tmp/tmp.joRYEY4S5F/fault-artifact-find-violation-error.log
+ rm /tmp/tmp.joRYEY4S5F/actual-violation.o
+ producer_failure issue-branch-error-empty rg '\"issue\":108' 1 0 empty 'Issue-108 branch search' nonempty
+ local label=issue-branch-error-empty tool=rg 'needle=\"issue\":108' occurrence=1 expected=0 mode=empty 'operation=Issue-108 branch search' shape=nonempty
+ local real log status
++ command -v rg
+ real=/home/bl/.codex/packages/standalone/releases/0.153.2-x86_64-unknown-linux-musl/codex-path/rg
+ find /tmp/tmp.joRYEY4S5F/fault-bin -mindepth 1 -maxdepth 1 -type f -delete
+ cat
+ chmod 755 /tmp/tmp.joRYEY4S5F/fault-bin/rg
+ :
+ log=/tmp/tmp.joRYEY4S5F/fault-issue-branch-error-empty.log
+ MISO_REAL_TOOL=/home/bl/.codex/packages/standalone/releases/0.153.2-x86_64-unknown-linux-musl/codex-path/rg
+ MISO_FAULT_NEEDLE='\"issue\":108'
+ MISO_FAULT_OCCURRENCE=1
+ MISO_EXPECT_DELEGATE=0
+ MISO_FAULT_MODE=empty
+ MISO_FAULT_LABEL=issue-branch-error-empty
+ MISO_OUTPUT_SHAPE=nonempty
+ MISO_DELEGATE_OUTPUT=/tmp/tmp.joRYEY4S5F/delegate-output
+ MISO_DELEGATE_ERROR=/tmp/tmp.joRYEY4S5F/delegate-error
+ MISO_FAULT_STATE=/tmp/tmp.joRYEY4S5F/fault-state
+ PATH=/tmp/tmp.joRYEY4S5F/fault-bin:/home/bl/.cargo/bin:/home/bl/.local/bin:/home/bl/.codex/packages/standalone/releases/0.153.2-x86_64-unknown-linux-musl/codex-path:/home/bl/.codex/tmp/arg0/codex-arg0CWD760:/home/bl/.local/bin:/home/bl/.opencode/bin:/home/bl/.local/bin:/home/bl/.local/bin:/home/bl/.opencode/bin:/home/bl/.local/bin:/usr/local/sbin:/usr/local/bin:/usr/sbin:/usr/bin:/sbin:/bin:/usr/games:/usr/local/games:/snap/bin
+ check
+ status=1
+ [[ 1 -ne 1 ]]
+ rg -F producer-error-sentinel:issue-branch-error-empty /tmp/tmp.joRYEY4S5F/fault-issue-branch-error-empty.log
+ rg -F '(status 73)' /tmp/tmp.joRYEY4S5F/fault-issue-branch-error-empty.log
+ rg -F 'Issue-108 branch search' /tmp/tmp.joRYEY4S5F/fault-issue-branch-error-empty.log
+ [[ empty == complete ]]
+ producer_failure issue-branch-error-complete rg '\"issue\":108' 1 0 complete 'Issue-108 branch search' nonempty
+ local label=issue-branch-error-complete tool=rg 'needle=\"issue\":108' occurrence=1 expected=0 mode=complete 'operation=Issue-108 branch search' shape=nonempty
+ local real log status
++ command -v rg
+ real=/home/bl/.codex/packages/standalone/releases/0.153.2-x86_64-unknown-linux-musl/codex-path/rg
+ find /tmp/tmp.joRYEY4S5F/fault-bin -mindepth 1 -maxdepth 1 -type f -delete
+ cat
+ chmod 755 /tmp/tmp.joRYEY4S5F/fault-bin/rg
+ :
+ log=/tmp/tmp.joRYEY4S5F/fault-issue-branch-error-complete.log
+ MISO_REAL_TOOL=/home/bl/.codex/packages/standalone/releases/0.153.2-x86_64-unknown-linux-musl/codex-path/rg
+ MISO_FAULT_NEEDLE='\"issue\":108'
+ MISO_FAULT_OCCURRENCE=1
+ MISO_EXPECT_DELEGATE=0
+ MISO_FAULT_MODE=complete
+ MISO_FAULT_LABEL=issue-branch-error-complete
+ MISO_OUTPUT_SHAPE=nonempty
+ MISO_DELEGATE_OUTPUT=/tmp/tmp.joRYEY4S5F/delegate-output
+ MISO_DELEGATE_ERROR=/tmp/tmp.joRYEY4S5F/delegate-error
+ MISO_FAULT_STATE=/tmp/tmp.joRYEY4S5F/fault-state
+ PATH=/tmp/tmp.joRYEY4S5F/fault-bin:/home/bl/.cargo/bin:/home/bl/.local/bin:/home/bl/.codex/packages/standalone/releases/0.153.2-x86_64-unknown-linux-musl/codex-path:/home/bl/.codex/tmp/arg0/codex-arg0CWD760:/home/bl/.local/bin:/home/bl/.opencode/bin:/home/bl/.local/bin:/home/bl/.local/bin:/home/bl/.opencode/bin:/home/bl/.local/bin:/usr/local/sbin:/usr/local/bin:/usr/sbin:/usr/bin:/sbin:/bin:/usr/games:/usr/local/games:/snap/bin
+ check
+ status=1
+ [[ 1 -ne 1 ]]
+ rg -F producer-error-sentinel:issue-branch-error-complete /tmp/tmp.joRYEY4S5F/fault-issue-branch-error-complete.log
+ rg -F '(status 73)' /tmp/tmp.joRYEY4S5F/fault-issue-branch-error-complete.log
+ rg -F 'Issue-108 branch search' /tmp/tmp.joRYEY4S5F/fault-issue-branch-error-complete.log
+ [[ complete == complete ]]
+ python3 -I -B - /tmp/tmp.joRYEY4S5F/delegate-output /tmp/tmp.joRYEY4S5F/fault-issue-branch-error-complete.log
+ producer_failure source-python-error python3 tools/bench/src/effect_interchange.rs 1 0 complete 'current Issue-108 benchmark source policy' empty
+ local label=source-python-error tool=python3 needle=tools/bench/src/effect_interchange.rs occurrence=1 expected=0 mode=complete 'operation=current Issue-108 benchmark source policy' shape=empty
+ local real log status
++ command -v python3
+ real=/usr/bin/python3
+ find /tmp/tmp.joRYEY4S5F/fault-bin -mindepth 1 -maxdepth 1 -type f -delete
+ cat
+ chmod 755 /tmp/tmp.joRYEY4S5F/fault-bin/python3
+ :
+ log=/tmp/tmp.joRYEY4S5F/fault-source-python-error.log
+ MISO_REAL_TOOL=/usr/bin/python3
+ MISO_FAULT_NEEDLE=tools/bench/src/effect_interchange.rs
+ MISO_FAULT_OCCURRENCE=1
+ MISO_EXPECT_DELEGATE=0
+ MISO_FAULT_MODE=complete
+ MISO_FAULT_LABEL=source-python-error
+ MISO_OUTPUT_SHAPE=empty
+ MISO_DELEGATE_OUTPUT=/tmp/tmp.joRYEY4S5F/delegate-output
+ MISO_DELEGATE_ERROR=/tmp/tmp.joRYEY4S5F/delegate-error
+ MISO_FAULT_STATE=/tmp/tmp.joRYEY4S5F/fault-state
+ PATH=/tmp/tmp.joRYEY4S5F/fault-bin:/home/bl/.cargo/bin:/home/bl/.local/bin:/home/bl/.codex/packages/standalone/releases/0.153.2-x86_64-unknown-linux-musl/codex-path:/home/bl/.codex/tmp/arg0/codex-arg0CWD760:/home/bl/.local/bin:/home/bl/.opencode/bin:/home/bl/.local/bin:/home/bl/.local/bin:/home/bl/.opencode/bin:/home/bl/.local/bin:/usr/local/sbin:/usr/local/bin:/usr/sbin:/usr/bin:/sbin:/bin:/usr/games:/usr/local/games:/snap/bin
+ check
+ status=1
+ [[ 1 -ne 1 ]]
+ rg -F producer-error-sentinel:source-python-error /tmp/tmp.joRYEY4S5F/fault-source-python-error.log
+ rg -F '(status 73)' /tmp/tmp.joRYEY4S5F/fault-source-python-error.log
+ rg -F 'current Issue-108 benchmark source policy' /tmp/tmp.joRYEY4S5F/fault-source-python-error.log
+ [[ complete == complete ]]
+ python3 -I -B - /tmp/tmp.joRYEY4S5F/delegate-output /tmp/tmp.joRYEY4S5F/fault-source-python-error.log
+ cp /tmp/tmp.joRYEY4S5F/tools/bench/src/effect_interchange.rs /tmp/tmp.joRYEY4S5F/tools/bench/src/effect_interchange.rs.current108
+ sed -i -e 's/\\"issue\\":108/\\"issue\\":81/' -e s/5f23e630182137426fdfe01b74861bdff779b6738bfae8f670359ad0e9ea2777/350acfa6e348c27a01afcb9efbd40c51a697aac8bbb6a5fe19dc1eb3c52bf441/ /tmp/tmp.joRYEY4S5F/tools/bench/src/effect_interchange.rs
+ producer_failure issue081-python-error python3 tools/bench/src/effect_interchange.rs 1 0 complete 'terminal Issue-081 benchmark output identities diverged' empty
+ local label=issue081-python-error tool=python3 needle=tools/bench/src/effect_interchange.rs occurrence=1 expected=0 mode=complete 'operation=terminal Issue-081 benchmark output identities diverged' shape=empty
+ local real log status
++ command -v python3
+ real=/usr/bin/python3
+ find /tmp/tmp.joRYEY4S5F/fault-bin -mindepth 1 -maxdepth 1 -type f -delete
+ cat
+ chmod 755 /tmp/tmp.joRYEY4S5F/fault-bin/python3
+ :
+ log=/tmp/tmp.joRYEY4S5F/fault-issue081-python-error.log
+ MISO_REAL_TOOL=/usr/bin/python3
+ MISO_FAULT_NEEDLE=tools/bench/src/effect_interchange.rs
+ MISO_FAULT_OCCURRENCE=1
+ MISO_EXPECT_DELEGATE=0
+ MISO_FAULT_MODE=complete
+ MISO_FAULT_LABEL=issue081-python-error
+ MISO_OUTPUT_SHAPE=empty
+ MISO_DELEGATE_OUTPUT=/tmp/tmp.joRYEY4S5F/delegate-output
+ MISO_DELEGATE_ERROR=/tmp/tmp.joRYEY4S5F/delegate-error
+ MISO_FAULT_STATE=/tmp/tmp.joRYEY4S5F/fault-state
+ PATH=/tmp/tmp.joRYEY4S5F/fault-bin:/home/bl/.cargo/bin:/home/bl/.local/bin:/home/bl/.codex/packages/standalone/releases/0.153.2-x86_64-unknown-linux-musl/codex-path:/home/bl/.codex/tmp/arg0/codex-arg0CWD760:/home/bl/.local/bin:/home/bl/.opencode/bin:/home/bl/.local/bin:/home/bl/.local/bin:/home/bl/.opencode/bin:/home/bl/.local/bin:/usr/local/sbin:/usr/local/bin:/usr/sbin:/usr/bin:/sbin:/bin:/usr/games:/usr/local/games:/snap/bin
+ check
+ status=1
+ [[ 1 -ne 1 ]]
+ rg -F producer-error-sentinel:issue081-python-error /tmp/tmp.joRYEY4S5F/fault-issue081-python-error.log
+ rg -F '(status 73)' /tmp/tmp.joRYEY4S5F/fault-issue081-python-error.log
+ rg -F 'terminal Issue-081 benchmark output identities diverged' /tmp/tmp.joRYEY4S5F/fault-issue081-python-error.log
+ [[ complete == complete ]]
+ python3 -I -B - /tmp/tmp.joRYEY4S5F/delegate-output /tmp/tmp.joRYEY4S5F/fault-issue081-python-error.log
+ mv /tmp/tmp.joRYEY4S5F/scripts/preflight-effect-interchange-benchmark.sh /tmp/tmp.joRYEY4S5F/scripts/preflight-effect-interchange-benchmark.sh.saved
+ expect_precise_081_log=/tmp/tmp.joRYEY4S5F/issue081-read-error.log
+ check
+ rg -F 'terminal Issue-081 benchmark output identities diverged (status 1)' /tmp/tmp.joRYEY4S5F/issue081-read-error.log
+ exit 96
+ rm -rf -- /tmp/tmp.joRYEY4S5F
